onset	offset	Alarm_bell_ringing	Blender	Cat	Dishes	Dog	Electric_shaver_toothbrush	Frying	Running_water	Speech	Vacuum_cleaner
0.0	0.064	0.0009033697424456477	0.0023106986191123724	0.001383148948661983	0.034452199935913086	0.0026148215401917696	0.0008192850509658456	0.011573423631489277	0.001482980907894671	0.9797775149345398	0.0003646582190413028
0.064	0.128	0.0009033697424456477	0.0023106986191123724	0.001383148948661983	0.034452199935913086	0.0026148215401917696	0.0008192850509658456	0.011573423631489277	0.001482980907894671	0.9797775149345398	0.0003646582190413028
0.128	0.192	0.0009033697424456477	0.001714959042146802	0.0012644845992326736	0.02024654485285282	0.0020979424007236958	0.0007893693400546908	0.012479152530431747	0.001282432465814054	0.9843201637268066	0.0002399182558292523
0.192	0.256	0.0009033697424456477	0.0014793750597164035	0.0012418689439073205	0.020126795396208763	0.002096833661198616	0.0007893693400546908	0.013819283805787563	0.0012471238151192665	0.9863974452018738	0.00020899863739032298
0.256	0.32	0.0009033697424456477	0.001427039853297174	0.001228215522132814	0.020126795396208763	0.0020696562714874744	0.0007893693400546908	0.014676826074719429	0.00119501119479537	0.9871131777763367	0.000202123454073444
0.32	0.384	0.0009075587149709463	0.001301756245084107	0.0012248764978721738	0.020126795396208763	0.001955032115802169	0.0007893693400546908	0.015528194606304169	0.00114827963989228	0.9871388077735901	0.000193053885595873
0.384	0.448	0.0009627687395550311	0.0012093719560652971	0.0012248764978721738	0.020126795396208763	0.0018611629493534565	0.0007933824090287089	0.016306700184941292	0.001104422495700419	0.9875117540359497	0.0001848321408033371
0.448	0.512	0.0010443212231621146	0.0011316582094877958	0.0012248764978721738	0.02035076916217804	0.0017856991617009044	0.0008062403067015111	0.01770562119781971	0.0010189133463427424	0.9884118437767029	0.00017752866551745683
0.512	0.576	0.0010854313150048256	0.0010857618181034923	0.0012264350662007928	0.020434843376278877	0.001657734508626163	0.0008062403067015111	0.017811963334679604	0.0009197412291541696	0.988654375076294	0.00016901221533771604
