onset	offset	Alarm_bell_ringing	Blender	Cat	Dishes	Dog	Electric_shaver_toothbrush	Frying	Running_water	Speech	Vacuum_cleaner
0.0	0.064	0.0009552002884447575	0.0012238923227414489	0.0014234918635338545	0.041627153754234314	0.0007179059321060777	0.003422313369810581	0.5934051275253296	0.00856691598892212	0.8409072160720825	0.00805443711578846
0.064	0.128	0.0009552002884447575	0.0012238923227414489	0.0014234918635338545	0.041627153754234314	0.0007179059321060777	0.003422313369810581	0.5934051275253296	0.008481412194669247	0.8409072160720825	0.00805443711578846
0.128	0.192	0.0011102959979325533	0.00167887844145298	0.0014292682753875852	0.04378393664956093	0.0009840655839070678	0.003332466585561633	0.5793492794036865	0.008481412194669247	0.9492340087890625	0.007026006001979113
0.192	0.256	0.0013054723385721445	0.00167887844145298	0.001459642662666738	0.04703893885016441	0.0009853359078988433	0.003108303528279066	0.5793492794036865	0.008340560831129551	0.9619607925415039	0.00691284378990531
0.256	0.32	0.001408878481015563	0.00167887844145298	0.0014937594532966614	0.0471920482814312	0.0009853359078988433	0.0029660898726433516	0.5793492794036865	0.00810099858790636	0.9670708775520325	0.006463297177106142
0.32	0.384	0.001408878481015563	0.00167887844145298	0.0015083696926012635	0.048360425978899	0.0009853359078988433	0.002894155215471983	0.5793492794036865	0.00810099858790636	0.9690036177635193	0.00602794298902154
0.384	0.448	0.001408878481015563	0.0016409531235694885	0.0015083696926012635	0.048360425978899	0.0009853359078988433	0.0028383510652929544	0.5812547206878662	0.00810099858790636	0.969420850276947	0.005636721383780241
0.448	0.512	0.001408878481015563	0.0016330842627212405	0.0015920973382890224	0.048360425978899	0.0009220800711773336	0.002759511349722743	0.5981009602546692	0.00810099858790636	0.970188319683075	0.0050696502439677715
0.512	0.576	0.001407424220815301	0.0015804998110979795	0.0015920973382890224	0.048360425978899	0.0009037748677656054	0.0027166951913386583	0.6127267479896545	0.00810099858790636	0.9703382253646851	0.004725439008325338
