onset	offset	Alarm_bell_ringing	Blender	Cat	Dishes	Dog	Electric_shaver_toothbrush	Frying	Running_water	Speech	Vacuum_cleaner
0.0	0.064	0.004931667819619179	0.0259539932012558	0.009702912531793118	0.021977540105581284	0.012485777959227562	0.0028101156931370497	0.018752263858914375	0.013660657219588757	0.9746569395065308	0.004760253243148327
0.064	0.128	0.004931667819619179	0.0259539932012558	0.009702912531793118	0.021977540105581284	0.012485777959227562	0.0028101156931370497	0.018752263858914375	0.013660657219588757	0.9701690077781677	0.004760253243148327
0.128	0.192	0.004316466394811869	0.02012711390852928	0.008199689909815788	0.018960006535053253	0.00977169256657362	0.002570553682744503	0.01737801730632782	0.012968627735972404	0.9693678617477417	0.0036747674457728863
0.192	0.256	0.0038566344883292913	0.011825930327177048	0.007378506939858198	0.017882665619254112	0.00676734047010541	0.002068325411528349	0.01679510809481144	0.011483369395136833	0.9693678617477417	0.0025083713699132204
0.256	0.32	0.0035203625448048115	0.0045244283974170685	0.0064045218750834465	0.01694151945412159	0.004772947635501623	0.00152023124974221	0.016090119257569313	0.009211122989654541	0.9701690077781677	0.0016534555470570922
0.32	0.384	0.0035203625448048115	0.0038418720941990614	0.005342503078281879	0.01336220558732748	0.004772947635501623	0.0011688743252307177	0.015512150712311268	0.008991247974336147	0.9701690077781677	0.0016274753725156188
0.384	0.448	0.0035203625448048115	0.003741133026778698	0.005342503078281879	0.013283183798193932	0.004772947635501623	0.001091561745852232	0.015014528296887875	0.008415953256189823	0.9701690077781677	0.0015808752505108714
0.448	0.512	0.0035203625448048115	0.0037114450242370367	0.005342503078281879	0.012613024562597275	0.004772947635501623	0.001091561745852232	0.013304456137120724	0.008214423432946205	0.9721137881278992	0.0015696409391239285
0.512	0.576	0.0036574197001755238	0.0037114450242370367	0.005342503078281879	0.01221062708646059	0.0066619315184652805	0.001091561745852232	0.013190265744924545	0.007957571186125278	0.9834684133529663	0.0014567142352461815
