onset	offset	Alarm_bell_ringing	Blender	Cat	Dishes	Dog	Electric_shaver_toothbrush	Frying	Running_water	Speech	Vacuum_cleaner
0.0	0.064	0.001000761752948165	0.001890934887342155	0.0019910347182303667	0.0005785164539702237	0.0006091463728807867	0.0004760966112371534	0.00023039621009957045	0.004471806809306145	0.003293039044365287	0.0033542276360094547
0.064	0.128	0.001000761752948165	0.001890934887342155	0.0020100923720747232	0.0005785164539702237	0.0006091463728807867	0.0004760966112371534	0.00023039621009957045	0.004471806809306145	0.003293039044365287	0.0033542276360094547
0.128	0.192	0.0008379805949516594	0.0017562654102221131	0.002064674161374569	0.0005043316050432622	0.0006153311114758253	0.0004808125668205321	0.00021066279441583902	0.004105126950889826	0.0030241450294852257	0.0029931790195405483
0.192	0.256	0.0007746859919279814	0.0016497672768309712	0.002064674161374569	0.0004858926113229245	0.0006153311114758253	0.0004808125668205321	0.00020650061196647584	0.00394029263406992	0.0029040093068033457	0.0028729375917464495
0.256	0.32	0.0007746859919279814	0.001582986325956881	0.002064674161374569	0.0004858926113229245	0.0006153311114758253	0.0004808125668205321	0.00020630146900657564	0.00394029263406992	0.002763541182503104	0.0028729375917464495
0.32	0.384	0.0007746859919279814	0.001582986325956881	0.0022290037013590336	0.0004858926113229245	0.0006609385600313544	0.0004944191896356642	0.00020620744908228517	0.00394029263406992	0.0026726829819381237	0.0028729375917464495
0.384	0.448	0.0007746859919279814	0.001582986325956881	0.0023733656853437424	0.0004858926113229245	0.000719807343557477	0.0005019858945161104	0.00020620744908228517	0.00394029263406992	0.0026107942685484886	0.0028729375917464495
0.448	0.512	0.0008034019847400486	0.001582986325956881	0.0026601774152368307	0.0004864709626417607	0.0007884022197686136	0.0005221700994297862	0.00020630146900657564	0.004147381987422705	0.0026107942685484886	0.0030740778893232346
0.512	0.576	0.0008748964173719287	0.0017498969100415707	0.003071084851399064	0.0005094516673125327	0.0008635909762233496	0.0005764949601143599	0.00020650061196647584	0.004430443048477173	0.0026107942685484886	0.003227782202884555
