onset	offset	Alarm_bell_ringing	Blender	Cat	Dishes	Dog	Electric_shaver_toothbrush	Frying	Running_water	Speech	Vacuum_cleaner
0.0	0.064	0.0025075972080230713	0.0011081525590270758	0.0017540366388857365	0.00220143748447299	0.003532116301357746	0.0006645122193731368	0.0008646127535030246	0.0005827961722388864	0.966582715511322	0.02496993914246559
0.064	0.128	0.0025075972080230713	0.0011081525590270758	0.0017540366388857365	0.002092764712870121	0.003071574028581381	0.0006165163358673453	0.0009140418260358274	0.0005827961722388864	0.966582715511322	0.02496993914246559
0.128	0.192	0.0025470522232353687	0.0013542281230911613	0.001805426669307053	0.00220143748447299	0.003071574028581381	0.0006165163358673453	0.0009140418260358274	0.0005854425835423172	0.9810940027236938	0.022694742307066917
0.192	0.256	0.0025470522232353687	0.0013542281230911613	0.0017540366388857365	0.00220143748447299	0.0034709691535681486	0.0006165163358673453	0.0008646127535030246	0.0005854425835423172	0.9825343489646912	0.021249335259199142
0.256	0.32	0.0025470522232353687	0.0013542281230911613	0.0017311216797679663	0.00220143748447299	0.0034709691535681486	0.0006165163358673453	0.0007855240837670863	0.0005854425835423172	0.9863423705101013	0.018538562580943108
0.32	0.384	0.0025470522232353687	0.002093143993988633	0.0016389490338042378	0.002476593479514122	0.003071574028581381	0.0006645122193731368	0.0007855240837670863	0.0006346865557134151	0.9901111721992493	0.014068812131881714
0.384	0.448	0.0024906194303184748	0.0023458416108042	0.0016310192877426744	0.0028660763055086136	0.0028776461258530617	0.0006874746177345514	0.0006810256745666265	0.0006346865557134151	0.9914885759353638	0.013938174583017826
0.448	0.512	0.0024625160731375217	0.0023458416108042	0.0015692120650783181	0.0028660763055086136	0.0028250054456293583	0.0007235324592329562	0.0006810256745666265	0.0006346865557134151	0.991853654384613	0.013938174583017826
0.512	0.576	0.0024520934093743563	0.0023458416108042	0.0015249766875058413	0.0028660763055086136	0.0025648323353379965	0.0007699189009144902	0.0006810256745666265	0.0006346865557134151	0.9919962286949158	0.013938174583017826
