onset	offset	Alarm_bell_ringing	Blender	Cat	Dishes	Dog	Electric_shaver_toothbrush	Frying	Running_water	Speech	Vacuum_cleaner
0.0	0.064	0.004716976545751095	0.00410415418446064	0.006792971398681402	0.02192741259932518	0.02149210497736931	0.003104821080341935	0.00591668114066124	0.005572392605245113	0.6021153330802917	0.009358170442283154
0.064	0.128	0.006147061008960009	0.004104896914213896	0.006792971398681402	0.028550617396831512	0.02149210497736931	0.0037882712204009295	0.005880458280444145	0.005572392605245113	0.6021153330802917	0.009358170442283154
0.128	0.192	0.006580304354429245	0.004104896914213896	0.0077703166753053665	0.0340423621237278	0.023674311116337776	0.004186772275716066	0.005880458280444145	0.0053391847759485245	0.824674665927887	0.008018855936825275
0.192	0.256	0.006147061008960009	0.00410415418446064	0.008089358918368816	0.028550617396831512	0.029199708253145218	0.004013665486127138	0.005472795106470585	0.005233714822679758	0.9042572975158691	0.006252294406294823
0.256	0.32	0.005478079430758953	0.0035104588605463505	0.008089358918368816	0.024351784959435463	0.029199708253145218	0.0037882712204009295	0.005300479009747505	0.004806863609701395	0.9042572975158691	0.006067851558327675
0.32	0.384	0.005478079430758953	0.0035104588605463505	0.008089358918368816	0.024351784959435463	0.029199708253145218	0.0037882712204009295	0.005246804561465979	0.004452807828783989	0.9042572975158691	0.005835206247866154
0.384	0.448	0.005478079430758953	0.002558888401836157	0.008089358918368816	0.024351784959435463	0.029199708253145218	0.0037882712204009295	0.004613522905856371	0.0038541972171515226	0.9042572975158691	0.005835206247866154
0.448	0.512	0.0048051695339381695	0.001809445209801197	0.007603231351822615	0.018767211586236954	0.027624821290373802	0.0036818096414208412	0.003683445742353797	0.0033119835425168276	0.8114973306655884	0.005835206247866154
0.512	0.576	0.004345555789768696	0.001809445209801197	0.005055074580013752	0.01189970038831234	0.016868053004145622	0.003213896881788969	0.003477283753454685	0.0027426695451140404	0.548484742641449	0.006067851558327675
