onset	offset	Alarm_bell_ringing	Blender	Cat	Dishes	Dog	Electric_shaver_toothbrush	Frying	Running_water	Speech	Vacuum_cleaner
0.0	0.064	0.0026011348236352205	0.005151053424924612	0.0020639540161937475	0.0077528515830636024	0.0036160254385322332	0.41985830664634705	0.003831791691482067	0.006720521487295628	0.9781633019447327	0.019056273624300957
0.064	0.128	0.0026011348236352205	0.005151053424924612	0.0020639540161937475	0.0077528515830636024	0.0036160254385322332	0.41985830664634705	0.003831791691482067	0.006720521487295628	0.9781633019447327	0.019056273624300957
0.128	0.192	0.0021291999146342278	0.0044379872269928455	0.0017798625631257892	0.005714201834052801	0.002867556642740965	0.4146319329738617	0.0035016010515391827	0.006070846226066351	0.9781633019447327	0.016499120742082596
0.192	0.256	0.0021291999146342278	0.004319647792726755	0.0017286974471062422	0.00568215548992157	0.0026755507569760084	0.41192904114723206	0.00307389535009861	0.005949447397142649	0.9791839122772217	0.014089682139456272
0.256	0.32	0.0021291999146342278	0.0039384509436786175	0.001726265181787312	0.005666132550686598	0.002658813027665019	0.40694835782051086	0.003033899702131748	0.005739033687859774	0.9798706769943237	0.01135801337659359
0.32	0.384	0.0021291999146342278	0.0036466019228100777	0.0016898721223697066	0.005283989477902651	0.0025178289506584406	0.40209802985191345	0.0030076485127210617	0.005467280279844999	0.9862220883369446	0.011330178007483482
0.384	0.448	0.0021291999146342278	0.0035585553850978613	0.0016874694265425205	0.005234251264482737	0.002312071854248643	0.39963677525520325	0.0027744541876018047	0.005457596853375435	0.9862220883369446	0.011265691369771957
0.448	0.512	0.0021291999146342278	0.0035585553850978613	0.0016874694265425205	0.005234251264482737	0.002312071854248643	0.39498651027679443	0.002659756224602461	0.005392108578234911	0.9862220883369446	0.011030582711100578
0.512	0.576	0.0021291999146342278	0.0032154065556824207	0.0016898721223697066	0.005234251264482737	0.0023052755277603865	0.39058300852775574	0.002602230990305543	0.0050686863251030445	0.9862220883369446	0.010868550278246403
