onset	offset	Alarm_bell_ringing	Blender	Cat	Dishes	Dog	Electric_shaver_toothbrush	Frying	Running_water	Speech	Vacuum_cleaner
0.0	0.064	0.008006439544260502	0.0028334700036793947	0.0122961001470685	0.013142541982233524	0.32704976201057434	0.005975598469376564	0.026016786694526672	0.013090668246150017	0.6997700929641724	0.00972164236009121
0.064	0.128	0.008006439544260502	0.002866496331989765	0.0122961001470685	0.013142541982233524	0.3330104351043701	0.005975598469376564	0.025525948032736778	0.013090668246150017	0.6997700929641724	0.00972164236009121
0.128	0.192	0.008006439544260502	0.002885645953938365	0.011895866133272648	0.011094748973846436	0.3330104351043701	0.005946190562099218	0.025525948032736778	0.012356787919998169	0.6853305697441101	0.00972164236009121
0.192	0.256	0.008006439544260502	0.002885645953938365	0.011895866133272648	0.011094748973846436	0.35732021927833557	0.005897488910704851	0.024876492097973824	0.012356787919998169	0.6376997232437134	0.00961257517337799
0.256	0.32	0.008006439544260502	0.002885645953938365	0.011895866133272648	0.010219805873930454	0.40398040413856506	0.005864142905920744	0.024313781410455704	0.012300248257815838	0.5922645926475525	0.009052153676748276
0.32	0.384	0.008639230392873287	0.002985687693580985	0.011895866133272648	0.00986050721257925	0.5194187760353088	0.005863684229552746	0.02425520494580269	0.011568951420485973	0.5186959505081177	0.00835886038839817
0.384	0.448	0.010302512906491756	0.003224252490326762	0.01307657454162836	0.009186867624521255	0.7535291314125061	0.005764043424278498	0.023952679708600044	0.011556907556951046	0.427848219871521	0.00667389202862978
0.448	0.512	0.01107384730130434	0.003224252490326762	0.01307657454162836	0.008648093789815903	0.7535291314125061	0.00575683917850256	0.018360234797000885	0.011556907556951046	0.32325685024261475	0.0059467488899827
0.512	0.576	0.01107384730130434	0.003224252490326762	0.01307657454162836	0.006879505701363087	0.7535291314125061	0.00575683917850256	0.012177176773548126	0.007869599387049675	0.26845210790634155	0.005427555181086063
