onset	offset	Alarm_bell_ringing	Blender	Cat	Dishes	Dog	Electric_shaver_toothbrush	Frying	Running_water	Speech	Vacuum_cleaner
0.0	0.064	0.00652248365804553	0.001678963890299201	0.005333831533789635	0.01590065285563469	0.00588622223585844	0.0015727857826277614	0.025322141125798225	0.004475244786590338	0.9100618362426758	0.007986657321453094
0.064	0.128	0.00652248365804553	0.001678963890299201	0.005333831533789635	0.017471184954047203	0.00588622223585844	0.0015727857826277614	0.025322141125798225	0.004475244786590338	0.9100618362426758	0.007986657321453094
0.128	0.192	0.008005735464394093	0.002287094946950674	0.007056876085698605	0.01868245378136635	0.009200576692819595	0.0018202541396021843	0.025322141125798225	0.004378942307084799	0.971293032169342	0.006975243799388409
0.192	0.256	0.008100527338683605	0.002305039670318365	0.0072222258895635605	0.01868245378136635	0.009354104287922382	0.0018605341902002692	0.025322141125798225	0.004378942307084799	0.979159951210022	0.006079443730413914
0.256	0.32	0.008408468216657639	0.002374018309637904	0.007567293476313353	0.01868245378136635	0.009418971836566925	0.0019117712508887053	0.025322141125798225	0.004378942307084799	0.9814883470535278	0.005758908111602068
0.32	0.384	0.008863760158419609	0.0023941840045154095	0.00772823253646493	0.01976199634373188	0.009611422196030617	0.0019124228274449706	0.025482892990112305	0.004143546801060438	0.9827896356582642	0.005494939628988504
0.384	0.448	0.008863760158419609	0.0023941840045154095	0.008438569493591785	0.021331384778022766	0.009645938873291016	0.0019758776761591434	0.026194481179118156	0.004143546801060438	0.9842537641525269	0.005212548654526472
0.448	0.512	0.008863760158419609	0.0024583463091403246	0.008863597176969051	0.021509481593966484	0.009611422196030617	0.00207558274269104	0.026222415268421173	0.004143546801060438	0.9850090742111206	0.005191387142986059
0.512	0.576	0.008866538293659687	0.002474525710567832	0.008863597176969051	0.021509481593966484	0.009611422196030617	0.0021731031592935324	0.02680128440260887	0.004143546801060438	0.9854416847229004	0.005104789510369301
