onset	offset	Alarm_bell_ringing	Blender	Cat	Dishes	Dog	Electric_shaver_toothbrush	Frying	Running_water	Speech	Vacuum_cleaner
0.0	0.064	0.004561480134725571	0.0293422844260931	0.0015325113199651241	0.027025984600186348	0.002650874899700284	0.20389561355113983	0.04286986216902733	0.0037854304537177086	0.9790879487991333	0.0031209667213261127
0.064	0.128	0.004561480134725571	0.0293422844260931	0.0015325113199651241	0.027025984600186348	0.002650874899700284	0.20389561355113983	0.04272715002298355	0.0037854304537177086	0.9788618087768555	0.0031209667213261127
0.128	0.192	0.0036630905233323574	0.026778092607855797	0.0012943519977852702	0.027025984600186348	0.0022590646985918283	0.2083117961883545	0.04272715002298355	0.003338155336678028	0.9753967523574829	0.00264947977848351
0.192	0.256	0.0033001003321260214	0.025395823642611504	0.0011279108002781868	0.027025984600186348	0.0018779812380671501	0.2125222384929657	0.041635654866695404	0.0030534646939486265	0.9788618087768555	0.0026280393358319998
0.256	0.32	0.0032147434540092945	0.019317252561450005	0.0009950773091986775	0.025813937187194824	0.0018779812380671501	0.2278611958026886	0.04131895676255226	0.002770705847069621	0.9790879487991333	0.002432175911962986
0.32	0.384	0.0031562333460897207	0.018022004514932632	0.000956786039751023	0.025375839322805405	0.0018779812380671501	0.2403242439031601	0.040720824152231216	0.002770705847069621	0.9797762632369995	0.0023381083738058805
0.384	0.448	0.0029018400236964226	0.01767008565366268	0.0009490208467468619	0.025375839322805405	0.0018779812380671501	0.2627592980861664	0.03593859076499939	0.002770705847069621	0.9803927540779114	0.0020191732328385115
0.448	0.512	0.002706074621528387	0.015625640749931335	0.0009490208467468619	0.025375839322805405	0.0020266242790967226	0.2726064622402191	0.03290055692195892	0.002770705847069621	0.9853245615959167	0.00186334946192801
0.512	0.576	0.0025133276358246803	0.01469360664486885	0.0009490208467468619	0.022829310968518257	0.0020266242790967226	0.28136467933654785	0.031920190900564194	0.002770705847069621	0.9853245615959167	0.0018205416854470968
