onset	offset	Alarm_bell_ringing	Blender	Cat	Dishes	Dog	Electric_shaver_toothbrush	Frying	Running_water	Speech	Vacuum_cleaner
0.0	0.064	0.0021132181864231825	0.006385594140738249	0.011937796138226986	0.010626525618135929	0.004486740101128817	0.0007440629415214062	0.006484312005341053	0.03161223977804184	0.01875399239361286	0.38810986280441284
0.064	0.128	0.0021132181864231825	0.006385594140738249	0.011937796138226986	0.010626525618135929	0.00598100433126092	0.0007440629415214062	0.00716626551002264	0.03161223977804184	0.01875399239361286	0.38810986280441284
0.128	0.192	0.001969524659216404	0.007247117348015308	0.011192402802407742	0.011724825948476791	0.006456141825765371	0.0006812859792262316	0.00716626551002264	0.0386524498462677	0.016098463907837868	0.39793235063552856
0.192	0.256	0.0018713083118200302	0.007863214239478111	0.010135050863027573	0.011724825948476791	0.006456141825765371	0.0006758995004929602	0.00746713625267148	0.03982148692011833	0.016098463907837868	0.39793235063552856
0.256	0.32	0.0016613219631835818	0.00974747072905302	0.010060135275125504	0.011724825948476791	0.007137454580515623	0.0006349651957862079	0.008135263808071613	0.04380953684449196	0.016098463907837868	0.39793235063552856
0.32	0.384	0.0016346945194527507	0.00974747072905302	0.009601922705769539	0.011724825948476791	0.007137454580515623	0.0005874214693903923	0.008135263808071613	0.04380953684449196	0.016081552952528	0.41210636496543884
0.384	0.448	0.0015188934048637748	0.00974747072905302	0.008503242395818233	0.010927067138254642	0.007137454580515623	0.0005045056459493935	0.008135263808071613	0.04380953684449196	0.015467241406440735	0.43385955691337585
0.448	0.512	0.001289613195694983	0.00974747072905302	0.006956574972718954	0.006647822912782431	0.007137454580515623	0.0004575496423058212	0.008135263808071613	0.04380953684449196	0.015467241406440735	0.45571190118789673
0.512	0.576	0.0011923647252842784	0.009574011899530888	0.005486039910465479	0.004357058554887772	0.00554753839969635	0.0004265240568201989	0.006471530068665743	0.04081473499536514	0.015467241406440735	0.47346070408821106
