onset	offset	Alarm_bell_ringing	Blender	Cat	Dishes	Dog	Electric_shaver_toothbrush	Frying	Running_water	Speech	Vacuum_cleaner
0.0	0.064	0.001919371890835464	0.011894980445504189	0.003711458994075656	0.0013428112724795938	0.004291073884814978	0.005354087799787521	0.00032060377998277545	0.055090729147195816	0.012216197326779366	0.5469247102737427
0.064	0.128	0.001920814742334187	0.011894980445504189	0.003711458994075656	0.0013428112724795938	0.004394340794533491	0.005354087799787521	0.00032060377998277545	0.055090729147195816	0.012216197326779366	0.5469247102737427
0.128	0.192	0.001920814742334187	0.018964430317282677	0.0038668427150696516	0.001220919657498598	0.004417392425239086	0.005218778271228075	0.0002659060701262206	0.0633411779999733	0.010223857127130032	0.5375745296478271
0.192	0.256	0.001919371890835464	0.028600387275218964	0.003711458994075656	0.0010443013161420822	0.004394340794533491	0.0050780437886714935	0.00024675740860402584	0.0633411779999733	0.00813193991780281	0.5375745296478271
0.256	0.32	0.0017829311545938253	0.04356885701417923	0.0036827039439231157	0.0008317339234054089	0.004291073884814978	0.004057182930409908	0.0002434604539303109	0.0633411779999733	0.007110506296157837	0.46432557702064514
0.32	0.384	0.0017493980703875422	0.04726008325815201	0.0036827039439231157	0.0006961964536458254	0.004182285629212856	0.0035131871700286865	0.00022457433806266636	0.0633411779999733	0.0062920451164245605	0.4241843521595001
0.384	0.448	0.0016581700183451176	0.04726008325815201	0.0036827039439231157	0.0005779173807241023	0.004182285629212856	0.0035131871700286865	0.00019666770822368562	0.05387119576334953	0.0057046194560825825	0.4241843521595001
0.448	0.512	0.001623392105102539	0.04726008325815201	0.0036827039439231157	0.000504065363202244	0.0038642699364572763	0.0035131871700286865	0.00017224655312020332	0.051653917878866196	0.005365036427974701	0.4241843521595001
0.512	0.576	0.0016144834225997329	0.04726008325815201	0.0036764475516974926	0.00046426066546700895	0.003542307997122407	0.0035131871700286865	0.00015212842845357955	0.05142271891236305	0.00519008981063962	0.4241843521595001
