onset	offset	Alarm_bell_ringing	Blender	Cat	Dishes	Dog	Electric_shaver_toothbrush	Frying	Running_water	Speech	Vacuum_cleaner
0.0	0.064	0.0021273435559123755	0.0013118777424097061	0.0006241091759875417	0.010201401077210903	0.0005980907590128481	0.00028942094650119543	0.0033929727505892515	0.0020043146796524525	0.002221772214397788	0.000468144629849121
0.064	0.128	0.0021273435559123755	0.0013118777424097061	0.0006241091759875417	0.010201401077210903	0.0005980907590128481	0.00028942094650119543	0.0033929727505892515	0.0020043146796524525	0.002221772214397788	0.000468144629849121
0.128	0.192	0.0014103383291512728	0.000980736338533461	0.0005523746367543936	0.005703710485249758	0.0004387574444990605	0.00022780294239055365	0.0028719217516481876	0.0015245606191456318	0.0018399135442450643	0.00039575586561113596
0.192	0.256	0.0011475026840344071	0.0007757702260278165	0.0005523746367543936	0.004032493103295565	0.0004387574444990605	0.00020461418898776174	0.0024257656186819077	0.0012690138537436724	0.0017213237006217241	0.0003526328655425459
0.256	0.32	0.0009970645187422633	0.0007172590121626854	0.0005523746367543936	0.004032493103295565	0.0004387574444990605	0.00020461418898776174	0.002103195758536458	0.0011533627985045314	0.0017213237006217241	0.00032227206975221634
0.32	0.384	0.0009488983778283	0.0006847972399555147	0.0005523746367543936	0.004032493103295565	0.0004387574444990605	0.00020461418898776174	0.0018667066469788551	0.001077774097211659	0.0017213237006217241	0.00028742788708768785
0.384	0.448	0.0009488983778283	0.0006847972399555147	0.0005730759003199637	0.004032493103295565	0.00048133856034837663	0.00020461418898776174	0.0016741800354793668	0.001077774097211659	0.0017213237006217241	0.0002589734795037657
0.448	0.512	0.0009488983778283	0.0006847972399555147	0.000599849910940975	0.004480880685150623	0.0005555133102461696	0.00020624109311029315	0.0016741800354793668	0.001077774097211659	0.0017632582457736135	0.0002589734795037657
0.512	0.576	0.0009488983778283	0.0006847972399555147	0.000683334656059742	0.006977753713726997	0.0006458222051151097	0.0002397428615950048	0.0016741800354793668	0.001077774097211659	0.0022693637292832136	0.00025602130335755646
