onset	offset	Alarm_bell_ringing	Blender	Cat	Dishes	Dog	Electric_shaver_toothbrush	Frying	Running_water	Speech	Vacuum_cleaner
0.0	0.064	0.0010135521879419684	0.00024395238142460585	0.0008135541575029492	0.0007764786714687943	0.0008790892898105085	0.00018264817481394857	0.0010263631120324135	0.0010062558576464653	0.002661921549588442	0.0024073640815913677
0.064	0.128	0.0010135521879419684	0.00024395238142460585	0.0008135541575029492	0.0007764786714687943	0.0008790892898105085	0.00018264817481394857	0.0010263631120324135	0.0010062558576464653	0.002661921549588442	0.0024073640815913677
0.128	0.192	0.0010135521879419684	0.00021280434157233685	0.0009281478705815971	0.0006420916179195046	0.0009568813256919384	0.00016305419558193535	0.000929109170101583	0.0009367928141728044	0.00235226028598845	0.0021105532068759203
0.192	0.256	0.0010135521879419684	0.00019281398272141814	0.0009281478705815971	0.0006023920723237097	0.0009568813256919384	0.00015461674774996936	0.0008671646355651319	0.0008311847923323512	0.002256673527881503	0.0019060132326558232
0.256	0.32	0.0010135521879419684	0.00017374780145473778	0.0009281478705815971	0.000578264007344842	0.0009568813256919384	0.00015072728274390101	0.000798417953774333	0.0007505613612011075	0.002256673527881503	0.0016812633257359266
0.32	0.384	0.0010717961704358459	0.00016088003758341074	0.0010410929098725319	0.000578013772610575	0.001039711176417768	0.00014664897753391415	0.0007456960156559944	0.0006895994301885366	0.002256673527881503	0.0014998161932453513
0.384	0.448	0.0011873692274093628	0.00015216296014841646	0.0012125392677262425	0.000578013772610575	0.0012199932243674994	0.0001425966911483556	0.0007456960156559944	0.0006523681222461164	0.002256673527881503	0.0013683999422937632
0.448	0.512	0.0013710858765989542	0.00015216296014841646	0.0014000575756654143	0.000578013772610575	0.0014753078576177359	0.0001425966911483556	0.0007456960156559944	0.0006523681222461164	0.002389549743384123	0.0012719889637082815
0.512	0.576	0.0016632424667477608	0.00015216296014841646	0.0014380435459315777	0.000578013772610575	0.0016873368294909596	0.0001425966911483556	0.0007456960156559944	0.0006523681222461164	0.0025961538776755333	0.0011843577958643436
