onset	offset	Alarm_bell_ringing	Blender	Cat	Dishes	Dog	Electric_shaver_toothbrush	Frying	Running_water	Speech	Vacuum_cleaner
0.0	0.064	0.0028931607957929373	0.006636269856244326	0.004713718313723803	0.08172116428613663	0.028406012803316116	0.0007249611662700772	0.044271767139434814	0.011120550334453583	0.08970603346824646	0.004601033870130777
0.064	0.128	0.0028931607957929373	0.006636269856244326	0.004713718313723803	0.08172116428613663	0.028406012803316116	0.0007100752554833889	0.044271767139434814	0.011120550334453583	0.08970603346824646	0.004601033870130777
0.128	0.192	0.0025350437499582767	0.0028803222812712193	0.0022637005895376205	0.03446027636528015	0.01329125463962555	0.0007100752554833889	0.03031644970178604	0.008166059851646423	0.08512157946825027	0.0036247463431209326
0.192	0.256	0.001966588431969285	0.0015677760820835829	0.0022637005895376205	0.009219704195857048	0.0042778123170137405	0.000653301365673542	0.02567681483924389	0.004291187506169081	0.08512157946825027	0.0029604097362607718
0.256	0.32	0.0019228141754865646	0.0015677760820835829	0.0022637005895376205	0.009219704195857048	0.0042778123170137405	0.000653301365673542	0.0212140791118145	0.003944719210267067	0.08512157946825027	0.0022938072215765715
0.32	0.384	0.0019228141754865646	0.0015677760820835829	0.0022637005895376205	0.009219704195857048	0.0042778123170137405	0.000653301365673542	0.018255628645420074	0.0031747117172926664	0.08512157946825027	0.0019283050205558538
0.384	0.448	0.0019228141754865646	0.0015677760820835829	0.0027238877955824137	0.009219704195857048	0.0042778123170137405	0.000653301365673542	0.01815102808177471	0.003122527850791812	0.620654821395874	0.0018994134152308106
0.448	0.512	0.0019228141754865646	0.0018057627603411674	0.0040750037878751755	0.009690266102552414	0.004978370852768421	0.001070050522685051	0.014801863580942154	0.0030972063541412354	0.9334924817085266	0.001708067487925291
0.512	0.576	0.002590976655483246	0.0022793966345489025	0.0043098521418869495	0.011312713846564293	0.006007962394505739	0.0012286202982068062	0.014216415584087372	0.0030972063541412354	0.9669740200042725	0.0014133238000795245
