onset	offset	Alarm_bell_ringing	Blender	Cat	Dishes	Dog	Electric_shaver_toothbrush	Frying	Running_water	Speech	Vacuum_cleaner
0.0	0.064	0.0011847792193293571	0.0009289032896049321	0.0008388678543269634	0.0060633523389697075	0.001865681610070169	0.0005041905678808689	0.0011144254822283983	0.003110782476142049	0.0033099581487476826	0.0008276246953755617
0.064	0.128	0.0011847792193293571	0.0009289032896049321	0.0008388678543269634	0.0060633523389697075	0.001865681610070169	0.0005041905678808689	0.0011144254822283983	0.003110782476142049	0.0033099581487476826	0.0008276246953755617
0.128	0.192	0.000993179390206933	0.0008158381679095328	0.0007465083035640419	0.00535243283957243	0.001865681610070169	0.00044951183372177184	0.0009839924750849605	0.0030769361183047295	0.0029442415107041597	0.0006959218299016356
0.192	0.256	0.00076336320489645	0.0006816763198003173	0.0007230971241369843	0.00535243283957243	0.001865681610070169	0.0004129224980715662	0.0008786215330474079	0.002759667346253991	0.0029442415107041597	0.0005963964504189789
0.256	0.32	0.00076336320489645	0.0006816763198003173	0.0007230971241369843	0.00535243283957243	0.001865681610070169	0.0004129224980715662	0.0007840220350772142	0.0023384164087474346	0.0029442415107041597	0.0005102538270875812
0.32	0.384	0.00076336320489645	0.0006816763198003173	0.0007230971241369843	0.00535243283957243	0.0019148890860378742	0.0004129224980715662	0.0007123383693397045	0.0023384164087474346	0.0029442415107041597	0.00041236606193706393
0.384	0.448	0.00076336320489645	0.0006816763198003173	0.0007230971241369843	0.005525548011064529	0.002329242415726185	0.0004129224980715662	0.0006117369630374014	0.0023384164087474346	0.00332311331294477	0.0003890021180268377
0.448	0.512	0.0008505000150762498	0.0007831992115825415	0.0008037289371713996	0.018175307661294937	0.0038763927295804024	0.0005212165997363627	0.0004978364449925721	0.0023384164087474346	0.006525969598442316	0.00036387823638506234
0.512	0.576	0.0008505000150762498	0.0009083602926693857	0.0008037289371713996	0.05089852958917618	0.007004302926361561	0.0006176908500492573	0.0004134670307394117	0.0023640820290893316	0.007351715583354235	0.00028147315606474876
