onset	offset	Alarm_bell_ringing	Blender	Cat	Dishes	Dog	Electric_shaver_toothbrush	Frying	Running_water	Speech	Vacuum_cleaner
0.0	0.064	0.008296077139675617	0.004947828594595194	0.007317268755286932	0.019758569076657295	0.007810794282704592	0.01424396876245737	0.14561083912849426	0.009801493026316166	0.9725493788719177	0.01984321139752865
0.064	0.128	0.008447767235338688	0.004947828594595194	0.007317268755286932	0.019758569076657295	0.008550465106964111	0.01424396876245737	0.1496184766292572	0.010802646167576313	0.9725493788719177	0.01984321139752865
0.128	0.192	0.008447767235338688	0.004947828594595194	0.006160049699246883	0.01652354933321476	0.008565912023186684	0.013885915279388428	0.1496184766292572	0.011123319156467915	0.9787228107452393	0.016206765547394753
0.192	0.256	0.008296077139675617	0.004729964770376682	0.005914664827287197	0.0163306575268507	0.008550465106964111	0.013540331274271011	0.14998959004878998	0.010802646167576313	0.9815149903297424	0.014430115930736065
0.256	0.32	0.008296077139675617	0.004696296527981758	0.0056757391430437565	0.015522458590567112	0.007977882400155067	0.01279123593121767	0.14998959004878998	0.010794679634273052	0.9815904498100281	0.01367634255439043
0.32	0.384	0.008447767235338688	0.00435966532677412	0.0055747260339558125	0.014577063731849194	0.007977882400155067	0.01194883044809103	0.14998959004878998	0.010794679634273052	0.9818127155303955	0.012903937138617039
0.384	0.448	0.008489006198942661	0.0040801698341965675	0.005560495890676975	0.014042162336409092	0.007977882400155067	0.011202274821698666	0.14998959004878998	0.010794679634273052	0.9818763136863708	0.011935293674468994
0.448	0.512	0.00850499514490366	0.0038033975288271904	0.00555961299687624	0.014042162336409092	0.00785968080163002	0.01054487656801939	0.14582064747810364	0.010360180400311947	0.9818763136863708	0.010865321382880211
0.512	0.576	0.009019823744893074	0.0036130165681242943	0.00555961299687624	0.014042162336409092	0.007778467610478401	0.009966392070055008	0.13278044760227203	0.009367033839225769	0.9818127155303955	0.009905997663736343
