onset	offset	Alarm_bell_ringing	Blender	Cat	Dishes	Dog	Electric_shaver_toothbrush	Frying	Running_water	Speech	Vacuum_cleaner
0.0	0.064	0.0013040010817348957	0.0017688401276245713	0.0009387728059664369	0.0009933373657986522	0.001469493960030377	0.0031831853557378054	0.0009007229818962514	0.0010599156375974417	0.017205219715833664	0.004334908910095692
0.064	0.128	0.0013040010817348957	0.0019558046478778124	0.0011927690356969833	0.0009933373657986522	0.0021949324291199446	0.0031831853557378054	0.0009007229818962514	0.0010599156375974417	0.02025735005736351	0.004334908910095692
0.128	0.192	0.0008812211453914642	0.0021300886292010546	0.001312176464125514	0.0008544322336092591	0.002813610713928938	0.004012956749647856	0.0008513716165907681	0.0008997146505862474	0.02025735005736351	0.00457174563780427
0.192	0.256	0.0008623567409813404	0.0021300886292010546	0.001312176464125514	0.0007773226825520396	0.002612367970868945	0.004012956749647856	0.000795461586676538	0.0008732852875255048	0.021394619718194008	0.004412204958498478
0.256	0.32	0.0007252312498167157	0.002492750296369195	0.0015837717801332474	0.0007675933302380145	0.0024191790726035833	0.004012956749647856	0.0007791867246851325	0.0008331318967975676	0.037758443504571915	0.004334908910095692
0.32	0.384	0.0007039885385893285	0.0026140394620597363	0.0015837717801332474	0.0007492058211937547	0.002537365769967437	0.004191135987639427	0.0007139963563531637	0.0008089349139481783	0.037758443504571915	0.0043477159924805164
0.384	0.448	0.0007039885385893285	0.0026808734983205795	0.0016987286508083344	0.0007017349125817418	0.002612367970868945	0.004252991173416376	0.000607641413807869	0.0007574250339530408	0.037758443504571915	0.0043693589977920055
0.448	0.512	0.0007039885385893285	0.0026814204175025225	0.0017796466127038002	0.0007017349125817418	0.002896262798458338	0.004320230334997177	0.000607641413807869	0.000717506161890924	0.037758443504571915	0.0043693589977920055
0.512	0.576	0.0007039885385893285	0.0027629577089101076	0.0017796466127038002	0.0006515510613098741	0.002896262798458338	0.00433783233165741	0.000607641413807869	0.000717506161890924	0.037158239632844925	0.0043477159924805164
