onset	offset	Alarm_bell_ringing	Blender	Cat	Dishes	Dog	Electric_shaver_toothbrush	Frying	Running_water	Speech	Vacuum_cleaner
0.0	0.064	0.0008173025562427938	0.0010968977585434914	0.003079009475186467	0.002092288574203849	0.005046118050813675	0.002046391135081649	0.00459802383556962	0.9543356895446777	0.01093932893127203	0.0026052810717374086
0.064	0.128	0.0008170915534719825	0.0010968977585434914	0.003079009475186467	0.002092288574203849	0.005046118050813675	0.002046391135081649	0.00459802383556962	0.9543356895446777	0.010889849625527859	0.0026052810717374086
0.128	0.192	0.0008170915534719825	0.0007369329105131328	0.003471424337476492	0.0021168494131416082	0.004242866300046444	0.0016258329851552844	0.003924769349396229	0.9543356895446777	0.01093932893127203	0.0020114837680011988
0.192	0.256	0.000816933112218976	0.0005599224823527038	0.0034874253906309605	0.0021168494131416082	0.0039944821037352085	0.0013763464521616697	0.0035503944382071495	0.9543356895446777	0.01093932893127203	0.0017343780491501093
0.256	0.32	0.000752807769458741	0.00046233442844823003	0.0035010387655347586	0.0021168494131416082	0.003784279804676771	0.0012354272184893489	0.0032689590007066727	0.9543356895446777	0.01093932893127203	0.0015272611053660512
0.32	0.384	0.0006641620420850813	0.00040480628376826644	0.0035010387655347586	0.002118770033121109	0.0035471220035105944	0.0011363935191184282	0.0031391496304422617	0.9471662044525146	0.011675109155476093	0.0013717036927118897
0.384	0.448	0.0005872569163329899	0.0003658710338640958	0.0035010387655347586	0.00214236113242805	0.0035471220035105944	0.0010739194694906473	0.003068501828238368	0.9395764470100403	0.01477506197988987	0.0012875598622485995
0.448	0.512	0.0005356513429433107	0.00036561579327099025	0.0034874253906309605	0.0023111370392143726	0.0035471220035105944	0.0010518848430365324	0.003036987502127886	0.9324982762336731	0.018927691504359245	0.0012448159977793694
0.512	0.576	0.0005356513429433107	0.00035180768463760614	0.003417813219130039	0.002516868757084012	0.0034576086327433586	0.0010413234122097492	0.003036987502127886	0.9248703122138977	0.02464260533452034	0.0012125318171456456
