onset	offset	Alarm_bell_ringing	Blender	Cat	Dishes	Dog	Electric_shaver_toothbrush	Frying	Running_water	Speech	Vacuum_cleaner
0.0	0.064	0.002161830198019743	0.002311330521479249	0.0023764048237353563	0.001749517978169024	0.003129459684714675	0.0008743343641981483	0.000924521591514349	0.9903554916381836	0.010293764993548393	0.0008896598010323942
0.064	0.128	0.002161830198019743	0.002311330521479249	0.0023764048237353563	0.001749517978169024	0.003129459684714675	0.0008743343641981483	0.000924521591514349	0.9903554916381836	0.010293764993548393	0.0008896598010323942
0.128	0.192	0.0019843687769025564	0.0019215644570067525	0.0015877647092565894	0.0013176705688238144	0.0022241678088903427	0.0006819537957198918	0.0005343632074072957	0.9920479655265808	0.01026406791061163	0.0007510665454901755
0.192	0.256	0.0018399065593257546	0.0018792999908328056	0.0015400522388517857	0.0012483365135267377	0.0021147974766790867	0.0005872946931049228	0.0004825290525332093	0.9931608438491821	0.008589797653257847	0.0006052078097127378
0.256	0.32	0.0017258148873224854	0.0018429065821692348	0.001514305593445897	0.0012475840048864484	0.002070666989311576	0.0005276454030536115	0.0004817339649889618	0.9931608438491821	0.007538559380918741	0.0005369932623580098
0.32	0.384	0.0016367159551009536	0.001708367606624961	0.0014741731574758887	0.0012204813538119197	0.001998150022700429	0.000498992099892348	0.0004655449010897428	0.9931608438491821	0.006940225604921579	0.0005215463461354375
0.384	0.448	0.0015671334695070982	0.001599322771653533	0.001435107784345746	0.0012204813538119197	0.00188063841778785	0.0004778176371473819	0.00044577644439414144	0.9931608438491821	0.006940225604921579	0.0005190116935409606
0.448	0.512	0.0015671334695070982	0.001599322771653533	0.001435107784345746	0.0012442435836419463	0.00188063841778785	0.00045919514377601445	0.0004319430736359209	0.9925901889801025	0.006940225604921579	0.0005145089235156775
0.512	0.576	0.001563709694892168	0.0015689722495153546	0.001435107784345746	0.0012442435836419463	0.00188063841778785	0.0004446740204002708	0.0004319430736359209	0.9921332001686096	0.006940225604921579	0.0005006555002182722
