onset	offset	Alarm_bell_ringing	Blender	Cat	Dishes	Dog	Electric_shaver_toothbrush	Frying	Running_water	Speech	Vacuum_cleaner
0.0	0.064	0.002083137398585677	0.001395539497025311	0.9620497226715088	0.005235463380813599	0.0024620022159069777	0.0012554479762911797	0.0013566556153818965	0.003953379113227129	0.009392457082867622	0.0011458543594926596
0.064	0.128	0.002083137398585677	0.001395539497025311	0.9620497226715088	0.005235463380813599	0.0024620022159069777	0.0010986346751451492	0.0013566556153818965	0.003953379113227129	0.009392457082867622	0.0011458543594926596
0.128	0.192	0.001981784123927355	0.0013460149057209492	0.9535118341445923	0.004422839730978012	0.0024620022159069777	0.0010986346751451492	0.0011923459824174643	0.003543693572282791	0.008620061911642551	0.0009221318759955466
0.192	0.256	0.0019353338284417987	0.0012617007596418262	0.9535118341445923	0.0038820565678179264	0.0024620022159069777	0.001090018660761416	0.0011460448149591684	0.003201488172635436	0.007868718355894089	0.0007931597647257149
0.256	0.32	0.0013138233916833997	0.0009492115932516754	0.9535118341445923	0.00285688997246325	0.0024620022159069777	0.0008861979003995657	0.0010582810500636697	0.002643609419465065	0.006727113854140043	0.0006561845657415688
0.32	0.384	0.0007058201008476317	0.000359353085514158	0.6379969120025635	0.0015557463048025966	0.0019305695313960314	0.0005613599205389619	0.0009388497564941645	0.001905665616504848	0.003940610680729151	0.0003616200410760939
0.384	0.448	0.00033153672120533884	0.00023677089484408498	0.1038910374045372	0.0006856138352304697	0.0009460796136409044	0.00025251152692362666	0.0004397339071147144	0.0010812109103426337	0.0026673960965126753	0.0003288151929154992
0.448	0.512	0.00017599340935703367	0.00015610943955834955	0.0403771698474884	0.0004132760805077851	0.0007281898870132864	0.00019062405044678599	0.0003029427898582071	0.0009066392085514963	0.0020646604243665934	0.00031924742506816983
0.512	0.576	0.00013349279470276088	0.0001246770261786878	0.024846719577908516	0.0003259456716477871	0.000598022947087884	0.00016019090253394097	0.0002662282495293766	0.000755318149458617	0.00189483305439353	0.00031884893542155623
