onset	offset	Alarm_bell_ringing	Blender	Cat	Dishes	Dog	Electric_shaver_toothbrush	Frying	Running_water	Speech	Vacuum_cleaner
0.0	0.064	0.002089323941618204	0.00740543520078063	0.0023194365203380585	0.00496242381632328	0.0010615753708407283	0.001824387931264937	0.00023774518922436982	0.7466449737548828	0.007816720753908157	0.057134050875902176
0.064	0.128	0.002089323941618204	0.006832381710410118	0.0023194365203380585	0.00496242381632328	0.0010615753708407283	0.001824387931264937	0.00023774518922436982	0.7458317875862122	0.007816720753908157	0.057134050875902176
0.128	0.192	0.0015663056401535869	0.006832381710410118	0.0017410003347322345	0.004187649115920067	0.0009384530712850392	0.0013234836515039206	0.00022359048307407647	0.7458317875862122	0.006335483863949776	0.057760681957006454
0.192	0.256	0.001563912257552147	0.007202910725027323	0.0016411365941166878	0.0030828567687422037	0.0007990097510628402	0.0008782917284406722	0.00020429253345355392	0.6807482838630676	0.005184704903513193	0.057760681957006454
0.256	0.32	0.0015254463069140911	0.007202910725027323	0.001596434973180294	0.002600613981485367	0.0006975309806875885	0.0006899218424223363	0.0001958678913069889	0.578010618686676	0.004571556579321623	0.057760681957006454
0.32	0.384	0.0014042056864127517	0.007189988158643246	0.0015844060108065605	0.002177830319851637	0.0006313530029729009	0.000648382818326354	0.0001750324881868437	0.5232906341552734	0.004142020363360643	0.057760681957006454
0.384	0.448	0.0012499017175287008	0.007127928547561169	0.0015561655163764954	0.0017829176504164934	0.000598729238845408	0.0006306730792857707	0.00016849747044034302	0.49959471821784973	0.0036887761671096087	0.05496247112751007
0.448	0.512	0.0011339497286826372	0.007127928547561169	0.0015561655163764954	0.0015493850223720074	0.0005916627123951912	0.0006101633189246058	0.00016710419731680304	0.48704609274864197	0.0032111331820487976	0.052180588245391846
0.512	0.576	0.0010625568684190512	0.007127928547561169	0.0015555551508441567	0.0014385696267709136	0.0005833140457980335	0.0005913923378102481	0.00016203420818783343	0.4713549017906189	0.002901454921811819	0.049484942108392715
