onset	offset	Alarm_bell_ringing	Blender	Cat	Dishes	Dog	Electric_shaver_toothbrush	Frying	Running_water	Speech	Vacuum_cleaner
0.0	0.064	0.003629943821579218	0.0015037504490464926	0.0048198578879237175	0.011845147237181664	0.14844004809856415	0.004030708689242601	0.001640019821934402	0.0033638777676969767	0.17121700942516327	0.003970443736761808
0.064	0.128	0.00411102082580328	0.0015037504490464926	0.0048198578879237175	0.011845147237181664	0.14844004809856415	0.004030708689242601	0.001640019821934402	0.0033638777676969767	0.17121700942516327	0.003970443736761808
0.128	0.192	0.004909811541438103	0.0019457836169749498	0.005133838392794132	0.011198889464139938	0.1625003069639206	0.004253114107996225	0.001640019821934402	0.0032852881122380495	0.12835407257080078	0.003862909972667694
0.192	0.256	0.004300553351640701	0.0019457836169749498	0.005133838392794132	0.009118551388382912	0.21331988275051117	0.004030708689242601	0.0015021052677184343	0.003026900812983513	0.12835407257080078	0.0036984854377806187
0.256	0.32	0.00411102082580328	0.0019457836169749498	0.005133838392794132	0.00863608717918396	0.5964702367782593	0.00372286862693727	0.001456904923543334	0.0028580352663993835	0.12835407257080078	0.0034987786784768105
0.32	0.384	0.00411102082580328	0.0019457836169749498	0.005133838392794132	0.007870448753237724	0.679958701133728	0.003713242243975401	0.0011510218027979136	0.0026881324592977762	0.07109782099723816	0.002171115716919303
0.384	0.448	0.00411102082580328	0.0019457836169749498	0.00476022157818079	0.007836122997105122	0.679958701133728	0.0026263452600687742	0.0008322800858877599	0.0026178304105997086	0.05040411651134491	0.0012827139580622315
0.448	0.512	0.0038400699850171804	0.0019457836169749498	0.0037335429806262255	0.006951799616217613	0.679958701133728	0.0019534083548933268	0.0007119352812878788	0.002218562876805663	0.0392850898206234	0.0007901312783360481
0.512	0.576	0.003417382948100567	0.001526173553429544	0.0032121804542839527	0.006647992879152298	0.679958701133728	0.0017311201663687825	0.0005974436062388122	0.0017661056481301785	0.029546083882451057	0.0004926841356791556
