onset	offset	Alarm_bell_ringing	Blender	Cat	Dishes	Dog	Electric_shaver_toothbrush	Frying	Running_water	Speech	Vacuum_cleaner
0.0	0.064	0.0010059006744995713	0.0011944546131417155	0.006279497407376766	0.022742828354239464	0.0012609942350536585	0.0009159173932857811	0.00034451752435415983	0.03378386050462723	0.010939587838947773	0.0011473000049591064
0.064	0.128	0.000919092504773289	0.0011944546131417155	0.006279497407376766	0.022742828354239464	0.0012609942350536585	0.0008037335937842727	0.00034451752435415983	0.030991291627287865	0.010939587838947773	0.0011473000049591064
0.128	0.192	0.000919092504773289	0.0011737389722838998	0.006279497407376766	0.021154271438717842	0.0011395062319934368	0.0007964008837006986	0.00031239891541190445	0.025203725323081017	0.010939587838947773	0.0009716997155919671
0.192	0.256	0.0008919022511690855	0.0011737389722838998	0.006179118063300848	0.021154271438717842	0.0009657402406446636	0.0007964008837006986	0.00031239891541190445	0.025203725323081017	0.010939587838947773	0.0009576574666425586
0.256	0.32	0.0007496093166992068	0.001061204937286675	0.0037399122957140207	0.021154271438717842	0.0007669601473025978	0.0006101097678765655	0.00030546015477739275	0.021034223958849907	0.010939587838947773	0.0009351527551189065
0.32	0.384	0.0006300774402916431	0.000915826647542417	0.0021789425518363714	0.008789438754320145	0.0006325687281787395	0.0004313787503633648	0.00030546015477739275	0.018662305548787117	0.007453337777405977	0.0009339016978628933
0.384	0.448	0.0005227076471783221	0.0007715611718595028	0.0015605638036504388	0.007445926312357187	0.0005880516837351024	0.00041663547744974494	0.00031239891541190445	0.017971569672226906	0.00640790956094861	0.0008940331754274666
0.448	0.512	0.00042894831858575344	0.0007287948974408209	0.0015525418566539884	0.00605322839692235	0.0005794454482384026	0.0003861449658870697	0.00032383634243160486	0.015647049993276596	0.005687173921614885	0.0008927545859478414
0.512	0.576	0.00038177764508873224	0.000668828550260514	0.0013739223359152675	0.006016436964273453	0.0005703638307750225	0.00037466181674972177	0.00032599386759102345	0.015365226194262505	0.004287077579647303	0.0008887621806934476
