onset	offset	Alarm_bell_ringing	Blender	Cat	Dishes	Dog	Electric_shaver_toothbrush	Frying	Running_water	Speech	Vacuum_cleaner
0.0	0.064	0.0027865495067089796	0.0009897503769025207	0.001150002470239997	0.002510848455131054	0.032286446541547775	0.000701374898198992	0.0013129533035680652	0.0026828248519450426	0.017187651246786118	0.0020724276546388865
0.064	0.128	0.003211255418136716	0.00099318684078753	0.001298290677368641	0.002510848455131054	0.032286446541547775	0.000721054442692548	0.0013129533035680652	0.0026828248519450426	0.020520972087979317	0.0022803207393735647
0.128	0.192	0.003211255418136716	0.00099318684078753	0.001298290677368641	0.002563424874097109	0.03401264548301697	0.000839761458337307	0.0010110846487805247	0.0027052664663642645	0.020520972087979317	0.002427428960800171
0.192	0.256	0.0030647246167063713	0.0012748799053952098	0.0017215352272614837	0.002563424874097109	0.06946706771850586	0.000839761458337307	0.0008642634493298829	0.0027052664663642645	0.021108416840434074	0.0022803207393735647
0.256	0.32	0.0027865495067089796	0.0016622086986899376	0.002137646544724703	0.002563424874097109	0.11903559416532516	0.0007572124595753849	0.0008331203716807067	0.0027052664663642645	0.02793029509484768	0.0020724276546388865
0.32	0.384	0.00274071772582829	0.0021669771522283554	0.002137646544724703	0.0026244998443871737	0.1821102797985077	0.0007572124595753849	0.0008169727516360581	0.0028705825097858906	0.039327025413513184	0.0020724276546388865
0.384	0.448	0.0025190769229084253	0.0021669771522283554	0.002137646544724703	0.003034633817151189	0.1821102797985077	0.0007572124595753849	0.0008061231346800923	0.003125482937321067	0.04851778969168663	0.002066628308966756
0.448	0.512	0.0021451469510793686	0.0021669771522283554	0.002137646544724703	0.003034633817151189	0.1821102797985077	0.0007572124595753849	0.0007619357784278691	0.003125482937321067	0.053820010274648666	0.001894501969218254
0.512	0.576	0.002022857777774334	0.0021669771522283554	0.0015754371415823698	0.003034633817151189	0.1821102797985077	0.000664988998323679	0.0006842390866950154	0.003125482937321067	0.05670502036809921	0.0016955974278971553
