onset	offset	Alarm_bell_ringing	Blender	Cat	Dishes	Dog	Electric_shaver_toothbrush	Frying	Running_water	Speech	Vacuum_cleaner
0.0	0.064	0.0006598431500606239	0.0011073759524151683	0.0014110893243923783	0.02378966100513935	0.001919614733196795	0.0011350979330018163	0.11267456412315369	0.004458768293261528	0.8418931365013123	0.00921662524342537
0.064	0.128	0.0006598431500606239	0.0011073759524151683	0.0014110893243923783	0.02475341409444809	0.001919614733196795	0.0011515591759234667	0.11267456412315369	0.004440147429704666	0.8418931365013123	0.00921662524342537
0.128	0.192	0.000839723099488765	0.0011073759524151683	0.0014110893243923783	0.02475341409444809	0.0023543962743133307	0.0011515591759234667	0.09967467933893204	0.004440147429704666	0.9343025088310242	0.007973460480570793
0.192	0.256	0.0010012491839006543	0.0011073759524151683	0.0014706909423694015	0.02598848193883896	0.0023543962743133307	0.0011350979330018163	0.0929117426276207	0.004341767635196447	0.9343025088310242	0.007538984529674053
0.256	0.32	0.0010012491839006543	0.0011073759524151683	0.0014706909423694015	0.02598848193883896	0.0023543962743133307	0.0009767578449100256	0.08951473236083984	0.003871514229103923	0.9343025088310242	0.007276804652065039
0.32	0.384	0.0010132852476090193	0.001164302695542574	0.0014853368047624826	0.02666720561683178	0.0023543962743133307	0.0010221919510513544	0.08354771882295609	0.003871514229103923	0.9383620023727417	0.006129801273345947
0.384	0.448	0.0010653878562152386	0.001164302695542574	0.0014853368047624826	0.027174273505806923	0.0022470057010650635	0.0010221919510513544	0.08074914664030075	0.003871514229103923	0.9503510594367981	0.004831319209188223
0.448	0.512	0.0010799381416290998	0.001164302695542574	0.0014853368047624826	0.027318131178617477	0.0021736070048063993	0.0010221919510513544	0.08005689829587936	0.003871514229103923	0.9505822658538818	0.0045596640557050705
0.512	0.576	0.0011171704391017556	0.001164302695542574	0.0016695251688361168	0.03163934499025345	0.0021736070048063993	0.0010221919510513544	0.07958970963954926	0.004076794255524874	0.9652172923088074	0.004441715776920319
