onset	offset	Alarm_bell_ringing	Blender	Cat	Dishes	Dog	Electric_shaver_toothbrush	Frying	Running_water	Speech	Vacuum_cleaner
0.0	0.064	0.0015535864513367414	0.0053893812000751495	0.004983104299753904	0.8258178234100342	0.008875020779669285	0.0013429608661681414	0.17730167508125305	0.009063418954610825	0.022089917212724686	0.0012300934176892042
0.064	0.128	0.0014249266823753715	0.0053893812000751495	0.004983104299753904	0.8258178234100342	0.008976537734270096	0.0013429608661681414	0.17730167508125305	0.008508478291332722	0.022312164306640625	0.0012300934176892042
0.128	0.192	0.0015535864513367414	0.0053893812000751495	0.004983104299753904	0.8258178234100342	0.009082144126296043	0.0012600121553987265	0.1862354576587677	0.008508478291332722	0.022312164306640625	0.0009521541651338339
0.192	0.256	0.0015535864513367414	0.0053893812000751495	0.005135109648108482	0.8537460565567017	0.009082144126296043	0.0012538585579022765	0.22276921570301056	0.009063418954610825	0.02281208336353302	0.0007788007496856153
0.256	0.32	0.0016364697366952896	0.005461467895656824	0.0053415000438690186	0.8636349439620972	0.01882004179060459	0.0011353781446814537	0.29595932364463806	0.009695167653262615	0.028326213359832764	0.0005490184994414449
0.32	0.384	0.0020251336973160505	0.005461467895656824	0.0053415000438690186	0.9557141661643982	0.024632176384329796	0.0011186667252331972	0.4245646297931671	0.00991673581302166	0.03329472988843918	0.00044329091906547546
0.384	0.448	0.0020563662983477116	0.00823624525219202	0.0053415000438690186	0.9687440991401672	0.02679135464131832	0.001055775210261345	0.4689740240573883	0.010565587319433689	0.034191377460956573	0.0003691179445013404
0.448	0.512	0.0021187306847423315	0.008377901278436184	0.0053415000438690186	0.9734559655189514	0.02933996357023716	0.0009734287741594017	0.4723338782787323	0.011152492836117744	0.034191377460956573	0.0003691179445013404
0.512	0.576	0.0022050386760383844	0.008391123265028	0.0047738151624798775	0.9753191471099854	0.03422604501247406	0.0009006345644593239	0.4735690951347351	0.011253688484430313	0.034191377460956573	0.0003691179445013404
