onset	offset	Alarm_bell_ringing	Blender	Cat	Dishes	Dog	Electric_shaver_toothbrush	Frying	Running_water	Speech	Vacuum_cleaner
0.0	0.064	0.0002943769795820117	0.000646410568151623	0.0020812945440411568	0.0009171640267595649	0.0004051670548506081	0.00021960947196930647	0.0008381079533137381	0.011813181452453136	0.019793372601270676	0.002566303825005889
0.064	0.128	0.0002943769795820117	0.000646410568151623	0.0020812945440411568	0.0009171640267595649	0.0004051670548506081	0.00021960947196930647	0.0009346308070234954	0.011813181452453136	0.019793372601270676	0.002566303825005889
0.128	0.192	0.0002821187663357705	0.0005743343499489129	0.0019243914866819978	0.0007862898637540638	0.00041193407378159463	0.00020118728571105748	0.0009782824199646711	0.01179487630724907	0.017991803586483	0.0024031377397477627
0.192	0.256	0.0002654028357937932	0.0004971976159140468	0.0018579688621684909	0.0006663472158834338	0.00041193407378159463	0.00019955990137532353	0.0009782824199646711	0.01179487630724907	0.01712900772690773	0.002146566053852439
0.256	0.32	0.0002654028357937932	0.0004971976159140468	0.0017547223251312971	0.0006663472158834338	0.00041193407378159463	0.00019955990137532353	0.001001042197458446	0.01179487630724907	0.01712900772690773	0.0019346383633092046
0.32	0.384	0.0002654028357937932	0.0004971976159140468	0.0017547223251312971	0.0006663472158834338	0.00042212216067127883	0.00019955990137532353	0.0010360728483647108	0.01179487630724907	0.01712900772690773	0.0019346383633092046
0.384	0.448	0.0002654028357937932	0.0004971976159140468	0.0017547223251312971	0.0006663472158834338	0.00044450219138525426	0.00019955990137532353	0.001044566510245204	0.013772541657090187	0.01712900772690773	0.0019346383633092046
0.448	0.512	0.00029742546030320227	0.0005744611262343824	0.0017547223251312971	0.0009388653561472893	0.0005477945669554174	0.00020953775674570352	0.0010536224581301212	0.019341422244906425	0.06432712078094482	0.0018474821699783206
0.512	0.576	0.0004043290391564369	0.0009816871024668217	0.0029681921005249023	0.001350697479210794	0.0006697387434542179	0.0002424511912977323	0.0011687485966831446	0.03468940779566765	0.2750758230686188	0.0018474821699783206
