onset	offset	Alarm_bell_ringing	Blender	Cat	Dishes	Dog	Electric_shaver_toothbrush	Frying	Running_water	Speech	Vacuum_cleaner
0.0	0.064	0.0025876397266983986	0.0012956964783370495	0.0013854976277798414	0.07422766834497452	0.0013389296364039183	0.0007522057858295739	0.9557163119316101	0.004357517696917057	0.030195731669664383	0.0019457744201645255
0.064	0.128	0.0025876397266983986	0.0012956964783370495	0.0014317728346213698	0.07422766834497452	0.0013389296364039183	0.0007522057858295739	0.9557163119316101	0.004357517696917057	0.030195731669664383	0.0019457744201645255
0.128	0.192	0.0020761408377438784	0.0011981615098193288	0.0016408241353929043	0.08217374235391617	0.0014010246377438307	0.0006622927030548453	0.9607927203178406	0.0036386651918292046	0.022981712594628334	0.0015335301868617535
0.192	0.256	0.001813194714486599	0.0011896402575075626	0.0016408241353929043	0.08382023870944977	0.0014010246377438307	0.000628141628112644	0.9619629979133606	0.003313622670248151	0.017302412539720535	0.001340823364444077
0.256	0.32	0.001670839381404221	0.0011639522854238749	0.0016408241353929043	0.08382023870944977	0.0013389296364039183	0.0005790073773823678	0.9620348215103149	0.003089846344664693	0.014416144229471684	0.0012085681082680821
0.32	0.384	0.0015815731603652239	0.001024749013595283	0.0016408241353929043	0.08382023870944977	0.0013206745497882366	0.0005446657887659967	0.9634272456169128	0.0028736728709191084	0.01372954249382019	0.0011123582953587174
0.384	0.448	0.0015727774007245898	0.0008237556903623044	0.0016408241353929043	0.08382023870944977	0.0013051367131993175	0.0005407398566603661	0.9657224416732788	0.0027029672637581825	0.013472768478095531	0.0009751850157044828
0.448	0.512	0.0015481705777347088	0.0005835365154780447	0.0016408241353929043	0.06748400628566742	0.0012358392123132944	0.0005360834766179323	0.9683136940002441	0.0024722362868487835	0.013014566153287888	0.0007707931799814105
0.512	0.576	0.0012619909830391407	0.0004495008906815201	0.0011238529114052653	0.05166781693696976	0.000861955399159342	0.0005303775542415679	0.9701225757598877	0.0021332865580916405	0.012494051828980446	0.0006474226247519255
