onset	offset	Alarm_bell_ringing	Blender	Cat	Dishes	Dog	Electric_shaver_toothbrush	Frying	Running_water	Speech	Vacuum_cleaner
0.0	0.064	0.0003842389560304582	0.0002593646349851042	0.005308844614773989	0.0008956335368566215	0.0038041146472096443	0.00036965974140912294	0.00048029719619080424	0.0060830009169876575	0.01989009976387024	0.0022335078101605177
0.064	0.128	0.00044169669854454696	0.0003370702324900776	0.005396938882768154	0.0009829130722209811	0.004166495054960251	0.0004166821308899671	0.0004947720444761217	0.0060830009169876575	0.01989009976387024	0.0025160512886941433
0.128	0.192	0.00046049588127061725	0.0003370702324900776	0.005396938882768154	0.0011720380280166864	0.004166495054960251	0.00048600192531012	0.000570882111787796	0.007660530507564545	0.02818320505321026	0.0027403540443629026
0.192	0.256	0.00046049588127061725	0.0003472228127066046	0.012223840691149235	0.0011720380280166864	0.006898785475641489	0.00048600192531012	0.0005301627679727972	0.010272586718201637	0.055750273168087006	0.0027403540443629026
0.256	0.32	0.00046049588127061725	0.0005740093183703721	0.03353238105773926	0.0012592790881171823	0.024813087657094002	0.00048600192531012	0.0005125372554175556	0.017937855795025826	0.15054000914096832	0.003106229705736041
0.32	0.384	0.0004640146216843277	0.0005954456282779574	0.036438778042793274	0.0013829461531713605	0.02933724783360958	0.0004984052502550185	0.0005125372554175556	0.017937855795025826	0.20452429354190826	0.003286507911980152
0.384	0.448	0.0004701057623606175	0.0006033590761944652	0.03936058282852173	0.0013911996502429247	0.038094595074653625	0.0005299624754115939	0.0005125372554175556	0.018286479637026787	0.2226511836051941	0.003286507911980152
0.448	0.512	0.0004757592687383294	0.0006033590761944652	0.04351518675684929	0.0015299048973247409	0.04267502948641777	0.0005420328234322369	0.0005125372554175556	0.018394729122519493	0.22874948382377625	0.003286507911980152
0.512	0.576	0.0004757592687383294	0.0006033590761944652	0.04684380814433098	0.0017303003696724772	0.04267502948641777	0.0005731870769523084	0.0004616500809788704	0.018394729122519493	0.26169970631599426	0.003286507911980152
