onset	offset	Alarm_bell_ringing	Blender	Cat	Dishes	Dog	Electric_shaver_toothbrush	Frying	Running_water	Speech	Vacuum_cleaner
0.0	0.064	0.0015143170021474361	0.0021403152495622635	0.0006745517021045089	0.013930706307291985	0.0004046242102049291	0.002100870246067643	0.8716596961021423	0.04979252815246582	0.005412726663053036	0.008269768208265305
0.064	0.128	0.0015143170021474361	0.0021403152495622635	0.0006745517021045089	0.013930706307291985	0.0004046242102049291	0.002100870246067643	0.8716596961021423	0.04979252815246582	0.005412726663053036	0.008269768208265305
0.128	0.192	0.0006894046091474593	0.001300507108680904	0.0006089374073781073	0.010514287278056145	0.0002921399718616158	0.0018178628524765372	0.8877626061439514	0.030153170228004456	0.004572468344122171	0.005259017925709486
0.192	0.256	0.0005108399200253189	0.0011115670204162598	0.0006089374073781073	0.010514287278056145	0.00028789741918444633	0.0018081426387652755	0.8949642181396484	0.030153170228004456	0.00439647538587451	0.004249773919582367
0.256	0.32	0.0004732737725134939	0.001002072705887258	0.0006089374073781073	0.010514287278056145	0.0002853826736100018	0.0018068271456286311	0.8949642181396484	0.030153170228004456	0.004298144951462746	0.004008733667433262
0.32	0.384	0.00047099299263209105	0.0009476949344389141	0.0006089374073781073	0.010514287278056145	0.000283312052488327	0.001799965975806117	0.8949642181396484	0.030153170228004456	0.004185643047094345	0.004008733667433262
0.384	0.448	0.00046809064224362373	0.0008924224530346692	0.0007112306775525212	0.010580293834209442	0.000283312052488327	0.0017965048318728805	0.8949642181396484	0.030813051387667656	0.004079523030668497	0.004008733667433262
0.448	0.512	0.00046809064224362373	0.0008317215833812952	0.0007632308406755328	0.011327795684337616	0.0002853826736100018	0.0017776773311197758	0.8905494213104248	0.032977551221847534	0.004004469607025385	0.003980466164648533
0.512	0.576	0.00047099299263209105	0.0007825236534699798	0.0007632308406755328	0.012094293721020222	0.00028789741918444633	0.0017268372466787696	0.8876380920410156	0.035288721323013306	0.003957822453230619	0.003971645142883062
