onset	offset	Alarm_bell_ringing	Blender	Cat	Dishes	Dog	Electric_shaver_toothbrush	Frying	Running_water	Speech	Vacuum_cleaner
0.0	0.064	0.0020286929793655872	0.004601874854415655	0.005277464631944895	0.04643796756863594	0.0009807905880734324	0.0007628458552062511	0.02364346571266651	0.0014084733556956053	0.0083641791716218	0.0011792812729254365
0.064	0.128	0.002060003811493516	0.004635454621165991	0.005277464631944895	0.04643796756863594	0.0009807905880734324	0.0007628458552062511	0.02364346571266651	0.0014084733556956053	0.0083641791716218	0.0011792812729254365
0.128	0.192	0.002060003811493516	0.004635454621165991	0.005800898652523756	0.04250094294548035	0.0009460308356210589	0.0007628458552062511	0.02559109777212143	0.0013519632630050182	0.007135012187063694	0.001109823351725936
0.192	0.256	0.0020286929793655872	0.004601874854415655	0.0061537474393844604	0.039901457726955414	0.0008666174253448844	0.0007241042330861092	0.02559109777212143	0.0012660084757953882	0.006900977808982134	0.0011036593932658434
0.256	0.32	0.0018695562612265348	0.004476579371839762	0.0061537474393844604	0.035800039768218994	0.0008050982723943889	0.0007157622603699565	0.02559109777212143	0.0011996157700195909	0.0067800055257976055	0.0010544623946771026
0.32	0.384	0.0018296646885573864	0.004342322237789631	0.0061537474393844604	0.03488965332508087	0.0007946338737383485	0.0007153073674999177	0.02559109777212143	0.0011790156131610274	0.005782948806881905	0.0009979915339499712
0.384	0.448	0.0015312217874452472	0.0039020886179059744	0.0061537474393844604	0.03262120857834816	0.0007340385345742106	0.0006347361486405134	0.022435881197452545	0.0011439507361501455	0.004785568919032812	0.0009614611626602709
0.448	0.512	0.001438137493096292	0.003896410344168544	0.005726648028939962	0.03197434917092323	0.0006956977304071188	0.00059872044948861	0.02094290778040886	0.0011168592609465122	0.004630151204764843	0.0008986878674477339
0.512	0.576	0.0013098794734105468	0.0035836261231452227	0.00510718347504735	0.031125463545322418	0.000682306825183332	0.00059872044948861	0.01856820285320282	0.0010797292925417423	0.004630151204764843	0.0008959263213910162
