onset	offset	Alarm_bell_ringing	Blender	Cat	Dishes	Dog	Electric_shaver_toothbrush	Frying	Running_water	Speech	Vacuum_cleaner
0.0	0.064	0.006237879861146212	0.010812516324222088	0.004498281516134739	0.055690739303827286	0.02543341927230358	0.001878617680631578	0.012772985734045506	0.004723632242530584	0.49531516432762146	0.002665426582098007
0.064	0.128	0.006237879861146212	0.010812516324222088	0.005368085112422705	0.055690739303827286	0.02856958843767643	0.001878617680631578	0.012772985734045506	0.004723632242530584	0.49531516432762146	0.002665426582098007
0.128	0.192	0.006993915885686874	0.008480670861899853	0.005832730792462826	0.026630546897649765	0.03489048779010773	0.0023843832314014435	0.012772985734045506	0.002924906788393855	0.6406261920928955	0.0018794817151501775
0.192	0.256	0.006993915885686874	0.00795809831470251	0.005832730792462826	0.018623249605298042	0.03489048779010773	0.0023843832314014435	0.012772985734045506	0.0027234565932303667	0.8256251811981201	0.0016238117823377252
0.256	0.32	0.006993915885686874	0.00706618744879961	0.008313670754432678	0.017873262986540794	0.05338698998093605	0.0024856983218342066	0.012772985734045506	0.0024962066672742367	0.928680956363678	0.0014231136301532388
0.32	0.384	0.007338028866797686	0.006907491013407707	0.009268928319215775	0.017619941383600235	0.05338698998093605	0.003645902033895254	0.013733758591115475	0.0022677448578178883	0.9553240537643433	0.0013263026485219598
0.384	0.448	0.007338028866797686	0.006652181968092918	0.009308332577347755	0.01714426651597023	0.05338698998093605	0.0038101274985820055	0.015706384554505348	0.0021019030828028917	0.9627587795257568	0.0012715491466224194
0.448	0.512	0.007338028866797686	0.006473253481090069	0.010296262800693512	0.017081595957279205	0.05338698998093605	0.0038101274985820055	0.016169173642992973	0.0018259594216942787	0.9627587795257568	0.0012715491466224194
0.512	0.576	0.007338028866797686	0.005803216714411974	0.013690442778170109	0.014512640424072742	0.04451873153448105	0.0038101274985820055	0.0184670090675354	0.0014816115144640207	0.9627587795257568	0.001250389264896512
