onset	offset	Alarm_bell_ringing	Blender	Cat	Dishes	Dog	Electric_shaver_toothbrush	Frying	Running_water	Speech	Vacuum_cleaner
0.0	0.064	0.002324411878362298	0.005006026476621628	0.0018308432772755623	0.9259223937988281	0.015228950418531895	0.0013991625746712089	0.06024719402194023	0.013130253180861473	0.020128415897488594	0.001211942289955914
0.064	0.128	0.002127568470314145	0.004613732919096947	0.0018308432772755623	0.8630165457725525	0.015228950418531895	0.0013991625746712089	0.06024719402194023	0.013130253180861473	0.020128415897488594	0.001211942289955914
0.128	0.192	0.002127568470314145	0.004613732919096947	0.0017410964937880635	0.7750362753868103	0.01495683379471302	0.001261447207070887	0.04732036590576172	0.011883284896612167	0.016646912321448326	0.0009094250854104757
0.192	0.256	0.0020934639032930136	0.0031821327283978462	0.0010705266613513231	0.7750362753868103	0.011068266816437244	0.001148439827375114	0.02483622543513775	0.007282576523721218	0.011188598349690437	0.0006813360378146172
0.256	0.32	0.0017244188347831368	0.0025091685820370913	0.0006726713036186993	0.7194527983665466	0.011068266816437244	0.0010480808559805155	0.017962945625185966	0.007282576523721218	0.010336305014789104	0.0005313270376063883
0.32	0.384	0.0017244188347831368	0.0025091685820370913	0.0006726713036186993	0.7194527983665466	0.011068266816437244	0.0010480808559805155	0.017962945625185966	0.007282576523721218	0.010336305014789104	0.0004629269242286682
0.384	0.448	0.0017244188347831368	0.0025091685820370913	0.0006726713036186993	0.7194527983665466	0.011068266816437244	0.001033186330460012	0.017962945625185966	0.007282576523721218	0.010336305014789104	0.000435207795817405
0.448	0.512	0.0017244188347831368	0.0025091685820370913	0.0006726713036186993	0.7194527983665466	0.01417956966906786	0.0008996319375000894	0.017962945625185966	0.008158671669661999	0.010336305014789104	0.0004291372315492481
0.512	0.576	0.0029764981009066105	0.004237440414726734	0.0010004839859902859	0.9487802982330322	0.015482156537473202	0.0008795344620011747	0.022566860541701317	0.009943106211721897	0.01630173623561859	0.000412115128710866
