onset	offset	Alarm_bell_ringing	Blender	Cat	Dishes	Dog	Electric_shaver_toothbrush	Frying	Running_water	Speech	Vacuum_cleaner
0.0	0.064	0.0005440232343971729	0.0007394964923150837	0.0006405568565241992	0.00044774095294997096	0.00038116908399388194	0.0003662095114123076	0.0007304994505830109	0.0004947168636135757	0.0033204802311956882	0.07828142493963242
0.064	0.128	0.0005440232343971729	0.0007394964923150837	0.0006405568565241992	0.00044774095294997096	0.00038475505425594747	0.0003662095114123076	0.0007304994505830109	0.0004947168636135757	0.0033204802311956882	0.07828142493963242
0.128	0.192	0.0004582248511724174	0.0006922503816895187	0.0006222617230378091	0.0003641455841716379	0.0003965810756199062	0.00032498285872861743	0.0006341073312796652	0.00043881667079403996	0.00281881308183074	0.0686926618218422
0.192	0.256	0.00042395605123601854	0.0006610387936234474	0.0006222617230378091	0.00035394486621953547	0.0003965810756199062	0.0003145722730550915	0.0005902050179429352	0.00039794648182578385	0.0026327543891966343	0.061213742941617966
0.256	0.32	0.0004185039724688977	0.0006610387936234474	0.0006222617230378091	0.0003507517685648054	0.0003965810756199062	0.0003013463574461639	0.0005479661049321294	0.00038700856384821236	0.0026327543891966343	0.05477704852819443
0.32	0.384	0.00041543200495652854	0.0006610387936234474	0.0006222617230378091	0.00034003067412413657	0.00040743424324318767	0.0002862254623323679	0.0005176529521122575	0.00037580940988846123	0.0026327543891966343	0.05477704852819443
0.384	0.448	0.000415151531342417	0.0006610387936234474	0.0006538750603795052	0.0003207679546903819	0.0004175369977019727	0.00027108611539006233	0.0004883088986389339	0.00037068259553052485	0.0026327543891966343	0.05379331111907959
0.448	0.512	0.0004104957915842533	0.0007025003433227539	0.0006538750603795052	0.00031495760777033865	0.0004291791992727667	0.0002635421697050333	0.00048822187818586826	0.0003652238810900599	0.002717150142416358	0.05361490696668625
0.512	0.576	0.00040010458906181157	0.0007025003433227539	0.0006538750603795052	0.00031495760777033865	0.0004517531197052449	0.0002599635045044124	0.0004865611845161766	0.0003554755530785769	0.0028506875969469547	0.05129111558198929
