onset	offset	Alarm_bell_ringing	Blender	Cat	Dishes	Dog	Electric_shaver_toothbrush	Frying	Running_water	Speech	Vacuum_cleaner
0.0	0.064	0.00013850558025296777	8.388389687752351e-05	0.004333233926445246	0.0005640808376483619	0.0006603898946195841	7.835423457436264e-05	0.00045384932309389114	0.0006570296827703714	0.001358779496513307	0.0005858171498402953
0.064	0.128	0.00013850558025296777	8.388389687752351e-05	0.004333233926445246	0.0005640808376483619	0.0006603898946195841	7.835423457436264e-05	0.00045384932309389114	0.0006570296827703714	0.001358779496513307	0.0005858171498402953
0.128	0.192	0.00013212724297773093	7.391599501715973e-05	0.004461733158677816	0.000487711833557114	0.0006585025694221258	7.581448153359815e-05	0.0004367796645965427	0.0005975115927867591	0.0012490139342844486	0.0005212754476815462
0.192	0.256	0.00012782034173142165	7.115626794984564e-05	0.004461733158677816	0.0004538834618870169	0.0006585025694221258	7.417385495500639e-05	0.00042854080675169826	0.0005685276701115072	0.00122093188110739	0.0004788010846823454
0.256	0.32	0.00012503680773079395	6.998399476287887e-05	0.004461733158677816	0.00043026331695728004	0.0006585025694221258	7.289944187505171e-05	0.00042444170685485005	0.0005495129735209048	0.00122093188110739	0.0004451691929716617
0.32	0.384	0.00012503680773079395	6.974794814595953e-05	0.00472369696944952	0.00041278277058154345	0.0006585025694221258	7.202333654277027e-05	0.0004232735955156386	0.0005347942933440208	0.00122093188110739	0.000417407660279423
0.384	0.448	0.00012503680773079395	6.974794814595953e-05	0.005041774827986956	0.00040523058851249516	0.000685057369992137	7.202333654277027e-05	0.0004217925597913563	0.0005213196855038404	0.00122093188110739	0.0003927225770894438
0.448	0.512	0.00012503680773079395	6.974794814595953e-05	0.005477959755808115	0.00040523058851249516	0.0007377367583103478	7.202333654277027e-05	0.0004186932637821883	0.0005213196855038404	0.0012278826907277107	0.00037241855170577765
0.512	0.576	0.00012810782936867326	6.974794814595953e-05	0.0061615533195436	0.00040523058851249516	0.0008369520073756576	7.202333654277027e-05	0.00041318254079669714	0.0005213196855038404	0.0012700132792815566	0.0003689097356982529
