onset	offset	Alarm_bell_ringing	Blender	Cat	Dishes	Dog	Electric_shaver_toothbrush	Frying	Running_water	Speech	Vacuum_cleaner
0.0	0.064	0.0014208521461114287	0.0010572709143161774	0.19980952143669128	0.0026651008520275354	0.03849025443196297	0.004453230649232864	0.004345000721514225	0.0034324228763580322	0.02651667408645153	0.005942584481090307
0.064	0.128	0.0014208521461114287	0.0010333162499591708	0.19980952143669128	0.0026651008520275354	0.03849025443196297	0.0042957435362041	0.004345000721514225	0.0034324228763580322	0.02651667408645153	0.005942584481090307
0.128	0.192	0.0013599854428321123	0.0010333162499591708	0.190370574593544	0.0025307091418653727	0.04279559850692749	0.0042957435362041	0.003966030199080706	0.0033413488417863846	0.02620897814631462	0.00576696265488863
0.192	0.256	0.0012563025811687112	0.000984890153631568	0.190370574593544	0.002519970992580056	0.04904690012335777	0.00421162648126483	0.003724062582477927	0.0033154827542603016	0.023198528215289116	0.005518605932593346
0.256	0.32	0.0011611018562689424	0.0009009410277940333	0.190370574593544	0.0025019620079547167	0.04904690012335777	0.0037907767109572887	0.003434338141232729	0.0032051238231360912	0.01883781887590885	0.005350574851036072
0.32	0.384	0.0011611018562689424	0.0008293370483443141	0.15914477407932281	0.00240746745839715	0.04904690012335777	0.003416340332478285	0.0031356271356344223	0.0030839794781059027	0.015500729903578758	0.005130582954734564
0.384	0.448	0.0011611018562689424	0.000763287243898958	0.13444779813289642	0.00240746745839715	0.04904690012335777	0.0032691361848264933	0.002946467837318778	0.0030504469759762287	0.013508465141057968	0.00482576759532094
0.448	0.512	0.0011611018562689424	0.0007162750116549432	0.11887823045253754	0.00240746745839715	0.04792066663503647	0.0032691361848264933	0.0029185363091528416	0.0030504469759762287	0.012216698378324509	0.0045705935917794704
0.512	0.576	0.0012262559030205011	0.00071466009831056	0.11007783561944962	0.00240746745839715	0.046983543783426285	0.0032691361848264933	0.0029185363091528416	0.0030504469759762287	0.011320540681481361	0.0043394677340984344
