onset	offset	Alarm_bell_ringing	Blender	Cat	Dishes	Dog	Electric_shaver_toothbrush	Frying	Running_water	Speech	Vacuum_cleaner
0.0	0.064	0.004204083699733019	0.0077391876839101315	0.0012592982966452837	0.015690919011831284	0.006700996309518814	0.00378516991622746	0.07825929671525955	0.0016307559562847018	0.9577261209487915	0.006025626324117184
0.064	0.128	0.004204083699733019	0.007743484806269407	0.0012592982966452837	0.015690919011831284	0.006746465340256691	0.00378516991622746	0.08591026067733765	0.001714273588731885	0.9577261209487915	0.006025626324117184
0.128	0.192	0.00448569655418396	0.007743484806269407	0.00111881154589355	0.013468053191900253	0.006746465340256691	0.003547580447047949	0.08591026067733765	0.001714273588731885	0.9747535586357117	0.00448229955509305
0.192	0.256	0.00448569655418396	0.007743484806269407	0.00111881154589355	0.013468053191900253	0.006746465340256691	0.003190194256603718	0.07825929671525955	0.0016307559562847018	0.9800753593444824	0.003644051030278206
0.256	0.32	0.00448569655418396	0.0077391876839101315	0.0011099032126367092	0.013453584164381027	0.006700996309518814	0.0029870537109673023	0.07825247943401337	0.0015395998489111662	0.9834555387496948	0.002958397613838315
0.32	0.384	0.004963813815265894	0.0077391876839101315	0.0010859614703804255	0.0131290964782238	0.006700996309518814	0.0029870537109673023	0.07527881860733032	0.0015206567477434874	0.9852812886238098	0.0024378306698054075
0.384	0.448	0.005345035344362259	0.007410235237330198	0.0010843431809917092	0.012685573659837246	0.006616808939725161	0.0029870537109673023	0.07093778252601624	0.0014664841582998633	0.9860369563102722	0.002172905718907714
0.448	0.512	0.005345035344362259	0.006919672712683678	0.0010811868123710155	0.012685573659837246	0.005206235684454441	0.0029870537109673023	0.06985142827033997	0.0013444459764286876	0.9862962961196899	0.0019685800652951
0.512	0.576	0.005354351829737425	0.006877785082906485	0.001041644485667348	0.012685573659837246	0.004372876137495041	0.0029870537109673023	0.06985142827033997	0.0011823198292404413	0.9863485097885132	0.001794455572962761
