onset	offset	Alarm_bell_ringing	Blender	Cat	Dishes	Dog	Electric_shaver_toothbrush	Frying	Running_water	Speech	Vacuum_cleaner
0.0	0.064	0.0003573680005501956	0.00016392859106417745	0.0011315267765894532	0.0008770278072915971	0.0020444414112716913	0.0002206820936407894	0.0013799734879285097	0.0007491204305551946	0.0016592361498624086	0.0018291614251211286
0.064	0.128	0.0003573680005501956	0.00016392859106417745	0.0011315267765894532	0.0008770278072915971	0.0022723660804331303	0.0002206820936407894	0.0013799734879285097	0.0007491204305551946	0.0016592361498624086	0.0018291614251211286
0.128	0.192	0.00032456114422529936	0.0001411292760167271	0.0011451211757957935	0.0007803637417964637	0.002515744650736451	0.00019630858150776476	0.0012891374062746763	0.0007020938210189342	0.0015474639367312193	0.0016429634997621179
0.192	0.256	0.0003133644931949675	0.00012940901797264814	0.0011451211757957935	0.0007501734653487802	0.002515744650736451	0.00018904262105934322	0.0012147334637120366	0.0006701126112602651	0.0015474639367312193	0.0015397355891764164
0.256	0.32	0.0003016332339029759	0.00012267095735296607	0.0011451211757957935	0.0007420130423270166	0.002515744650736451	0.00018904262105934322	0.0011714542051777244	0.0006338725797832012	0.0015474639367312193	0.001445986214093864
0.32	0.384	0.0002948975015897304	0.00012034159590257332	0.001174319302663207	0.0007420130423270166	0.0027725037652999163	0.00018904262105934322	0.0011554345255717635	0.0006023009773343801	0.0015474639367312193	0.0013439672766253352
0.384	0.448	0.00029389577684924006	0.00012023848830722272	0.0012824159348383546	0.0007420130423270166	0.0031766891479492188	0.00018850064952857792	0.0011554345255717635	0.0005817209021188319	0.0016014057910069823	0.0012727917637676
0.448	0.512	0.0002926587767433375	0.00012023848830722272	0.0014016992645338178	0.0007420130423270166	0.0037005224730819464	0.00018806441221386194	0.0011554345255717635	0.0005656182183884084	0.001646102056838572	0.0012329051969572902
0.512	0.576	0.0002833736361935735	0.00012023848830722272	0.0014569805935025215	0.000756501336582005	0.004284642171114683	0.00018850064952857792	0.0011554345255717635	0.0005656182183884084	0.0016944975359365344	0.001181763713248074
