onset	offset	Alarm_bell_ringing	Blender	Cat	Dishes	Dog	Electric_shaver_toothbrush	Frying	Running_water	Speech	Vacuum_cleaner
0.0	0.064	0.0029368391260504723	0.004302875604480505	0.0009507412323728204	0.012788490392267704	0.001003173179924488	0.03461884334683418	0.7396987080574036	0.011520083993673325	0.005558303091675043	0.22087635099887848
0.064	0.128	0.0029368391260504723	0.004302875604480505	0.0010445720981806517	0.012788490392267704	0.001003173179924488	0.03461884334683418	0.7396987080574036	0.011520083993673325	0.005558303091675043	0.22087635099887848
0.128	0.192	0.0020179555285722017	0.0033182145562022924	0.0010445720981806517	0.009695470333099365	0.0007800311432220042	0.029849030077457428	0.7627788782119751	0.010881748050451279	0.004622763954102993	0.225124329328537
0.192	0.256	0.0015655526658520103	0.0031434872653335333	0.0009887429187074304	0.00853629969060421	0.0007011035922914743	0.028588509187102318	0.7767799496650696	0.010574393905699253	0.004134722054004669	0.22537969052791595
0.256	0.32	0.0014080132823437452	0.003033652901649475	0.0009507412323728204	0.008243859745562077	0.0006940871244296432	0.027325188741087914	0.7876473665237427	0.010457123629748821	0.003853999311104417	0.2269182801246643
0.32	0.384	0.0013846514048054814	0.0028476121369749308	0.0009507412323728204	0.007923376746475697	0.0006872783997096121	0.02606554515659809	0.7876473665237427	0.010422823019325733	0.003710515797138214	0.22800181806087494
0.384	0.448	0.0013846514048054814	0.0026498213410377502	0.0009367391467094421	0.007867143489420414	0.0006760299438610673	0.025041190907359123	0.7876473665237427	0.010401112027466297	0.0036337694618850946	0.23025725781917572
0.448	0.512	0.0013846514048054814	0.0025165872648358345	0.0009350988548249006	0.007867143489420414	0.0006694037583656609	0.024650434032082558	0.7876473665237427	0.010271620936691761	0.0035840929485857487	0.23025725781917572
0.512	0.576	0.0013846514048054814	0.002410947810858488	0.0009087632643058896	0.007867143489420414	0.0006760299438610673	0.024633262306451797	0.7882777452468872	0.010179223492741585	0.003529804293066263	0.2391262948513031
