onset	offset	Alarm_bell_ringing	Blender	Cat	Dishes	Dog	Electric_shaver_toothbrush	Frying	Running_water	Speech	Vacuum_cleaner
0.0	0.064	0.0007668100297451019	0.0008212191169150174	0.0052048382349312305	0.0020914904307574034	0.007791466079652309	0.0009329266613349319	0.003292713314294815	0.0024875730741769075	0.003329681698232889	0.006004583556205034
0.064	0.128	0.0007668100297451019	0.0008212191169150174	0.00671866349875927	0.0020914904307574034	0.008267389610409737	0.0009329266613349319	0.003292713314294815	0.00253192032687366	0.003329681698232889	0.006004583556205034
0.128	0.192	0.0007668100297451019	0.0008212191169150174	0.007564666215330362	0.002249425044283271	0.009404657408595085	0.0009329266613349319	0.0031067687086760998	0.00253192032687366	0.003329681698232889	0.005307306535542011
0.192	0.256	0.0007668100297451019	0.0008212191169150174	0.007564666215330362	0.002249425044283271	0.009404657408595085	0.0009329266613349319	0.0031064143404364586	0.0024875730741769075	0.003329681698232889	0.005307306535542011
0.256	0.32	0.0007668100297451019	0.0008212191169150174	0.009207777678966522	0.002249425044283271	0.009404657408595085	0.0009329266613349319	0.0030323078390210867	0.002416285453364253	0.003329681698232889	0.005307306535542011
0.32	0.384	0.0007771759992465377	0.0009066995698958635	0.01414231676608324	0.0026064557023346424	0.011998902074992657	0.0011091706110164523	0.0028444051276892424	0.002207954879850149	0.0034253252670168877	0.005307306535542011
0.384	0.448	0.0007771759992465377	0.0009121803450398147	0.01414231676608324	0.0026064557023346424	0.01738511212170124	0.0011091706110164523	0.0024485609028488398	0.0020381922367960215	0.003915966954082251	0.004986909683793783
0.448	0.512	0.000786807737313211	0.0009121803450398147	0.01414231676608324	0.0026064557023346424	0.026635996997356415	0.0011091706110164523	0.0022694049403071404	0.001965599600225687	0.004181733820587397	0.004986909683793783
0.512	0.576	0.0007876662421040237	0.001011981861665845	0.01703181304037571	0.0026064557023346424	0.03094126656651497	0.0011091706110164523	0.0019818453583866358	0.001832019304856658	0.004352710209786892	0.005548456683754921
