onset	offset	Alarm_bell_ringing	Blender	Cat	Dishes	Dog	Electric_shaver_toothbrush	Frying	Running_water	Speech	Vacuum_cleaner
0.0	0.064	0.0006365290028043091	0.004615890793502331	0.0011315622832626104	0.002174204448238015	0.001980904256924987	0.005399865098297596	0.006865422707051039	0.006521124858409166	0.01407012902200222	0.002713077701628208
0.064	0.128	0.0006365290028043091	0.004615890793502331	0.0012640835484489799	0.0022148960269987583	0.001980904256924987	0.005399865098297596	0.006865422707051039	0.006521124858409166	0.01628151535987854	0.002713077701628208
0.128	0.192	0.0004929812275804579	0.004042467568069696	0.001429680734872818	0.0022994852624833584	0.002432259265333414	0.005148039199411869	0.006218035705387592	0.005725155118852854	0.01628151535987854	0.0020930832251906395
0.192	0.256	0.00041669406346045434	0.003762459848076105	0.001429680734872818	0.0022994852624833584	0.002432259265333414	0.004909615498036146	0.0054574389941990376	0.00535768223926425	0.019139092415571213	0.0017169243656098843
0.256	0.32	0.000408560415962711	0.003381746355444193	0.001429680734872818	0.0022742091678082943	0.002432259265333414	0.004308334086090326	0.005318482872098684	0.00535768223926425	0.03627530112862587	0.001672582933679223
0.32	0.384	0.000408560415962711	0.003226794069632888	0.001429680734872818	0.0022994852624833584	0.0027363563422113657	0.0039205364882946014	0.005021547898650169	0.00535768223926425	0.046988945454359055	0.0016154074110090733
0.384	0.448	0.000408560415962711	0.002881730441004038	0.001429680734872818	0.0023072208277881145	0.0027363563422113657	0.0038546493742614985	0.004870742093771696	0.00535768223926425	0.05085161328315735	0.0015057469718158245
0.448	0.512	0.00040589910349808633	0.0025543116498738527	0.001429680734872818	0.0023072208277881145	0.0027363563422113657	0.003671924350783229	0.004769779741764069	0.005264753941446543	0.05085161328315735	0.0014097105013206601
0.512	0.576	0.00040589910349808633	0.0024609435349702835	0.0014100228436291218	0.0023072208277881145	0.0027363563422113657	0.003247803309932351	0.004517349414527416	0.005264753941446543	0.05085161328315735	0.0012825760059058666
