onset	offset	Alarm_bell_ringing	Blender	Cat	Dishes	Dog	Electric_shaver_toothbrush	Frying	Running_water	Speech	Vacuum_cleaner
0.0	0.064	0.0021330653689801693	0.005612085107713938	0.0014296997105702758	0.044104330241680145	0.0016367954667657614	0.023639105260372162	0.9458330273628235	0.004395924508571625	0.7860703468322754	0.005731088574975729
0.064	0.128	0.0021330653689801693	0.005612085107713938	0.0014296997105702758	0.044104330241680145	0.0016367954667657614	0.023639105260372162	0.9458330273628235	0.004395924508571625	0.7860703468322754	0.005731088574975729
0.128	0.192	0.0014221151359379292	0.004114190582185984	0.0013303066371008754	0.034697696566581726	0.0014930164907127619	0.02174520492553711	0.9528276324272156	0.0033636956941336393	0.7957820892333984	0.00506739504635334
0.192	0.256	0.0011520314728841186	0.004080840386450291	0.0013303066371008754	0.03216877952218056	0.0014361883513629436	0.02030114270746708	0.9545316100120544	0.0029572616331279278	0.8614396452903748	0.005017368122935295
0.256	0.32	0.0010275734821334481	0.004053565673530102	0.0013303066371008754	0.03142230212688446	0.0014171008951961994	0.018508758395910263	0.9547069668769836	0.002854805439710617	0.9070032238960266	0.004737065639346838
0.32	0.384	0.000998382456600666	0.003868304891511798	0.0013303066371008754	0.030482754111289978	0.0014138300903141499	0.017663516104221344	0.9550290107727051	0.0028021151665598154	0.9070032238960266	0.004275319166481495
0.384	0.448	0.0009727251017466187	0.0038000387139618397	0.0013402617769315839	0.02969321236014366	0.0014025444397702813	0.017040971666574478	0.9554131031036377	0.0026951071340590715	0.9070032238960266	0.003798149060457945
0.448	0.512	0.0009001275175251067	0.003601074917241931	0.0013402617769315839	0.028167370706796646	0.0013679293915629387	0.01699373684823513	0.958302915096283	0.002680594101548195	0.9070032238960266	0.003482790431007743
0.512	0.576	0.000786977238021791	0.0033667965326458216	0.0013402617769315839	0.026661710813641548	0.0013375398702919483	0.016427915543317795	0.9630013108253479	0.002614977303892374	0.8940855264663696	0.0033473835792392492
