onset	offset	Alarm_bell_ringing	Blender	Cat	Dishes	Dog	Electric_shaver_toothbrush	Frying	Running_water	Speech	Vacuum_cleaner
0.0	0.064	0.0003606037935242057	0.00031861496972851455	0.001093268976546824	0.0005332237924449146	0.0002983524464070797	0.00015150351100601256	0.0002561695291660726	0.0034775182139128447	0.001963405404239893	0.0012991786934435368
0.064	0.128	0.0003606037935242057	0.00031861496972851455	0.0011757486499845982	0.0005332237924449146	0.0003420904977247119	0.00015503764734603465	0.0002561695291660726	0.0034775182139128447	0.001963405404239893	0.0012991786934435368
0.128	0.192	0.00030635666917078197	0.00027218807372264564	0.0011757486499845982	0.0005332237924449146	0.00039202554035000503	0.0001599479146534577	0.00024445506278425455	0.003041729563847184	0.001798605197109282	0.001198377227410674
0.192	0.256	0.00028518601902760565	0.00027218807372264564	0.0011147439945489168	0.0005332237924449146	0.00039202554035000503	0.0001599479146534577	0.0002339528437005356	0.003041729563847184	0.001798605197109282	0.0010864885989576578
0.256	0.32	0.0002751665306277573	0.00027218807372264564	0.001093268976546824	0.0005332237924449146	0.00039202554035000503	0.00015503764734603465	0.00023271367535926402	0.003041729563847184	0.001798605197109282	0.0010801119497045875
0.32	0.384	0.00027505087200552225	0.0002642675826791674	0.0010379634331911802	0.0005178669234737754	0.00039202554035000503	0.00015503764734603465	0.00021181849297136068	0.003041729563847184	0.001798605197109282	0.001001988654024899
0.384	0.448	0.00020769666298292577	0.00024686093092896044	0.0008273487910628319	0.0005178669234737754	0.00039202554035000503	0.00015503764734603465	0.0001760138984536752	0.00330837769433856	0.0019069049740210176	0.0007761155138723552
0.448	0.512	0.000206259181140922	0.0002458570525050163	0.0007098530186340213	0.0005178669234737754	0.00039202554035000503	0.00013633175694849342	0.00016733858501538634	0.0033129218500107527	0.0019558838102966547	0.0006987972301431
0.512	0.576	0.00020377387409098446	0.00024057956761680543	0.0007098530186340213	0.0004961361992172897	0.000290087831672281	0.0001050443243002519	0.0001647454482736066	0.0034209820441901684	0.0019724981393665075	0.0005825045518577099
