onset	offset	Alarm_bell_ringing	Blender	Cat	Dishes	Dog	Electric_shaver_toothbrush	Frying	Running_water	Speech	Vacuum_cleaner
0.0	0.064	0.0007141654496081173	0.0002271152479806915	0.0009452848462387919	0.0012678643688559532	0.0021016572136431932	0.00021315869526006281	0.0014414829201996326	0.0008452670881524682	0.0015537765575572848	0.0018776889191940427
0.064	0.128	0.0007141654496081173	0.0002271152479806915	0.0009452848462387919	0.0012678643688559532	0.002234602579846978	0.00021315869526006281	0.0014414829201996326	0.0008452670881524682	0.0015537765575572848	0.0018776889191940427
0.128	0.192	0.0005218051373958588	0.0001837633753893897	0.0008506977465003729	0.00099462759681046	0.0023474767804145813	0.00019898722530342638	0.0012371864868327975	0.0007095158798620105	0.0013893017312511802	0.0015328192384913564
0.192	0.256	0.0004858009342569858	0.00016842794138938189	0.0008506977465003729	0.0009044273756444454	0.0023474767804145813	0.0001899081835290417	0.001123054069466889	0.0006303377449512482	0.0013732583029195666	0.0013803769834339619
0.256	0.32	0.00047804589848965406	0.00015834665100555867	0.0008506977465003729	0.0008538817055523396	0.0023474767804145813	0.0001826056686695665	0.001033441862091422	0.0005843802937306464	0.0013725744793191552	0.001275399699807167
0.32	0.384	0.00047249646740965545	0.00015018972044344991	0.0008455725037492812	0.0008185487822629511	0.0024147366639226675	0.00017635474796406925	0.0009651556611061096	0.000557266001123935	0.0013654420617967844	0.0011984469601884484
0.384	0.448	0.0004685663152486086	0.00014440299128182232	0.0008455725037492812	0.0007924168021418154	0.002458839677274227	0.00017116974049713463	0.0009139399044215679	0.0005404278635978699	0.0013580471277236938	0.001142682507634163
0.448	0.512	0.00046289933379739523	0.0001399050233885646	0.0008455725037492812	0.0007716130930930376	0.002458839677274227	0.00016699907428119332	0.0008728556567803025	0.000528777192812413	0.0013488682452589273	0.0010961394291371107
0.512	0.576	0.00045544610475189984	0.00013648055028170347	0.0008424415136687458	0.0007558772922493517	0.002458839677274227	0.0001636928936932236	0.0008395842742174864	0.000518758432008326	0.0013400900643318892	0.0010545337572693825
