onset	offset	Alarm_bell_ringing	Blender	Cat	Dishes	Dog	Electric_shaver_toothbrush	Frying	Running_water	Speech	Vacuum_cleaner
0.0	0.064	0.0010677288519218564	0.9359921813011169	0.0017550854245200753	0.0036627633962780237	0.0005313979345373809	0.007760439999401569	0.0034944373182952404	0.00204100226983428	0.030121512711048126	0.07063130289316177
0.064	0.128	0.0010677288519218564	0.9359921813011169	0.0017550854245200753	0.0036627633962780237	0.0005313979345373809	0.007760439999401569	0.0034944373182952404	0.00204100226983428	0.030121512711048126	0.07063130289316177
0.128	0.192	0.0009787444723770022	0.9630847573280334	0.0017672039102762938	0.0033243359066545963	0.0004996481584385037	0.006891285534948111	0.0032139047980308533	0.002197049092501402	0.02681448869407177	0.06281104683876038
0.192	0.256	0.000940598314628005	0.9776806831359863	0.0017672039102762938	0.0030815452337265015	0.0004902408691123128	0.00679131131619215	0.0027519501745700836	0.002197049092501402	0.0261683389544487	0.059998031705617905
0.256	0.32	0.0009018136188387871	0.9853125214576721	0.0017672039102762938	0.0027112127281725407	0.0004879454500041902	0.006134367082268	0.0021216219756752253	0.002197049092501402	0.025822838768363	0.039847806096076965
0.32	0.384	0.0008188741048797965	0.9884160757064819	0.0017672039102762938	0.0023393789306282997	0.00046796147944405675	0.005220417398959398	0.0015128669328987598	0.002197049092501402	0.025245007127523422	0.025461727753281593
0.384	0.448	0.000754546548705548	0.989831805229187	0.0016585774719715118	0.002086311811581254	0.00044413795694708824	0.004168628714978695	0.0011437240755185485	0.0020272694528102875	0.02393149770796299	0.01732838712632656
0.448	0.512	0.0007113892934285104	0.9905125498771667	0.0015017648693174124	0.001941779046319425	0.00042099537677131593	0.003383220173418522	0.0009481934830546379	0.00189881247933954	0.022072067484259605	0.013119801878929138
0.512	0.576	0.0006780595285817981	0.9906677603721619	0.001375468447804451	0.0018395109800621867	0.00040258787339553237	0.002866155467927456	0.000836435763631016	0.0017931952606886625	0.0198258887976408	0.01081034354865551
