onset	offset	Alarm_bell_ringing	Blender	Cat	Dishes	Dog	Electric_shaver_toothbrush	Frying	Running_water	Speech	Vacuum_cleaner
0.0	0.064	0.00028616952477023005	0.0009679159265942872	0.00031177469645626843	0.0008331842254847288	0.00024138513254001737	8.791877189651132e-05	0.0007657383685000241	0.0015252887969836593	0.0018662376096472144	0.0009972944390028715
0.064	0.128	0.00028616952477023005	0.0009679159265942872	0.00031177469645626843	0.0008331842254847288	0.00024138513254001737	8.791877189651132e-05	0.0007657383685000241	0.0015252887969836593	0.0018662376096472144	0.0009972944390028715
0.128	0.192	0.00024104496696963906	0.0009625193197280169	0.0002952390059363097	0.0007601441466249526	0.00024138513254001737	8.757971954764798e-05	0.000740476360078901	0.0014438335783779621	0.0018145302310585976	0.0009010079083964229
0.192	0.256	0.00023095658980309963	0.0008893415797501802	0.00029260883457027376	0.0007249666377902031	0.00024138513254001737	8.576805703341961e-05	0.0006793639622628689	0.0014108858304098248	0.0018145302310585976	0.0008223953191190958
0.256	0.32	0.00022418945445679128	0.0008446673164144158	0.00029260883457027376	0.0007027571555227041	0.00024138513254001737	8.305569645017385e-05	0.0006272855098359287	0.0013973928289487958	0.0018145302310585976	0.0007386125507764518
0.32	0.384	0.00022018986055627465	0.0008008487056940794	0.00029260883457027376	0.0006852219230495393	0.00024262208899017423	7.932625157991424e-05	0.0006009950302541256	0.0013973928289487958	0.0018145302310585976	0.0006510274251922965
0.384	0.448	0.00021397156524471939	0.0007624046411365271	0.00029260883457027376	0.0006750141037628055	0.0002454466884955764	7.862196071073413e-05	0.0006009950302541256	0.0013973928289487958	0.0018569573294371367	0.0005775363533757627
0.448	0.512	0.00020958932873327285	0.0007624046411365271	0.00030553355463780463	0.0006667207344435155	0.0002645151107572019	7.862196071073413e-05	0.0006009950302541256	0.0013973928289487958	0.0018974789418280125	0.0005257855518721044
0.512	0.576	0.00020958932873327285	0.0007624046411365271	0.00034363236045464873	0.0006644096574746072	0.0002911345800384879	7.862196071073413e-05	0.0006009950302541256	0.0015694324392825365	0.001945406780578196	0.0005112021462991834
