onset	offset	Alarm_bell_ringing	Blender	Cat	Dishes	Dog	Electric_shaver_toothbrush	Frying	Running_water	Speech	Vacuum_cleaner
0.0	0.064	0.04946448653936386	0.0006688833818770945	0.0005359217757359147	0.001653691055253148	0.0011166597250849009	0.0002602911554276943	0.0006704223342239857	0.0018380957189947367	0.0033875866793096066	0.00473866006359458
0.064	0.128	0.05781929939985275	0.0006688833818770945	0.0005359217757359147	0.001809651032090187	0.0011166597250849009	0.0002602911554276943	0.0006704223342239857	0.0018380957189947367	0.0033875866793096066	0.00473866006359458
0.128	0.192	0.05781929939985275	0.0006156062008813024	0.00046413298696279526	0.0018316713394597173	0.0010946873808279634	0.00023855989275034517	0.0006187119870446622	0.0017693585250526667	0.0024465094320476055	0.004660079255700111
0.192	0.256	0.06843263655900955	0.000572766293771565	0.00046413298696279526	0.0018316713394597173	0.0010510539868846536	0.00023338382015936077	0.0005756326718255877	0.001768591464497149	0.002133771777153015	0.004620927851647139
0.256	0.32	0.07662761956453323	0.0005025776335969567	0.00046413298696279526	0.0018316713394597173	0.0010354561964049935	0.00022783465101383626	0.0005262498161755502	0.001755165751092136	0.0019564498215913773	0.004617189988493919
0.32	0.384	0.08397217839956284	0.00045154665713198483	0.00046413298696279526	0.001850958913564682	0.0010177749209105968	0.0002237071021227166	0.00048583862371742725	0.0017355582676827908	0.0018271731678396463	0.0045963674783706665
0.384	0.448	0.08997023105621338	0.00045154665713198483	0.000471905485028401	0.001873397035524249	0.00101712835021317	0.00021973934781271964	0.00045393346226774156	0.001713062054477632	0.001735083176754415	0.0045963674783706665
0.448	0.512	0.09390784054994583	0.00045154665713198483	0.0004806750803254545	0.0018895423272624612	0.0009889054344967008	0.00021438347175717354	0.00042928638868033886	0.0016707908362150192	0.0016761099686846137	0.0045963674783706665
0.512	0.576	0.0954182967543602	0.00045154665713198483	0.0004869912809226662	0.0018971340032294393	0.0009537284495308995	0.00020836570183746517	0.00040659247315488756	0.0016409679083153605	0.0016442992491647601	0.0045963674783706665
