onset	offset	Alarm_bell_ringing	Blender	Cat	Dishes	Dog	Electric_shaver_toothbrush	Frying	Running_water	Speech	Vacuum_cleaner
0.0	0.064	0.0019460892071947455	0.0054442319087684155	0.0026003429666161537	0.0024311302695423365	0.0021586138755083084	0.0007379230810329318	0.0002848439326044172	0.9923630952835083	0.018200721591711044	0.0021369662135839462
0.064	0.128	0.0019460892071947455	0.0054442319087684155	0.0030319993384182453	0.0024311302695423365	0.002165161306038499	0.0007379230810329318	0.0002848439326044172	0.9923630952835083	0.018200721591711044	0.0021369662135839462
0.128	0.192	0.001541790901683271	0.00531116733327508	0.0033430687617510557	0.0019294506637379527	0.002516736974939704	0.0005541465361602604	0.0002760626084636897	0.9944493770599365	0.015519063919782639	0.001523858867585659
0.192	0.256	0.0013888009125366807	0.00531116733327508	0.0033430687617510557	0.0018796049989759922	0.002516736974939704	0.0005119794514030218	0.0002709359978325665	0.9956169128417969	0.015519063919782639	0.001126001006923616
0.256	0.32	0.0013417878653854132	0.0052871983498334885	0.0033430687617510557	0.00180618476588279	0.002516736974939704	0.00047662624274380505	0.00026313969283364713	0.9959123730659485	0.015519063919782639	0.0008867389406077564
0.32	0.384	0.0013355344999581575	0.0046287295408546925	0.004341363441199064	0.0016845240024849772	0.002779971808195114	0.0004382805491331965	0.00025968978297896683	0.9959123730659485	0.015519063919782639	0.000727709149941802
0.384	0.448	0.001327944453805685	0.0046287295408546925	0.004946056287735701	0.0015766503056511283	0.002779971808195114	0.0004077532503288239	0.00025184766855090857	0.9959123730659485	0.015147200785577297	0.0006504704942926764
0.448	0.512	0.001327944453805685	0.0046287295408546925	0.00527617335319519	0.0015208052936941385	0.002779971808195114	0.0004077532503288239	0.0002394205512246117	0.9959123730659485	0.015147200785577297	0.0006314227357506752
0.512	0.576	0.0013355344999581575	0.0046287295408546925	0.0059007275849580765	0.0014774617739021778	0.002779971808195114	0.0004077532503288239	0.00023447741114068776	0.9956933856010437	0.015147200785577297	0.0006164986989460886
