onset	offset	Alarm_bell_ringing	Blender	Cat	Dishes	Dog	Electric_shaver_toothbrush	Frying	Running_water	Speech	Vacuum_cleaner
0.0	0.064	0.0009708224679343402	0.0005244426429271698	0.004754128400236368	0.0030102706514298916	0.004544398747384548	0.00020352649153210223	0.0017126339953392744	0.0024226256646215916	0.0024627025704830885	0.001438707928173244
0.064	0.128	0.0009708224679343402	0.0005244426429271698	0.005024564918130636	0.0030102706514298916	0.004544398747384548	0.00020352649153210223	0.0017126339953392744	0.0024226256646215916	0.0024627025704830885	0.001438707928173244
0.128	0.192	0.0006753692869096994	0.00048396785859949887	0.005024564918130636	0.0021634683944284916	0.004714375827461481	0.0001864974619820714	0.0015751662431284785	0.0023336191661655903	0.002254603197798133	0.0013360953889787197
0.192	0.256	0.0006011408404447138	0.00048369113937951624	0.004754128400236368	0.0020744996145367622	0.004714375827461481	0.0001859998592408374	0.0015223657246679068	0.002275242703035474	0.002251299796625972	0.0012377735693007708
0.256	0.32	0.0005724579095840454	0.0004798000736627728	0.004754128400236368	0.0020744996145367622	0.004714375827461481	0.00018485152395442128	0.001422614324837923	0.002228381112217903	0.002231669146567583	0.0012007229961454868
0.32	0.384	0.0005724579095840454	0.0004798000736627728	0.005004150327295065	0.0020744996145367622	0.005022376775741577	0.00018279626965522766	0.0013429608661681414	0.002182800555601716	0.002231669146567583	0.0012007229961454868
0.384	0.448	0.0005724579095840454	0.00048369113937951624	0.005024564918130636	0.0020744996145367622	0.005370438098907471	0.00018279626965522766	0.0012843901058658957	0.0021515940316021442	0.002251299796625972	0.0012007229961454868
0.448	0.512	0.0005724579095840454	0.00048396785859949887	0.005024564918130636	0.0021365697029978037	0.00592451635748148	0.00018279626965522766	0.001283867284655571	0.002125718630850315	0.002254603197798133	0.0012007229961454868
0.512	0.576	0.0007098111091181636	0.0005210114177316427	0.007350361440330744	0.002472510328516364	0.009614980779588223	0.00018279626965522766	0.0012792532797902822	0.002125718630850315	0.0024314066395163536	0.0012890207581222057
