onset	offset	Alarm_bell_ringing	Blender	Cat	Dishes	Dog	Electric_shaver_toothbrush	Frying	Running_water	Speech	Vacuum_cleaner
0.0	0.064	0.002709892811253667	0.0071696690283715725	0.008523826487362385	0.008223837241530418	0.008818366564810276	0.0008009677403606474	0.00106270972173661	0.0534357875585556	0.9650703072547913	0.005881219170987606
0.064	0.128	0.002709892811253667	0.0071696690283715725	0.008523826487362385	0.008223837241530418	0.008818366564810276	0.0008009677403606474	0.00106270972173661	0.0534357875585556	0.9618743062019348	0.005881219170987606
0.128	0.192	0.00207812269218266	0.006909326184540987	0.006818989757448435	0.005988846067339182	0.007618625182658434	0.0006972276023589075	0.0008320508641190827	0.03765994310379028	0.9618743062019348	0.0057968017645180225
0.192	0.256	0.001982408342882991	0.006909326184540987	0.006767939310520887	0.005105467978864908	0.007618625182658434	0.0006972276023589075	0.0007032928406260908	0.024592271074652672	0.9639307260513306	0.0057968017645180225
0.256	0.32	0.0017650820082053542	0.006909326184540987	0.0055000511929392815	0.004630390554666519	0.007618625182658434	0.0006972276023589075	0.0006448882631957531	0.019749818369746208	0.9650703072547913	0.0057968017645180225
0.32	0.384	0.0017038991209119558	0.006909326184540987	0.005441976245492697	0.004573651123791933	0.007618625182658434	0.0006972276023589075	0.0005605400074273348	0.01947689987719059	0.9658525586128235	0.005783735774457455
0.384	0.448	0.0016793492250144482	0.0072580184787511826	0.0051438650116324425	0.004444765392690897	0.009984574280679226	0.000785472453571856	0.0005469436291605234	0.017286406829953194	0.9639307260513306	0.005608268082141876
0.448	0.512	0.0015977253206074238	0.0072580184787511826	0.004977874457836151	0.004206671845167875	0.009984574280679226	0.0008718053577467799	0.0005419950466603041	0.01606576144695282	0.9639307260513306	0.005608268082141876
0.512	0.576	0.0015657248441129923	0.0072580184787511826	0.004364571534097195	0.004091307055205107	0.009984574280679226	0.0009010474313981831	0.0005335491732694209	0.01606576144695282	0.9639307260513306	0.005608268082141876
