onset	offset	Alarm_bell_ringing	Blender	Cat	Dishes	Dog	Electric_shaver_toothbrush	Frying	Running_water	Speech	Vacuum_cleaner
0.0	0.064	0.01535764615982771	0.07463984191417694	0.03689892590045929	0.027781115844845772	0.013387110084295273	0.11222918331623077	0.21267175674438477	0.1294700801372528	0.03223719820380211	0.14285553991794586
0.064	0.128	0.01535764615982771	0.07463984191417694	0.03689892590045929	0.027781115844845772	0.013464082032442093	0.11222918331623077	0.21267175674438477	0.1294700801372528	0.03223719820380211	0.14285553991794586
0.128	0.192	0.014778775162994862	0.09117750078439713	0.03843586891889572	0.031896088272333145	0.01690727099776268	0.12199700623750687	0.20674538612365723	0.1456744372844696	0.03685319051146507	0.12991560995578766
0.192	0.256	0.013965023681521416	0.10434654355049133	0.0559619702398777	0.027781115844845772	0.01690727099776268	0.12199700623750687	0.20292672514915466	0.1494203805923462	0.03685319051146507	0.11778970807790756
0.256	0.32	0.013885118998587132	0.11600939929485321	0.0559619702398777	0.02690008282661438	0.016196351498365402	0.12199700623750687	0.19984161853790283	0.1494203805923462	0.03594224900007248	0.11179880797863007
0.32	0.384	0.012658404186367989	0.11600939929485321	0.0559619702398777	0.026856817305088043	0.016196351498365402	0.1287527233362198	0.1995118409395218	0.1494203805923462	0.03594224900007248	0.107758067548275
0.384	0.448	0.010752526111900806	0.11600939929485321	0.0559619702398777	0.026113810017704964	0.016196351498365402	0.1287527233362198	0.1995118409395218	0.1494203805923462	0.03594224900007248	0.10726159811019897
0.448	0.512	0.009342044591903687	0.11600939929485321	0.03652118146419525	0.01942320726811886	0.016196351498365402	0.1287527233362198	0.19984161853790283	0.1389283537864685	0.03594224900007248	0.10726159811019897
0.512	0.576	0.007864121347665787	0.10526647418737411	0.026563338935375214	0.016312895342707634	0.014706743881106377	0.1287527233362198	0.19984161853790283	0.1291883885860443	0.034624893218278885	0.10726159811019897
