onset	offset	Alarm_bell_ringing	Blender	Cat	Dishes	Dog	Electric_shaver_toothbrush	Frying	Running_water	Speech	Vacuum_cleaner
0.0	0.064	0.0007488175178878009	0.00040270667523145676	0.0034672010224312544	0.0015379991382360458	0.004082955420017242	0.0003415854007471353	0.0018070146907120943	0.0024636900052428246	0.0022250323090702295	0.0028935885056853294
0.064	0.128	0.0007488175178878009	0.00040270667523145676	0.003537726355716586	0.0015379991382360458	0.004082955420017242	0.0003415854007471353	0.0018070146907120943	0.0024636900052428246	0.0022250323090702295	0.0028935885056853294
0.128	0.192	0.0005603595054708421	0.0003532140690367669	0.0038191862404346466	0.0011969746556133032	0.004286040086299181	0.0003130831755697727	0.00154690642375499	0.0021980456076562405	0.001994553254917264	0.0025018618907779455
0.192	0.256	0.0005218660808168352	0.00034285825677216053	0.0038191862404346466	0.0011257135774940252	0.004286040086299181	0.00030427135061472654	0.0014306068187579513	0.0020259327720850706	0.001994553254917264	0.002290064934641123
0.256	0.32	0.0005019310628995299	0.0003155205340590328	0.0038191862404346466	0.0011163321323692799	0.004286040086299181	0.00030324849649332464	0.0013523605884984136	0.0018738911021500826	0.001994553254917264	0.0020832999143749475
0.32	0.384	0.0004924618406221271	0.00028574312455020845	0.004015469457954168	0.0011163321323692799	0.004687705542892218	0.00030298237106762826	0.0012977973092347383	0.0017514250939711928	0.001994553254917264	0.0018885873723775148
0.384	0.448	0.0004873916623182595	0.00025735265808179975	0.004310046322643757	0.0011163321323692799	0.005436417646706104	0.0003019004943780601	0.001251102308742702	0.0017332944553345442	0.002023152308538556	0.0017548574833199382
0.448	0.512	0.0004873916623182595	0.00023642214364372194	0.004719776101410389	0.0011163321323692799	0.006411593407392502	0.00030012434581294656	0.001201641745865345	0.0017332944553345442	0.0020714683923870325	0.0016473414143547416
0.512	0.576	0.0004826245130971074	0.0002253078273497522	0.005548091139644384	0.0011180371511727571	0.007576825097203255	0.00029950751923024654	0.0011459947563707829	0.0017332944553345442	0.00214194948785007	0.0015448036137968302
