onset	offset	Alarm_bell_ringing	Blender	Cat	Dishes	Dog	Electric_shaver_toothbrush	Frying	Running_water	Speech	Vacuum_cleaner
0.0	0.064	0.0004205633595120162	0.0003861282020807266	0.14429780840873718	0.002027627546340227	0.0021841665729880333	0.00022855548013467342	0.001221568789333105	0.001283077523112297	0.0036824203561991453	0.006623432040214539
0.064	0.128	0.0004205633595120162	0.0004205280856695026	0.14429780840873718	0.0023022713139653206	0.002889211056753993	0.00022855548013467342	0.001221568789333105	0.001283077523112297	0.004306556656956673	0.006726766470819712
0.128	0.192	0.0005410417797975242	0.0004205280856695026	0.20986256003379822	0.0025443353224545717	0.002889211056753993	0.00033986280323006213	0.001221568789333105	0.0013002415653318167	0.004742099437862635	0.006726766470819712
0.192	0.256	0.0005410417797975242	0.0005498931277543306	0.5123723149299622	0.0025443353224545717	0.002889211056753993	0.00033986280323006213	0.0012215391034260392	0.0013002415653318167	0.004742099437862635	0.006623432040214539
0.256	0.32	0.0005410417797975242	0.0008602446760050952	0.8771958351135254	0.002404182916507125	0.0021841665729880333	0.0004341245221439749	0.0011517379898577929	0.0013002415653318167	0.006218005903065205	0.006349725648760796
0.32	0.384	0.0009440563735552132	0.0008602446760050952	0.9634595513343811	0.002404182916507125	0.0021841665729880333	0.0005708405515179038	0.001087654265575111	0.0013002415653318167	0.008435964584350586	0.006349725648760796
0.384	0.448	0.0014188557397574186	0.0008602446760050952	0.985386848449707	0.002404182916507125	0.002152535133063793	0.0006728820153512061	0.0010451708221808076	0.0010550481965765357	0.009548340924084187	0.00321189034730196
0.448	0.512	0.0015680716605857015	0.0008602446760050952	0.9896934628486633	0.002404182916507125	0.0012834827648475766	0.0006728820153512061	0.001034350018016994	0.0009859781712293625	0.011975454166531563	0.0019871897529810667
0.512	0.576	0.0016613099724054337	0.0007778065628372133	0.9907235503196716	0.0021758251823484898	0.0011729872785508633	0.0006728820153512061	0.0010451708221808076	0.0009817188838496804	0.012509292922914028	0.0018411943456158042
