onset	offset	Alarm_bell_ringing	Blender	Cat	Dishes	Dog	Electric_shaver_toothbrush	Frying	Running_water	Speech	Vacuum_cleaner
0.0	0.064	0.0018440482672303915	0.0072483764961361885	0.004211908206343651	0.001600360730662942	0.0018710242584347725	0.0024965996854007244	0.0018017009133473039	0.005293439608067274	0.025308599695563316	0.9682236909866333
0.064	0.128	0.0018440482672303915	0.0072483764961361885	0.004211908206343651	0.001600360730662942	0.0018710242584347725	0.0024965996854007244	0.0018017009133473039	0.005293439608067274	0.025308599695563316	0.9682236909866333
0.128	0.192	0.0011757038300856948	0.0059265755116939545	0.0030198798049241304	0.0013474597362801433	0.0014950900804251432	0.002126146573573351	0.001456117839552462	0.004751231987029314	0.022452233359217644	0.972035825252533
0.192	0.256	0.0008928320603445172	0.005264631472527981	0.0024192803539335728	0.0012353518977761269	0.0014950900804251432	0.0019053075229749084	0.0013191114412620664	0.0041875774040818214	0.022452233359217644	0.974521279335022
0.256	0.32	0.0007842399063520133	0.004931529518216848	0.0024192803539335728	0.0012353518977761269	0.0014950900804251432	0.001799558405764401	0.0013191114412620664	0.0041875774040818214	0.022452233359217644	0.9757413864135742
0.32	0.384	0.0006844220915809274	0.00470602884888649	0.0024192803539335728	0.0012353518977761269	0.0014950900804251432	0.0017448373837396502	0.0013191114412620664	0.0041875774040818214	0.022452233359217644	0.9763547778129578
0.384	0.448	0.0006844220915809274	0.00470602884888649	0.0024192803539335728	0.0012353518977761269	0.001508450717665255	0.0017194655956700444	0.0013191114412620664	0.0041875774040818214	0.026592211797833443	0.9775038957595825
0.448	0.512	0.0006844220915809274	0.00470602884888649	0.0030320582445710897	0.0016243699938058853	0.0018636536551639438	0.0016856469446793199	0.0013126932317391038	0.004633242264389992	0.04434593394398689	0.9795730113983154
0.512	0.576	0.0006844220915809274	0.004701032768934965	0.0034013413824141026	0.002075000200420618	0.002166059799492359	0.0016446812078356743	0.0013126932317391038	0.004658208694308996	0.09094024449586868	0.979697048664093
