onset	offset	Alarm_bell_ringing	Blender	Cat	Dishes	Dog	Electric_shaver_toothbrush	Frying	Running_water	Speech	Vacuum_cleaner
0.0	0.064	0.001126048737205565	0.13512639701366425	0.00036108485073782504	0.001930507831275463	0.0008287864038720727	0.0005992516526021063	0.0004929913557134569	0.0009400275885127485	0.017752697691321373	0.003956991247832775
0.064	0.128	0.001126048737205565	0.1743301898241043	0.00037829409120604396	0.001930507831275463	0.0009295435156673193	0.0006094339187256992	0.0004929913557134569	0.0009400275885127485	0.017752697691321373	0.003956991247832775
0.128	0.192	0.001126048737205565	0.1743301898241043	0.0005569428903982043	0.0021005815360695124	0.0011153171071782708	0.0010310669895261526	0.00046301429392769933	0.0009400275885127485	0.017752697691321373	0.005844344850629568
0.192	0.256	0.001126048737205565	0.18494662642478943	0.0005569428903982043	0.0021005815360695124	0.0011153171071782708	0.0010310669895261526	0.0004580881795845926	0.0009400275885127485	0.017752697691321373	0.005844344850629568
0.256	0.32	0.001126048737205565	0.4418163001537323	0.0005922494456171989	0.0021005815360695124	0.0011153171071782708	0.0010310669895261526	0.0004416366864461452	0.0009400275885127485	0.017752697691321373	0.005844344850629568
0.32	0.384	0.0016916170716285706	0.8102244138717651	0.0006212510052137077	0.0030763449613004923	0.0013377289287745953	0.001239086384885013	0.0003946121141780168	0.001333387102931738	0.016929185017943382	0.011894750408828259
0.384	0.448	0.0016916170716285706	0.965643048286438	0.0006212510052137077	0.0030763449613004923	0.0016231911722570658	0.001239086384885013	0.00038746060454286635	0.002141793491318822	0.016929185017943382	0.011894750408828259
0.448	0.512	0.0016916170716285706	0.9921140670776367	0.0006212510052137077	0.0030763449613004923	0.0016231911722570658	0.001239086384885013	0.00028251067851670086	0.002141793491318822	0.016929185017943382	0.011894750408828259
0.512	0.576	0.0016916170716285706	0.9946516752243042	0.0006212510052137077	0.0030763449613004923	0.0016231911722570658	0.001239086384885013	0.0002166938065784052	0.002141793491318822	0.016929185017943382	0.011894750408828259
