onset	offset	Alarm_bell_ringing	Blender	Cat	Dishes	Dog	Electric_shaver_toothbrush	Frying	Running_water	Speech	Vacuum_cleaner
0.0	0.064	0.9823153614997864	0.0012141966726630926	0.005379911512136459	0.009109744802117348	0.0012375495862215757	0.0010809550294652581	0.0019547801930457354	0.010216997936367989	0.007160597946494818	0.0061937239952385426
0.064	0.128	0.9823153614997864	0.0012141966726630926	0.005379911512136459	0.009109744802117348	0.0016633548075333238	0.0010809550294652581	0.0019547801930457354	0.010216997936367989	0.007160597946494818	0.0061937239952385426
0.128	0.192	0.9919838309288025	0.0013188826851546764	0.005213635042309761	0.005683920346200466	0.0016651437617838383	0.000960437988396734	0.0015875296667218208	0.005923890508711338	0.005921543575823307	0.0049673947505652905
0.192	0.256	0.9949959516525269	0.0013188826851546764	0.005213635042309761	0.003751216223463416	0.0016651437617838383	0.000924065534491092	0.0010383802000433207	0.00461167749017477	0.005802983418107033	0.0031646371353417635
0.256	0.32	0.9961127638816833	0.0012141966726630926	0.00444201473146677	0.0026689183432608843	0.0016633548075333238	0.0009177702595479786	0.0007175946957431734	0.0034966464154422283	0.005802983418107033	0.002059170976281166
0.32	0.384	0.9965519905090332	0.0012106836074963212	0.0037875385023653507	0.002205099444836378	0.0016633548075333238	0.0007995077758096159	0.0005672921543009579	0.0029020661022514105	0.005678632762283087	0.0014108185423538089
0.384	0.448	0.9966435432434082	0.0013188826851546764	0.003238292410969734	0.0019955576863139868	0.0016633548075333238	0.0007053638692013919	0.0004942940431647003	0.0025550322607159615	0.0055962661281228065	0.0010976743651553988
0.448	0.512	0.9966523051261902	0.0013297372497618198	0.0026580416597425938	0.0018763436237350106	0.0016568301944062114	0.0006106103537604213	0.00042646369547583163	0.002203246345743537	0.005580856464803219	0.000942064740229398
0.512	0.576	0.9967061877250671	0.0013297372497618198	0.0024359445087611675	0.0017799573251977563	0.001650961465202272	0.0006106103537604213	0.0003896295092999935	0.0020637076813727617	0.005454644560813904	0.000864381727296859
