onset	offset	Alarm_bell_ringing	Blender	Cat	Dishes	Dog	Electric_shaver_toothbrush	Frying	Running_water	Speech	Vacuum_cleaner
0.0	0.064	0.0030634519644081593	0.002043574582785368	0.0030822514090687037	0.00394559046253562	0.0015505679184570909	0.9359474778175354	0.004066936206072569	0.005045476369559765	0.4101729691028595	0.006783628836274147
0.064	0.128	0.0030634519644081593	0.002043574582785368	0.0031453692354261875	0.00394559046253562	0.0016797194257378578	0.9359474778175354	0.004066936206072569	0.005194532684981823	0.4101729691028595	0.006783628836274147
0.128	0.192	0.002512495731934905	0.0016685368027538061	0.0031453692354261875	0.0031524745281785727	0.0018897770205512643	0.9399333596229553	0.003287200117483735	0.005767020396888256	0.500264585018158	0.0054866354912519455
0.192	0.256	0.0023742758203297853	0.0015414959052577615	0.0030928088817745447	0.0031524745281785727	0.0016797194257378578	0.9451825022697449	0.0029652074445039034	0.005278726574033499	0.5273575186729431	0.00493794959038496
0.256	0.32	0.002351395320147276	0.0014832697343081236	0.0030822514090687037	0.0031257413793355227	0.0015505679184570909	0.9522650837898254	0.002711080014705658	0.005194532684981823	0.5273575186729431	0.004239396657794714
0.32	0.384	0.002294407458975911	0.0012879965361207724	0.0030622663907706738	0.0031237422954291105	0.0014729747781530023	0.9584357142448425	0.002552605466917157	0.005194532684981823	0.5273575186729431	0.003902898635715246
0.384	0.448	0.0020719198510050774	0.0010560397058725357	0.0030499757267534733	0.0031230191234499216	0.0014569306513294578	0.965712308883667	0.002532034879550338	0.005194532684981823	0.5273575186729431	0.0038957775104790926
0.448	0.512	0.001872143941000104	0.0008825180120766163	0.0023926321882754564	0.0031230191234499216	0.0010928924893960357	0.9723007082939148	0.00231766514480114	0.005071341525763273	0.40823885798454285	0.0036369909066706896
0.512	0.576	0.001661284826695919	0.000795694999396801	0.0021533709950745106	0.00276750884950161	0.0009318818338215351	0.9745015501976013	0.0020376676693558693	0.005071341525763273	0.40823885798454285	0.0028932129498571157
