onset	offset	Alarm_bell_ringing	Blender	Cat	Dishes	Dog	Electric_shaver_toothbrush	Frying	Running_water	Speech	Vacuum_cleaner
0.0	0.064	0.625724196434021	0.00953783467411995	0.0054094805382192135	0.01813339628279209	0.003055217210203409	0.0008669588714838028	0.007714239880442619	0.0031692010816186666	0.027544444426894188	0.017340952530503273
0.064	0.128	0.625724196434021	0.00953783467411995	0.0054094805382192135	0.017421191558241844	0.003055217210203409	0.0008669588714838028	0.007714239880442619	0.0031692010816186666	0.027544444426894188	0.017340952530503273
0.128	0.192	0.5833414793014526	0.00742789451032877	0.0054094805382192135	0.01813339628279209	0.003055217210203409	0.0006621670909225941	0.0065820906311273575	0.0031692010816186666	0.032140109688043594	0.011715821921825409
0.192	0.256	0.5833414793014526	0.005291107576340437	0.0054094805382192135	0.017421191558241844	0.003055217210203409	0.000499127374496311	0.005852953996509314	0.003129853866994381	0.032140109688043594	0.008198682218790054
0.256	0.32	0.5833414793014526	0.0037305806763470173	0.0053362553007900715	0.017123589292168617	0.003055217210203409	0.0003859984572045505	0.00483235577121377	0.002652571303769946	0.032140109688043594	0.005726661533117294
0.32	0.384	0.43802228569984436	0.002747925231233239	0.0053362553007900715	0.01673830673098564	0.0041976929642260075	0.0003859984572045505	0.004093023017048836	0.002454588422551751	0.11613109707832336	0.005642866250127554
0.384	0.448	0.17555870115756989	0.0026894991751760244	0.004265507683157921	0.01337520033121109	0.008075753226876259	0.0003859984572045505	0.002543044276535511	0.002306611742824316	0.5840693712234497	0.005500387866050005
0.448	0.512	0.08884135633707047	0.0023340473417192698	0.004013092257082462	0.011672736145555973	0.014139439910650253	0.0003859984572045505	0.0019927476532757282	0.002306611742824316	0.9372878074645996	0.0050931088626384735
0.512	0.576	0.0709887370467186	0.0021380139514803886	0.0036285354290157557	0.011477882042527199	0.01585468091070652	0.0003900076262652874	0.001949238940142095	0.001980551751330495	0.9712632298469543	0.005025750026106834
