onset	offset	Alarm_bell_ringing	Blender	Cat	Dishes	Dog	Electric_shaver_toothbrush	Frying	Running_water	Speech	Vacuum_cleaner
0.0	0.064	0.00034670234890654683	0.00047359554446302354	0.00034152029547840357	0.00806706864386797	0.0004423639620654285	0.00010485336679266766	0.003964427392929792	0.0003772469935938716	0.0015918116550892591	0.00048185730702243745
0.064	0.128	0.00034670234890654683	0.00047359554446302354	0.00034152029547840357	0.00806706864386797	0.00045393110485747457	0.00010485336679266766	0.003964427392929792	0.0003772469935938716	0.0015918116550892591	0.00048185730702243745
0.128	0.192	0.00025809399085119367	0.0003489145019557327	0.00029052013996988535	0.006067431997507811	0.00048267029342241585	9.778867388376966e-05	0.0035583404824137688	0.0003175251476932317	0.0013925828970968723	0.0003846261533908546
0.192	0.256	0.00023211711959447712	0.00029000735958106816	0.00029052013996988535	0.005343055352568626	0.00047009901027195156	9.328556916443631e-05	0.0032413769513368607	0.00028251713956706226	0.0013651736080646515	0.0003164387308061123
0.256	0.32	0.00022403112961910665	0.00026957501540891826	0.00029052013996988535	0.005070028360933065	0.0004569436132442206	8.881959365680814e-05	0.002917909063398838	0.00026309327222406864	0.001357730943709612	0.0002766063844319433
0.32	0.384	0.00022371733211912215	0.0002627237990964204	0.00029052013996988535	0.004964190535247326	0.0004619895189534873	8.415021147811785e-05	0.002615016885101795	0.00025416052085347474	0.0013532463926821947	0.0002555289538577199
0.384	0.448	0.0002231030084658414	0.0002594479883555323	0.0002889919269364327	0.004964190535247326	0.00046848211786709726	8.130862261168659e-05	0.002358150202780962	0.00024631927954033017	0.0013507162220776081	0.0002361139777349308
0.448	0.512	0.00022080205962993205	0.000258150597801432	0.0002889919269364327	0.004964190535247326	0.00047009901027195156	7.972537423484027e-05	0.002152696019038558	0.0002381494705332443	0.0013532463926821947	0.0002196832065237686
0.512	0.576	0.00021984455815982074	0.00025783697492443025	0.0002889919269364327	0.004964190535247326	0.00047009901027195156	7.859617471694946e-05	0.002023391192778945	0.00023151772620622069	0.001357730943709612	0.0002103573060594499
