onset	offset	Alarm_bell_ringing	Blender	Cat	Dishes	Dog	Electric_shaver_toothbrush	Frying	Running_water	Speech	Vacuum_cleaner
0.0	0.064	0.0031787871848791838	0.0010736677795648575	0.001485743559896946	0.005943223834037781	0.0017062040278688073	0.0004060475039295852	0.0020506996661424637	0.0008193061221390963	0.0033529638312757015	0.0017317695310339332
0.064	0.128	0.0031787871848791838	0.0010736677795648575	0.001485743559896946	0.005943223834037781	0.0017062040278688073	0.0004060475039295852	0.0020506996661424637	0.0008193061221390963	0.0033529638312757015	0.0017317695310339332
0.128	0.192	0.00213329354301095	0.0008239366579800844	0.0012819969560950994	0.003986124414950609	0.0015958832809701562	0.0003546366060618311	0.0016288930783048272	0.000746239791624248	0.002957787597551942	0.0013509889831766486
0.192	0.256	0.0016577421920374036	0.0005780068458989263	0.0011920529650524259	0.002695300616323948	0.0015958832809701562	0.00031410297378897667	0.0012841069838032126	0.0006896986160427332	0.0028409124352037907	0.0010250331833958626
0.256	0.32	0.0014236709102988243	0.00039488813490606844	0.0011768181575462222	0.002196321729570627	0.0015958832809701562	0.00028776293038390577	0.0010032443096861243	0.0006053459946997464	0.0028409124352037907	0.0008805873221717775
0.32	0.384	0.0013303699670359492	0.0003147580137010664	0.0011681747855618596	0.002035533543676138	0.0015958832809701562	0.00027195876464247704	0.0008672637632116675	0.0005376357003115118	0.0028409124352037907	0.0007982981042005122
0.384	0.448	0.0012569662649184465	0.0002739239716902375	0.0011523630237206817	0.0019126030383631587	0.001657361863180995	0.0002609038492664695	0.0008094446384347975	0.000500942172948271	0.0028409124352037907	0.0007011275738477707
0.448	0.512	0.0012074457481503487	0.00025821212329901755	0.0011496733641251922	0.0019126030383631587	0.0017176085384562612	0.00025397446006536484	0.0007844047504477203	0.0004795636923518032	0.0029652202501893044	0.0006349603645503521
0.512	0.576	0.0011804146924987435	0.00025821212329901755	0.0011485415743663907	0.0019126030383631587	0.0017722734482958913	0.0002499569091014564	0.0007729215431027114	0.0004659797705244273	0.003170227399095893	0.0005884108250029385
