onset	offset	Alarm_bell_ringing	Blender	Cat	Dishes	Dog	Electric_shaver_toothbrush	Frying	Running_water	Speech	Vacuum_cleaner
0.0	0.064	0.0040389904752373695	0.04042913764715195	0.006758634001016617	0.000833916652482003	0.002175120171159506	0.007947010919451714	0.0004893174045719206	0.0152192497625947	0.009175603277981281	0.9354162216186523
0.064	0.128	0.0040389904752373695	0.04308633878827095	0.006758634001016617	0.000833916652482003	0.002175120171159506	0.007947010919451714	0.0004893174045719206	0.0152192497625947	0.009175603277981281	0.9354162216186523
0.128	0.192	0.002833391772583127	0.050943490117788315	0.006875053513795137	0.0006746278377249837	0.002175120171159506	0.007412452716380358	0.00040056949364952743	0.0152192497625947	0.006685307249426842	0.9386740326881409
0.192	0.256	0.0027237168978899717	0.050943490117788315	0.006875053513795137	0.0005667322548106313	0.0021714598406106234	0.007412452716380358	0.00036573660327121615	0.0152192497625947	0.005185628309845924	0.9386740326881409
0.256	0.32	0.0024224123917520046	0.050943490117788315	0.006875053513795137	0.0005635150009766221	0.002163403434678912	0.007412452716380358	0.00034134206362068653	0.0152192497625947	0.004678830504417419	0.9386740326881409
0.32	0.384	0.0023536526132375	0.06103511154651642	0.00782738532871008	0.0005622046301141381	0.002125292783603072	0.007412452716380358	0.0003028255305252969	0.015731777995824814	0.004479838069528341	0.9386740326881409
0.384	0.448	0.0023359758779406548	0.06521987169981003	0.008358074352145195	0.0005544477025978267	0.002125292783603072	0.007412452716380358	0.00026873868773691356	0.016812913119792938	0.004479838069528341	0.9386740326881409
0.448	0.512	0.0023096641525626183	0.06521987169981003	0.008358074352145195	0.0005484065623022616	0.002125292783603072	0.007412452716380358	0.00024999910965561867	0.016812913119792938	0.004479838069528341	0.9386740326881409
0.512	0.576	0.0022087523248046637	0.06521987169981003	0.008358074352145195	0.0005294234724715352	0.0021189425606280565	0.007412452716380358	0.00024226331152021885	0.016812913119792938	0.004479838069528341	0.9386740326881409
