onset	offset	Alarm_bell_ringing	Blender	Cat	Dishes	Dog	Electric_shaver_toothbrush	Frying	Running_water	Speech	Vacuum_cleaner
0.0	0.064	0.0033244467340409756	0.00405206810683012	0.0044764564372599125	0.010995464399456978	0.004738947842270136	0.0017448124708607793	0.012715528719127178	0.024374935775995255	0.9869721531867981	0.026146817952394485
0.064	0.128	0.0033244467340409756	0.00405206810683012	0.0044764564372599125	0.010995464399456978	0.004738947842270136	0.0017448124708607793	0.012715528719127178	0.024374935775995255	0.9869721531867981	0.026146817952394485
0.128	0.192	0.003157700877636671	0.0036317931953817606	0.004155365750193596	0.010995464399456978	0.004528034012764692	0.0016851319232955575	0.012327254749834538	0.0231129489839077	0.9874473214149475	0.02479017712175846
0.192	0.256	0.003095104591920972	0.0033517898991703987	0.003919757902622223	0.010995464399456978	0.004487112630158663	0.0016400697641074657	0.012042466551065445	0.022574888542294502	0.9875482320785522	0.023827917873859406
0.256	0.32	0.0029834541492164135	0.0031310757622122765	0.00370914489030838	0.010754057206213474	0.0043908641673624516	0.0015656331088393927	0.011700357310473919	0.022224200889468193	0.9875482320785522	0.02325078658759594
0.32	0.384	0.00292623951099813	0.003025599056854844	0.003609924577176571	0.010736108757555485	0.004255708307027817	0.001517055556178093	0.011247863993048668	0.02218678407371044	0.9875482320785522	0.022953864187002182
0.384	0.448	0.0028524810913950205	0.002827901393175125	0.003436908358708024	0.010736108757555485	0.004137043375521898	0.001436609192751348	0.011247863993048668	0.021994881331920624	0.9875482320785522	0.022300835698843002
0.448	0.512	0.002715886803343892	0.002599259838461876	0.003230719594284892	0.010629669763147831	0.0040712920017540455	0.001324737211689353	0.011247863993048668	0.02149660885334015	0.9874234795570374	0.021616466343402863
0.512	0.576	0.0025951960124075413	0.002423814032226801	0.0031110839918255806	0.010133410803973675	0.003964282106608152	0.0012394310906529427	0.011247863993048668	0.02143113873898983	0.9866967797279358	0.021194791421294212
