onset	offset	Alarm_bell_ringing	Blender	Cat	Dishes	Dog	Electric_shaver_toothbrush	Frying	Running_water	Speech	Vacuum_cleaner
0.0	0.064	0.0028178065549582243	0.002832314232364297	0.003718253690749407	0.0016716532409191132	0.001552912057377398	0.001494801719672978	0.0030762662645429373	0.005627723876386881	0.008114289492368698	0.9775720238685608
0.064	0.128	0.0028178065549582243	0.002832314232364297	0.003718253690749407	0.0016716532409191132	0.001552912057377398	0.001494801719672978	0.0030762662645429373	0.005627723876386881	0.008114289492368698	0.9775720238685608
0.128	0.192	0.002008282346650958	0.0021069468930363655	0.0026984852738678455	0.0013043166836723685	0.0014923837734386325	0.0012350407196208835	0.002386714331805706	0.004233728162944317	0.005491612944751978	0.9781709313392639
0.192	0.256	0.0016816332936286926	0.001452912576496601	0.0020555113442242146	0.0010532621527090669	0.0014923837734386325	0.0010328813223168254	0.0020065850112587214	0.0034932021517306566	0.004850451834499836	0.979085385799408
0.256	0.32	0.0014179149875417352	0.0012025788892060518	0.0019469610415399075	0.0010532621527090669	0.0014923837734386325	0.0008886973955668509	0.0017856665654107928	0.003034033579751849	0.004760675597935915	0.9807389974594116
0.32	0.384	0.0012222694931551814	0.0010285803582519293	0.0018837318057194352	0.0010532621527090669	0.0014923837734386325	0.0007948133861646056	0.0016812809044495225	0.002692511538043618	0.004760675597935915	0.9819470643997192
0.384	0.448	0.0010868612444028258	0.0009226310066878796	0.0018634834559634328	0.0010532621527090669	0.001720296568237245	0.0007348231738433242	0.0016425115754827857	0.0025103993248194456	0.004760675597935915	0.9830579161643982
0.448	0.512	0.0009988920064643025	0.0008534526568837464	0.001854181638918817	0.0011349758133292198	0.0019094280432909727	0.0006939406739547849	0.0016069990815594792	0.002492736093699932	0.004760675597935915	0.9839521050453186
0.512	0.576	0.0009444117313250899	0.0008322257199324667	0.0018535437993705273	0.0011602649465203285	0.0019094280432909727	0.0006658273632638156	0.0015641885111108422	0.002479890361428261	0.005140871740877628	0.9845958352088928
