onset	offset	Alarm_bell_ringing	Blender	Cat	Dishes	Dog	Electric_shaver_toothbrush	Frying	Running_water	Speech	Vacuum_cleaner
0.0	0.064	0.00029233223176561296	0.0003327098675072193	0.0012571160914376378	0.0007997984648682177	0.00038105063140392303	0.00025325294700451195	0.0020809131674468517	0.009141756221652031	0.0016709030605852604	0.002007231581956148
0.064	0.128	0.00029233223176561296	0.0003327098675072193	0.0012571160914376378	0.0007997984648682177	0.00040837429696694016	0.00025325294700451195	0.0020809131674468517	0.009677105583250523	0.0016709030605852604	0.002007231581956148
0.128	0.192	0.0002308047260157764	0.0003285980492364615	0.0013699281262233853	0.0006993731367401779	0.00040837429696694016	0.00025232863845303655	0.001948338351212442	0.009825804270803928	0.001585190650075674	0.001690022530965507
0.192	0.256	0.00018844530859496444	0.0002996726252604276	0.0013699281262233853	0.0006370627670548856	0.0004010929842479527	0.0002290421980433166	0.0018449673661962152	0.009677105583250523	0.0015661870129406452	0.00142554915510118
0.256	0.32	0.00017640419537201524	0.00029370951233431697	0.0013699281262233853	0.0006054628756828606	0.0004010929842479527	0.00021329002629499882	0.0018133921548724174	0.009141756221652031	0.0015646711690351367	0.0012073640245944262
0.32	0.384	0.00017440822557546198	0.00027233135187998414	0.001413788995705545	0.00057204719632864	0.0004052920266985893	0.00020579398551490158	0.0016557155176997185	0.009048305451869965	0.001514410600066185	0.0010628585005179048
0.384	0.448	0.00017333724827039987	0.00027233135187998414	0.001413788995705545	0.0005616537528112531	0.00040837429696694016	0.00020579398551490158	0.001506921136751771	0.009048305451869965	0.001514410600066185	0.0010575175983831286
0.448	0.512	0.00017274441779591143	0.00027233135187998414	0.001413788995705545	0.0005616537528112531	0.00041609921026974916	0.00020579398551490158	0.0013737855479121208	0.007914510555565357	0.001514410600066185	0.0010461077326908708
0.512	0.576	0.00016773123934399337	0.00027126993518322706	0.001413788995705545	0.0005616537528112531	0.00040812266524881124	0.000204378244234249	0.0013411784311756492	0.006892270874232054	0.0014231171226128936	0.0010291992221027613
