onset	offset	Alarm_bell_ringing	Blender	Cat	Dishes	Dog	Electric_shaver_toothbrush	Frying	Running_water	Speech	Vacuum_cleaner
0.0	0.064	0.7733161449432373	0.002828377764672041	0.003089668694883585	0.011619733646512032	0.002070223679766059	0.0019388479413464665	0.008608182892203331	0.009175551123917103	0.006465624086558819	0.004160846583545208
0.064	0.128	0.7733161449432373	0.002828377764672041	0.003089668694883585	0.011601997539401054	0.002070223679766059	0.0021372316405177116	0.008608182892203331	0.009149831719696522	0.006465624086558819	0.004160846583545208
0.128	0.192	0.8174088001251221	0.002336210338398814	0.0031134169548749924	0.011601997539401054	0.001710947253741324	0.0024729089345782995	0.008608182892203331	0.008890523575246334	0.006465624086558819	0.0033511954825371504
0.192	0.256	0.8774174451828003	0.0020665042102336884	0.0031134169548749924	0.011210089549422264	0.001706587616354227	0.0024729089345782995	0.008492282591760159	0.008890523575246334	0.006465624086558819	0.0028686393052339554
0.256	0.32	0.8949539065361023	0.0019906426314264536	0.0031134169548749924	0.010347940027713776	0.0016847066581249237	0.0024729089345782995	0.008250626735389233	0.008890523575246334	0.006465624086558819	0.0023375432938337326
0.32	0.384	0.8949539065361023	0.0018670008284971118	0.0031134169548749924	0.008616606704890728	0.001681430614553392	0.0024729089345782995	0.007657652720808983	0.008699142374098301	0.006724750157445669	0.0017802106449380517
0.384	0.448	0.8949539065361023	0.001682884176261723	0.0031116933096200228	0.006824633572250605	0.001665686839260161	0.0024729089345782995	0.006933110300451517	0.00800779927521944	0.006724750157445669	0.0013838941231369972
0.448	0.512	0.8949539065361023	0.001682884176261723	0.00273138633929193	0.005709159653633833	0.0014823582023382187	0.0024729089345782995	0.006317806430160999	0.007681164890527725	0.006724750157445669	0.0011752962600439787
0.512	0.576	0.8886175155639648	0.001682884176261723	0.0026373069267719984	0.005709159653633833	0.0014161848230287433	0.0024722774978727102	0.0060946037992835045	0.007681164890527725	0.006724750157445669	0.001115949940867722
