onset	offset	Alarm_bell_ringing	Blender	Cat	Dishes	Dog	Electric_shaver_toothbrush	Frying	Running_water	Speech	Vacuum_cleaner
0.0	0.064	0.0009888625936582685	0.003209104062989354	0.0004359369049780071	0.012260541319847107	0.0004916740581393242	0.00043629109859466553	0.000988585059531033	0.0011181131703779101	0.0021418402902781963	0.0001565003622090444
0.064	0.128	0.0009888625936582685	0.0034416853450238705	0.0004359369049780071	0.01194190327078104	0.0005137620610184968	0.0004235634405631572	0.000988585059531033	0.0010815014829859138	0.0021418402902781963	0.0001565003622090444
0.128	0.192	0.0008767395629547536	0.0034416853450238705	0.0004359369049780071	0.01194190327078104	0.0005137620610184968	0.0004235634405631572	0.000840113265439868	0.0010815014829859138	0.0019638349767774343	0.00011540086416061968
0.192	0.256	0.0007565697887912393	0.003209104062989354	0.0004279003478586674	0.010388166643679142	0.0004916740581393242	0.0004224182921461761	0.0007139889057725668	0.0010516699403524399	0.0018973714904859662	9.001854050438851e-05
0.256	0.32	0.0007026731036603451	0.002908559748902917	0.0003904156619682908	0.008251364342868328	0.00047605775762349367	0.00041626367601566017	0.0005945623852312565	0.0009297085925936699	0.0018972893012687564	7.671430648770183e-05
0.32	0.384	0.000574931618757546	0.0026566374581307173	0.0003805376763921231	0.004709626082330942	0.00046774453949183226	0.000415309623349458	0.00044234012602828443	0.0007369385566562414	0.0017666665371507406	7.496959005948156e-05
0.384	0.448	0.0004548606229946017	0.0012342764530330896	0.00032813442521728575	0.0023945518769323826	0.0003735462378244847	0.00034498731838539243	0.00033260174677707255	0.00048238420276902616	0.0014801239594817162	7.472377910744399e-05
0.448	0.512	0.0002971598587464541	0.0006734253838658333	0.0003206584951840341	0.0017644285690039396	0.0003735462378244847	0.00030965841142460704	0.00021686141553800553	0.0004069996648468077	0.0014801239594817162	7.191668555606157e-05
0.512	0.576	0.0002971598587464541	0.0006734253838658333	0.00031571852741762996	0.0017644285690039396	0.0003735462378244847	0.00030965841142460704	0.00021686141553800553	0.0003720019885804504	0.0014801239594817162	6.709160516038537e-05
