onset	offset	Alarm_bell_ringing	Blender	Cat	Dishes	Dog	Electric_shaver_toothbrush	Frying	Running_water	Speech	Vacuum_cleaner
0.0	0.064	0.007268221583217382	0.000620138889644295	0.00322220241650939	0.014723743312060833	0.00360504980199039	0.08997248113155365	0.2647119462490082	0.0025356237310916185	0.9362272024154663	0.006794821470975876
0.064	0.128	0.007268221583217382	0.000620138889644295	0.00322220241650939	0.014723743312060833	0.003841708181425929	0.08997248113155365	0.2647119462490082	0.0025356237310916185	0.9362272024154663	0.006794821470975876
0.128	0.192	0.006077997386455536	0.000620138889644295	0.002715541748329997	0.012899637222290039	0.004130900837481022	0.090522900223732	0.25397560000419617	0.0025356237310916185	0.9515325427055359	0.00624439213424921
0.192	0.256	0.00574677437543869	0.000620138889644295	0.0022536779288202524	0.012899637222290039	0.004130900837481022	0.090522900223732	0.25397560000419617	0.0025356237310916185	0.9582803845405579	0.006021903362125158
0.256	0.32	0.005709771532565355	0.000620138889644295	0.002100525423884392	0.012890531681478024	0.003946568816900253	0.090522900223732	0.25397560000419617	0.0025356237310916185	0.9661992788314819	0.005654959008097649
0.32	0.384	0.005491347052156925	0.0005759948980994523	0.002097343560308218	0.012723959051072598	0.003946568816900253	0.0907149538397789	0.25397560000419617	0.002602827502414584	0.9704682230949402	0.00494921812787652
0.384	0.448	0.00547143304720521	0.0005759948980994523	0.002051793970167637	0.012594386003911495	0.003946568816900253	0.09077401459217072	0.26452258229255676	0.002602827502414584	0.9704682230949402	0.004700753837823868
0.448	0.512	0.00547143304720521	0.0005759948980994523	0.002051793970167637	0.012594386003911495	0.003946568816900253	0.09131626784801483	0.2697015702724457	0.002602827502414584	0.9704682230949402	0.00467682583257556
0.512	0.576	0.00547143304720521	0.0005759948980994523	0.002097343560308218	0.012594386003911495	0.003614544402807951	0.09138600528240204	0.27632758021354675	0.002602827502414584	0.9704682230949402	0.004668917041271925
