onset	offset	Alarm_bell_ringing	Blender	Cat	Dishes	Dog	Electric_shaver_toothbrush	Frying	Running_water	Speech	Vacuum_cleaner
0.0	0.064	0.0011420677183195949	0.005273301154375076	0.0007086843252182007	0.023304445669054985	0.0008749373373575509	0.0019224525894969702	0.9940484762191772	0.005826267413794994	0.02390797808766365	0.008189133368432522
0.064	0.128	0.0011420677183195949	0.005273301154375076	0.0007086843252182007	0.023304445669054985	0.0008749373373575509	0.0019224525894969702	0.9940484762191772	0.005826267413794994	0.02390797808766365	0.008189133368432522
0.128	0.192	0.0008216903661377728	0.002788000740110874	0.0005381215014494956	0.015098297037184238	0.0005773869343101978	0.0014324942603707314	0.9957120418548584	0.0030196255538612604	0.015272820368409157	0.004794752690941095
0.192	0.256	0.0006909834919497371	0.002164860488846898	0.000513410079292953	0.01096231210976839	0.0004794423293787986	0.0012806436279788613	0.9961538910865784	0.0022764597088098526	0.01033644750714302	0.0038672853261232376
0.256	0.32	0.0005965576274320483	0.0018274661852046847	0.0004844067443627864	0.0089645367115736	0.0004503520904108882	0.0011863342951983213	0.9962444305419922	0.0018528962973505259	0.007089957594871521	0.00335142994299531
0.32	0.384	0.0005295666051097214	0.0015682792291045189	0.0004844067443627864	0.007978036999702454	0.0004290368815418333	0.0011307514505460858	0.9962486624717712	0.0016333239618688822	0.005417834967374802	0.00311212963424623
0.384	0.448	0.0004925369285047054	0.0014304787619039416	0.0004844067443627864	0.007504122331738472	0.00041563817649148405	0.0011002927785739303	0.9962652325630188	0.0015389402396976948	0.004826786927878857	0.003023316850885749
0.448	0.512	0.00047644777805544436	0.001377968699671328	0.0004844067443627864	0.007299761287868023	0.0004090227885171771	0.0010837349109351635	0.996331512928009	0.0015389402396976948	0.00470153521746397	0.003023316850885749
0.512	0.576	0.00046934967394918203	0.001371843391098082	0.0004974803887307644	0.007225590758025646	0.00040574645390734076	0.0010743072489276528	0.9963955283164978	0.0015389402396976948	0.004689935594797134	0.003023316850885749
