onset	offset	Alarm_bell_ringing	Blender	Cat	Dishes	Dog	Electric_shaver_toothbrush	Frying	Running_water	Speech	Vacuum_cleaner
0.0	0.064	0.003878862364217639	0.005106039810925722	0.0018830292392522097	0.014442584477365017	0.00364107103087008	0.7553466558456421	0.009685155935585499	0.006001370493322611	0.9837653040885925	0.01564519852399826
0.064	0.128	0.003878862364217639	0.005106039810925722	0.0018830292392522097	0.014442584477365017	0.00364107103087008	0.7553466558456421	0.009685155935585499	0.006001370493322611	0.9837653040885925	0.01564519852399826
0.128	0.192	0.0035367112141102552	0.005079022143036127	0.0017614118987694383	0.013004028238356113	0.0034072045236825943	0.7712671756744385	0.009562673978507519	0.005643958225846291	0.9845879673957825	0.013403822667896748
0.192	0.256	0.0033219873439520597	0.004926571622490883	0.0017173379892483354	0.012246748432517052	0.003232556628063321	0.786320149898529	0.009478694759309292	0.0054534366354346275	0.9845879673957825	0.011500784195959568
0.256	0.32	0.003042715834453702	0.004905393812805414	0.0017143021104857326	0.011571371927857399	0.0030552055686712265	0.8033925294876099	0.009208756498992443	0.005333988461643457	0.9845879673957825	0.009491180069744587
0.32	0.384	0.0027338643558323383	0.004624706227332354	0.0017143021104857326	0.010988212190568447	0.0028137979097664356	0.8155561089515686	0.009208756498992443	0.005219063721597195	0.9845879673957825	0.008504793979227543
0.384	0.448	0.002439917530864477	0.0044132317416369915	0.001635218970477581	0.010785171762108803	0.002631545066833496	0.8339942097663879	0.009208756498992443	0.005137271247804165	0.9814422726631165	0.008075929246842861
0.448	0.512	0.0021039433777332306	0.004072848241776228	0.0016326173208653927	0.01040433719754219	0.002602279419079423	0.8553975820541382	0.00911143608391285	0.005117522552609444	0.975067138671875	0.00796270277351141
0.512	0.576	0.0017147778999060392	0.0032206103205680847	0.0015909395879134536	0.008793727494776249	0.0024472088553011417	0.8877292275428772	0.009110338985919952	0.004910037387162447	0.9547361731529236	0.00760129326954484
