onset	offset	Alarm_bell_ringing	Blender	Cat	Dishes	Dog	Electric_shaver_toothbrush	Frying	Running_water	Speech	Vacuum_cleaner
0.0	0.064	0.0014006970450282097	0.004525558557361364	0.004049842711538076	0.07242301106452942	0.08241257071495056	0.0026911869645118713	0.7063795924186707	0.7044359445571899	0.0991213470697403	0.011694662272930145
0.064	0.128	0.0014006970450282097	0.004525558557361364	0.004037130158394575	0.07242301106452942	0.08241257071495056	0.0026911869645118713	0.7063795924186707	0.6798134446144104	0.0991213470697403	0.011694662272930145
0.128	0.192	0.0010661950800567865	0.00320984679274261	0.004037130158394575	0.051980648189783096	0.056599847972393036	0.0018619009060785174	0.7344546914100647	0.6798134446144104	0.08766771107912064	0.008350130170583725
0.192	0.256	0.0007456949097104371	0.002694595605134964	0.0031549076084047556	0.0365908145904541	0.029404424130916595	0.0013674200745299459	0.7360830903053284	0.6749669313430786	0.07348239421844482	0.004518535453826189
0.256	0.32	0.0005135618266649544	0.0022574961185455322	0.002874200465157628	0.029806140810251236	0.018394185230135918	0.001107103773392737	0.7388892769813538	0.6342202425003052	0.05488359555602074	0.0031273821368813515
0.32	0.384	0.0003623408847488463	0.001966990064829588	0.0028258678503334522	0.025414977222681046	0.012044924311339855	0.0010165834100916982	0.7390195727348328	0.599284827709198	0.04002910852432251	0.0024491162039339542
0.384	0.448	0.00030468733166344464	0.0013807076029479504	0.0019203457050025463	0.01927870139479637	0.006996433716267347	0.000661417143419385	0.7573076486587524	0.4788748621940613	0.022031407803297043	0.002320655155926943
0.448	0.512	0.000294030032819137	0.0010276599787175655	0.0013716976391151547	0.01403314620256424	0.0038313698023557663	0.0005168084753677249	0.7854029536247253	0.3819866180419922	0.015545947477221489	0.002320655155926943
0.512	0.576	0.0002877473016269505	0.0009119300520978868	0.0011866287095472217	0.012592388316988945	0.003087664255872369	0.0004687351465690881	0.7879607677459717	0.35252392292022705	0.013063079677522182	0.002320655155926943
