onset	offset	Alarm_bell_ringing	Blender	Cat	Dishes	Dog	Electric_shaver_toothbrush	Frying	Running_water	Speech	Vacuum_cleaner
0.0	0.064	0.002782050520181656	0.9837875366210938	0.003631324041634798	0.0027823958080261946	0.004449226427823305	0.007170395459979773	0.00038325507193803787	0.009557480923831463	0.03023633360862732	0.026626117527484894
0.064	0.128	0.002782050520181656	0.9837875366210938	0.003631324041634798	0.0027823958080261946	0.004449226427823305	0.007170395459979773	0.00038325507193803787	0.009557480923831463	0.03023633360862732	0.026626117527484894
0.128	0.192	0.002327755792066455	0.9847955703735352	0.002657628385350108	0.0017513559432700276	0.0030905059538781643	0.00521872378885746	0.00027723656967282295	0.007331688888370991	0.01525940839201212	0.023790722712874413
0.192	0.256	0.0021372856572270393	0.9848130345344543	0.0023836358450353146	0.0010684430599212646	0.0023542651906609535	0.003910779487341642	0.0001913212618092075	0.004988487809896469	0.009195305407047272	0.017034733667969704
0.256	0.32	0.0020180861465632915	0.9848130345344543	0.0018020442221313715	0.0009099277085624635	0.0020972248166799545	0.0031158113852143288	0.00015475288091693074	0.003877922659739852	0.008044146001338959	0.012782875448465347
0.32	0.384	0.0020180861465632915	0.9848130345344543	0.0015444947639480233	0.0008673121337778866	0.0019610782619565725	0.002600244013592601	0.0001424501824658364	0.003265645122155547	0.007597736548632383	0.01085122674703598
0.384	0.448	0.0020180861465632915	0.9847955703735352	0.0015444947639480233	0.0008424741099588573	0.0018436075188219547	0.0022762019652873278	0.00013348223001230508	0.003231458365917206	0.0069027491845190525	0.01085122674703598
0.448	0.512	0.0020180861465632915	0.9836766719818115	0.0015444947639480233	0.0008150467765517533	0.0016986002447083592	0.0021084954496473074	0.00012171387061243877	0.003231458365917206	0.0059487647376954556	0.01085122674703598
0.512	0.576	0.002079344354569912	0.9827046990394592	0.0015444947639480233	0.0007954842876642942	0.0015830834163352847	0.002042663749307394	0.00011412565800128505	0.003231458365917206	0.005416426807641983	0.01085122674703598
