onset	offset	Alarm_bell_ringing	Blender	Cat	Dishes	Dog	Electric_shaver_toothbrush	Frying	Running_water	Speech	Vacuum_cleaner
0.0	0.064	0.04229850694537163	0.776683509349823	0.003126764204353094	0.004995264112949371	0.0029262087773531675	0.0007960147340781987	0.002046353882178664	0.004338542930781841	0.01265852339565754	0.04087762534618378
0.064	0.128	0.04229850694537163	0.776683509349823	0.003126764204353094	0.004995264112949371	0.0029262087773531675	0.0007960147340781987	0.002046353882178664	0.004338542930781841	0.01265852339565754	0.04087762534618378
0.128	0.192	0.03162342682480812	0.8253880143165588	0.002021956956014037	0.00351187726482749	0.002540516434237361	0.0005403949180617929	0.0017504084389656782	0.0033316954504698515	0.009401352144777775	0.02655220590531826
0.192	0.256	0.024948859587311745	0.8314086198806763	0.0015685688704252243	0.0026242025196552277	0.0022992633748799562	0.0004425224906299263	0.0014027454890310764	0.002752590226009488	0.007781276013702154	0.020684869959950447
0.256	0.32	0.02120925672352314	0.832792341709137	0.001401981571689248	0.0022614647168666124	0.002066234825178981	0.0003964111674576998	0.0011987186735495925	0.002594825578853488	0.007251990493386984	0.01865878514945507
0.32	0.384	0.01892193965613842	0.8385123014450073	0.0012827665777876973	0.00210208329372108	0.0019200241658836603	0.00036694551818072796	0.0011287534143775702	0.0025888471864163876	0.007075136061757803	0.017052078619599342
0.384	0.448	0.01735997572541237	0.8449599146842957	0.001207755645737052	0.002011155476793647	0.001845932682044804	0.00034712982596829534	0.00109395501203835	0.0025756030809134245	0.007075136061757803	0.015736954286694527
0.448	0.512	0.01627122424542904	0.8483595252037048	0.001168985734693706	0.0019346909830346704	0.0018035303801298141	0.0003327774174977094	0.0010588867589831352	0.002562848385423422	0.007075136061757803	0.014950779266655445
0.512	0.576	0.015395309776067734	0.8500387072563171	0.0011288071982562542	0.0018631189595907927	0.0017498319502919912	0.00032050721347332	0.0010235299123451114	0.002562848385423422	0.007075136061757803	0.014328165911138058
