onset	offset	Alarm_bell_ringing	Blender	Cat	Dishes	Dog	Electric_shaver_toothbrush	Frying	Running_water	Speech	Vacuum_cleaner
0.0	0.064	0.9725373387336731	0.004549170378595591	0.0020989279728382826	0.011989995837211609	0.001275279326364398	0.002944336738437414	0.0028295775409787893	0.006697423290461302	0.009502438828349113	0.002892559627071023
0.064	0.128	0.9725373387336731	0.004549170378595591	0.0020989279728382826	0.011989995837211609	0.0012947946088388562	0.002944336738437414	0.0028295775409787893	0.006697423290461302	0.009502438828349113	0.002892559627071023
0.128	0.192	0.986289381980896	0.0034613502211868763	0.0016501442296430469	0.006818372290581465	0.0012947946088388562	0.0029035070911049843	0.001994234276935458	0.004795027896761894	0.008867503143846989	0.0018021728610619903
0.192	0.256	0.99041348695755	0.0030596039723604918	0.0013720394345000386	0.00407168036326766	0.001275279326364398	0.0023871525190770626	0.0013668406754732132	0.003455309197306633	0.008867503143846989	0.0010427295928820968
0.256	0.32	0.9911982417106628	0.0025947873946279287	0.0011466689174994826	0.0027021924033761024	0.0012274787295609713	0.0018774091731756926	0.0011103912256658077	0.002765172626823187	0.008867503143846989	0.0007464371738024056
0.32	0.384	0.9911982417106628	0.002203179057687521	0.0010156913194805384	0.002167070284485817	0.0012193581787869334	0.0015882781008258462	0.0009736749925650656	0.0024252799339592457	0.008867503143846989	0.0006066706846468151
0.384	0.448	0.9911982417106628	0.002203179057687521	0.0009541515610180795	0.0019555012695491314	0.0011816651094704866	0.0014321000780910254	0.00089922925690189	0.0022184490226209164	0.008926785551011562	0.0005297710304148495
0.448	0.512	0.9911982417106628	0.002203179057687521	0.0009227711707353592	0.0018458184786140919	0.001145656337030232	0.001319258939474821	0.0008667846559546888	0.0020839364733546972	0.009185830131173134	0.000518989167176187
0.512	0.576	0.9910826683044434	0.002203179057687521	0.000909056921955198	0.001784978318028152	0.0011169762583449483	0.0012348707532510161	0.0008667846559546888	0.0019982613157480955	0.009185830131173134	0.0005166616756469011
