onset	offset	Alarm_bell_ringing	Blender	Cat	Dishes	Dog	Electric_shaver_toothbrush	Frying	Running_water	Speech	Vacuum_cleaner
0.0	0.064	0.00665938900783658	0.0029821142088621855	0.0043703773990273476	0.0008159104036167264	0.0014445754932239652	0.001873095752671361	0.0013833842240273952	0.01738196797668934	0.015778716653585434	0.9671618938446045
0.064	0.128	0.00665938900783658	0.0029821142088621855	0.0043703773990273476	0.0008159104036167264	0.0014445754932239652	0.001873095752671361	0.0013833842240273952	0.01738196797668934	0.015778716653585434	0.9671618938446045
0.128	0.192	0.004644840955734253	0.002392887370660901	0.003139140550047159	0.0005955410306341946	0.001086947275325656	0.0015116797294467688	0.0011105234734714031	0.014854776673018932	0.010716835968196392	0.9661889672279358
0.192	0.256	0.003660564310848713	0.0017280919710174203	0.002386862877756357	0.000398023723391816	0.0008992514340206981	0.001209127833135426	0.000995415379293263	0.010118355043232441	0.005507722496986389	0.9661889672279358
0.256	0.32	0.0029710521921515465	0.001291728811338544	0.002100792247802019	0.0003232391900382936	0.0008673873380757868	0.0009622969082556665	0.0009203478111885488	0.007133107166737318	0.00447968952357769	0.9661889672279358
0.32	0.384	0.002575648482888937	0.0010354872792959213	0.0019034186843782663	0.00029345479561015964	0.0008334125741384923	0.0008169786306098104	0.0008513160864822567	0.0059396023862063885	0.004449798725545406	0.9652478694915771
0.384	0.448	0.002333372598513961	0.0008918381645344198	0.0017836594488471746	0.0002805962285492569	0.0007946391124278307	0.0007314385147765279	0.000778067100327462	0.005484679248183966	0.004449798725545406	0.964927613735199
0.448	0.512	0.002160310512408614	0.0007918424089439213	0.001700874650850892	0.0002805962285492569	0.0007946391124278307	0.0006655456381849945	0.0007376710418611765	0.005484679248183966	0.004449798725545406	0.9640249609947205
0.512	0.576	0.0021464996971189976	0.0007918424089439213	0.001700874650850892	0.0002805962285492569	0.0007946391124278307	0.0006302818655967712	0.0007376710418611765	0.005484679248183966	0.004449798725545406	0.9640249609947205
