onset	offset	Alarm_bell_ringing	Blender	Cat	Dishes	Dog	Electric_shaver_toothbrush	Frying	Running_water	Speech	Vacuum_cleaner
0.0	0.064	0.003641570685431361	0.0014196375850588083	0.0018261499935761094	0.004115321207791567	0.0013743985909968615	0.9519290328025818	0.004892852623015642	0.007495093159377575	0.0056676799431443214	0.011384377256035805
0.064	0.128	0.003641570685431361	0.0014196375850588083	0.0018261499935761094	0.004115321207791567	0.0013743985909968615	0.9519290328025818	0.004892852623015642	0.007495093159377575	0.0056676799431443214	0.011384377256035805
0.128	0.192	0.0033262306824326515	0.0011008033761754632	0.0015358668752014637	0.003281694371253252	0.0010307433549314737	0.9605068564414978	0.003818787168711424	0.006707279942929745	0.004448689986020327	0.008632711134850979
0.192	0.256	0.002913291798904538	0.0009353532805107534	0.0013320479774847627	0.0027445873711258173	0.0008501848205924034	0.962822437286377	0.0031151447910815477	0.006266516633331776	0.004232652485370636	0.007146874908357859
0.256	0.32	0.002646193141117692	0.0008376484620384872	0.0012326755095273256	0.002420542063191533	0.0007564090192317963	0.9641973972320557	0.0027079000137746334	0.0059302509762346745	0.004132079891860485	0.006354890298098326
0.32	0.384	0.0024595207069069147	0.000770460581406951	0.0011885053245350718	0.0021868599578738213	0.0007104099495336413	0.9652438163757324	0.002471235813573003	0.0054777078330516815	0.003934663254767656	0.005815563723444939
0.384	0.448	0.002295569283887744	0.0007121289963833988	0.001159197767265141	0.002002950059249997	0.0006748619489371777	0.9659847021102905	0.002301569329574704	0.0050805117934942245	0.003780343336984515	0.005404089577496052
0.448	0.512	0.0021645533852279186	0.0006603719666600227	0.0011320225894451141	0.0018533945549279451	0.0006426451145671308	0.9665194749832153	0.0021702018566429615	0.004762356635183096	0.0036988386418670416	0.005065188277512789
0.512	0.576	0.0020676373969763517	0.0006163952639326453	0.001105666160583496	0.0017280408646911383	0.0006123768980614841	0.9669070243835449	0.002065533073619008	0.004497732501477003	0.0036988386418670416	0.004767301958054304
