onset	offset	Alarm_bell_ringing	Blender	Cat	Dishes	Dog	Electric_shaver_toothbrush	Frying	Running_water	Speech	Vacuum_cleaner
0.0	0.064	0.0010224106954410672	0.0005936168017797172	0.0040792557410895824	0.006759540177881718	0.016489706933498383	0.00015989957319106907	0.01347626093775034	0.07505346089601517	0.003097979351878166	0.003368985839188099
0.064	0.128	0.0010224106954410672	0.0005936168017797172	0.0040792557410895824	0.006759540177881718	0.016489706933498383	0.00015989957319106907	0.012834547087550163	0.08447188138961792	0.003097979351878166	0.003368985839188099
0.128	0.192	0.0008423854014836252	0.0004779656883329153	0.004264517221599817	0.005119030363857746	0.016214687377214432	0.00012217236508149654	0.012644507922232151	0.08447188138961792	0.003031892469152808	0.0029867012053728104
0.192	0.256	0.0008012276375666261	0.0004433834692463279	0.004264517221599817	0.0047691804356873035	0.016214687377214432	0.0001091237209038809	0.012644507922232151	0.08119219541549683	0.003031892469152808	0.002735589863732457
0.256	0.32	0.0007849726243875921	0.00041904926183633506	0.004264517221599817	0.0047691804356873035	0.016214687377214432	0.00010036454477813095	0.012235977686941624	0.07505346089601517	0.003031892469152808	0.0025868150405585766
0.32	0.384	0.0007841191836632788	0.00039293133886530995	0.004349196795374155	0.0047691804356873035	0.016039760783314705	9.128066449193284e-05	0.011244909837841988	0.07505346089601517	0.0029676766134798527	0.0025558138731867075
0.384	0.448	0.0007529483991675079	0.00036540135624818504	0.004349196795374155	0.0047691804356873035	0.016039760783314705	8.394263568334281e-05	0.010493249632418156	0.07424936443567276	0.0029676766134798527	0.0025346712209284306
0.448	0.512	0.000720523064956069	0.00033914585947059095	0.004349196795374155	0.004884751979261637	0.016039760783314705	7.916279719211161e-05	0.010166792199015617	0.06564486026763916	0.0029676766134798527	0.0025202645920217037
0.512	0.576	0.000720523064956069	0.0003069288213737309	0.004349196795374155	0.0049558477476239204	0.016039760783314705	7.799499144311994e-05	0.009624221362173557	0.05605163052678108	0.0029676766134798527	0.002487216843292117
