onset	offset	Alarm_bell_ringing	Blender	Cat	Dishes	Dog	Electric_shaver_toothbrush	Frying	Running_water	Speech	Vacuum_cleaner
0.0	0.064	0.003320834832265973	0.0012585105141624808	0.0007292113732546568	0.07027505338191986	0.0008933255448937416	0.0022240341641008854	0.9970558881759644	0.0008870554156601429	0.016434334218502045	0.009824506007134914
0.064	0.128	0.003320834832265973	0.0012585105141624808	0.0007292113732546568	0.07027505338191986	0.0008933255448937416	0.0022240341641008854	0.9970558881759644	0.0008870554156601429	0.016434334218502045	0.009824506007134914
0.128	0.192	0.0016848271479830146	0.0010021458147093654	0.0005001995014026761	0.08739759027957916	0.0010218671523034573	0.0018845865270122886	0.9977516531944275	0.00068466312950477	0.012180895544588566	0.004930995870381594
0.192	0.256	0.0014887992292642593	0.0010021458147093654	0.0005001995014026761	0.08739759027957916	0.0010218671523034573	0.0018845865270122886	0.9979154467582703	0.00068466312950477	0.012180895544588566	0.004745400045067072
0.256	0.32	0.0014079684624448419	0.0009919801959767938	0.0005001995014026761	0.10615229606628418	0.0010218671523034573	0.0018845865270122886	0.9979368448257446	0.0006459591677412391	0.012180895544588566	0.004302675370126963
0.32	0.384	0.0013876508455723524	0.0009919801959767938	0.0004917825572192669	0.17911024391651154	0.001425851252861321	0.0016369730001315475	0.9979523420333862	0.0006409647758118808	0.012180895544588566	0.004089269787073135
0.384	0.448	0.0013802172616124153	0.0010021458147093654	0.00048090447671711445	0.21040713787078857	0.0014825304970145226	0.0016369730001315475	0.9979530572891235	0.0006459591677412391	0.013316540978848934	0.0038875441532582045
0.448	0.512	0.001377462293021381	0.0010145530104637146	0.00048090447671711445	0.21888220310211182	0.0014993507647886872	0.0016369730001315475	0.9980144500732422	0.0006511841784231365	0.015400882810354233	0.0038875441532582045
0.512	0.576	0.0013841412728652358	0.0010145530104637146	0.00048090447671711445	0.21888220310211182	0.0014993507647886872	0.0015210832934826612	0.9980297684669495	0.0006511841784231365	0.015508729964494705	0.0038875441532582045
