onset	offset	Alarm_bell_ringing	Blender	Cat	Dishes	Dog	Electric_shaver_toothbrush	Frying	Running_water	Speech	Vacuum_cleaner
0.0	0.064	0.0051540653221309185	0.0017847795970737934	0.0025142517406493425	0.0152302086353302	0.013406451791524887	0.005527311470359564	0.5286803841590881	0.010643032379448414	0.9814411401748657	0.004242805764079094
0.064	0.128	0.005491631105542183	0.0017847795970737934	0.0025142517406493425	0.017017967998981476	0.013406451791524887	0.005856025964021683	0.5286803841590881	0.010643032379448414	0.9814411401748657	0.004242805764079094
0.128	0.192	0.005528194829821587	0.0016431801486760378	0.0025142517406493425	0.01834719255566597	0.012996820732951164	0.006303540430963039	0.5345783233642578	0.009065414778888226	0.9839475154876709	0.0038081593811511993
0.192	0.256	0.005528194829821587	0.0015323880361393094	0.002500176429748535	0.01834719255566597	0.011345448903739452	0.006303540430963039	0.5406294465065002	0.008230592124164104	0.9864540696144104	0.003544630017131567
0.256	0.32	0.005528194829821587	0.0014333156868815422	0.0024971566163003445	0.01834719255566597	0.010326948948204517	0.006303540430963039	0.5462657809257507	0.007780127692967653	0.9882849454879761	0.003240546677261591
0.32	0.384	0.005780808161944151	0.0013834823621436954	0.0024536591954529285	0.01920701377093792	0.008515330962836742	0.006601247005164623	0.5847870707511902	0.007051585242152214	0.9882849454879761	0.002765085780993104
0.384	0.448	0.005780808161944151	0.0013494020095095038	0.0024510673247277737	0.02010525017976761	0.008515330962836742	0.006601247005164623	0.6360021829605103	0.007051585242152214	0.9882849454879761	0.0026504185516387224
0.448	0.512	0.005780808161944151	0.0012236748589202762	0.00230303592979908	0.020160270854830742	0.008515330962836742	0.006601247005164623	0.6647072434425354	0.007051585242152214	0.9882849454879761	0.002608038019388914
0.512	0.576	0.005780808161944151	0.0010247158352285624	0.0020865113474428654	0.020160270854830742	0.008213444612920284	0.006601247005164623	0.6788039803504944	0.006835265550762415	0.9874683618545532	0.0025738899130374193
