onset	offset	Alarm_bell_ringing	Blender	Cat	Dishes	Dog	Electric_shaver_toothbrush	Frying	Running_water	Speech	Vacuum_cleaner
0.0	0.064	0.005292312242090702	0.0005252470728009939	0.00043945672223344445	0.0006986297084949911	0.0007542629609815776	0.00027518701972439885	0.00038976248470135033	0.0008462676196359098	0.004270934499800205	0.0012537641450762749
0.064	0.128	0.005292312242090702	0.0005252470728009939	0.00043945672223344445	0.0006986297084949911	0.0007542629609815776	0.00027518701972439885	0.00038976248470135033	0.0008462676196359098	0.004270934499800205	0.0012537641450762749
0.128	0.192	0.004156237933784723	0.00036534853279590607	0.00037226133281365037	0.0004691372159868479	0.0007111764862202108	0.0002594808756839484	0.00030832894844934344	0.0006250342121347785	0.0035380576737225056	0.0009708465076982975
0.192	0.256	0.0037598763592541218	0.0003048925136681646	0.000353567476850003	0.00039380716043524444	0.0007111764862202108	0.0002564772148616612	0.00027378430240787566	0.0005283335922285914	0.0035380576737225056	0.0008197188144549727
0.256	0.32	0.0035817043390125036	0.00027514007524587214	0.00034814560785889626	0.00035604124423116446	0.0007111764862202108	0.0002516854146961123	0.00025380647275596857	0.0004756214329972863	0.0035380576737225056	0.0007178047089837492
0.32	0.384	0.00346399936825037	0.0002617599384393543	0.00034506761585362256	0.0003345106670167297	0.0007111764862202108	0.0002458068775013089	0.0002370399161009118	0.00044040847569704056	0.0035380576737225056	0.0006341867847368121
0.384	0.448	0.0033875061199069023	0.00025742920115590096	0.00034223601687699556	0.00032110390020534396	0.0007219145772978663	0.0002411888854112476	0.00022265293227974325	0.0004159608215559274	0.0035607626195997	0.000563561450690031
0.448	0.512	0.0033454226795583963	0.0002556510444264859	0.0003369622863829136	0.00031306917662732303	0.0007364913471974432	0.00023744165082462132	0.00021089108486194164	0.0003992939891759306	0.0037025674246251583	0.0005116696120239794
0.512	0.576	0.003325418336316943	0.0002556510444264859	0.0003294019552413374	0.00031306917662732303	0.0007552958559244871	0.00023380255152005702	0.00020641478477045894	0.00038895185571163893	0.0038726397324353456	0.0004742368182633072
