onset	offset	Alarm_bell_ringing	Blender	Cat	Dishes	Dog	Electric_shaver_toothbrush	Frying	Running_water	Speech	Vacuum_cleaner
0.0	0.064	0.0026005159597843885	0.05327586457133293	0.0033621550537645817	0.0016279782867059112	0.0011549618793651462	0.002302915323525667	0.0013479371555149555	0.0058530340902507305	0.006657818332314491	0.931762158870697
0.064	0.128	0.0026005159597843885	0.05327586457133293	0.0033621550537645817	0.0016279782867059112	0.0011549618793651462	0.002302915323525667	0.0013479371555149555	0.0058530340902507305	0.006657818332314491	0.931762158870697
0.128	0.192	0.0016374476253986359	0.041859857738018036	0.0025599696673452854	0.0013073618756607175	0.0009156355517916381	0.0018187073292210698	0.0010500261560082436	0.005217808298766613	0.005152253434062004	0.944240391254425
0.192	0.256	0.0015908858040347695	0.041859857738018036	0.002425319282338023	0.0011013582115992904	0.0008056805236265063	0.0016602363903075457	0.0008716222364455462	0.004499133676290512	0.004085531458258629	0.9520865678787231
0.256	0.32	0.0015908858040347695	0.041859857738018036	0.002425319282338023	0.0011013582115992904	0.0008056805236265063	0.0016602363903075457	0.00085075618699193	0.004499133676290512	0.003580800723284483	0.9554498791694641
0.32	0.384	0.0015908858040347695	0.041859857738018036	0.002425319282338023	0.0011013582115992904	0.0008056805236265063	0.0016601992538198829	0.00085075618699193	0.004499133676290512	0.0032725809141993523	0.955489456653595
0.384	0.448	0.0015908858040347695	0.042505986988544464	0.002425319282338023	0.0011013582115992904	0.0008056805236265063	0.0016107943374663591	0.00085075618699193	0.004370217677205801	0.0030363176483660936	0.9558103084564209
0.448	0.512	0.0017740214243531227	0.052245497703552246	0.0025416696444153786	0.0011013582115992904	0.0007948208367452025	0.0016107422998175025	0.0008136564865708351	0.00411214679479599	0.002911527641117573	0.9558103084564209
0.512	0.576	0.0017794109880924225	0.05380808934569359	0.0025416696444153786	0.0011013582115992904	0.0007948208367452025	0.0016009765677154064	0.0008136564865708351	0.00411214679479599	0.002911527641117573	0.955489456653595
