onset	offset	Alarm_bell_ringing	Blender	Cat	Dishes	Dog	Electric_shaver_toothbrush	Frying	Running_water	Speech	Vacuum_cleaner
0.0	0.064	0.0019356091506779194	0.0011608917266130447	0.0030213661957532167	0.022810500115156174	0.022077713161706924	0.001123893540352583	0.011106092482805252	0.006173183210194111	0.3057791292667389	0.004713458474725485
0.064	0.128	0.0019356091506779194	0.0011608917266130447	0.0030213661957532167	0.022810500115156174	0.022077713161706924	0.001123893540352583	0.01077510416507721	0.006173183210194111	0.2761421203613281	0.004713458474725485
0.128	0.192	0.001759250066243112	0.0008209903608076274	0.0028155806940048933	0.01970537193119526	0.01756604202091694	0.0009942468022927642	0.01077510416507721	0.005281706806272268	0.22192463278770447	0.0036828455049544573
0.192	0.256	0.001477933838032186	0.0006243167445063591	0.0024859702680259943	0.015822215005755424	0.010047420859336853	0.0008109118207357824	0.009577054530382156	0.005269375629723072	0.22192463278770447	0.003092204686254263
0.256	0.32	0.0011236099526286125	0.0005447742878459394	0.00154590280726552	0.010098167695105076	0.003555092727765441	0.0005899174138903618	0.008493957109749317	0.0048591806553304195	0.1428147703409195	0.0021314045879989862
0.32	0.384	0.0007830346585251391	0.0004399783501867205	0.0010799088049679995	0.005527555476874113	0.001773100346326828	0.0004088631831109524	0.007990900427103043	0.002964609768241644	0.04273085668683052	0.0016498632030561566
0.384	0.448	0.0005464251735247672	0.00037640996742993593	0.0008837886853143573	0.003616317640990019	0.0009516580612398684	0.0003327774174977094	0.007946413941681385	0.0018948545912280679	0.01755445823073387	0.0013848295202478766
0.448	0.512	0.0004936209879815578	0.0003530097601469606	0.0007565081468783319	0.003355136839672923	0.000775990542024374	0.0003089781093876809	0.00792826246470213	0.001513878582045436	0.011001252569258213	0.0012320282403379679
0.512	0.576	0.0004592991026584059	0.0003293626941740513	0.0006816390086896718	0.0032793525606393814	0.000720269454177469	0.0002952156646642834	0.007672961335629225	0.0014559646369889379	0.008232939057052135	0.001145997317507863
