onset	offset	Alarm_bell_ringing	Blender	Cat	Dishes	Dog	Electric_shaver_toothbrush	Frying	Running_water	Speech	Vacuum_cleaner
0.0	0.064	0.0018353373743593693	0.0024308168794959784	0.002086593536660075	0.03760233521461487	0.002422928810119629	0.001476903329603374	0.10921809077262878	0.0010352989193052053	0.9722177982330322	0.0005188046488910913
0.064	0.128	0.0018353373743593693	0.0024308168794959784	0.002086593536660075	0.03760233521461487	0.002422928810119629	0.001476903329603374	0.10921809077262878	0.0010352989193052053	0.9677497744560242	0.0005188046488910913
0.128	0.192	0.001686074654571712	0.002135766902938485	0.002086593536660075	0.03760233521461487	0.002452774904668331	0.0013481412315741181	0.12012206017971039	0.0009009388741105795	0.9677497744560242	0.00044612924102693796
0.192	0.256	0.001483645406551659	0.0019869778770953417	0.002086593536660075	0.03760233521461487	0.002452774904668331	0.0012122251791879535	0.12825709581375122	0.0009009388741105795	0.965930700302124	0.0004451473359949887
0.256	0.32	0.0013667548773810267	0.0019449975807219744	0.0019616158679127693	0.03486459702253342	0.002422928810119629	0.0011066587176173925	0.13115711510181427	0.0009009388741105795	0.9586640000343323	0.00043082149932160974
0.32	0.384	0.0012356884544715285	0.0018903805175796151	0.0018777013756334782	0.03444311395287514	0.002354035386815667	0.0010567986173555255	0.13377004861831665	0.0008995641837827861	0.9505736231803894	0.0003870528598781675
0.384	0.448	0.0010268277255818248	0.0013180621899664402	0.001851939712651074	0.03323659673333168	0.002354035386815667	0.001055845059454441	0.1366620659828186	0.0008854678017087281	0.9350541234016418	0.00036311568692326546
0.448	0.512	0.0009102828335016966	0.0006673443713225424	0.0018164754146710038	0.030011912807822227	0.0021127781365066767	0.0009560074540786445	0.13740785419940948	0.0008854678017087281	0.8967752456665039	0.00033146594068966806
0.512	0.576	0.0008034034981392324	0.0003087213553953916	0.0010503858793526888	0.030011912807822227	0.0013198407832533121	0.0007974727777764201	0.14489401876926422	0.0007348550134338439	0.7105497121810913	0.00033146594068966806
