onset	offset	Alarm_bell_ringing	Blender	Cat	Dishes	Dog	Electric_shaver_toothbrush	Frying	Running_water	Speech	Vacuum_cleaner
0.0	0.064	0.0010523409582674503	0.003116273321211338	0.0011338801123201847	0.0022381627932190895	0.0006468567880801857	0.28566327691078186	0.001041147392243147	0.0025169537402689457	0.003984824288636446	0.006002232898026705
0.064	0.128	0.0010523409582674503	0.003116273321211338	0.0011338801123201847	0.0022381627932190895	0.0006468567880801857	0.28566327691078186	0.001041147392243147	0.00257487571798265	0.003984824288636446	0.006002232898026705
0.128	0.192	0.0009130890248343349	0.003428754862397909	0.001078806002624333	0.002110032131895423	0.0006023058667778969	0.28566327691078186	0.0008585655014030635	0.00257487571798265	0.0038953274488449097	0.00568812619894743
0.192	0.256	0.0008250884711742401	0.003428754862397909	0.0010096508776769042	0.002060925355181098	0.0005872191395610571	0.28534936904907227	0.0007398464367724955	0.0025169537402689457	0.0038853974547237158	0.00531775364652276
0.256	0.32	0.0007383141200989485	0.003428754862397909	0.0009404330048710108	0.0018755998462438583	0.0005722661153413355	0.2803236246109009	0.0006524106720462441	0.0024605351500213146	0.003642531344667077	0.005055170506238937
0.32	0.384	0.00061303615802899	0.003428754862397909	0.0008970644557848573	0.0016148337163031101	0.0005623265169560909	0.2803236246109009	0.0005950417253188789	0.0024605351500213146	0.0034041977487504482	0.005039823241531849
0.384	0.448	0.00061303615802899	0.002909147646278143	0.0008914694772101939	0.0016148337163031101	0.0005623265169560909	0.2803236246109009	0.0005950417253188789	0.00230959290638566	0.0029337506275624037	0.005039823241531849
0.448	0.512	0.00061303615802899	0.0025554723106324673	0.0008914694772101939	0.0016148337163031101	0.0005623265169560909	0.2803236246109009	0.0005950417253188789	0.00230959290638566	0.002725897589698434	0.005039823241531849
0.512	0.576	0.00061303615802899	0.0023822076618671417	0.0008914694772101939	0.0016148337163031101	0.0005623265169560909	0.32067036628723145	0.0005950417253188789	0.00230959290638566	0.002725897589698434	0.005055170506238937
