onset	offset	Alarm_bell_ringing	Blender	Cat	Dishes	Dog	Electric_shaver_toothbrush	Frying	Running_water	Speech	Vacuum_cleaner
0.0	0.064	0.0005751462304033339	0.0006995545118115842	0.0006683672545477748	0.011386658065021038	0.0004765076737385243	0.0002090697962557897	0.5306737422943115	0.0037778066471219063	0.0027982541359961033	0.001939903013408184
0.064	0.128	0.0005751462304033339	0.0011977724498137832	0.0006683672545477748	0.02280591055750847	0.0008022536640055478	0.0002090697962557897	0.5554585456848145	0.004461906384676695	0.0041536749340593815	0.001939903013408184
0.128	0.192	0.0007200920372270048	0.0011977724498137832	0.0007257851539179683	0.02280591055750847	0.0008022536640055478	0.0002090697962557897	0.6290104389190674	0.004461906384676695	0.0041536749340593815	0.001939903013408184
0.192	0.256	0.0007200920372270048	0.001253786962479353	0.0007257851539179683	0.0436270534992218	0.0009651277214288712	0.0002090697962557897	0.6290104389190674	0.006438752170652151	0.006202120799571276	0.001939903013408184
0.256	0.32	0.0005751462304033339	0.006132558919489384	0.0006683672545477748	0.2169143706560135	0.001212448114529252	0.0002090697962557897	0.7576752305030823	0.03165778890252113	0.01072510052472353	0.001939903013408184
0.32	0.384	0.0005648687365464866	0.011603063903748989	0.0006683672545477748	0.2169143706560135	0.001212448114529252	0.0002081185084534809	0.7626149654388428	0.08188912272453308	0.01495134737342596	0.001854162197560072
0.384	0.448	0.0005648687365464866	0.011603063903748989	0.0006333375931717455	0.2169143706560135	0.001212448114529252	0.0002081185084534809	0.7703542113304138	0.1621282994747162	0.01956080086529255	0.001817014068365097
0.448	0.512	0.0005648687365464866	0.011603063903748989	0.0006137619493529201	0.2169143706560135	0.001212448114529252	0.00020158360712230206	0.7804610729217529	0.20725060999393463	0.023677442222833633	0.0016614634077996016
0.512	0.576	0.0004700690333265811	0.011603063903748989	0.0004914767923764884	0.1386745125055313	0.0008864415576681495	0.00017379684140905738	0.7965009808540344	0.21149523556232452	0.02662833407521248	0.0012031873920932412
