onset	offset	Alarm_bell_ringing	Blender	Cat	Dishes	Dog	Electric_shaver_toothbrush	Frying	Running_water	Speech	Vacuum_cleaner
0.0	0.064	0.00167204556055367	0.0014781274367123842	0.0008236858993768692	0.0031123189255595207	0.0011077208910137415	0.0005028604064136744	0.0025765858590602875	0.9739605188369751	0.007712129969149828	0.0035028608981519938
0.064	0.128	0.00167204556055367	0.0014781274367123842	0.0008236858993768692	0.0031123189255595207	0.0011077208910137415	0.0005028604064136744	0.0025765858590602875	0.9739605188369751	0.007712129969149828	0.0035028608981519938
0.128	0.192	0.001380271278321743	0.0014453730545938015	0.0006592425634153187	0.002502088202163577	0.0010286523029208183	0.0004128222935833037	0.0017124693840742111	0.9785884618759155	0.0068718441762030125	0.0027390173636376858
0.192	0.256	0.0012110820971429348	0.0014119307743385434	0.0006513011176139116	0.002179877832531929	0.0010220961412414908	0.0003794795193243772	0.001397100742906332	0.9828765988349915	0.006458310876041651	0.002168400678783655
0.256	0.32	0.0011290734400972724	0.0014015850611031055	0.0006378164398483932	0.002023496199399233	0.0010038476902991533	0.0003598966577555984	0.0012358392123132944	0.9854438900947571	0.006196492351591587	0.0018064366886392236
0.32	0.384	0.0010622440604493022	0.0013294251402840018	0.0005953852087259293	0.0019240627298131585	0.0009710879530757666	0.00034020451130345464	0.0011225935304537416	0.9857751131057739	0.006049377378076315	0.0016149391885846853
0.384	0.448	0.0010120368096977472	0.001259111100807786	0.0005466915899887681	0.0018696229672059417	0.0009229027200490236	0.000332369381794706	0.0011065434664487839	0.9862638711929321	0.005990622099488974	0.0014996506506577134
0.448	0.512	0.0009669361170381308	0.0012219917261973023	0.0005111889913678169	0.0018167763482779264	0.0008844714029692113	0.0003313913766760379	0.0011021868558600545	0.9870702028274536	0.0059438832104206085	0.0014045032439753413
0.512	0.576	0.0009272242314182222	0.0011758825276046991	0.00046854084939695895	0.00175707065500319	0.0008344611269421875	0.0003268577274866402	0.0010956054320558906	0.9872632622718811	0.005828090012073517	0.0013361196033656597
