onset	offset	Alarm_bell_ringing	Blender	Cat	Dishes	Dog	Electric_shaver_toothbrush	Frying	Running_water	Speech	Vacuum_cleaner
0.0	0.064	0.0011432954343035817	0.0020986031740903854	0.0013416192959994078	0.00099920982029289	0.00078064005356282	0.00046351400669664145	0.0004982838872820139	0.000977907795459032	0.00677910353988409	0.24227117002010345
0.064	0.128	0.0011432954343035817	0.0020986031740903854	0.0013416192959994078	0.00099920982029289	0.00078064005356282	0.00046351400669664145	0.0004982838872820139	0.000977907795459032	0.00677910353988409	0.24227117002010345
0.128	0.192	0.000878365826793015	0.0014222451718524098	0.0013416192959994078	0.000674903450999409	0.00078064005356282	0.0003057142021134496	0.0003925531927961856	0.0008379386272281408	0.005052422638982534	0.1917516142129898
0.192	0.256	0.0006748214364051819	0.0011430265149101615	0.0013416192959994078	0.00048709067050367594	0.00078064005356282	0.00022715984960086644	0.0003181247739121318	0.0006761105614714324	0.005052422638982534	0.1917516142129898
0.256	0.32	0.0006607137620449066	0.0011430265149101615	0.0013416192959994078	0.00048709067050367594	0.00078064005356282	0.00022715984960086644	0.00029874779284000397	0.0006761105614714324	0.005052422638982534	0.1917516142129898
0.32	0.384	0.0006607137620449066	0.0011430265149101615	0.0013449301477521658	0.00048709067050367594	0.0008293584105558693	0.00022715984960086644	0.00028882804326713085	0.0006761105614714324	0.005052422638982534	0.1917516142129898
0.384	0.448	0.0006607137620449066	0.0011430265149101615	0.0016631988110020757	0.00048709067050367594	0.000867317954543978	0.00022715984960086644	0.0002793571329675615	0.0006761105614714324	0.006576512008905411	0.2170855551958084
0.448	0.512	0.0006607137620449066	0.0015153879066929221	0.0020549362525343895	0.0005244279163889587	0.0010520652867853642	0.0002540168643463403	0.00027597788721323013	0.0007728073978796601	0.011716756038367748	0.2954489290714264
0.512	0.576	0.0007981079979799688	0.0025393615942448378	0.0026490124873816967	0.00111696298699826	0.0011298287427052855	0.00044359825551509857	0.00023529506870545447	0.001062370603904128	0.03630280867218971	0.46091172099113464
