onset	offset	Alarm_bell_ringing	Blender	Cat	Dishes	Dog	Electric_shaver_toothbrush	Frying	Running_water	Speech	Vacuum_cleaner
0.0	0.064	0.002755375811830163	0.010816825553774834	0.01571514457464218	0.07827045023441315	0.02960064634680748	0.003610266139730811	0.04335405305027962	0.17978830635547638	0.027929753065109253	0.003632807871326804
0.064	0.128	0.002755375811830163	0.010816825553774834	0.01571514457464218	0.06705738604068756	0.02960064634680748	0.003610266139730811	0.03891754150390625	0.17978830635547638	0.026764728128910065	0.003632807871326804
0.128	0.192	0.0021631657145917416	0.010816825553774834	0.0154416523873806	0.04471057280898094	0.02960064634680748	0.0028401927556842566	0.03891754150390625	0.17904643714427948	0.026764728128910065	0.0029043713584542274
0.192	0.256	0.0019518102053552866	0.010816825553774834	0.0154416523873806	0.04471057280898094	0.02960064634680748	0.002589141484349966	0.03792691230773926	0.17904643714427948	0.025605322793126106	0.0026362885255366564
0.256	0.32	0.0017645142506808043	0.010816825553774834	0.0154416523873806	0.04471057280898094	0.02960064634680748	0.002452220767736435	0.03266889974474907	0.17904643714427948	0.020249420776963234	0.002376234158873558
0.32	0.384	0.0016378671862185001	0.010115829296410084	0.010248220525681973	0.029202302917838097	0.02254221960902214	0.0024327950086444616	0.022311219945549965	0.15059785544872284	0.01413216907531023	0.002336351666599512
0.384	0.448	0.0015931406524032354	0.009660955518484116	0.010248220525681973	0.02622288092970848	0.020202137529850006	0.002387052634730935	0.02002204768359661	0.14866970479488373	0.012206437066197395	0.0022873906418681145
0.448	0.512	0.0015223564114421606	0.009202297776937485	0.010248220525681973	0.022043239325284958	0.016910046339035034	0.0022944402880966663	0.017483409494161606	0.14358218014240265	0.010517115704715252	0.0022795514669269323
0.512	0.576	0.0014883370604366064	0.009137148037552834	0.009648604318499565	0.015323072671890259	0.013924059458076954	0.0021526620257645845	0.015185434371232986	0.13508352637290955	0.010517115704715252	0.002275478793308139
