onset	offset	Alarm_bell_ringing	Blender	Cat	Dishes	Dog	Electric_shaver_toothbrush	Frying	Running_water	Speech	Vacuum_cleaner
0.0	0.064	0.0008659883751533926	0.010085229761898518	0.0005174189573153853	0.0045388066209852695	0.0006189369596540928	0.00040103693027049303	0.0017544114962220192	0.0006205724785104394	0.0072316136211156845	0.0009716126951389015
0.064	0.128	0.0008659883751533926	0.010085229761898518	0.0005251567345112562	0.0053940219804644585	0.0006788215250708163	0.0004231477505527437	0.001641836017370224	0.0006205724785104394	0.008638136088848114	0.0009716126951389015
0.128	0.192	0.0008659883751533926	0.010085229761898518	0.0005251567345112562	0.0053940219804644585	0.0006788215250708163	0.0004231477505527437	0.001641836017370224	0.0005761615466326475	0.01038364414125681	0.0007990028825588524
0.192	0.256	0.0008631706004962325	0.010085229761898518	0.0005174189573153853	0.0045388066209852695	0.000643103732727468	0.00040103693027049303	0.0016009712126106024	0.0005631904350593686	0.01038364414125681	0.0007511943113058805
0.256	0.32	0.0007916424656286836	0.010085229761898518	0.0004490870051085949	0.004467463586479425	0.0006189369596540928	0.00039366079727187753	0.0010978109203279018	0.0005552428192459047	0.010921811684966087	0.0005478580133058131
0.32	0.384	0.0007916424656286836	0.007780521176755428	0.0005174189573153853	0.0041012633591890335	0.000643103732727468	0.00035782481427304447	0.0007380317547358572	0.0005552428192459047	0.01585439033806324	0.0004548326542135328
0.384	0.448	0.0007916424656286836	0.0033568942453712225	0.0005251567345112562	0.0041012633591890335	0.0006788215250708163	0.00035782481427304447	0.0006322088884189725	0.0005631904350593686	0.031080830842256546	0.0004548326542135328
0.448	0.512	0.0007916424656286836	0.0033568942453712225	0.0005251567345112562	0.0041012633591890335	0.0006816432578489184	0.00035782481427304447	0.0006322088884189725	0.0005631904350593686	0.06995702534914017	0.0004321558226365596
0.512	0.576	0.0008658217266201973	0.0033568942453712225	0.0005475745419971645	0.0041012633591890335	0.0006816432578489184	0.00035782481427304447	0.0006322088884189725	0.0005779829225502908	0.34915655851364136	0.0004268334014341235
