onset	offset	Alarm_bell_ringing	Blender	Cat	Dishes	Dog	Electric_shaver_toothbrush	Frying	Running_water	Speech	Vacuum_cleaner
0.0	0.064	0.0017423781100660563	0.00041065941331908107	0.0010187174193561077	0.00215752050280571	0.003117091255262494	0.0005285342922434211	0.0010693153599277139	0.0008509625331498682	0.00256739417091012	0.0003028396749868989
0.064	0.128	0.0017423781100660563	0.00041065941331908107	0.0010187174193561077	0.00215752050280571	0.003117091255262494	0.0005285342922434211	0.0010693153599277139	0.0008509625331498682	0.00256739417091012	0.0003028396749868989
0.128	0.192	0.0012747098226100206	0.0003493191907182336	0.000927572778891772	0.0014215410919860005	0.0026811438146978617	0.00047603645361959934	0.0007915092865005136	0.0007016199524514377	0.002292383462190628	0.00024127766664605588
0.192	0.256	0.0010003914358094335	0.00026801685453392565	0.0008713963907212019	0.0010110909352079034	0.0026811438146978617	0.0004505030228756368	0.0006464900798164308	0.0006353625794872642	0.002179778413847089	0.00020895758643746376
0.256	0.32	0.0008151441579684615	0.0002146721089957282	0.0008119085105136037	0.0008100452832877636	0.0026811438146978617	0.0004395633586682379	0.0005833319155499339	0.0006003094604238868	0.0020627090707421303	0.00018283302779309452
0.32	0.384	0.0007395485881716013	0.00018323183758184314	0.0007656621746718884	0.0007338500581681728	0.0026811438146978617	0.0004371007962618023	0.0005341648356989026	0.000563704059459269	0.001984542701393366	0.00016332183440681547
0.384	0.448	0.0007395485881716013	0.00016565213445574045	0.0007416956359520555	0.0007217680104076862	0.0027002745773643255	0.0004371007962618023	0.0004909622366540134	0.0005339236231520772	0.0019731309730559587	0.00015083425387274474
0.448	0.512	0.0007395485881716013	0.00015353383787442	0.000733222346752882	0.0007217680104076862	0.002911150921136141	0.0004371007962618023	0.00045661962940357625	0.0005083701689727604	0.0019731309730559587	0.00014065099821891636
0.512	0.576	0.0007395485881716013	0.00014604030002374202	0.0007181820110417902	0.0007217680104076862	0.0032504978589713573	0.0004371007962618023	0.00043399599962867796	0.0004900686908513308	0.0019731309730559587	0.000133207839098759
