onset	offset	Alarm_bell_ringing	Blender	Cat	Dishes	Dog	Electric_shaver_toothbrush	Frying	Running_water	Speech	Vacuum_cleaner
0.0	0.064	0.001166413421742618	0.001472047995775938	0.0008288377430289984	0.0037019061855971813	0.0007192062912508845	0.06788774579763412	0.005546034313738346	0.0007809745147824287	0.004394242540001869	0.017802255228161812
0.064	0.128	0.001166413421742618	0.001472047995775938	0.0007586758001707494	0.0037019061855971813	0.0007192062912508845	0.06788774579763412	0.005866602994501591	0.0007809745147824287	0.004394242540001869	0.017802255228161812
0.128	0.192	0.0008693367126397789	0.0013462257338687778	0.0007586758001707494	0.0029248734936118126	0.0005395081825554371	0.07416018098592758	0.006305724382400513	0.0006953304982744157	0.0038436828181147575	0.016985684633255005
0.192	0.256	0.0007257402176037431	0.001288643223233521	0.0007314399117603898	0.0027801210526376963	0.0005052848136983812	0.07416018098592758	0.006305724382400513	0.0006608699331991374	0.0034090266562998295	0.01655399240553379
0.256	0.32	0.0006295377970673144	0.0012120353057980537	0.0005988668417558074	0.0027801210526376963	0.0004967083223164082	0.07675809413194656	0.006077406462281942	0.0006300890818238258	0.0030911420471966267	0.016492096707224846
0.32	0.384	0.0005741948261857033	0.001105009694583714	0.0005988668417558074	0.0027801210526376963	0.00048367935232818127	0.07708452641963959	0.006077406462281942	0.0006045999471098185	0.003034591907635331	0.01625785045325756
0.384	0.448	0.0005586798069998622	0.0009704145486466587	0.0005988668417558074	0.0027801210526376963	0.00047395980800502	0.07791446149349213	0.006077406462281942	0.0005975859821774065	0.003034591907635331	0.015864601358771324
0.448	0.512	0.0005586798069998622	0.0009650089778006077	0.0005988668417558074	0.0029792136047035456	0.00047395980800502	0.0907198041677475	0.006077406462281942	0.0005975859821774065	0.003002868266776204	0.014292120933532715
0.512	0.576	0.0005586798069998622	0.0009650089778006077	0.0006791531923227012	0.0029792136047035456	0.0004753329267259687	0.10917524248361588	0.005445812828838825	0.0005975859821774065	0.00289537338539958	0.011793814599514008
