onset	offset	Alarm_bell_ringing	Blender	Cat	Dishes	Dog	Electric_shaver_toothbrush	Frying	Running_water	Speech	Vacuum_cleaner
0.0	0.064	0.00073121307650581	0.0007150229066610336	0.0018934744875878096	0.0019441101467236876	0.0011746134841814637	0.002186788013204932	0.015082060359418392	0.2496764361858368	0.13125960528850555	0.00227110693231225
0.064	0.128	0.000803458271548152	0.0007150229066610336	0.0018934744875878096	0.002357387449592352	0.0014603795716539025	0.002186788013204932	0.015082060359418392	0.25712865591049194	0.13125960528850555	0.00227110693231225
0.128	0.192	0.0008919829269871116	0.0008114548400044441	0.0019472639542073011	0.0025187439750880003	0.0015521819004788995	0.0024284624960273504	0.014756236225366592	0.25712865591049194	0.19977103173732758	0.00227110693231225
0.192	0.256	0.0008919829269871116	0.0008114548400044441	0.002860837383195758	0.0025187439750880003	0.0015521819004788995	0.0024284624960273504	0.014756236225366592	0.28738248348236084	0.49783480167388916	0.00227110693231225
0.256	0.32	0.0008919829269871116	0.0009534136625006795	0.0037374363746494055	0.002750702202320099	0.0021423418074846268	0.002784031443297863	0.01417073979973793	0.33323872089385986	0.8660018444061279	0.00227110693231225
0.32	0.384	0.001083139213733375	0.0012837614631280303	0.004359212704002857	0.003697605337947607	0.0028230047319084406	0.0033869282342493534	0.01417073979973793	0.40035223960876465	0.936859667301178	0.0022791253868490458
0.384	0.448	0.001083139213733375	0.0014188475906848907	0.005245574750006199	0.003769875504076481	0.0030547871720045805	0.003762660315260291	0.01417073979973793	0.45206087827682495	0.948660135269165	0.002296595834195614
0.448	0.512	0.0011295306030660868	0.0014197836862877011	0.005321995355188847	0.003974596504122019	0.0030820302199572325	0.003762660315260291	0.01417073979973793	0.48260727524757385	0.948660135269165	0.002296595834195614
0.512	0.576	0.0011516293743625283	0.0014696409925818443	0.005321995355188847	0.00408433610573411	0.003305148333311081	0.003839715849608183	0.01579175516963005	0.534181535243988	0.948660135269165	0.002296595834195614
