onset	offset	Alarm_bell_ringing	Blender	Cat	Dishes	Dog	Electric_shaver_toothbrush	Frying	Running_water	Speech	Vacuum_cleaner
0.0	0.064	0.0046289535239338875	0.0032769234385341406	0.0029519754461944103	0.018897593021392822	0.005822435021400452	0.019356554374098778	0.009974020533263683	0.004908889066427946	0.9898682832717896	0.006994551979005337
0.064	0.128	0.0046289535239338875	0.0032769234385341406	0.0029519754461944103	0.018897593021392822	0.005822435021400452	0.019356554374098778	0.01011380460113287	0.004908889066427946	0.9898682832717896	0.006994551979005337
0.128	0.192	0.0046289535239338875	0.002552841091528535	0.0029575610533356667	0.01787041686475277	0.0063088200986385345	0.018611926585435867	0.01011380460113287	0.0048094806261360645	0.9913739562034607	0.005621267482638359
0.192	0.256	0.004439319018274546	0.002430367050692439	0.0029575610533356667	0.01757509633898735	0.008480445481836796	0.018611926585435867	0.010756837204098701	0.004146588034927845	0.9920709729194641	0.004572292789816856
0.256	0.32	0.004284345079213381	0.002331400755792856	0.0029519754461944103	0.01659604161977768	0.010909107513725758	0.018611926585435867	0.01320123765617609	0.004035167396068573	0.9924694895744324	0.004345557652413845
0.32	0.384	0.004284345079213381	0.0021252583246678114	0.0029519754461944103	0.01579350419342518	0.010909107513725758	0.018044136464595795	0.015032500959932804	0.0035376641899347305	0.9924759268760681	0.003859691321849823
0.384	0.448	0.004284345079213381	0.001970532350242138	0.002946320688351989	0.015714304521679878	0.010909107513725758	0.017576949670910835	0.016665227711200714	0.0031102707143872976	0.9924759268760681	0.0036006849259138107
0.448	0.512	0.004284345079213381	0.001662793685682118	0.0029031396843492985	0.015714304521679878	0.010909107513725758	0.01733190193772316	0.01796260103583336	0.002880542539060116	0.9924759268760681	0.0033904726151376963
0.512	0.576	0.004247280303388834	0.001416176208294928	0.002883163746446371	0.013210364617407322	0.008184158243238926	0.01733190193772316	0.018838942050933838	0.0026110501494258642	0.9924759268760681	0.0030235988087952137
