onset	offset	Alarm_bell_ringing	Blender	Cat	Dishes	Dog	Electric_shaver_toothbrush	Frying	Running_water	Speech	Vacuum_cleaner
0.0	0.064	0.0022858830634504557	0.0008172200177796185	0.0011442957911640406	0.0022277587559074163	0.001021379022859037	0.000851664983201772	0.015704724937677383	0.013364727608859539	0.003332110121846199	0.0020323365461081266
0.064	0.128	0.0022858830634504557	0.0008172200177796185	0.0011442957911640406	0.0022277587559074163	0.001021379022859037	0.000851664983201772	0.015704724937677383	0.013364727608859539	0.003332110121846199	0.0020323365461081266
0.128	0.192	0.001590557163581252	0.0006920116138644516	0.0009816590463742614	0.001721958047710359	0.0008680620812810957	0.0007884217775426805	0.014491982758045197	0.012488670647144318	0.002871935488656163	0.0019014738500118256
0.192	0.256	0.0013122238451614976	0.000646362779662013	0.0009816590463742614	0.0015156788285821676	0.0008680620812810957	0.000747315410990268	0.013409682549536228	0.011905858293175697	0.002861690241843462	0.0017373758601024747
0.256	0.32	0.0011750321136787534	0.0006136786541901529	0.0009721204987727106	0.0013573418837040663	0.0008680620812810957	0.0007161050452850759	0.01251530833542347	0.011239011771976948	0.002861690241843462	0.001528158551082015
0.32	0.384	0.0011027030413970351	0.0005849896697327495	0.0009457965497858822	0.0012712052557617426	0.0008680620812810957	0.0007064961246214807	0.01221065130084753	0.010830278508365154	0.002861690241843462	0.0013577718054875731
0.384	0.448	0.0010710714850574732	0.0005516782985068858	0.0009439227869734168	0.0012642268557101488	0.0008680620812810957	0.0007064961246214807	0.011853578500449657	0.010428805835545063	0.002871935488656163	0.0012299728114157915
0.448	0.512	0.0010397839359939098	0.0005071744089946151	0.0009020550060085952	0.0012550988467410207	0.0008703852654434741	0.0007011149427853525	0.011853578500449657	0.010046666488051414	0.002956586889922619	0.001100396504625678
0.512	0.576	0.0010224281577393413	0.0004732936213258654	0.0008551515056751668	0.0012550988467410207	0.0009305314742960036	0.0007011149427853525	0.01184513047337532	0.009881568141281605	0.0029591277707368135	0.0010057833278551698
