onset	offset	Alarm_bell_ringing	Blender	Cat	Dishes	Dog	Electric_shaver_toothbrush	Frying	Running_water	Speech	Vacuum_cleaner
0.0	0.064	0.002789759077131748	0.0022913769353181124	0.0106243547052145	0.03848807141184807	0.013006795197725296	0.008823186159133911	0.18374457955360413	0.01589616760611534	0.7607232332229614	0.003811224829405546
0.064	0.128	0.002789759077131748	0.0022913769353181124	0.0106243547052145	0.03848807141184807	0.013006795197725296	0.008823186159133911	0.18374457955360413	0.01589616760611534	0.7607232332229614	0.003811224829405546
0.128	0.192	0.0023779235780239105	0.0019747496116906404	0.010216698981821537	0.035150229930877686	0.013006795197725296	0.008033198304474354	0.20412057638168335	0.01600281521677971	0.763961136341095	0.0036513989325612783
0.192	0.256	0.002094063675031066	0.0015726732090115547	0.010216698981821537	0.031143803149461746	0.013172483071684837	0.007300299592316151	0.2142362743616104	0.01600281521677971	0.763961136341095	0.0033903727307915688
0.256	0.32	0.0018876978429034352	0.0015703883254900575	0.010216698981821537	0.027492864057421684	0.013172483071684837	0.006754237227141857	0.2170836478471756	0.01600281521677971	0.763961136341095	0.0030898505356162786
0.32	0.384	0.0018876978429034352	0.0014921579277142882	0.010216698981821537	0.026910707354545593	0.013172483071684837	0.0065338704735040665	0.2199772298336029	0.016313116997480392	0.7744141817092896	0.002800615271553397
0.384	0.448	0.0018876978429034352	0.0013865926302969456	0.010328669100999832	0.026910707354545593	0.0128102358430624	0.00644470052793622	0.22693611681461334	0.01731278747320175	0.7872968912124634	0.0024751012679189444
0.448	0.512	0.0018737743375822902	0.001381231239065528	0.010328669100999832	0.026910707354545593	0.012742020189762115	0.00644470052793622	0.23079682886600494	0.01810966432094574	0.7996885180473328	0.0021658455953001976
0.512	0.576	0.0018011298961937428	0.0013740073191002011	0.010328669100999832	0.026910707354545593	0.011697015725076199	0.00644470052793622	0.23481225967407227	0.0181172676384449	0.802916407585144	0.0019482391653582454
