onset	offset	Alarm_bell_ringing	Blender	Cat	Dishes	Dog	Electric_shaver_toothbrush	Frying	Running_water	Speech	Vacuum_cleaner
0.0	0.064	0.0015243298839777708	0.0011588752968236804	0.0008157739648595452	0.0027062559965997934	0.0008150952635332942	0.0008080636034719646	0.0074755907990038395	0.9810416102409363	0.0055341883562505245	0.003221237799152732
0.064	0.128	0.0015243298839777708	0.0010946670081466436	0.0008157739648595452	0.0027062559965997934	0.0008150952635332942	0.0008080636034719646	0.0074755907990038395	0.9810416102409363	0.0055341883562505245	0.003221237799152732
0.128	0.192	0.0011335107265040278	0.0010946670081466436	0.000716213253326714	0.0020637293346226215	0.0008150952635332942	0.0007231346680782735	0.005835267715156078	0.987473726272583	0.005075185559689999	0.0020826596301048994
0.192	0.256	0.0009721233509480953	0.001090139034204185	0.0006675320328213274	0.0017600130522623658	0.0008142212172970176	0.0006492547108791769	0.004783998243510723	0.9910468459129333	0.0048453910276293755	0.0015204990049824119
0.256	0.32	0.000873688084539026	0.0009528751252219081	0.0006553951534442604	0.0016521102515980601	0.0008140520076267421	0.0005765128298662603	0.0041280812583863735	0.9920786023139954	0.004719013813883066	0.0012562207411974669
0.32	0.384	0.000836702820379287	0.0008353950688615441	0.000641911115963012	0.0016468529356643558	0.0007825706852599978	0.000532179547008127	0.0037350652273744345	0.992450475692749	0.00455493526533246	0.0011314102448523045
0.384	0.448	0.0008238310692831874	0.0007338773575611413	0.0005761500215157866	0.0015192717546597123	0.0007813471020199358	0.0005045013967901468	0.003464852459728718	0.9924736022949219	0.004458874464035034	0.0010499765630811453
0.448	0.512	0.0008102823630906641	0.0007281052530743182	0.00043089952669106424	0.0013579688966274261	0.0007211595657281578	0.0004997841315343976	0.0033700333442538977	0.9925861954689026	0.004445502068847418	0.000981428544037044
0.512	0.576	0.0008073374046944082	0.0007267399341799319	0.00042010319884866476	0.001221874845214188	0.0006978298770263791	0.000499515503179282	0.003132555168122053	0.9928446412086487	0.004424515645951033	0.0009140117326751351
