onset	offset	Alarm_bell_ringing	Blender	Cat	Dishes	Dog	Electric_shaver_toothbrush	Frying	Running_water	Speech	Vacuum_cleaner
0.0	0.064	0.00016560949734412134	0.00019258871907368302	0.007264923304319382	0.0007003619684837759	0.0004628064634744078	8.952502685133368e-05	0.0005539247649721801	0.0010492551373317838	0.0019253782229498029	0.00156489759683609
0.064	0.128	0.00016560949734412134	0.00019258871907368302	0.007264923304319382	0.0007003619684837759	0.0004628064634744078	8.952502685133368e-05	0.0005539247649721801	0.0010492551373317838	0.0019253782229498029	0.00156489759683609
0.128	0.192	0.00013638910604640841	0.00015301660459954292	0.008536936715245247	0.0005420921952463686	0.0004069707647431642	6.999213655944914e-05	0.0005230714450590312	0.0009056932758539915	0.0016575907357037067	0.0013262899592518806
0.192	0.256	0.00013303685409482569	0.00015301660459954292	0.008536936715245247	0.0005420921952463686	0.0004069707647431642	5.978014087304473e-05	0.0005190017982386053	0.0008355404133908451	0.0016575907357037067	0.0013262899592518806
0.256	0.32	0.00013303685409482569	0.00015301660459954292	0.008536936715245247	0.0005420921952463686	0.0004069707647431642	5.978014087304473e-05	0.0005190017982386053	0.0008143076556734741	0.0016575907357037067	0.0013262899592518806
0.32	0.384	0.00013303685409482569	0.00015301660459954292	0.012744234874844551	0.0005420921952463686	0.0004069707647431642	5.978014087304473e-05	0.0005190017982386053	0.0008143076556734741	0.0016575907357037067	0.0012871676590293646
0.384	0.448	0.00013303685409482569	0.0001593651541043073	0.04071948677301407	0.0007036408060230315	0.0005334083107300103	5.978014087304473e-05	0.0005190017982386053	0.0008143076556734741	0.0017545308219268918	0.00118920742534101
0.448	0.512	0.00020411165314726532	0.0003903837059624493	0.4389512538909912	0.0010559734655544162	0.0007170324679464102	9.189367847284302e-05	0.0005157379200682044	0.0008143076556734741	0.002741520758718252	0.0011423244141042233
0.512	0.576	0.0007480508065782487	0.00043230620212852955	0.9723979830741882	0.0011375020258128643	0.000760496302973479	0.0002699499891605228	0.0005157379200682044	0.0008587774354964495	0.007305419072508812	0.0011423244141042233
