onset	offset	Alarm_bell_ringing	Blender	Cat	Dishes	Dog	Electric_shaver_toothbrush	Frying	Running_water	Speech	Vacuum_cleaner
0.0	0.064	0.002234384650364518	0.001655199914239347	0.002721671015024185	0.0010788100771605968	0.001615489018149674	0.0017261222237721086	0.0031015598215162754	0.004983295686542988	0.006246741861104965	0.9762352705001831
0.064	0.128	0.002234384650364518	0.001655199914239347	0.002721671015024185	0.0010788100771605968	0.001615489018149674	0.0017261222237721086	0.0031015598215162754	0.004983295686542988	0.006246741861104965	0.9762352705001831
0.128	0.192	0.0017101103439927101	0.0012442340375855565	0.0022678386885672808	0.0009215086465701461	0.001615489018149674	0.0013824187917634845	0.002506304532289505	0.003982239402830601	0.004382251296192408	0.9775535464286804
0.192	0.256	0.0013548763236030936	0.000967170752119273	0.0019621795509010553	0.0007921774522401392	0.0016050831181928515	0.0011225646594539285	0.002095852978527546	0.0033733579330146313	0.003805131884291768	0.9786487221717834
0.256	0.32	0.0011316335294395685	0.0007831476395949721	0.0018715773476287723	0.0007527984562329948	0.0015658328775316477	0.0009802422719076276	0.0018549433443695307	0.002740222495049238	0.003749971045181155	0.978694498538971
0.32	0.384	0.000982939382083714	0.0006842127768322825	0.0018389776814728975	0.0007280788267962635	0.001529117813333869	0.000906697881873697	0.0017317835008725524	0.0023627551272511482	0.0037468012887984514	0.9789050221443176
0.384	0.448	0.0008961876155808568	0.0006242061499506235	0.001813548500649631	0.0006918206927366555	0.001529117813333869	0.0008608736097812653	0.0016567916609346867	0.0021931712981313467	0.0037394543178379536	0.9791781902313232
0.448	0.512	0.0008511141641065478	0.0005898794624954462	0.001789238303899765	0.0006687322747893631	0.001529117813333869	0.0008318618638440967	0.001614116132259369	0.0021350160241127014	0.003720405977219343	0.9795591831207275
0.512	0.576	0.0008184797479771078	0.000568786752410233	0.0017677590949460864	0.0006520852912217379	0.001529117813333869	0.0008073293720372021	0.0015913336537778378	0.00211049010977149	0.003711200086399913	0.9799917936325073
