onset	offset	Alarm_bell_ringing	Blender	Cat	Dishes	Dog	Electric_shaver_toothbrush	Frying	Running_water	Speech	Vacuum_cleaner
0.0	0.064	0.014432670548558235	0.005946475546807051	0.011333141475915909	0.01914582960307598	0.9358887672424316	0.008244351483881474	0.007817260921001434	0.06177522614598274	0.47483253479003906	0.003251939546316862
0.064	0.128	0.014432670548558235	0.005946475546807051	0.011333141475915909	0.01914582960307598	0.9358887672424316	0.008244351483881474	0.007817260921001434	0.06177522614598274	0.47483253479003906	0.003251939546316862
0.128	0.192	0.012091843411326408	0.004365474916994572	0.010439134202897549	0.01431927178055048	0.9358887672424316	0.007753353100270033	0.006117864977568388	0.042075272649526596	0.47483253479003906	0.002499822061508894
0.192	0.256	0.012091843411326408	0.003766118548810482	0.010343565605580807	0.012539753690361977	0.9358887672424316	0.007718588225543499	0.006117864977568388	0.0378381721675396	0.47483253479003906	0.0023147142492234707
0.256	0.32	0.012091843411326408	0.003547550179064274	0.009152236394584179	0.011587586253881454	0.939163863658905	0.007013223599642515	0.006092896685004234	0.036959439516067505	0.47483253479003906	0.002200727816671133
0.32	0.384	0.012091843411326408	0.003547550179064274	0.008186446502804756	0.010800990276038647	0.9408692717552185	0.006812292151153088	0.005574902985244989	0.0364735871553421	0.453429251909256	0.0021902609150856733
0.384	0.448	0.013962325640022755	0.003547550179064274	0.007260151207447052	0.010583778843283653	0.9408692717552185	0.00617222348228097	0.0054181660525500774	0.034704260528087616	0.4507436454296112	0.0021097499411553144
0.448	0.512	0.01674373634159565	0.003547550179064274	0.007131034042686224	0.01007900945842266	0.964381754398346	0.0059624421410262585	0.005184747278690338	0.03135868161916733	0.44905558228492737	0.001670660451054573
0.512	0.576	0.01732552796602249	0.004153933376073837	0.007131034042686224	0.009106677025556564	0.964381754398346	0.005838723387569189	0.0031821748707443476	0.020854515954852104	0.4301198124885559	0.0014465289423242211
