onset	offset	Alarm_bell_ringing	Blender	Cat	Dishes	Dog	Electric_shaver_toothbrush	Frying	Running_water	Speech	Vacuum_cleaner
0.0	0.064	0.00041680250433273613	0.00021745875710621476	0.00041868851985782385	0.00039332237793132663	0.00041397757013328373	0.00018043046293314546	0.00040467912913300097	0.0002836371713783592	0.0022282167337834835	0.016973134130239487
0.064	0.128	0.00041680250433273613	0.00021745875710621476	0.00041868851985782385	0.00039332237793132663	0.00044566765427589417	0.00018043046293314546	0.00040467912913300097	0.0002836371713783592	0.0022282167337834835	0.016973134130239487
0.128	0.192	0.00041680250433273613	0.00021745875710621476	0.00039162792381830513	0.00039332237793132663	0.0004756556882057339	0.00018043046293314546	0.00033722352236509323	0.0002836371713783592	0.0022282167337834835	0.014439421705901623
0.192	0.256	0.00041680250433273613	0.00021745875710621476	0.00038181242416612804	0.00039332237793132663	0.0004756556882057339	0.00018043046293314546	0.0002828265423886478	0.0002836371713783592	0.0022282167337834835	0.012166449800133705
0.256	0.32	0.00041680250433273613	0.00021745875710621476	0.00037095817970111966	0.00039332237793132663	0.0004756556882057339	0.00018043046293314546	0.00023862585658207536	0.0002836371713783592	0.0022282167337834835	0.010352644138038158
0.32	0.384	0.00038597272941842675	0.00024693956947885454	0.00028368530911393464	0.0007118857465684414	0.0005227564834058285	0.0001715846301522106	0.00016864342615008354	0.00023629322822671384	0.002224368741735816	0.008155538700520992
0.384	0.448	0.00038597272941842675	0.00024693956947885454	0.00027964782202616334	0.0007118857465684414	0.0005227564834058285	0.0001715846301522106	0.00015109812375158072	0.00021793348423670977	0.002224368741735816	0.004447823856025934
0.448	0.512	0.00038597272941842675	0.00024693956947885454	0.00027964782202616334	0.0007118857465684414	0.0005227564834058285	0.0001715846301522106	0.00014656790881417692	0.00021793348423670977	0.002224368741735816	0.004251739475876093
0.512	0.576	0.000357171637006104	0.00024693956947885454	0.00027964782202616334	0.0007118857465684414	0.0005227564834058285	0.00014465863932855427	0.00014656790881417692	0.00021793348423670977	0.0019291266798973083	0.00420768279582262
