onset	offset	Alarm_bell_ringing	Blender	Cat	Dishes	Dog	Electric_shaver_toothbrush	Frying	Running_water	Speech	Vacuum_cleaner
0.0	0.064	0.0035982702393084764	0.002978373784571886	0.002003896050155163	0.012773876078426838	0.004856596700847149	0.14075547456741333	0.011661866679787636	0.002187845529988408	0.35796210169792175	0.00956933293491602
0.064	0.128	0.0036064651794731617	0.002978373784571886	0.0021073659881949425	0.012773876078426838	0.005899424199014902	0.14075547456741333	0.011661866679787636	0.002275138860568404	0.35796210169792175	0.00956933293491602
0.128	0.192	0.004964703693985939	0.002978373784571886	0.002606716239824891	0.008589212782680988	0.00718239089474082	0.10646358132362366	0.007713517174124718	0.002275138860568404	0.6287543773651123	0.007606863044202328
0.192	0.256	0.004964703693985939	0.0023364804219454527	0.0025223286356776953	0.008589212782680988	0.006957391742616892	0.09169149398803711	0.005643888842314482	0.002187845529988408	0.9349521994590759	0.005498997867107391
0.256	0.32	0.004964703693985939	0.002057268749922514	0.0025167176499962807	0.008589212782680988	0.006957391742616892	0.08980639278888702	0.005524140782654285	0.0021803155541419983	0.9816421270370483	0.003935453947633505
0.32	0.384	0.0055955867283046246	0.001884348806925118	0.0025167176499962807	0.008589212782680988	0.007009116001427174	0.08570393919944763	0.005093819461762905	0.0021803155541419983	0.986770510673523	0.0029963369015604258
0.384	0.448	0.0056990585289895535	0.001820068689994514	0.0025167176499962807	0.009131441824138165	0.007009116001427174	0.08314716070890427	0.004972941242158413	0.0020270727109164	0.9883694648742676	0.0025048519019037485
0.448	0.512	0.005700136534869671	0.0017864684341475368	0.0025167176499962807	0.009362216107547283	0.007009116001427174	0.07935447990894318	0.004625973291695118	0.001858435571193695	0.9884688258171082	0.0023259560111910105
0.512	0.576	0.005776359234005213	0.0017239617882296443	0.0023499170783907175	0.009362216107547283	0.006957391742616892	0.0749126523733139	0.004337537568062544	0.001783655141480267	0.9884688258171082	0.0021891752257943153
