onset	offset	Alarm_bell_ringing	Blender	Cat	Dishes	Dog	Electric_shaver_toothbrush	Frying	Running_water	Speech	Vacuum_cleaner
0.0	0.064	0.00285590928979218	0.0010408825473859906	0.002941453130915761	0.0035869358107447624	0.0025566162075847387	0.7400287985801697	0.027667120099067688	0.004774000961333513	0.535645067691803	0.008508454076945782
0.064	0.128	0.00285590928979218	0.0010408825473859906	0.003003697609528899	0.0035869358107447624	0.0025566162075847387	0.7400287985801697	0.026052312925457954	0.004774000961333513	0.535645067691803	0.008508454076945782
0.128	0.192	0.002296117367222905	0.0009312965557910502	0.003003697609528899	0.002923704218119383	0.002192820655182004	0.7739319801330566	0.026052312925457954	0.003947391640394926	0.5073508620262146	0.006582333706319332
0.192	0.256	0.0019988128915429115	0.0008543972508050501	0.003108362900093198	0.002644734922796488	0.002015971578657627	0.801789402961731	0.024964524433016777	0.0035600350238382816	0.4841606020927429	0.005687265656888485
0.256	0.32	0.001767049077898264	0.0007836781442165375	0.003108362900093198	0.0024986430071294308	0.0019236908992752433	0.8226892948150635	0.023038165643811226	0.0033692691940814257	0.45467039942741394	0.005119231529533863
0.32	0.384	0.001556167146191001	0.0007443020003847778	0.003108362900093198	0.002467128448188305	0.001806766027584672	0.8365597724914551	0.023038165643811226	0.003264279803261161	0.4215892255306244	0.004520635586231947
0.384	0.448	0.0013834349811077118	0.0006812717183493078	0.003108362900093198	0.002450624480843544	0.0016925885574892163	0.846602201461792	0.023038165643811226	0.003228777786716819	0.38288676738739014	0.004044130444526672
0.448	0.512	0.0012481315061450005	0.0006566572119481862	0.002802320523187518	0.002450624480843544	0.0016349427169188857	0.8551615476608276	0.023038165643811226	0.0032265197951346636	0.3270571231842041	0.0037379672285169363
0.512	0.576	0.0011729029938578606	0.0006566572119481862	0.0025038309395313263	0.002450624480843544	0.001618103589862585	0.863269567489624	0.022753896191716194	0.0031921251211315393	0.2585241198539734	0.0035602280404418707
