onset	offset	Alarm_bell_ringing	Blender	Cat	Dishes	Dog	Electric_shaver_toothbrush	Frying	Running_water	Speech	Vacuum_cleaner
0.0	0.064	0.0016671019839122891	0.0005662412149831653	0.0029082540422677994	0.0020202631130814552	0.0007892873254604638	0.005747152958065271	0.0018454970559105277	0.002477490110322833	0.0026619124691933393	0.00570644810795784
0.064	0.128	0.0016671019839122891	0.0005662412149831653	0.0029082540422677994	0.0020202631130814552	0.0007892873254604638	0.005747152958065271	0.0018454970559105277	0.002477490110322833	0.0026619124691933393	0.00570644810795784
0.128	0.192	0.0012390404008328915	0.00043838811689056456	0.002484653377905488	0.0015760987298563123	0.000749038765206933	0.004955177195370197	0.0016516571631655097	0.0019776574335992336	0.00217837025411427	0.0046697636134922504
0.192	0.256	0.0010108442511409521	0.0003740474639926106	0.0024058243725448847	0.001407212344929576	0.000749038765206933	0.004665704909712076	0.0014923646813258529	0.0016393944388255477	0.0020314056891947985	0.003836460178717971
0.256	0.32	0.0009080314193852246	0.0003269129083491862	0.0023988911416381598	0.0013363868929445744	0.000749038765206933	0.004631113726645708	0.0013939489144831896	0.0013449890539050102	0.0019311208743602037	0.003179651452228427
0.32	0.384	0.000858701765537262	0.0002876087964978069	0.0023947274312376976	0.0012672480661422014	0.000749038765206933	0.004534568637609482	0.0012643726076930761	0.0011565991444513202	0.001842342782765627	0.0026361283380538225
0.384	0.448	0.0008345585665665567	0.0002666351792868227	0.0022407006472349167	0.0012011462822556496	0.0007767732604406774	0.004357479978352785	0.0011602577287703753	0.001075822045095265	0.0017977699171751738	0.002292234217748046
0.448	0.512	0.000817616528365761	0.0002559656568337232	0.0022407006472349167	0.001128758885897696	0.0007909193518571556	0.004132598172873259	0.0010854065185412765	0.0010352939134463668	0.0017721722833812237	0.0020786479581147432
0.512	0.576	0.0008057642262428999	0.0002543811278883368	0.0022407006472349167	0.001116675091907382	0.0008084984146989882	0.003937839530408382	0.0010270718485116959	0.0010149276349693537	0.001759322127327323	0.001949415192939341
