onset	offset	Alarm_bell_ringing	Blender	Cat	Dishes	Dog	Electric_shaver_toothbrush	Frying	Running_water	Speech	Vacuum_cleaner
0.0	0.064	0.006948653142899275	0.0035819155164062977	0.002113442402333021	0.0011892386246472597	0.0017380111385136843	0.0009506535134278238	0.00247824564576149	0.0023751230910420418	0.006218899507075548	0.9823968410491943
0.064	0.128	0.006948653142899275	0.0035819155164062977	0.002113442402333021	0.0011892386246472597	0.0017380111385136843	0.0009506535134278238	0.00247824564576149	0.0023751230910420418	0.006218899507075548	0.9823968410491943
0.128	0.192	0.00391756184399128	0.002402388956397772	0.0014221477322280407	0.0008959783590398729	0.0014122427674010396	0.0007419465691782534	0.0018299486255273223	0.001999828964471817	0.004638117738068104	0.9856797456741333
0.192	0.256	0.002461319323629141	0.0017791626742109656	0.001159987528808415	0.0007523387321271002	0.0013227873714640737	0.0007238103426061571	0.0012584296055138111	0.0018420113483443856	0.004638117738068104	0.986868143081665
0.256	0.32	0.0019149401923641562	0.0014149905182421207	0.001059252885170281	0.0006688495632261038	0.0012190371053293347	0.0007041797507554293	0.0010969332652166486	0.0017054715426638722	0.004638117738068104	0.9876371622085571
0.32	0.384	0.0017397459596395493	0.0012475341791287065	0.0010341770248487592	0.0006675492040812969	0.0011589453788474202	0.0006766845472157001	0.0010396784637123346	0.0016171972965821624	0.004638117738068104	0.9881068468093872
0.384	0.448	0.001552575035020709	0.0011343067744746804	0.0010080909123644233	0.0006675492040812969	0.0010784185724332929	0.0006491334643214941	0.0009981789626181126	0.0015701394295319915	0.004789599683135748	0.9883157014846802
0.448	0.512	0.0013198514934629202	0.001027801539748907	0.0009523183107376099	0.0006675492040812969	0.0010452489368617535	0.0006275872001424432	0.0009355422807857394	0.0014561574207618833	0.004865581635385752	0.9883262515068054
0.512	0.576	0.0011956123635172844	0.0009454803657718003	0.000909607857465744	0.0006688495632261038	0.0010452489368617535	0.0006071235984563828	0.0009355422807857394	0.00135884212795645	0.005067505408078432	0.988347589969635
