onset	offset	Alarm_bell_ringing	Blender	Cat	Dishes	Dog	Electric_shaver_toothbrush	Frying	Running_water	Speech	Vacuum_cleaner
0.0	0.064	0.0027845692820847034	0.0009216698817908764	0.002320034895092249	0.0039747850969433784	0.001373532461002469	0.000654638628475368	0.001576897338964045	0.0028908299282193184	0.0021419075783342123	0.002756741363555193
0.064	0.128	0.0027845692820847034	0.0009216698817908764	0.002320034895092249	0.0039747850969433784	0.001373532461002469	0.000654638628475368	0.001576897338964045	0.0028908299282193184	0.0021419075783342123	0.002756741363555193
0.128	0.192	0.0018100455636158586	0.0006935098790563643	0.0018602170748636127	0.0027175568975508213	0.0011642039753496647	0.0005620971787720919	0.0012928014621138573	0.002409782726317644	0.0018903212621808052	0.0023047523573040962
0.192	0.256	0.001447556191124022	0.0005869944579899311	0.0017159284325316548	0.0023379570338875055	0.0011642039753496647	0.0005154405371285975	0.0011742874048650265	0.0021557658910751343	0.0018294199835509062	0.002033705823123455
0.256	0.32	0.0013079677009955049	0.0005040446994826198	0.0017159284325316548	0.0022542299702763557	0.0011642039753496647	0.0004965660627931356	0.0011088489554822445	0.0019334834069013596	0.001792745548300445	0.001800654223188758
0.32	0.384	0.0012309607118368149	0.00044004045776091516	0.0017159284325316548	0.002205264987424016	0.0011642039753496647	0.0004897520993836224	0.0010601419489830732	0.0017675564158707857	0.0017635670956224203	0.0016183502739295363
0.384	0.448	0.0011858477955684066	0.00040092706331051886	0.0017159284325316548	0.002162313787266612	0.0012009729398414493	0.0004897520993836224	0.0010124080581590533	0.0016598475631326437	0.0017635670956224203	0.0014784553786739707
0.448	0.512	0.001163637381978333	0.0003806113381870091	0.001730482210405171	0.002162313787266612	0.0012606597738340497	0.0004897520993836224	0.0009692092426121235	0.0016008050879463553	0.0017635670956224203	0.0013681835262104869
0.512	0.576	0.0011632622918114066	0.00036503208684735	0.0017905306303873658	0.002162313787266612	0.0013763903407379985	0.0004897520993836224	0.0009438733104616404	0.0016008050879463553	0.0017635670956224203	0.0012774786446243525
