onset	offset	Alarm_bell_ringing	Blender	Cat	Dishes	Dog	Electric_shaver_toothbrush	Frying	Running_water	Speech	Vacuum_cleaner
0.0	0.064	0.019370747730135918	0.03232757747173309	0.12284587323665619	0.008890602737665176	0.006979614961892366	0.0023115198127925396	0.006964125670492649	0.0064573041163384914	0.009105261415243149	0.04149053618311882
0.064	0.128	0.019370747730135918	0.03232757747173309	0.12284587323665619	0.00882047601044178	0.006979614961892366	0.0023115198127925396	0.006964125670492649	0.0064573041163384914	0.009105261415243149	0.04149053618311882
0.128	0.192	0.01936555840075016	0.03721613436937332	0.13267722725868225	0.00882047601044178	0.005794906057417393	0.0021956698037683964	0.007457060273736715	0.0064573041163384914	0.007649460341781378	0.037036001682281494
0.192	0.256	0.01936555840075016	0.04308667033910751	0.14548128843307495	0.008621911518275738	0.004839588887989521	0.0020700227469205856	0.007529688533395529	0.0064573041163384914	0.0067878710106015205	0.0317557193338871
0.256	0.32	0.01936555840075016	0.04939919710159302	0.15415912866592407	0.008366883732378483	0.00399785628542304	0.0019061655038967729	0.007574469782412052	0.0064573041163384914	0.006640109233558178	0.026719126850366592
0.32	0.384	0.01936555840075016	0.05593184009194374	0.15696851909160614	0.008366883732378483	0.0034672864712774754	0.0018323279218748212	0.0077075958251953125	0.006474455818533897	0.006640109233558178	0.02459627576172352
0.384	0.448	0.020541464909911156	0.06461448222398758	0.1794271469116211	0.008366883732378483	0.0034672864712774754	0.0018323279218748212	0.008396691642701626	0.006560136564075947	0.006640109233558178	0.024464627727866173
0.448	0.512	0.024206675589084625	0.06834159046411514	0.19257211685180664	0.008366883732378483	0.0034672864712774754	0.0018323279218748212	0.00909355841577053	0.006918345578014851	0.006640109233558178	0.024390842765569687
0.512	0.576	0.026902277022600174	0.06834159046411514	0.30067890882492065	0.008366883732378483	0.0034672864712774754	0.0018323279218748212	0.009340611286461353	0.00708540715277195	0.006903933361172676	0.024164322763681412
