onset	offset	Alarm_bell_ringing	Blender	Cat	Dishes	Dog	Electric_shaver_toothbrush	Frying	Running_water	Speech	Vacuum_cleaner
0.0	0.064	0.006932112853974104	0.002049700589850545	0.005646351259201765	0.0050939712673425674	0.002157241338863969	0.003740539774298668	0.007156415842473507	0.45677584409713745	0.007161028683185577	0.0014554093359038234
0.064	0.128	0.006932112853974104	0.002049700589850545	0.005926353391259909	0.0050939712673425674	0.002157241338863969	0.003740539774298668	0.007156415842473507	0.45677584409713745	0.007161028683185577	0.0016114333411678672
0.128	0.192	0.006932112853974104	0.002156842965632677	0.006091565825045109	0.0050939712673425674	0.002157241338863969	0.003277359763160348	0.007156415842473507	0.4841572344303131	0.0060651060193777084	0.0016541082877665758
0.192	0.256	0.006932112853974104	0.0022032589185982943	0.005926353391259909	0.0050939712673425674	0.002157241338863969	0.003122630063444376	0.007156415842473507	0.5006077885627747	0.006034228950738907	0.0016114333411678672
0.256	0.32	0.006932112853974104	0.0031474707648158073	0.005870968569070101	0.0050939712673425674	0.002157241338863969	0.0030430993065238	0.0066777379252016544	0.5846302509307861	0.006034228950738907	0.0015791074838489294
0.32	0.384	0.008443015627563	0.0032257423736155033	0.005870968569070101	0.007241688668727875	0.002274388913065195	0.0030388622544705868	0.006390887778252363	0.8267291188240051	0.006034228950738907	0.0015791074838489294
0.384	0.448	0.013768823817372322	0.0032257423736155033	0.005870968569070101	0.007322512101382017	0.002396610099822283	0.0026986815501004457	0.006197942886501551	0.8945598602294922	0.006034228950738907	0.0015791074838489294
0.448	0.512	0.014497426338493824	0.0032257423736155033	0.0047590420581400394	0.0075299376621842384	0.0026254672557115555	0.002220334019511938	0.006185103207826614	0.9174546599388123	0.006830255966633558	0.0011774605372920632
0.512	0.576	0.01597682572901249	0.0032257423736155033	0.0038459952920675278	0.0075299376621842384	0.0026254672557115555	0.0019738588016480207	0.005881068762391806	0.9284570813179016	0.007204179186373949	0.0009322962141595781
