onset	offset	Alarm_bell_ringing	Blender	Cat	Dishes	Dog	Electric_shaver_toothbrush	Frying	Running_water	Speech	Vacuum_cleaner
0.0	0.064	0.010904435999691486	0.00440189940854907	0.014323989860713482	0.01452647615224123	0.16239024698734283	0.001582058030180633	0.007031847257167101	0.003399691777303815	0.9897672533988953	0.006676263641566038
0.064	0.128	0.010904435999691486	0.00440189940854907	0.014323989860713482	0.013845114037394524	0.16239024698734283	0.0015459852293133736	0.007031847257167101	0.003399691777303815	0.9897672533988953	0.006526548881083727
0.128	0.192	0.010904435999691486	0.004010357894003391	0.013783076778054237	0.01319864857941866	0.14593994617462158	0.0015459852293133736	0.007984938099980354	0.0029942875262349844	0.9897672533988953	0.006526548881083727
0.192	0.256	0.010904435999691486	0.0031752747017890215	0.013247450813651085	0.013845114037394524	0.11648070812225342	0.0011604969622567296	0.008540062233805656	0.002552765654399991	0.9898590445518494	0.005376735702157021
0.256	0.32	0.010904435999691486	0.0027064799796789885	0.01310065109282732	0.01452647615224123	0.1085117906332016	0.001044897479005158	0.009183809161186218	0.0020969852339476347	0.9899544715881348	0.0043840305879712105
0.32	0.384	0.010035248473286629	0.0018050030339509249	0.01310065109282732	0.01452647615224123	0.10474798828363419	0.0010027479147538543	0.009183809161186218	0.0017782071372494102	0.9901676177978516	0.0032323417253792286
0.384	0.448	0.0100230248644948	0.0018047308549284935	0.01310065109282732	0.014960747212171555	0.10048370808362961	0.0010027479147538543	0.009183809161186218	0.0017425440018996596	0.9903609752655029	0.003220273181796074
0.448	0.512	0.010266106575727463	0.0017588959308341146	0.013247450813651085	0.014960747212171555	0.08699579536914825	0.0010027479147538543	0.009183809161186218	0.0016355079133063555	0.9906655550003052	0.00265627633780241
0.512	0.576	0.010266106575727463	0.0015781666152179241	0.013638868927955627	0.014960747212171555	0.08663138747215271	0.001044897479005158	0.008546601049602032	0.0016167277935892344	0.9908657670021057	0.002324420725926757
