onset	offset	Alarm_bell_ringing	Blender	Cat	Dishes	Dog	Electric_shaver_toothbrush	Frying	Running_water	Speech	Vacuum_cleaner
0.0	0.064	0.0035871148575097322	0.003757848171517253	0.0011959961848333478	0.015326038002967834	0.0006035802653059363	0.0004146756837144494	0.00255568977445364	0.0016039053443819284	0.0043039279989898205	0.0014735646545886993
0.064	0.128	0.004061994608491659	0.003757848171517253	0.0011959961848333478	0.015326038002967834	0.0006035802653059363	0.0004335895646363497	0.00255568977445364	0.0016039053443819284	0.0043039279989898205	0.0014589297352358699
0.128	0.192	0.004061994608491659	0.003730983007699251	0.0011959961848333478	0.0134032117202878	0.0005675157881341875	0.0004335895646363497	0.002313869772478938	0.001455483608879149	0.003822863567620516	0.0014589297352358699
0.192	0.256	0.0035871148575097322	0.0036711448337882757	0.0011959961848333478	0.012611855752766132	0.00054839818039909	0.0004146756837144494	0.00222120457328856	0.0013481727801263332	0.0034735959488898516	0.0014373083831742406
0.256	0.32	0.0035435541067272425	0.0031429301016032696	0.0009339128155261278	0.010901449248194695	0.0004894753219559789	0.0003854180686175823	0.0019778653513640165	0.0012870945502072573	0.0029112715274095535	0.0012907241471111774
0.32	0.384	0.0027491669170558453	0.0027047558687627316	0.0006243200623430312	0.010590965859591961	0.0004478369955904782	0.000371685775462538	0.0018406221643090248	0.0012427967740222812	0.0029112715274095535	0.0011544054141268134
0.384	0.448	0.0024422272108495235	0.002656728494912386	0.0006243200623430312	0.010590965859591961	0.0004478369955904782	0.00034672432229854167	0.0016781090525910258	0.00123494490981102	0.0029112715274095535	0.0011515108635649085
0.448	0.512	0.0021827537566423416	0.002656728494912386	0.0006243200623430312	0.010590965859591961	0.0004478369955904782	0.00034672432229854167	0.001471008057706058	0.0012070656521245837	0.0029112715274095535	0.001115602906793356
0.512	0.576	0.0021827537566423416	0.002656728494912386	0.0006243200623430312	0.010590965859591961	0.0004478369955904782	0.0003432098019402474	0.001471008057706058	0.0012070656521245837	0.0040699271485209465	0.0010649891337379813
