onset	offset	Alarm_bell_ringing	Blender	Cat	Dishes	Dog	Electric_shaver_toothbrush	Frying	Running_water	Speech	Vacuum_cleaner
0.0	0.064	0.0002575124381110072	0.00015443463053088635	0.0007402628543786705	0.00035815173760056496	0.0003876399714499712	0.00012452018563635647	0.00025770944193936884	0.0020512384362518787	0.0016295035602524877	0.0005729923723265529
0.064	0.128	0.0002575124381110072	0.00015443463053088635	0.0007402628543786705	0.00035815173760056496	0.0003876399714499712	0.00012452018563635647	0.00025770944193936884	0.0020512384362518787	0.0016295035602524877	0.0005729923723265529
0.128	0.192	0.0002480436523910612	0.00014310530968941748	0.0007012158166617155	0.0003160338383167982	0.00037896184949204326	0.00012070269440300763	0.0002448156592436135	0.0018408455653116107	0.0014237819705158472	0.0005187186179682612
0.192	0.256	0.0002480436523910612	0.00013761330046691	0.0006864540046080947	0.0003017836424987763	0.00036583683686330914	0.00011708858801284805	0.00022966387041378766	0.0017321783816441894	0.0013769620563834906	0.00046341257984749973
0.256	0.32	0.0002480436523910612	0.00013493484584614635	0.0006822899449616671	0.0002936868404503912	0.0003590936539694667	0.00011468255979707465	0.00021542255126405507	0.0016746710753068328	0.0013612385373562574	0.00041638436960056424
0.32	0.384	0.0002480436523910612	0.00013345855404622853	0.0006822124705649912	0.0002880204119719565	0.00035691517405211926	0.00011313021968817338	0.0002032113989116624	0.0016398519510403275	0.0013540140353143215	0.0003782010462600738
0.384	0.448	0.0002483785501681268	0.00013246596790850163	0.000682189769577235	0.0002833247126545757	0.00035586021840572357	0.00011197658750461414	0.00019285132293589413	0.0016137240454554558	0.001352623919956386	0.0003464295878075063
0.448	0.512	0.0002493428182788193	0.00013174554624129087	0.0006819505360908806	0.0002795113541651517	0.00035510549787431955	0.00011109510523965582	0.0001842200435930863	0.0015949263470247388	0.001352623919956386	0.00032025278778746724
0.512	0.576	0.00025046145310625434	0.0001311719388468191	0.0006813389481976628	0.0002765278040897101	0.0003544152423273772	0.00011039085075026378	0.00017717269656714052	0.0015843494329601526	0.001352623919956386	0.00029880247893743217
