onset	offset	Alarm_bell_ringing	Blender	Cat	Dishes	Dog	Electric_shaver_toothbrush	Frying	Running_water	Speech	Vacuum_cleaner
0.0	0.064	0.0021367596928030252	0.00662827817723155	0.005903391167521477	0.0011729219695553184	0.0012123314663767815	0.002595987170934677	0.0011125437449663877	0.010698041878640652	0.011170849204063416	0.9709634780883789
0.064	0.128	0.0021367596928030252	0.00662827817723155	0.005903391167521477	0.0011729219695553184	0.0012123314663767815	0.002595987170934677	0.0011125437449663877	0.010698041878640652	0.011170849204063416	0.9709634780883789
0.128	0.192	0.00168603693600744	0.006047869101166725	0.004451649729162455	0.0010858848690986633	0.0012018631678074598	0.0023896247148513794	0.0008706785156391561	0.010143525898456573	0.009079226292669773	0.9737579226493835
0.192	0.256	0.0013228767784312367	0.005347646772861481	0.003565028542652726	0.0010754059767350554	0.0012018631678074598	0.0021388360764831305	0.0006935783312655985	0.009150700643658638	0.00858877319842577	0.9763472676277161
0.256	0.32	0.0012459714198485017	0.005078697111457586	0.0031662785913795233	0.0010754059767350554	0.0012018631678074598	0.002118842676281929	0.0006375086377374828	0.007946286350488663	0.007821866311132908	0.977771520614624
0.32	0.384	0.0012459714198485017	0.005065056495368481	0.0031662785913795233	0.0010693829972296953	0.0012018631678074598	0.002118842676281929	0.0006129037938080728	0.007324497681111097	0.00752319535240531	0.9789231419563293
0.384	0.448	0.0012459714198485017	0.005065056495368481	0.0031662785913795233	0.0010693829972296953	0.0012306788703426719	0.002114272443577647	0.00057906040456146	0.007076844107359648	0.007179562933743	0.9797597527503967
0.448	0.512	0.001211937633343041	0.005065056495368481	0.0031662785913795233	0.0010693829972296953	0.0012306788703426719	0.0020396544132381678	0.0005519760306924582	0.007076844107359648	0.006926925387233496	0.9801434874534607
0.512	0.576	0.001211937633343041	0.005065056495368481	0.0032073534093797207	0.0009597468888387084	0.0012306788703426719	0.0020396544132381678	0.0005326944519765675	0.007064511068165302	0.006797888781875372	0.9803155064582825
