onset	offset	Alarm_bell_ringing	Blender	Cat	Dishes	Dog	Electric_shaver_toothbrush	Frying	Running_water	Speech	Vacuum_cleaner
0.0	0.064	0.0061417617835104465	0.0011672971304506063	0.002273330930620432	0.020121848210692406	0.0028538000769913197	0.0015573594719171524	0.013779821805655956	0.000982386525720358	0.0034579357597976923	0.0027259194757789373
0.064	0.128	0.0061417617835104465	0.0011672971304506063	0.002273330930620432	0.020121848210692406	0.0028538000769913197	0.0015573594719171524	0.013779821805655956	0.000982386525720358	0.0034579357597976923	0.0027259194757789373
0.128	0.192	0.00484333373606205	0.0009453673264943063	0.0022217414807528257	0.016432439908385277	0.00209216121584177	0.0013489593984559178	0.012495376169681549	0.0008832612656988204	0.002980825724080205	0.0026096857618540525
0.192	0.256	0.003932759165763855	0.0008211807580664754	0.002162776654586196	0.013004200533032417	0.0016596800414845347	0.0011594125535339117	0.011586428619921207	0.0007770013180561364	0.0027960247825831175	0.002390600275248289
0.256	0.32	0.0033273689914494753	0.0007207614253275096	0.002145059173926711	0.010694701224565506	0.0015177968889474869	0.001057713059708476	0.0101435212418437	0.0007316403789445758	0.0025499784387648106	0.002225075848400593
0.32	0.384	0.002987892832607031	0.0006466058548539877	0.002098527504131198	0.00940646044909954	0.0015177968889474869	0.0009458326385356486	0.008630781434476376	0.0007000382756814361	0.00251855724491179	0.002114843809977174
0.384	0.448	0.002987892832607031	0.0005973063525743783	0.0020251048263162374	0.009235524572432041	0.0015177968889474869	0.0008544054580852389	0.00707363523542881	0.0006663665408268571	0.00251855724491179	0.002010913332924247
0.448	0.512	0.002987892832607031	0.0005973063525743783	0.0020045426208525896	0.009235524572432041	0.0015177968889474869	0.0008061343105509877	0.005768808536231518	0.0006663665408268571	0.00251855724491179	0.0018939395667985082
0.512	0.576	0.002987892832607031	0.0005973063525743783	0.0019218946108594537	0.009235524572432041	0.001687223557382822	0.0007260230486281216	0.004945819266140461	0.0006663665408268571	0.00251855724491179	0.0018264497630298138
