onset	offset	Alarm_bell_ringing	Blender	Cat	Dishes	Dog	Electric_shaver_toothbrush	Frying	Running_water	Speech	Vacuum_cleaner
0.0	0.064	0.0005170562653802335	0.0010397072182968259	0.0006633912562392652	0.0012385088484734297	0.00040944080683402717	0.017109766602516174	0.0005947921890765429	0.0011673059780150652	0.0027638855390250683	0.004306943155825138
0.064	0.128	0.0005170562653802335	0.0010397072182968259	0.0006633912562392652	0.0012385088484734297	0.00040944080683402717	0.017109766602516174	0.0005947921890765429	0.0011673059780150652	0.0027638855390250683	0.004306943155825138
0.128	0.192	0.0003989198012277484	0.0008598300046287477	0.0005879101227037609	0.0009294062037952244	0.0003894334367942065	0.017109766602516174	0.0005004682461731136	0.0010379538871347904	0.002542974194511771	0.0036104838363826275
0.192	0.256	0.000336921657435596	0.0007559586665593088	0.0005366852274164557	0.0007935986504890025	0.0003894334367942065	0.017109766602516174	0.00045263589709065855	0.0009318055235780776	0.002542974194511771	0.0030377975199371576
0.256	0.32	0.000336921657435596	0.0007559586665593088	0.0005348414415493608	0.0007452665595337749	0.0003894334367942065	0.017109766602516174	0.00045263589709065855	0.0008305106312036514	0.002542974194511771	0.0026222749147564173
0.32	0.384	0.000336921657435596	0.0007559586665593088	0.000527923577465117	0.0007443562499247491	0.0003894334367942065	0.0179420318454504	0.00045263589709065855	0.0007401387556456029	0.002542974194511771	0.0023666080087423325
0.384	0.448	0.000336921657435596	0.0007559586665593088	0.0005230979295447469	0.0007443562499247491	0.00041849695844575763	0.022154483944177628	0.00045263589709065855	0.0007401387556456029	0.0029933853074908257	0.002239977940917015
0.448	0.512	0.00033993637771345675	0.0008040560642257333	0.0005230979295447469	0.0007443562499247491	0.00045492369099520147	0.02641657181084156	0.000470566883450374	0.0007401387556456029	0.0037985690869390965	0.0022340668365359306
0.512	0.576	0.00036978538264520466	0.0008509543840773404	0.000527923577465117	0.0007452665595337749	0.000489822996314615	0.030584953725337982	0.0004874273727182299	0.0007401387556456029	0.005222971085458994	0.0022340668365359306
