onset	offset	Alarm_bell_ringing	Blender	Cat	Dishes	Dog	Electric_shaver_toothbrush	Frying	Running_water	Speech	Vacuum_cleaner
0.0	0.064	0.0030101658776402473	0.0021775485947728157	0.0023312510456889868	0.01957576721906662	0.00456814281642437	0.0022962954826653004	0.036383651196956635	0.0017812058795243502	0.9889764189720154	0.001108216936700046
0.064	0.128	0.00301864231005311	0.0021775485947728157	0.0023312510456889868	0.01957576721906662	0.00456814281642437	0.0022962954826653004	0.03693699464201927	0.0017812058795243502	0.9889764189720154	0.001108216936700046
0.128	0.192	0.00301864231005311	0.0018788868328556418	0.002179943025112152	0.020542863756418228	0.003916301764547825	0.002252645557746291	0.03693699464201927	0.0015936960699036717	0.9896475672721863	0.000902221305295825
0.192	0.256	0.0030101658776402473	0.001686992240138352	0.0020631516817957163	0.020542863756418228	0.0036430556792765856	0.002174283377826214	0.03702407330274582	0.0014545177109539509	0.9896475672721863	0.000792437931522727
0.256	0.32	0.0029806189704686403	0.0016236115479841828	0.001885842764750123	0.020542863756418228	0.0035646052565425634	0.0020488493610173464	0.03936193138360977	0.0012816936941817403	0.9896475672721863	0.0007847556844353676
0.32	0.384	0.00297043239697814	0.0016104992246255279	0.001885842764750123	0.020542863756418228	0.0034026610665023327	0.0018038428388535976	0.040030937641859055	0.0011701448820531368	0.9896475672721863	0.000754034030251205
0.384	0.448	0.0028434114065021276	0.0015270552830770612	0.0018512988463044167	0.020542863756418228	0.0033436263911426067	0.0015284859109669924	0.04064997658133507	0.0010763828177005053	0.9891067147254944	0.0007531227311119437
0.448	0.512	0.0025118528865277767	0.0013418581802397966	0.0018329184968024492	0.020542863756418228	0.0030629306565970182	0.0012533648405224085	0.04064997658133507	0.0009787807939574122	0.9861133694648743	0.0007376621942967176
0.512	0.576	0.0024510333314538	0.0005797777557745576	0.0018242698861286044	0.019809724763035774	0.0021952360402792692	0.0010366678470745683	0.04064997658133507	0.0008081452106125653	0.9751397967338562	0.0007238999824039638
