onset	offset	Alarm_bell_ringing	Blender	Cat	Dishes	Dog	Electric_shaver_toothbrush	Frying	Running_water	Speech	Vacuum_cleaner
0.0	0.064	0.0010175489587709308	0.0004973270115442574	0.0006821553106419742	0.004850281868129969	0.0008187258499674499	0.0011146372416988015	0.029197512194514275	0.0014550643973052502	0.017869438976049423	0.0014495141804218292
0.064	0.128	0.0010175489587709308	0.0004973270115442574	0.0008314370643347502	0.006283360067754984	0.0010164589621126652	0.0011146372416988015	0.029197512194514275	0.001616612309589982	0.017869438976049423	0.0014495141804218292
0.128	0.192	0.0010175489587709308	0.0005470348987728357	0.001170402392745018	0.009070792235434055	0.0016462448984384537	0.0011146372416988015	0.029197512194514275	0.001616612309589982	0.01834155060350895	0.0014495141804218292
0.192	0.256	0.0010175489587709308	0.0005470348987728357	0.001170402392745018	0.009070792235434055	0.0016462448984384537	0.0011146372416988015	0.029197512194514275	0.0017052864423021674	0.049041472375392914	0.0014495141804218292
0.256	0.32	0.0010175489587709308	0.0005470348987728357	0.0017180746654048562	0.009809613227844238	0.0016462448984384537	0.0011146372416988015	0.028872938826680183	0.0018407843308523297	0.3638658821582794	0.001346944598481059
0.32	0.384	0.002049812814220786	0.0011891757603734732	0.003383281407877803	0.015372960828244686	0.003920683637261391	0.0015265006804838777	0.028228120878338814	0.0020799392368644476	0.862983226776123	0.0012007789919152856
0.384	0.448	0.0028697922825813293	0.0013875134754925966	0.003383281407877803	0.020210953429341316	0.006153239868581295	0.0015265006804838777	0.028228120878338814	0.0021633601281791925	0.9672629237174988	0.00116822705604136
0.448	0.512	0.0028697922825813293	0.0013875134754925966	0.003383281407877803	0.02253914251923561	0.006153239868581295	0.0015860905405133963	0.02733759582042694	0.0021948497742414474	0.9802311062812805	0.00116822705604136
0.512	0.576	0.0028697922825813293	0.0013875134754925966	0.003383281407877803	0.02253914251923561	0.006153239868581295	0.0016458325553685427	0.02569746971130371	0.002285144990310073	0.9828994274139404	0.00116822705604136
