onset	offset	Alarm_bell_ringing	Blender	Cat	Dishes	Dog	Electric_shaver_toothbrush	Frying	Running_water	Speech	Vacuum_cleaner
0.0	0.064	0.0019956573378294706	0.0017517503583803773	0.003131334437057376	0.0007161374669522047	0.0014003169490024447	0.0015688653802499175	0.0013590343296527863	0.0053568435832858086	0.011388429440557957	0.9899066090583801
0.064	0.128	0.0019956573378294706	0.0017517503583803773	0.003131334437057376	0.0007161374669522047	0.0014003169490024447	0.0015688653802499175	0.0013590343296527863	0.0053568435832858086	0.011388429440557957	0.9899066090583801
0.128	0.192	0.0010646411683410406	0.0010668355971574783	0.0017249425873160362	0.0006753940833732486	0.0012713385513052344	0.0011533870128914714	0.0008117835386656225	0.004781798925250769	0.009700164198875427	0.9917047023773193
0.192	0.256	0.0007132258615456522	0.0008294438011944294	0.0013713359367102385	0.0006753940833732486	0.0012713385513052344	0.0009500702726654708	0.0006981948390603065	0.004017170984297991	0.00964247714728117	0.9925156235694885
0.256	0.32	0.0005913926288485527	0.0007783662877045572	0.0013713359367102385	0.0006651870207861066	0.0012713385513052344	0.0008198824943974614	0.0006938388105481863	0.0036399259697645903	0.009252054616808891	0.9932196736335754
0.32	0.384	0.0005663413321599364	0.0007409831741824746	0.0013713359367102385	0.0006420289282687008	0.0012713385513052344	0.0007374851265922189	0.0006848204066045582	0.003409041091799736	0.009026248008012772	0.9934819340705872
0.384	0.448	0.000554979604203254	0.000731250736862421	0.0013713359367102385	0.0006420289282687008	0.0013667652383446693	0.0006771493935957551	0.000684654398355633	0.0031927835661917925	0.008264649659395218	0.9936646223068237
0.448	0.512	0.0005117581458762288	0.0007138290093280375	0.0014609824866056442	0.0006420289282687008	0.0013667652383446693	0.000638159632217139	0.0006639937055297196	0.0028868522495031357	0.0071958694607019424	0.9937695860862732
0.512	0.576	0.0004776405112352222	0.0006976992590352893	0.001495906850323081	0.0006193692097440362	0.0013667652383446693	0.0006109355017542839	0.0006311535253189504	0.002734055509790778	0.006354501936584711	0.9937695860862732
