onset	offset	Alarm_bell_ringing	Blender	Cat	Dishes	Dog	Electric_shaver_toothbrush	Frying	Running_water	Speech	Vacuum_cleaner
0.0	0.064	0.000914505566470325	0.00035852668224833906	0.000581332657020539	0.001271809102036059	0.0004938866477459669	0.00013228344323579222	0.000610187416896224	0.0005140569410286844	0.00617451686412096	0.03585430234670639
0.064	0.128	0.000914505566470325	0.00035852668224833906	0.000581332657020539	0.0012319765519350767	0.0004938866477459669	0.00013228344323579222	0.000610187416896224	0.0005022934055887163	0.00617451686412096	0.03585430234670639
0.128	0.192	0.0007499976200051606	0.0003266567946411669	0.0005269151297397912	0.0012319765519350767	0.0004938866477459669	0.00012242287630215287	0.00047480265493504703	0.0005022934055887163	0.0059730070643126965	0.028524065390229225
0.192	0.256	0.0005243391497060657	0.0002488480822648853	0.00047600112156942487	0.000623767264187336	0.0004938866477459669	8.904398418962955e-05	0.00042919188854284585	0.00045389236765913665	0.004106569569557905	0.022853506729006767
0.256	0.32	0.00044127454748377204	0.0002197580033680424	0.0004716718685813248	0.00043420412112027407	0.0004938866477459669	7.373028347501531e-05	0.0004146946594119072	0.0004461160860955715	0.003843880258500576	0.020102446898818016
0.32	0.384	0.0004221670678816736	0.000202764684217982	0.00045972748193889856	0.0003922813921235502	0.0004963462124578655	6.921133899595588e-05	0.0004102115926798433	0.0004250980564393103	0.0037723351269960403	0.018694862723350525
0.384	0.448	0.0004172640619799495	0.00019153757602907717	0.0004535798798315227	0.00035093791666440666	0.0005086621968075633	6.150104309199378e-05	0.00040378206176683307	0.000374412426026538	0.0037095043808221817	0.016363903880119324
0.448	0.512	0.0004165572172496468	0.00018924153118859977	0.0004535798798315227	0.00033480068668723106	0.0005086621968075633	5.93664008192718e-05	0.00040036748396232724	0.0003245945554226637	0.003688464406877756	0.013916172087192535
0.512	0.576	0.00040251552127301693	0.0001833284622989595	0.0004535798798315227	0.0003044059849344194	0.0005229167290963233	5.6769426009850577e-05	0.0003698160289786756	0.00032212925725616515	0.003642037743702531	0.012932154349982738
