onset	offset	Alarm_bell_ringing	Blender	Cat	Dishes	Dog	Electric_shaver_toothbrush	Frying	Running_water	Speech	Vacuum_cleaner
0.0	0.064	0.0029418712947517633	0.00020250407396815717	0.0005174297839403152	0.0008597001433372498	0.001002179691568017	0.00010857258166652173	0.0003195086610503495	0.0009262991952709854	0.002702676923945546	0.0005378872156143188
0.064	0.128	0.0029418712947517633	0.00020250407396815717	0.0005174297839403152	0.0008597001433372498	0.00098017870914191	0.00010857258166652173	0.0003195086610503495	0.0009262991952709854	0.002702676923945546	0.0005378872156143188
0.128	0.192	0.0029418712947517633	0.00017809223209042102	0.0004929911810904741	0.0007541058585047722	0.00098017870914191	0.00010487787949386984	0.0002632616669870913	0.0008196395938284695	0.002702676923945546	0.00043539225589483976
0.192	0.256	0.0029418712947517633	0.00017437881615478545	0.00044845533557236195	0.0006883364403620362	0.0008961436105892062	0.00010214009671472013	0.00023446377599611878	0.0006926192436367273	0.002702676923945546	0.0003803846484515816
0.256	0.32	0.0029418712947517633	0.00017437881615478545	0.00044845533557236195	0.0006883364403620362	0.0008961436105892062	0.00010214009671472013	0.00020957212836947292	0.000642845407128334	0.002702676923945546	0.0003321903932373971
0.32	0.384	0.002969208173453808	0.00017437881615478545	0.00044845533557236195	0.0006883364403620362	0.0008961436105892062	0.00010214009671472013	0.00018901484145317227	0.000642845407128334	0.0027105167973786592	0.00029276791610755026
0.384	0.448	0.003590182401239872	0.00017437881615478545	0.00044845533557236195	0.0006883364403620362	0.0008961436105892062	0.00010214009671472013	0.00018901484145317227	0.000642845407128334	0.0027105167973786592	0.00029276791610755026
0.448	0.512	0.005703326780349016	0.00018523563630878925	0.0005586707848124206	0.0008116199751384556	0.0009093920234590769	0.00011116302630398422	0.00018901484145317227	0.000642845407128334	0.002719131764024496	0.00029276791610755026
0.512	0.576	0.015154508873820305	0.0002566161274444312	0.0008030931348912418	0.001114656450226903	0.0009462878806516528	0.00012604777293745428	0.00018901484145317227	0.0007227265159599483	0.002820765133947134	0.00027045412571169436
