onset	offset	Alarm_bell_ringing	Blender	Cat	Dishes	Dog	Electric_shaver_toothbrush	Frying	Running_water	Speech	Vacuum_cleaner
0.0	0.064	0.0015515080885961652	0.0008015984203666449	0.0009676504414528608	0.013545559719204903	0.001999321859329939	0.002481379546225071	0.7769609689712524	0.004495728295296431	0.0414920374751091	0.0036121855955570936
0.064	0.128	0.0015740051167085767	0.0008821930969133973	0.00115626968909055	0.017251934856176376	0.002579674357548356	0.002481379546225071	0.7769609689712524	0.0045546176843345165	0.0414920374751091	0.0036121855955570936
0.128	0.192	0.002152225933969021	0.000953656155616045	0.00115626968909055	0.01902918703854084	0.002852193545550108	0.002752078464254737	0.7769609689712524	0.0045546176843345165	0.07094986736774445	0.003194913500919938
0.192	0.256	0.002152225933969021	0.000953656155616045	0.001989752287045121	0.01902918703854084	0.002852193545550108	0.002752078464254737	0.7800388932228088	0.004495728295296431	0.25783851742744446	0.00311923585832119
0.256	0.32	0.002152225933969021	0.000953656155616045	0.0038643728476017714	0.02242986299097538	0.0036439194809645414	0.002752078464254737	0.7848398685455322	0.0044185505248606205	0.710192084312439	0.0027093025855720043
0.32	0.384	0.0039015088696032763	0.0016440581530332565	0.005955270957201719	0.027211850509047508	0.0058771888725459576	0.003466156544163823	0.7893284559249878	0.003016675589606166	0.8854891657829285	0.002364463172852993
0.384	0.448	0.005137585569173098	0.001766521017998457	0.006004922091960907	0.029944896697998047	0.006492924876511097	0.0034956212621182203	0.8036152720451355	0.0030139689333736897	0.9224727153778076	0.002362967701628804
0.448	0.512	0.005625011399388313	0.0018335747299715877	0.006004922091960907	0.030972668901085854	0.006582524161785841	0.0034956212621182203	0.8102824091911316	0.0030139689333736897	0.9327700138092041	0.0023396427277475595
0.512	0.576	0.005782224703580141	0.0018349513411521912	0.006004922091960907	0.034066326916217804	0.006582524161785841	0.0034956212621182203	0.8230745792388916	0.0030139689333736897	0.9374146461486816	0.0023056648205965757
