onset	offset	Alarm_bell_ringing	Blender	Cat	Dishes	Dog	Electric_shaver_toothbrush	Frying	Running_water	Speech	Vacuum_cleaner
0.0	0.064	0.003344523021951318	0.007848737761378288	0.002891362179070711	0.027225030586123466	0.005198481492698193	0.0019802660681307316	0.016804009675979614	0.005237013101577759	0.9852762818336487	0.0009124598582275212
0.064	0.128	0.003344523021951318	0.007848737761378288	0.002891362179070711	0.027225030586123466	0.005198481492698193	0.0019802660681307316	0.016804009675979614	0.005237013101577759	0.9852762818336487	0.0009124598582275212
0.128	0.192	0.00290298811160028	0.006241613999009132	0.0027411256451159716	0.023538412526249886	0.004717585630714893	0.001972329104319215	0.016629882156848907	0.004672554787248373	0.9851690530776978	0.0008042131667025387
0.192	0.256	0.0026461516972631216	0.005678556859493256	0.0027336694765836	0.021275611594319344	0.004506648983806372	0.001892267377115786	0.01617620699107647	0.004078461788594723	0.9851690530776978	0.0008032167097553611
0.256	0.32	0.0026146501768380404	0.003931713756173849	0.002512672683224082	0.020767122507095337	0.0037053688429296017	0.0014582201838493347	0.0160586629062891	0.00386015884578228	0.9852762818336487	0.0006518556619994342
0.32	0.384	0.0026146501768380404	0.002582821063697338	0.00224368367344141	0.018495822325348854	0.002765895798802376	0.0011283798376098275	0.01565396972000599	0.003540105652064085	0.9856609106063843	0.0005207800422795117
0.384	0.448	0.0026146501768380404	0.002162725431844592	0.0022142056841403246	0.01721853017807007	0.002315092133358121	0.001111294492147863	0.01524345949292183	0.003097203327342868	0.9856609106063843	0.00048183160834014416
0.448	0.512	0.0026146501768380404	0.0021229409612715244	0.0021702286321669817	0.01721853017807007	0.0022586756385862827	0.001111294492147863	0.015134373679757118	0.0029881116934120655	0.9857847094535828	0.00044417392928153276
0.512	0.576	0.0027587830554693937	0.0019098595948889852	0.0021174417342990637	0.01721853017807007	0.002217449713498354	0.001111294492147863	0.015002638101577759	0.0029749334789812565	0.9862741827964783	0.00039702022331766784
