onset	offset	Alarm_bell_ringing	Blender	Cat	Dishes	Dog	Electric_shaver_toothbrush	Frying	Running_water	Speech	Vacuum_cleaner
0.0	0.064	0.0015686743427067995	0.004730380140244961	0.0024677247274667025	0.0007550108712166548	0.0014622985618188977	0.0029445956461131573	0.0013371233362704515	0.005638675298541784	0.0071207075379788876	0.9650418758392334
0.064	0.128	0.0015686743427067995	0.004730380140244961	0.0024677247274667025	0.0007550108712166548	0.0014622985618188977	0.0029445956461131573	0.0013371233362704515	0.005638675298541784	0.0071207075379788876	0.9650418758392334
0.128	0.192	0.0012023430317640305	0.0034821615554392338	0.0015493466053158045	0.0006654752069152892	0.0012992009287700057	0.0025281202979385853	0.0009994682623073459	0.00516937579959631	0.00584822753444314	0.9718319773674011
0.192	0.256	0.0010292712831869721	0.002753531327471137	0.0011222193716093898	0.0005606493214145303	0.0012277418281883001	0.002044540597125888	0.0008837940986268222	0.004086990375071764	0.0045197149738669395	0.9746900200843811
0.256	0.32	0.001007748069241643	0.002434209454804659	0.0011222193716093898	0.0005474310019053519	0.0012277418281883001	0.00190392613876611	0.0008561277645640075	0.0036259707994759083	0.003777085104957223	0.9779416918754578
0.32	0.384	0.0009988895617425442	0.0021082155872136354	0.0011222193716093898	0.0005445139249786735	0.0012277418281883001	0.001856725080870092	0.000827942683827132	0.003348433645442128	0.0037650740705430508	0.980853259563446
0.384	0.448	0.0009679722134023905	0.0018153412966057658	0.0011222193716093898	0.0005271705449558794	0.0012277418281883001	0.0017623092280700803	0.0007864352082833648	0.003023364581167698	0.0037650740705430508	0.982807993888855
0.448	0.512	0.0008810036233626306	0.0015607972163707018	0.0011353628942742944	0.0005037622759118676	0.0012737243669107556	0.0016718331025913358	0.0007452569552697241	0.002713205525651574	0.0037650740705430508	0.9841014742851257
0.512	0.576	0.0008154386887326837	0.001355407410301268	0.0011695660650730133	0.0004885053494945168	0.001294211484491825	0.0016043847426772118	0.00071637739893049	0.002469535218551755	0.0037650740705430508	0.9848852157592773
