onset	offset	Alarm_bell_ringing	Blender	Cat	Dishes	Dog	Electric_shaver_toothbrush	Frying	Running_water	Speech	Vacuum_cleaner
0.0	0.064	0.0019112725276499987	0.0001418743486283347	0.0004028798430226743	0.0005698283785022795	0.0006933400873094797	8.533730579074472e-05	0.0003541311889421195	0.0008633194374851882	0.002392296679317951	0.0004625054425559938
0.064	0.128	0.0019112725276499987	0.0001418743486283347	0.0004028798430226743	0.0005698283785022795	0.0006920270971022546	8.533730579074472e-05	0.0003541311889421195	0.0008633194374851882	0.002392296679317951	0.0004625054425559938
0.128	0.192	0.0018322397954761982	0.00013226225564721972	0.00039111418300308287	0.0005110425408929586	0.0006920270971022546	8.345703827217221e-05	0.00031670762109570205	0.0007738375570625067	0.0021505726035684347	0.00040957334567792714
0.192	0.256	0.0018322397954761982	0.00012932637764606625	0.00038181606214493513	0.00047691987128928304	0.0006722122197970748	8.08284676168114e-05	0.0002876647631637752	0.0007193437777459621	0.002057288307696581	0.00036146288039162755
0.256	0.32	0.0018322397954761982	0.0001271062792511657	0.00037766419700346887	0.00045466903247870505	0.0006618964252993464	7.877482858020812e-05	0.0002637304423842579	0.0006850208155810833	0.0020113394130021334	0.0003219158679712564
0.32	0.384	0.0018322397954761982	0.0001249920023838058	0.00037643886753357947	0.0004387953376863152	0.0006590808043256402	7.715773244854063e-05	0.0002441610849928111	0.0006600554916076362	0.00198369100689888	0.000290356227196753
0.384	0.448	0.0018344239797443151	0.0001232425420312211	0.0003752067277673632	0.00042625985224731266	0.0006575342267751694	7.578527583973482e-05	0.00022800439910497516	0.0006395140662789345	0.001966281561180949	0.00026432174490764737
0.448	0.512	0.0018488835776224732	0.00012179828627267852	0.00037392196827568114	0.0004166059079580009	0.0006559519097208977	7.460231427103281e-05	0.0002146250189980492	0.0006225375109352171	0.001954703824594617	0.00024287714040838182
0.512	0.576	0.0018640155903995037	0.00012055913248332217	0.0003725485294125974	0.00040928018279373646	0.0006541964248754084	7.355527486652136e-05	0.00020365869568195194	0.000608659815043211	0.0019455659203231335	0.0002253116836072877
