onset	offset	Alarm_bell_ringing	Blender	Cat	Dishes	Dog	Electric_shaver_toothbrush	Frying	Running_water	Speech	Vacuum_cleaner
0.0	0.064	0.0024281921796500683	0.0015502681490033865	0.0010585407726466656	0.0037410587538033724	0.0014622025191783905	0.9657532572746277	0.0024992835242301226	0.005242620594799519	0.0057244328781962395	0.007336034439504147
0.064	0.128	0.0024281921796500683	0.0015502681490033865	0.0010733890812844038	0.0037410587538033724	0.0014622025191783905	0.9657532572746277	0.0024992835242301226	0.005242620594799519	0.0057244328781962395	0.007336034439504147
0.128	0.192	0.0023940918035805225	0.001193273696117103	0.0010733890812844038	0.0031499862670898438	0.0013407353544607759	0.9754594564437866	0.0021183083299547434	0.004532715305685997	0.0039380211383104324	0.0054627396166324615
0.192	0.256	0.0021913081873208284	0.0009820383274927735	0.0010706521570682526	0.002733179135248065	0.0012214453890919685	0.9788302779197693	0.0018833320355042815	0.004364221356809139	0.003540569916367531	0.004630438983440399
0.256	0.32	0.001970465062186122	0.0008783063967712224	0.0010613215854391456	0.002448627259582281	0.0011122592259198427	0.9800364375114441	0.001786986249499023	0.0040724328719079494	0.003540569916367531	0.004065091721713543
0.32	0.384	0.0018312748288735747	0.00080728973262012	0.0010613215854391456	0.002240994945168495	0.0010471671121194959	0.9807986617088318	0.001735913334414363	0.0038359477184712887	0.003540569916367531	0.003661460243165493
0.384	0.448	0.00174861797131598	0.0007426207303069532	0.0010613215854391456	0.00206940621137619	0.0010072202421724796	0.9812847375869751	0.0016770525835454464	0.003657829947769642	0.003531305817887187	0.0033466359600424767
0.448	0.512	0.0016995457699522376	0.0006864203023724258	0.0010422857012599707	0.0019310179632157087	0.0009827145840972662	0.9814828038215637	0.001612802385352552	0.0035551367327570915	0.0035113582853227854	0.0031000724993646145
0.512	0.576	0.001642352668568492	0.0006420568097382784	0.0010219382820650935	0.0018065046751871705	0.0009640156640671194	0.9814828038215637	0.0015509460354223847	0.0033955550752580166	0.0035113582853227854	0.002880261978134513
