onset	offset	Alarm_bell_ringing	Blender	Cat	Dishes	Dog	Electric_shaver_toothbrush	Frying	Running_water	Speech	Vacuum_cleaner
0.0	0.064	0.00039039948023855686	0.0001503732637502253	0.0026309306267648935	0.0005474698846228421	0.00042083446169272065	0.0004204998549539596	0.0005662196199409664	0.00054931576596573	0.001984457718208432	0.0014263917692005634
0.064	0.128	0.00039039948023855686	0.0001503732637502253	0.0026309306267648935	0.0005474698846228421	0.0004107784479856491	0.0004204998549539596	0.0005662196199409664	0.00054931576596573	0.001984457718208432	0.0014263917692005634
0.128	0.192	0.00037507261731661856	0.00013443309580907226	0.0025525083765387535	0.0004703724989667535	0.0004136765783187002	0.0003992679121438414	0.0005355372559279203	0.00048365400289185345	0.0017728944076225162	0.0012764947023242712
0.192	0.256	0.000373445131117478	0.00013311045768205076	0.002504129894077778	0.0004375418648123741	0.0004136765783187002	0.00039407832082360983	0.0005110688507556915	0.0004540321242529899	0.001709250151179731	0.0011602826416492462
0.256	0.32	0.000373445131117478	0.00013311045768205076	0.002504129894077778	0.00042030966142192483	0.0004136765783187002	0.00039407832082360983	0.00048982840962708	0.00043822245788760483	0.0016944410745054483	0.0010678921826183796
0.32	0.384	0.000373445131117478	0.00013311045768205076	0.002504129894077778	0.00041064529796130955	0.00042067060712724924	0.00039407832082360983	0.00047188522876240313	0.0004287800984457135	0.0016944410745054483	0.0009991313563659787
0.384	0.448	0.000373445131117478	0.00013311045768205076	0.002504129894077778	0.00041064529796130955	0.00042067060712724924	0.00039407832082360983	0.0004570388118736446	0.0004230928607285023	0.0016944410745054483	0.0009482174064032733
0.448	0.512	0.00038119233795441687	0.0001345985510852188	0.002526515396311879	0.00041064529796130955	0.0004296102561056614	0.00039823606493882835	0.00044481182703748345	0.0004230928607285023	0.0016944410745054483	0.0009122343035414815
0.512	0.576	0.00039092631777748466	0.00013633929484058172	0.002558373846113682	0.00041064529796130955	0.00044087786227464676	0.0004041219362989068	0.00043483314220793545	0.0004230928607285023	0.0017044174019247293	0.0008887914009392262
