onset	offset	Alarm_bell_ringing	Blender	Cat	Dishes	Dog	Electric_shaver_toothbrush	Frying	Running_water	Speech	Vacuum_cleaner
0.0	0.064	0.0012733605690300465	0.0016003029886633158	0.0010491607245057821	0.004146932624280453	0.0006787310121580958	0.24213823676109314	0.22089560329914093	0.02672763541340828	0.004443543963134289	0.054676603525877
0.064	0.128	0.0012733605690300465	0.0016003029886633158	0.0010491607245057821	0.004146932624280453	0.0006787310121580958	0.24213823676109314	0.22089560329914093	0.02672763541340828	0.004443543963134289	0.054676603525877
0.128	0.192	0.0009250746225006878	0.0011131740175187588	0.0008666050271131098	0.0030528390780091286	0.0005184605834074318	0.19956806302070618	0.2277582585811615	0.02163013070821762	0.0036936707329005003	0.049439799040555954
0.192	0.256	0.0008405624539591372	0.0009280452504754066	0.0008590507786720991	0.002771836705505848	0.00046259743976406753	0.18051624298095703	0.22854791581630707	0.019807245582342148	0.0035832978319376707	0.049439799040555954
0.256	0.32	0.0008354185847565532	0.0008597710402682424	0.0008534208755008876	0.0026722257025539875	0.0004474416491575539	0.16926543414592743	0.23055826127529144	0.0190602894872427	0.0035832978319376707	0.049439799040555954
0.32	0.384	0.0008347617113031447	0.0008194887777790427	0.000835469167213887	0.002653114963322878	0.0004452067369129509	0.16647538542747498	0.23609110713005066	0.018532663583755493	0.0035832978319376707	0.049328457564115524
0.384	0.448	0.0007954115280881524	0.000765944947488606	0.0008349533891305327	0.002501511247828603	0.00044140161480754614	0.1614481657743454	0.23609110713005066	0.017863063141703606	0.0035832978319376707	0.049246177077293396
0.448	0.512	0.0007543298415839672	0.0007160488166846335	0.0008112190407700837	0.0023953060153871775	0.00043339573312550783	0.15857577323913574	0.23609110713005066	0.017029745504260063	0.003797461511567235	0.049246177077293396
0.512	0.576	0.0007264463347382843	0.0006816379609517753	0.0007990184822119772	0.002362004481256008	0.00042500445852056146	0.1575103998184204	0.23609110713005066	0.016464725136756897	0.0041164373978972435	0.049328457564115524
