onset	offset	Alarm_bell_ringing	Blender	Cat	Dishes	Dog	Electric_shaver_toothbrush	Frying	Running_water	Speech	Vacuum_cleaner
0.0	0.064	0.003980135079473257	0.0002724458754528314	0.0008076478843577206	0.0012994993012398481	0.0010186227736994624	0.00021388143068179488	0.0003025839978363365	0.0011229144874960184	0.002277209423482418	0.0011086134472861886
0.064	0.128	0.004714275244623423	0.00030327800777740777	0.0008076478843577206	0.0012994993012398481	0.0010186227736994624	0.00021388143068179488	0.0003025839978363365	0.0011229144874960184	0.002277209423482418	0.0011086134472861886
0.128	0.192	0.004714275244623423	0.00030327800777740777	0.0007001167396083474	0.0012994993012398481	0.0008949656621553004	0.0001917791523737833	0.0002869355957955122	0.0009697620407678187	0.0020401254296302795	0.0011086134472861886
0.192	0.256	0.0047108265571296215	0.0002906051813624799	0.000620138889644295	0.0012136526638641953	0.0008121959399431944	0.00019173912005499005	0.0002802932576742023	0.0008933753706514835	0.0019558214116841555	0.001088496414013207
0.256	0.32	0.003980135079473257	0.0002724458754528314	0.0005784400855191052	0.0011831942247226834	0.0008099666447378695	0.00018829407053999603	0.00027515445253811777	0.0008146173786371946	0.001909145270474255	0.0010506495600566268
0.32	0.384	0.0038977747317403555	0.0002531013451516628	0.0005784400855191052	0.001155420788563788	0.0006748304585926235	0.00018459049169905484	0.00025660512619651854	0.0008146173786371946	0.001909145270474255	0.0007364000775851309
0.384	0.448	0.004194827284663916	0.0002303217479493469	0.0005784400855191052	0.0010554192122071981	0.0006748304585926235	0.00017842368106357753	0.00021851211204193532	0.0008146173786371946	0.001909145270474255	0.0006098842131905258
0.448	0.512	0.004194827284663916	0.0002303217479493469	0.0005784400855191052	0.0010554192122071981	0.0006748304585926235	0.00017842368106357753	0.00021248377743177116	0.0008146173786371946	0.001909145270474255	0.000584558816626668
0.512	0.576	0.004194827284663916	0.0002303217479493469	0.0006118693272583187	0.0010554192122071981	0.0006748304585926235	0.00017842368106357753	0.00021248377743177116	0.0008151053334586322	0.0019242834532633424	0.000584558816626668
