onset	offset	Alarm_bell_ringing	Blender	Cat	Dishes	Dog	Electric_shaver_toothbrush	Frying	Running_water	Speech	Vacuum_cleaner
0.0	0.064	0.006642843130975962	0.17632664740085602	0.007257014513015747	0.012701158411800861	0.004709380213171244	0.012513317167758942	0.048852771520614624	0.061050526797771454	0.06834028661251068	0.3815164268016815
0.064	0.128	0.006642843130975962	0.17632664740085602	0.007257014513015747	0.012701158411800861	0.004709380213171244	0.012513317167758942	0.048743851482868195	0.061050526797771454	0.07639788836240768	0.3815164268016815
0.128	0.192	0.005536715965718031	0.16595372557640076	0.007604645565152168	0.011280907317996025	0.003927868790924549	0.012513317167758942	0.048743851482868195	0.05720646679401398	0.09980768710374832	0.3635624051094055
0.192	0.256	0.004681231454014778	0.1573096066713333	0.007604645565152168	0.011280907317996025	0.003483821637928486	0.012513317167758942	0.047395121306180954	0.051446449011564255	0.09980768710374832	0.33658626675605774
0.256	0.32	0.0043512084521353245	0.1432465761899948	0.007604645565152168	0.011280907317996025	0.0033651934936642647	0.012513317167758942	0.04689668118953705	0.04897323250770569	0.11693615466356277	0.33658626675605774
0.32	0.384	0.004202297423034906	0.13232560455799103	0.008969815447926521	0.011280907317996025	0.0033651934936642647	0.012957402504980564	0.04689668118953705	0.046704571694135666	0.2165108025074005	0.33658626675605774
0.384	0.448	0.00411074748262763	0.13080434501171112	0.010548314079642296	0.013758434914052486	0.0033651934936642647	0.013450395315885544	0.04624337702989578	0.04215177148580551	0.4888557493686676	0.33658626675605774
0.448	0.512	0.003933698870241642	0.11976988613605499	0.010603254660964012	0.0145950336009264	0.0033651934936642647	0.013768313452601433	0.04565494507551193	0.03679828718304634	0.7754416465759277	0.3508126437664032
0.512	0.576	0.003625268116593361	0.10644380748271942	0.01092209480702877	0.014981773681938648	0.003912674728780985	0.013807553797960281	0.04565494507551193	0.031524255871772766	0.8610308766365051	0.37527111172676086
