onset	offset	Alarm_bell_ringing	Blender	Cat	Dishes	Dog	Electric_shaver_toothbrush	Frying	Running_water	Speech	Vacuum_cleaner
0.0	0.064	0.0059291524812579155	0.0036041117273271084	0.009390403516590595	0.08493197709321976	0.0016868446255102754	0.0015320705715566874	0.17685236036777496	0.0018991214456036687	0.7513988614082336	0.0006242745439521968
0.064	0.128	0.0059291524812579155	0.0036041117273271084	0.009390403516590595	0.08493197709321976	0.0017707101069390774	0.0015320705715566874	0.17685236036777496	0.0018991214456036687	0.7513988614082336	0.0006242745439521968
0.128	0.192	0.004851405043154955	0.0036041117273271084	0.012766391970217228	0.0656052753329277	0.0018170280382037163	0.0014587811892852187	0.1912345588207245	0.0017269258387386799	0.8108948469161987	0.00044163857819512486
0.192	0.256	0.004122306127101183	0.0035635654348880053	0.015874268487095833	0.051196761429309845	0.0017724793870002031	0.001427686889655888	0.1976694017648697	0.001600773772224784	0.8108948469161987	0.00044163857819512486
0.256	0.32	0.0037380950525403023	0.003305902238935232	0.019511351361870766	0.04922644421458244	0.0017707101069390774	0.0013597406214103103	0.1976694017648697	0.0015954258851706982	0.8133672475814819	0.00043766931048594415
0.32	0.384	0.003352916333824396	0.002813023282214999	0.01957787200808525	0.04615871608257294	0.0017707101069390774	0.0012869726633653045	0.1976694017648697	0.0015674395253881812	0.8155479431152344	0.00040087566594593227
0.384	0.448	0.003122831927612424	0.0025234685745090246	0.01957787200808525	0.04399425536394119	0.0017707101069390774	0.0012720379745587707	0.1976694017648697	0.0014433915494009852	0.8133672475814819	0.00040087566594593227
0.448	0.512	0.003018493065610528	0.0022813091054558754	0.01957787200808525	0.04274168238043785	0.001672070357017219	0.0012662888038903475	0.19622786343097687	0.0012739276280626655	0.8108948469161987	0.00040087566594593227
0.512	0.576	0.002758106216788292	0.002066240878775716	0.01957787200808525	0.04247364401817322	0.0015733683248981833	0.001171416835859418	0.18275965750217438	0.0010764211183413863	0.8081681132316589	0.0003889898653142154
