onset	offset	Alarm_bell_ringing	Blender	Cat	Dishes	Dog	Electric_shaver_toothbrush	Frying	Running_water	Speech	Vacuum_cleaner
0.0	0.064	0.0036278648767620325	0.0033923857845366	0.0005796003970317543	0.12678538262844086	0.017320016399025917	0.003740237560123205	0.9852436780929565	0.007580924313515425	0.8667665123939514	0.011837029829621315
0.064	0.128	0.0036278648767620325	0.0033923857845366	0.0005796003970317543	0.12678538262844086	0.017320016399025917	0.003740237560123205	0.9852436780929565	0.007580924313515425	0.8667665123939514	0.011837029829621315
0.128	0.192	0.0026558353565633297	0.0022165088448673487	0.0005259456811472774	0.10537835955619812	0.016126099973917007	0.00308605027385056	0.9894037246704102	0.005819929298013449	0.8592802286148071	0.01028226688504219
0.192	0.256	0.001617178088054061	0.0015930291265249252	0.000425860402174294	0.08458464592695236	0.011167720891535282	0.002456102054566145	0.9921181797981262	0.005143935792148113	0.782019853591919	0.007928900420665741
0.256	0.32	0.0010424788342788815	0.0006347618764266372	0.00036779724177904427	0.04938037320971489	0.004998433869332075	0.001709184143692255	0.9941310286521912	0.004356185905635357	0.654037594795227	0.005452125798910856
0.32	0.384	0.0007449249387718737	0.0006347618764266372	0.00024685481912456453	0.03965558111667633	0.0023986217565834522	0.0014910728204995394	0.9951895475387573	0.0033794601913541555	0.654037594795227	0.004488878883421421
0.384	0.448	0.0007449249387718737	0.0006347618764266372	0.00024685481912456453	0.03726407140493393	0.0023986217565834522	0.0014910728204995394	0.9951895475387573	0.0033794601913541555	0.654037594795227	0.004285730421543121
0.448	0.512	0.0007449249387718737	0.0006347618764266372	0.00024685481912456453	0.03726407140493393	0.0023986217565834522	0.0014910728204995394	0.9951895475387573	0.0033794601913541555	0.654037594795227	0.004285730421543121
0.512	0.576	0.0007449249387718737	0.0006885752663947642	0.00024685481912456453	0.03726407140493393	0.0023986217565834522	0.0014910728204995394	0.9951895475387573	0.0033794601913541555	0.805352509021759	0.004285730421543121
