onset	offset	Alarm_bell_ringing	Blender	Cat	Dishes	Dog	Electric_shaver_toothbrush	Frying	Running_water	Speech	Vacuum_cleaner
0.0	0.064	0.9950963854789734	0.0008571541984565556	0.0022021227050572634	0.004185514058917761	0.0021218189503997564	0.0004211515188217163	0.00044391059782356024	0.004182415083050728	0.007115689571946859	0.0005862524849362671
0.064	0.128	0.9950963854789734	0.0008571541984565556	0.0022021227050572634	0.004185514058917761	0.0021218189503997564	0.0004211515188217163	0.00044391059782356024	0.004182415083050728	0.007115689571946859	0.0005862524849362671
0.128	0.192	0.9961283206939697	0.0006684299441985786	0.0014751027338206768	0.0026042056269943714	0.0018082063179463148	0.0003283813421148807	0.0003200644569005817	0.002867412054911256	0.00580276595428586	0.0003538833116181195
0.192	0.256	0.9965620636940002	0.0006181973149068654	0.00124975701328367	0.002121110213920474	0.0018060842994600534	0.00027663540095090866	0.000286224385490641	0.002420277101919055	0.005427316762506962	0.0002924565633293241
0.256	0.32	0.9967710375785828	0.0006004362367093563	0.0011460782261565328	0.0019129435531795025	0.0017995103262364864	0.00024418087559752166	0.0002682791673578322	0.002229065168648958	0.005302882753312588	0.0002692313282750547
0.32	0.384	0.9968693852424622	0.0005905139842070639	0.001086399657651782	0.00180761085357517	0.0017841298831626773	0.00022605578124057502	0.00025630928575992584	0.002136040246114135	0.005238612648099661	0.0002566481998655945
0.384	0.448	0.9969245791435242	0.0005857861251570284	0.0010564643889665604	0.0017458067741245031	0.0017471519531682134	0.00021587323863059282	0.0002465544384904206	0.00209522875957191	0.005226728972047567	0.00024857610696926713
0.448	0.512	0.9969574213027954	0.0005823280662298203	0.0010442436905577779	0.0017009805887937546	0.001709778094664216	0.00021009513875469565	0.00023830075224395841	0.002073597628623247	0.005226728972047567	0.0002434674242977053
0.512	0.576	0.9969831109046936	0.0005785694229416549	0.0010442436905577779	0.0016652191989123821	0.0016804576152935624	0.00020646753546316177	0.00023213749227579683	0.0020587544422596693	0.005226728972047567	0.00023996010713744909
