onset	offset	Alarm_bell_ringing	Blender	Cat	Dishes	Dog	Electric_shaver_toothbrush	Frying	Running_water	Speech	Vacuum_cleaner
0.0	0.064	0.0022770413197577	0.005770955700427294	0.004683684557676315	0.05735599622130394	0.014859991148114204	0.0014425725676119328	0.004915421828627586	0.0015780343674123287	0.9739683270454407	0.0005512012867256999
0.064	0.128	0.0022770413197577	0.005770955700427294	0.004683684557676315	0.05369754508137703	0.014859991148114204	0.0015186427626758814	0.00506480410695076	0.0015780343674123287	0.9739683270454407	0.0005512012867256999
0.128	0.192	0.0022619059309363365	0.005686623975634575	0.005453967023640871	0.048573754727840424	0.01466339360922575	0.0015186427626758814	0.00506480410695076	0.0014883589465171099	0.971587061882019	0.0004261556314304471
0.192	0.256	0.002207032637670636	0.004983801860362291	0.005453967023640871	0.048573754727840424	0.0110550532117486	0.0015667008701711893	0.005289784632623196	0.001228683046065271	0.971587061882019	0.00035870104329660535
0.256	0.32	0.0021444528829306364	0.0035791322588920593	0.0055181244388222694	0.04514608159661293	0.009378000162541866	0.001609272207133472	0.0067220209166407585	0.000827222247608006	0.971587061882019	0.0003337101952638477
0.32	0.384	0.0021444528829306364	0.0035791322588920593	0.005580997094511986	0.04514608159661293	0.009378000162541866	0.001609272207133472	0.0067220209166407585	0.000827222247608006	0.9684637188911438	0.00032339824247173965
0.384	0.448	0.0021444528829306364	0.0035791322588920593	0.005580997094511986	0.04514608159661293	0.009135446511209011	0.001609272207133472	0.0067220209166407585	0.000827222247608006	0.9641659259796143	0.00030089906067587435
0.448	0.512	0.0021821886766701937	0.0035791322588920593	0.005580997094511986	0.04514608159661293	0.008805135264992714	0.001609272207133472	0.0067220209166407585	0.000827222247608006	0.9563842415809631	0.00020962869166396558
0.512	0.576	0.0021444528829306364	0.004468696191906929	0.0055181244388222694	0.11909052729606628	0.009135446511209011	0.001132444478571415	0.006181739736348391	0.000929938571061939	0.9385411739349365	0.00014396400365512818
