onset	offset	Alarm_bell_ringing	Blender	Cat	Dishes	Dog	Electric_shaver_toothbrush	Frying	Running_water	Speech	Vacuum_cleaner
0.0	0.064	0.00250748498365283	0.00024110359663609415	0.00030623929342254996	0.00045939063420519233	0.0005551481153815985	0.00011984573939116672	0.00023692150716669858	0.000691570807248354	0.0025421674363315105	0.0009991099359467626
0.064	0.128	0.00250748498365283	0.00024110359663609415	0.00030623929342254996	0.00045939063420519233	0.0005551481153815985	0.00011984573939116672	0.00023692150716669858	0.000691570807248354	0.0025421674363315105	0.0009991099359467626
0.128	0.192	0.0021592816337943077	0.0002157156413886696	0.0003022351302206516	0.0003919580776710063	0.0005427782889455557	0.00011256519064772874	0.00020412099547684193	0.0005913506611250341	0.001974293729290366	0.0008489729952998459
0.192	0.256	0.002113064518198371	0.0002066899323835969	0.00029892215388827026	0.0003782660933211446	0.0005427782889455557	0.00011213269317522645	0.0001896477915579453	0.0005308216204866767	0.0018059021094813943	0.0007820383762009442
0.256	0.32	0.002108373213559389	0.00020052272884640843	0.00029759565950371325	0.00036702651414088905	0.0005427782889455557	0.00011176653788425028	0.00017823050438892096	0.0004942610394209623	0.0016899275360628963	0.0007282422739081085
0.32	0.384	0.00210365722887218	0.00019379712466616184	0.0002915704098995775	0.0003564289363566786	0.0005427782889455557	0.0001117283827625215	0.0001672255020821467	0.0004706225299742073	0.001624495256692171	0.0006795384106226265
0.384	0.448	0.00210365722887218	0.00018898295820690691	0.00029021146474406123	0.0003477123973425478	0.0005463423440232873	0.00011095566878793761	0.00015801197150722146	0.00045312155270949006	0.00158853514585644	0.000640780373942107
0.448	0.512	0.00210365722887218	0.000185433731530793	0.00028173226746730506	0.0003399754350539297	0.0005491836345754564	0.00010998756624758244	0.00015060501755215228	0.000440187897766009	0.0015674029709771276	0.0006070472300052643
0.512	0.576	0.00210365722887218	0.00018278790230397135	0.00027941277949139476	0.00033293102751486003	0.000551494536921382	0.0001087341079255566	0.0001438491599401459	0.000431675958679989	0.0015601209597662091	0.0005800994113087654
