onset	offset	Alarm_bell_ringing	Blender	Cat	Dishes	Dog	Electric_shaver_toothbrush	Frying	Running_water	Speech	Vacuum_cleaner
0.0	0.064	0.07867449522018433	0.0011416368652135134	0.0007769686635583639	0.014045879244804382	0.0012343386188149452	0.0021315820049494505	0.033177681267261505	0.0012454416137188673	0.008417350240051746	0.0017525376752018929
0.064	0.128	0.07867449522018433	0.0011416368652135134	0.0009032117668539286	0.014045879244804382	0.0014445066917687654	0.002392771188169718	0.03448380157351494	0.0012671001022681594	0.008417350240051746	0.0017525376752018929
0.128	0.192	0.12103116512298584	0.0011856462806463242	0.0009032117668539286	0.015298428945243359	0.0014704101486131549	0.002392771188169718	0.03665940836071968	0.0012671001022681594	0.008417350240051746	0.0017204094910994172
0.192	0.256	0.1636308878660202	0.0011856462806463242	0.0010867392411455512	0.016119202598929405	0.0014704101486131549	0.002517771441489458	0.03448380157351494	0.0014211045345291495	0.008417350240051746	0.0015523680485785007
0.256	0.32	0.1636308878660202	0.0011416368652135134	0.001101824687793851	0.016561996191740036	0.0014704101486131549	0.0030055700335651636	0.033177681267261505	0.0016953140730038285	0.008417350240051746	0.0013932560104876757
0.32	0.384	0.1636308878660202	0.0011089667677879333	0.0011441420065239072	0.018226314336061478	0.0015749105950817466	0.003730403259396553	0.033177681267261505	0.0018646749667823315	0.008994337171316147	0.0012705425033345819
0.384	0.448	0.1636308878660202	0.0011089667677879333	0.0012442867737263441	0.020346254110336304	0.001714568817988038	0.003730403259396553	0.03216196596622467	0.0018646749667823315	0.012668898329138756	0.0010828091762959957
0.448	0.512	0.14654900133609772	0.0011089667677879333	0.0012442867737263441	0.020346254110336304	0.0018916621338576078	0.003730403259396553	0.027515454217791557	0.0018646749667823315	0.016702134162187576	0.0009234418976120651
0.512	0.576	0.11974015086889267	0.0009658616618253291	0.0012442867737263441	0.020346254110336304	0.0020429359283298254	0.003730403259396553	0.022083869203925133	0.0018646749667823315	0.016702134162187576	0.0009234418976120651
