onset	offset	Alarm_bell_ringing	Blender	Cat	Dishes	Dog	Electric_shaver_toothbrush	Frying	Running_water	Speech	Vacuum_cleaner
0.0	0.064	0.005752040538936853	0.05988442152738571	0.002783826319500804	0.0036270853597670794	0.0014012267347425222	0.25027918815612793	0.02216166816651821	0.012535314075648785	0.007046846207231283	0.4905069172382355
0.064	0.128	0.005752040538936853	0.05609335005283356	0.002783826319500804	0.0036270853597670794	0.0014012267347425222	0.25027918815612793	0.02216166816651821	0.012535314075648785	0.007046846207231283	0.4905069172382355
0.128	0.192	0.0044422028586268425	0.05609335005283356	0.002783826319500804	0.0034818570129573345	0.0011368250707164407	0.23724529147148132	0.020075680688023567	0.011901657097041607	0.00655555771663785	0.5002068877220154
0.192	0.256	0.0036403133999556303	0.05055782571434975	0.0026644214522093534	0.0030782159883528948	0.0010595517233014107	0.22145310044288635	0.018328789621591568	0.009838970378041267	0.0064924051985144615	0.516867458820343
0.256	0.32	0.0031158155761659145	0.0440756119787693	0.0024301866069436073	0.0025369494687765837	0.0010218443349003792	0.22145310044288635	0.017197472974658012	0.008718963712453842	0.0059816595166921616	0.516867458820343
0.32	0.384	0.0030814926140010357	0.0440756119787693	0.0022522220388054848	0.0025369494687765837	0.0010218443349003792	0.22145310044288635	0.016708964481949806	0.008718963712453842	0.00511850556358695	0.516867458820343
0.384	0.448	0.003018536139279604	0.0440756119787693	0.00216683279722929	0.0025369494687765837	0.0010218443349003792	0.22145310044288635	0.016457999125123024	0.008718963712453842	0.004994510672986507	0.516867458820343
0.448	0.512	0.002883289707824588	0.0440756119787693	0.002158536808565259	0.0022355150431394577	0.0010149329900741577	0.2388339787721634	0.01602991484105587	0.008718963712453842	0.004864593502134085	0.5055473446846008
0.512	0.576	0.0028744149021804333	0.05233817547559738	0.0021389478351920843	0.0022320568095892668	0.0009964016498997808	0.25566649436950684	0.015154671855270863	0.009034301154315472	0.004712718538939953	0.5017056465148926
