onset	offset	Alarm_bell_ringing	Blender	Cat	Dishes	Dog	Electric_shaver_toothbrush	Frying	Running_water	Speech	Vacuum_cleaner
0.0	0.064	0.001208783476613462	0.001345241442322731	0.0009205464739352465	0.03253331035375595	0.0009565021609887481	0.000834563747048378	0.021620608866214752	0.000962102203629911	0.5758674144744873	0.00036139567964710295
0.064	0.128	0.001208783476613462	0.001345241442322731	0.0009205464739352465	0.03253331035375595	0.0009565021609887481	0.000834563747048378	0.021620608866214752	0.000962102203629911	0.5758674144744873	0.00036139567964710295
0.128	0.192	0.0019137812778353691	0.0026424219831824303	0.0011938778916373849	0.05790388584136963	0.0018751079915091395	0.0008702459163032472	0.01353463064879179	0.0010145738488063216	0.9478990435600281	0.00031972379656508565
0.192	0.256	0.002432389883324504	0.0026424219831824303	0.0011938778916373849	0.05790388584136963	0.0020053430926054716	0.0012267453130334616	0.012518838047981262	0.0010145738488063216	0.9806355834007263	0.00024398423556704074
0.256	0.32	0.0024885092861950397	0.0026424219831824303	0.0011938778916373849	0.05790388584136963	0.0020053430926054716	0.0014233813853934407	0.012518838047981262	0.0010145738488063216	0.9869614839553833	0.00018378721142653376
0.32	0.384	0.002490704646334052	0.0026424219831824303	0.001201334991492331	0.05906979367136955	0.0020053430926054716	0.0015610037371516228	0.012518838047981262	0.0010145738488063216	0.9891045093536377	0.0001498255442129448
0.384	0.448	0.002490704646334052	0.0019560318905860186	0.001201334991492331	0.05929889902472496	0.0020053430926054716	0.0015710479347035289	0.012518838047981262	0.0009644300444051623	0.9897601008415222	0.00014599364658351988
0.448	0.512	0.002490704646334052	0.001800019177608192	0.0011938778916373849	0.05906979367136955	0.001894719316624105	0.0015729794977232814	0.013638895004987717	0.0009056915296241641	0.9902142286300659	0.00014599364658351988
0.512	0.576	0.002490704646334052	0.0016862504417076707	0.001201334991492331	0.05906979367136955	0.0017862627282738686	0.0015842732973396778	0.016147682443261147	0.0008889142773114145	0.9902611374855042	0.00014599364658351988
