onset	offset	Alarm_bell_ringing	Blender	Cat	Dishes	Dog	Electric_shaver_toothbrush	Frying	Running_water	Speech	Vacuum_cleaner
0.0	0.064	0.994712769985199	0.0011139059206470847	0.0027767375577241182	0.005300129298120737	0.002268636366352439	0.00044996198266744614	0.0008569398778490722	0.003919428214430809	0.0073708719573915005	0.001109399483539164
0.064	0.128	0.994712769985199	0.0011139059206470847	0.0027767375577241182	0.005300129298120737	0.002268636366352439	0.00044996198266744614	0.0008569398778490722	0.003919428214430809	0.0073708719573915005	0.001109399483539164
0.128	0.192	0.9962278604507446	0.0010942192748188972	0.002013797638937831	0.003195809666067362	0.0016789264045655727	0.0003559481119737029	0.00047832942800596356	0.0026115195360034704	0.005960450042039156	0.0005859366501681507
0.192	0.256	0.996508777141571	0.0010942192748188972	0.0016217550728470087	0.002522531431168318	0.0014178298879414797	0.00029395660385489464	0.0003966599178966135	0.002157963113859296	0.005050941836088896	0.00046002474846318364
0.256	0.32	0.996623158454895	0.0010825430508702993	0.0014142205473035574	0.0022614682093262672	0.0013156314380466938	0.00026586579042486846	0.00037431783857755363	0.0019431636901572347	0.004646040499210358	0.0004084843094460666
0.32	0.384	0.9966886639595032	0.001066550612449646	0.0012959716841578484	0.0021193164866417646	0.0012670718133449554	0.00025154941249638796	0.00035957086947746575	0.0018225123640149832	0.00446019321680069	0.0003767407906707376
0.384	0.448	0.996736466884613	0.001066550612449646	0.0012245336547493935	0.002025818219408393	0.0012486242922022939	0.0002426292485324666	0.0003477092832326889	0.001752266427502036	0.0043631731532514095	0.00035475142067298293
0.448	0.512	0.9967854022979736	0.001066550612449646	0.0012245336547493935	0.0019577378407120705	0.0012486242922022939	0.00023704872000962496	0.00033878767862915993	0.001752266427502036	0.004308632574975491	0.00033751962473616004
0.512	0.576	0.9968698620796204	0.0010184460552409291	0.0012245336547493935	0.0019577378407120705	0.0012486242922022939	0.00023338182654697448	0.00033313073799945414	0.001752266427502036	0.004308632574975491	0.00032198464032262564
