onset	offset	Alarm_bell_ringing	Blender	Cat	Dishes	Dog	Electric_shaver_toothbrush	Frying	Running_water	Speech	Vacuum_cleaner
0.0	0.064	0.00036664967774413526	0.00034764246083796024	0.0027593562845140696	0.0011691199615597725	0.0013811970129609108	0.00025193701731041074	0.0004344559274613857	0.0015680261421948671	0.0035782805643975735	0.0004812660627067089
0.064	0.128	0.00036664967774413526	0.00034764246083796024	0.0027593562845140696	0.0011691199615597725	0.0015943448524922132	0.00025501661002635956	0.0004344559274613857	0.0015680261421948671	0.0035782805643975735	0.0004812660627067089
0.128	0.192	0.0003127290983684361	0.0003061003517359495	0.0027071237564086914	0.0009975200518965721	0.0018845219165086746	0.0002627441135700792	0.00041052140295505524	0.0013848275411874056	0.0030048214830458164	0.0004400790494401008
0.192	0.256	0.00030622907797805965	0.0003061003517359495	0.0026199889834970236	0.0009643230005167425	0.0018845219165086746	0.000262187299085781	0.000409352796850726	0.0013643547426909208	0.0027735361363738775	0.0004379495803732425
0.256	0.32	0.00030622907797805965	0.0003061003517359495	0.002559328218922019	0.0009643230005167425	0.0018845219165086746	0.00025876221479848027	0.00040387408807873726	0.0013643547426909208	0.0027735361363738775	0.00043735653162002563
0.32	0.384	0.00030622907797805965	0.0003061003517359495	0.0025179150979965925	0.0009643230005167425	0.002137572504580021	0.00025945319794118404	0.00039011711487546563	0.0013643547426909208	0.0027735361363738775	0.00040498035377822816
0.384	0.448	0.00030622907797805965	0.00030785484705120325	0.002513793995603919	0.0009643230005167425	0.0024015330709517	0.000262187299085781	0.0003818602708633989	0.0013643547426909208	0.0027735361363738775	0.00040260437526740134
0.448	0.512	0.000339754595188424	0.0003098731394857168	0.0024773520417511463	0.0010198948439210653	0.002593904035165906	0.0002627441135700792	0.0003806467284448445	0.0013869499089196324	0.0029440915677696466	0.00037730540498159826
0.512	0.576	0.000339754595188424	0.0003098731394857168	0.0024555237032473087	0.0010198948439210653	0.002593904035165906	0.000262187299085781	0.00035490194568410516	0.0013869499089196324	0.0030601348262280226	0.00032999919494614005
