onset	offset	Alarm_bell_ringing	Blender	Cat	Dishes	Dog	Electric_shaver_toothbrush	Frying	Running_water	Speech	Vacuum_cleaner
0.0	0.064	0.0007060794741846621	0.0013337692944332957	0.0013373774709179997	0.00299843423999846	0.001444733701646328	0.0021286255214363337	0.00624899473041296	0.9464005827903748	0.007845752872526646	0.001725467387586832
0.064	0.128	0.0007060794741846621	0.0013337692944332957	0.0013373774709179997	0.00299843423999846	0.001444733701646328	0.0021286255214363337	0.00624899473041296	0.9464005827903748	0.007845752872526646	0.001725467387586832
0.128	0.192	0.0005823627579957247	0.0010968794813379645	0.0013373774709179997	0.0024733098689466715	0.0011534430086612701	0.0017444053664803505	0.00492149917408824	0.9574179649353027	0.007401287090033293	0.001454750425182283
0.192	0.256	0.0005564122693613172	0.0009168542455881834	0.0012749216984957457	0.0022350940853357315	0.0010088052367791533	0.0015528632793575525	0.004239654168486595	0.9574179649353027	0.007395005319267511	0.0013126638950780034
0.256	0.32	0.0005082855932414532	0.000780916481744498	0.0011825665133073926	0.0019900836050510406	0.0008850843296386302	0.001372063416056335	0.0038083128165453672	0.9574179649353027	0.007295777555555105	0.0012148480163887143
0.32	0.384	0.0004655690863728523	0.0006702648825012147	0.0009434543317183852	0.0018310132436454296	0.0007767354836687446	0.001267680199816823	0.003536783391609788	0.9574179649353027	0.007239666301757097	0.0011585800675675273
0.384	0.448	0.0004381518519949168	0.0005751029239036143	0.0008226664504036307	0.0017619308782741427	0.0006873403326608241	0.0012319096131250262	0.0033027282916009426	0.9564876556396484	0.007235126569867134	0.0011145543539896607
0.448	0.512	0.00041655387030914426	0.0005162589950487018	0.0008217925787903368	0.0017444960540160537	0.0006873403326608241	0.0012251263251528144	0.0030596533324569464	0.9564876556396484	0.007235126569867134	0.0011123609729111195
0.512	0.576	0.00039816071512177587	0.000514992221724242	0.0008217925787903368	0.0017444960540160537	0.0006837929249741137	0.0012244040844962	0.0029774096328765154	0.9564876556396484	0.007235126569867134	0.0011123609729111195
