onset	offset	Alarm_bell_ringing	Blender	Cat	Dishes	Dog	Electric_shaver_toothbrush	Frying	Running_water	Speech	Vacuum_cleaner
0.0	0.064	0.0015079359291121364	0.002838405082002282	0.0008528665057383478	0.029270866885781288	0.0007992953178472817	0.0003921397146768868	0.006699323654174805	0.0019420136231929064	0.004453325644135475	0.0029493493493646383
0.064	0.128	0.0015079359291121364	0.002838405082002282	0.0008528665057383478	0.029270866885781288	0.0007992953178472817	0.0003921397146768868	0.006699323654174805	0.0019420136231929064	0.004453325644135475	0.0029493493493646383
0.128	0.192	0.0010239649564027786	0.0024681976065039635	0.0007177739753387868	0.02149214595556259	0.0006351201445795596	0.00031744007719680667	0.006197940558195114	0.0017675034468993545	0.0035100788809359074	0.002711592009291053
0.192	0.256	0.000689549429807812	0.002004822948947549	0.0006288511794991791	0.014691038057208061	0.0005365271936170757	0.0002780081704258919	0.0059043727815151215	0.0016474748263135552	0.003010030137374997	0.0024831672199070454
0.256	0.32	0.0005654141423292458	0.0016396380960941315	0.0005813692114315927	0.01123796310275793	0.0004992455942556262	0.000263353023910895	0.00553185073658824	0.0015546571230515838	0.0027850365731865168	0.002181974006816745
0.32	0.384	0.000501836824696511	0.0014264874625951052	0.0005590212531387806	0.009155821055173874	0.00047499779611825943	0.0002576735569164157	0.005221242550760508	0.0014514779904857278	0.0026781363412737846	0.0018838439136743546
0.384	0.448	0.0004755112749990076	0.0014264874625951052	0.0005511757917702198	0.008975272998213768	0.0004632350173778832	0.000253199104918167	0.004937408957630396	0.0013078388292342424	0.002521641319617629	0.0018838439136743546
0.448	0.512	0.0004629562608897686	0.0014264874625951052	0.0005490163457579911	0.008975272998213768	0.0004632350173778832	0.0002482426352798939	0.00474355835467577	0.0012111242394894361	0.0023819166235625744	0.0018838439136743546
0.512	0.576	0.0004542505193967372	0.0014264874625951052	0.0005397144122980535	0.008975272998213768	0.0004632350173778832	0.00023888811119832098	0.004612859804183245	0.0010927107650786638	0.0022634065244346857	0.0018638594774529338
