onset	offset	Alarm_bell_ringing	Blender	Cat	Dishes	Dog	Electric_shaver_toothbrush	Frying	Running_water	Speech	Vacuum_cleaner
0.0	0.064	0.0006035902770236135	0.003928517922759056	0.000703004072420299	0.05442146956920624	0.0007417963934130967	0.00026970842736773193	0.0055820029228925705	0.0027148162480443716	0.003530150046572089	0.0012214413145557046
0.064	0.128	0.0006035902770236135	0.003928517922759056	0.000703004072420299	0.05442146956920624	0.0007417963934130967	0.00026970842736773193	0.0055820029228925705	0.0027148162480443716	0.003530150046572089	0.0012214413145557046
0.128	0.192	0.0004611961776390672	0.0035217497497797012	0.0006619869382120669	0.03980814293026924	0.0006074619013816118	0.00022603358956985176	0.004894965793937445	0.0021706053521484137	0.0024025558959692717	0.0010362658649682999
0.192	0.256	0.00033493380760774016	0.002743183169513941	0.0005994367529638112	0.026662256568670273	0.0005351853906176984	0.00019636306387837976	0.004125188570469618	0.00183919130358845	0.0020813578739762306	0.0009415787644684315
0.256	0.32	0.0002988004998769611	0.0020844065584242344	0.0005470110918395221	0.02038598246872425	0.000532965175807476	0.00019470580446068197	0.0035020471550524235	0.001515775453299284	0.0019158389186486602	0.0008642376051284373
0.32	0.384	0.00029711509705521166	0.0016975824255496264	0.0005353344022296369	0.018466593697667122	0.0005245151114650071	0.00019425591744948179	0.003170962678268552	0.0013467752141878009	0.0018538348376750946	0.0008044905844144523
0.384	0.448	0.0002927930327132344	0.0015080479206517339	0.0005353344022296369	0.017666775733232498	0.0005127498880028725	0.0001909999264171347	0.0029771788977086544	0.0012569369282573462	0.0018412205390632153	0.0007668296457268298
0.448	0.512	0.0002707657986320555	0.001428648247383535	0.0005228508962318301	0.016926025971770287	0.0005127498880028725	0.00018769895541481674	0.00286071072332561	0.0012124798959121108	0.0018199300393462181	0.0007612659828737378
0.512	0.576	0.0002707657986320555	0.0013826630311086774	0.000514851592015475	0.016297660768032074	0.0005127498880028725	0.00018382839334663004	0.002791270613670349	0.0011824549874290824	0.001816007774323225	0.0007530997972935438
