onset	offset	Alarm_bell_ringing	Blender	Cat	Dishes	Dog	Electric_shaver_toothbrush	Frying	Running_water	Speech	Vacuum_cleaner
0.0	0.064	0.0020739203318953514	0.003537655808031559	0.011823874898254871	0.002830082317814231	0.0011693020351231098	0.010309083387255669	0.044345781207084656	0.009601241908967495	0.012265266850590706	0.00606917217373848
0.064	0.128	0.0020739203318953514	0.003537655808031559	0.012517093680799007	0.002830082317814231	0.0011693020351231098	0.012373344041407108	0.044647544622421265	0.009601241908967495	0.012265266850590706	0.00606917217373848
0.128	0.192	0.0019745249301195145	0.0040747905150055885	0.012517093680799007	0.002914114622399211	0.0011633576359599829	0.012373344041407108	0.05350552871823311	0.009601241908967495	0.012349046766757965	0.00606917217373848
0.192	0.256	0.0019745249301195145	0.0040747905150055885	0.01322364341467619	0.002914114622399211	0.0011587836779654026	0.01487785205245018	0.05350552871823311	0.009601241908967495	0.018287429586052895	0.00606917217373848
0.256	0.32	0.0019745249301195145	0.0040747905150055885	0.017352348193526268	0.002914114622399211	0.0011157080298289657	0.02299407124519348	0.05350552871823311	0.009601241908967495	0.024412624537944794	0.00606917217373848
0.32	0.384	0.0019745249301195145	0.0054037258960306644	0.021142562851309776	0.0030747074633836746	0.0010826276848092675	0.03040248155593872	0.0754927396774292	0.013163250871002674	0.036915991455316544	0.007649771869182587
0.384	0.448	0.002052159048616886	0.0054037258960306644	0.024326849728822708	0.0031485464423894882	0.0009405785822309554	0.03753867745399475	0.08999756723642349	0.014159980230033398	0.04756692424416542	0.007816968485713005
0.448	0.512	0.002226191805675626	0.005461633671075106	0.02513888105750084	0.0033414773643016815	0.0009405785822309554	0.04760044440627098	0.09143107384443283	0.014554080553352833	0.05445072427392006	0.008289884775876999
0.512	0.576	0.002226191805675626	0.005483719054609537	0.027265964075922966	0.0037692489568144083	0.0009405785822309554	0.04760044440627098	0.09252504259347916	0.0148333003744483	0.06159698963165283	0.008462943136692047
