onset	offset	Alarm_bell_ringing	Blender	Cat	Dishes	Dog	Electric_shaver_toothbrush	Frying	Running_water	Speech	Vacuum_cleaner
0.0	0.064	0.01118606049567461	0.0003939404268749058	0.001062482944689691	0.0011523410212248564	0.001208650995977223	0.00020472971664275974	0.0008949600742198527	0.001524697756394744	0.002684972947463393	0.001112806610763073
0.064	0.128	0.01118606049567461	0.0003939404268749058	0.001062482944689691	0.0011523410212248564	0.001208650995977223	0.00020472971664275974	0.0008949600742198527	0.001524697756394744	0.002684972947463393	0.001112806610763073
0.128	0.192	0.00634591793641448	0.00029846993857063353	0.0007963068201206625	0.0008208123035728931	0.0008642359171062708	0.00018249776621814817	0.0007633151835761964	0.0012751973699778318	0.0019202397670596838	0.0008536216919310391
0.192	0.256	0.0063354624435305595	0.00027946525369770825	0.0007963068201206625	0.0008057638187892735	0.0008642359171062708	0.00016730556671973318	0.0006909699877724051	0.001106363139115274	0.0018452098593115807	0.0006943216430954635
0.256	0.32	0.005631143692880869	0.0002512373321224004	0.0007963068201206625	0.0006834620144218206	0.0008642359171062708	0.00014886530698277056	0.00059355708071962	0.001102228881791234	0.0017635268159210682	0.0005936145316809416
0.32	0.384	0.0045015583746135235	0.00020463055989239365	0.0007576618227176368	0.0005555204697884619	0.0008556111133657396	0.00014886530698277056	0.0005023123230785131	0.0010727997869253159	0.0017213820246979594	0.0005212692194618285
0.384	0.448	0.004372643772512674	0.000184153817826882	0.0007564194966107607	0.0005230138776823878	0.0008418256766162813	0.00014334800653159618	0.0004714765236712992	0.0010500492062419653	0.0017134096706286073	0.000452955107903108
0.448	0.512	0.004268236458301544	0.0001812716363929212	0.0007502646185457706	0.0005156560218892992	0.0008442975813522935	0.00013957908959127963	0.0004270403296686709	0.0009717539069242775	0.0016696134116500616	0.0004250053025316447
0.512	0.576	0.004268236458301544	0.00017965759616345167	0.0007564194966107607	0.0005112021462991834	0.0008528587641194463	0.0001383266062475741	0.00038487627170979977	0.0009150643600150943	0.001646960387006402	0.00040182468364946544
