onset	offset	Alarm_bell_ringing	Blender	Cat	Dishes	Dog	Electric_shaver_toothbrush	Frying	Running_water	Speech	Vacuum_cleaner
0.0	0.064	0.001313979853875935	0.004152544774115086	0.0017671710811555386	0.020805595442652702	0.0002835052437148988	0.00013207472511567175	0.18266494572162628	0.4576707184314728	0.010184664279222488	0.00797219667583704
0.064	0.128	0.001313979853875935	0.004152544774115086	0.0017671710811555386	0.020805595442652702	0.0003073906118515879	0.0001154388373834081	0.18266494572162628	0.4576707184314728	0.010184664279222488	0.00797219667583704
0.128	0.192	0.000908751564566046	0.006388133391737938	0.0020232265815138817	0.014754578471183777	0.0003419476852286607	0.0001154388373834081	0.13159509003162384	0.6683496236801147	0.010079704225063324	0.006509136874228716
0.192	0.256	0.0008043028065003455	0.0067062037996947765	0.0020232265815138817	0.01203832682222128	0.0003419476852286607	0.00011499421088956296	0.12393774092197418	0.726212739944458	0.0076719350181519985	0.005106078460812569
0.256	0.32	0.0007611854234710336	0.006812511011958122	0.0020232265815138817	0.011033273302018642	0.0003419476852286607	0.00011127088509965688	0.10726667195558548	0.7631857991218567	0.0072234938852488995	0.004390362184494734
0.32	0.384	0.0007438159082084894	0.007359159179031849	0.0021198138128966093	0.010485745966434479	0.00038089085137471557	0.000107712643512059	0.09835024923086166	0.7725439071655273	0.0072234938852488995	0.004132739268243313
0.384	0.448	0.0007235985831357539	0.007453210651874542	0.0021509930957108736	0.010316126979887486	0.0004060362698510289	0.00010208984895143658	0.09683751314878464	0.7739036679267883	0.0072234938852488995	0.004119932185858488
0.448	0.512	0.0007235985831357539	0.007453210651874542	0.0021741404198110104	0.010284475982189178	0.0004272445512469858	9.556351869832724e-05	0.09428142011165619	0.7783246040344238	0.0072234938852488995	0.0039000024553388357
0.512	0.576	0.0007235985831357539	0.007453210651874542	0.002199470531195402	0.010086738504469395	0.00045074394438415766	8.798755152383819e-05	0.08763562142848969	0.802725076675415	0.0075653777457773685	0.0032130174804478884
