onset	offset	Alarm_bell_ringing	Blender	Cat	Dishes	Dog	Electric_shaver_toothbrush	Frying	Running_water	Speech	Vacuum_cleaner
0.0	0.064	0.0009085052297450602	0.00045941167627461255	0.0024136158172041178	0.00169267482124269	0.0012378247920423746	0.00021075039694551378	0.002942864317446947	0.2851038873195648	0.006319695618003607	0.0036850576288998127
0.064	0.128	0.0009085052297450602	0.0005172029486857355	0.0027638238389045	0.0018587170634418726	0.0014284314820542932	0.00024211761774495244	0.002983574755489826	0.2851038873195648	0.006319695618003607	0.003930460661649704
0.128	0.192	0.0009495740523561835	0.0005357427289709449	0.003237467724829912	0.002209646860137582	0.0014284314820542932	0.00024211761774495244	0.003100471803918481	0.3027194142341614	0.005677967797964811	0.004957484547048807
0.192	0.256	0.0009495740523561835	0.0005357427289709449	0.003237467724829912	0.0020116388332098722	0.0013899117475375533	0.0002339262719033286	0.003100471803918481	0.40542349219322205	0.00559783773496747	0.004957484547048807
0.256	0.32	0.0009495740523561835	0.0005756639293394983	0.002873155055567622	0.0019096924224868417	0.0012754482449963689	0.00023300120665226132	0.002983574755489826	0.5690215826034546	0.00559783773496747	0.004957484547048807
0.32	0.384	0.0014163136947900057	0.0005788371781818569	0.0032104281708598137	0.0019096924224868417	0.0012754482449963689	0.00023300120665226132	0.002983574755489826	0.7462269067764282	0.00559783773496747	0.006895303726196289
0.384	0.448	0.0018520718440413475	0.0005808092537336051	0.003237467724829912	0.0020116388332098722	0.001318311900831759	0.0002339262719033286	0.002983574755489826	0.8399704694747925	0.00559783773496747	0.008802118711173534
0.448	0.512	0.002592911245301366	0.0006341831758618355	0.00331003381870687	0.002106773667037487	0.001318311900831759	0.0002339262719033286	0.002939667785540223	0.8973879218101501	0.005767056252807379	0.00925525464117527
0.512	0.576	0.003126503899693489	0.0006533496780321002	0.0035914992913603783	0.002106773667037487	0.001318311900831759	0.0002339262719033286	0.0027057204861193895	0.9353429079055786	0.0060627092607319355	0.00925525464117527
