onset	offset	Alarm_bell_ringing	Blender	Cat	Dishes	Dog	Electric_shaver_toothbrush	Frying	Running_water	Speech	Vacuum_cleaner
0.0	0.064	0.0015294046606868505	0.00019472696294542402	0.0012555435532703996	0.001971523044630885	0.0055175041779875755	0.0001627461751922965	0.0003533735580276698	0.0006985818035900593	0.002083645900711417	0.0005354341701604426
0.064	0.128	0.0015294046606868505	0.00019472696294542402	0.0012555435532703996	0.001971523044630885	0.0055175041779875755	0.0001627461751922965	0.0003533735580276698	0.0006985818035900593	0.002083645900711417	0.0005354341701604426
0.128	0.192	0.0011067399755120277	0.0001505259278928861	0.0010954848257824779	0.0010378396837040782	0.004043226130306721	0.00012594336294569075	0.00029383160290308297	0.0005816363845951855	0.0017755073495209217	0.00044994722702540457
0.192	0.256	0.0005436593201011419	0.00013716067769564688	0.0010039150947704911	0.0006460862932726741	0.002336387289687991	0.00010806160571519285	0.00027115020202472806	0.0005234412965364754	0.0015616110758855939	0.00041580561082810163
0.256	0.32	0.00034090367262251675	0.00011604321480263025	0.0008658480946905911	0.000516850093845278	0.0017322988715022802	9.983478230424225e-05	0.00024901138385757804	0.00045706145465373993	0.0014336310559883714	0.00037606724072247744
0.32	0.384	0.00027819801471196115	0.0001034005472320132	0.0007153796614147723	0.0004695452516898513	0.0016363684553653002	9.671073348727077e-05	0.00022926546807866544	0.00040879982407204807	0.0013063435908406973	0.00034762307768687606
0.384	0.448	0.0002481543633621186	9.926332131726667e-05	0.0006599485641345382	0.000435986410593614	0.0016363684553653002	9.496323764324188e-05	0.00021303314133547246	0.0003735880891326815	0.0012417613761499524	0.00032793893478810787
0.448	0.512	0.0002336906618438661	9.757127554621547e-05	0.0006344515713863075	0.00041808487731032073	0.0016363684553653002	9.448018681723624e-05	0.0001991016761166975	0.00034862718894146383	0.001204027095809579	0.0003109491663053632
0.512	0.576	0.00022552274458575994	9.685257828095928e-05	0.0006182810175232589	0.00040837255073711276	0.0016363684553653002	9.448018681723624e-05	0.00018765978165902197	0.00033171160612255335	0.0011909606400877237	0.0002962766739074141
