onset	offset	Alarm_bell_ringing	Blender	Cat	Dishes	Dog	Electric_shaver_toothbrush	Frying	Running_water	Speech	Vacuum_cleaner
0.0	0.064	0.7453428506851196	0.004067934583872557	0.0016877506859600544	0.05146234855055809	0.00154081208165735	0.002021993510425091	0.07111772149801254	0.003961157985031605	0.01877906173467636	0.0013635370414704084
0.064	0.128	0.7453428506851196	0.004067934583872557	0.0016877506859600544	0.05146234855055809	0.00154081208165735	0.002021993510425091	0.07111772149801254	0.003961157985031605	0.01877906173467636	0.0013635370414704084
0.128	0.192	0.7453428506851196	0.002862840425223112	0.0016877506859600544	0.03945185989141464	0.001068602898158133	0.002021993510425091	0.07097207754850388	0.0031534533482044935	0.015041195787489414	0.0009114610147662461
0.192	0.256	0.7459841370582581	0.0021904984023422003	0.0016877506859600544	0.031818464398384094	0.001068602898158133	0.002021993510425091	0.07111772149801254	0.0031534533482044935	0.011639381758868694	0.0006316391518339515
0.256	0.32	0.7726069688796997	0.0021621522027999163	0.0016877506859600544	0.029762325808405876	0.001068602898158133	0.002021993510425091	0.07111772149801254	0.0031534533482044935	0.010710644535720348	0.0004972258466295898
0.32	0.384	0.8851447701454163	0.0021621522027999163	0.0021171809639781713	0.02717605233192444	0.001068602898158133	0.002000092761591077	0.07097207754850388	0.0031534533482044935	0.010421322658658028	0.0004890388227067888
0.384	0.448	0.9196075797080994	0.0021621522027999163	0.0021171809639781713	0.02717605233192444	0.0010862210765480995	0.0019826716743409634	0.0687628909945488	0.0034281716216355562	0.010249525308609009	0.0004248940967954695
0.448	0.512	0.92156982421875	0.0021621522027999163	0.0021171809639781713	0.029762325808405876	0.0012170521076768637	0.0019826716743409634	0.06816260516643524	0.0034281716216355562	0.010032729245722294	0.00031085844966582954
0.512	0.576	0.92156982421875	0.0022181556560099125	0.0021171809639781713	0.031030626967549324	0.0013542744563892484	0.0019056666642427444	0.054353978484869	0.0034281716216355562	0.009938351809978485	0.00020601092546712607
