onset	offset	Alarm_bell_ringing	Blender	Cat	Dishes	Dog	Electric_shaver_toothbrush	Frying	Running_water	Speech	Vacuum_cleaner
0.0	0.064	0.012450878508388996	0.004092457704246044	0.009599418379366398	0.018921948969364166	0.0191094521433115	0.006578334607183933	0.03394431620836258	0.008814853616058826	0.9840003848075867	0.0023396527394652367
0.064	0.128	0.01312330923974514	0.004092457704246044	0.009599418379366398	0.018921948969364166	0.019050318747758865	0.006839290261268616	0.03394431620836258	0.008814853616058826	0.9840003848075867	0.0023396527394652367
0.128	0.192	0.0136611582711339	0.003616312053054571	0.009599418379366398	0.020305009558796883	0.019050318747758865	0.006839290261268616	0.030999472364783287	0.008345010690391064	0.9860283732414246	0.0019592461176216602
0.192	0.256	0.0136611582711339	0.0032818629406392574	0.009599418379366398	0.020305009558796883	0.019006725400686264	0.006605003960430622	0.030823644250631332	0.007449857424944639	0.9860283732414246	0.001798733719624579
0.256	0.32	0.0136611582711339	0.002861855085939169	0.009599418379366398	0.020305009558796883	0.018853088840842247	0.006605003960430622	0.030823644250631332	0.0070719001814723015	0.9860283732414246	0.0016843401826918125
0.32	0.384	0.01436524372547865	0.002861855085939169	0.00972712505608797	0.025012029334902763	0.018324997276067734	0.006839290261268616	0.030823644250631332	0.006421090103685856	0.9860283732414246	0.0015534828417003155
0.384	0.448	0.017022857442498207	0.002861855085939169	0.011730960570275784	0.0376250334084034	0.017685240134596825	0.007030325476080179	0.030823644250631332	0.006092180497944355	0.983711302280426	0.0015290887095034122
0.448	0.512	0.017022857442498207	0.002861855085939169	0.013762304559350014	0.0376250334084034	0.01697055622935295	0.007195095997303724	0.030823644250631332	0.006075747776776552	0.9826810956001282	0.0012614111183211207
0.512	0.576	0.017022857442498207	0.0022898013703525066	0.013762304559350014	0.0376250334084034	0.016455266624689102	0.007195095997303724	0.030823644250631332	0.0052829524502158165	0.9822118878364563	0.0010128691792488098
