onset	offset	Alarm_bell_ringing	Blender	Cat	Dishes	Dog	Electric_shaver_toothbrush	Frying	Running_water	Speech	Vacuum_cleaner
0.0	0.064	0.003933484200388193	0.014385838061571121	0.0026371367275714874	0.8940417766571045	0.07539985328912735	0.004184460733085871	0.2715482711791992	0.008097180165350437	0.027563370764255524	0.0031993205193430185
0.064	0.128	0.003256090683862567	0.014385838061571121	0.0026371367275714874	0.8940417766571045	0.07539985328912735	0.003933121915906668	0.2715482711791992	0.008097180165350437	0.027563370764255524	0.0031993205193430185
0.128	0.192	0.003256090683862567	0.009732390753924847	0.0022579310461878777	0.8890576958656311	0.06536330282688141	0.003933121915906668	0.16495299339294434	0.00577763793990016	0.0220906101167202	0.002650083275511861
0.192	0.256	0.0029002176597714424	0.005052075255662203	0.0016280085546895862	0.764589786529541	0.06536330282688141	0.0035361333284527063	0.06489882618188858	0.0032680921722203493	0.012598306871950626	0.002284571761265397
0.256	0.32	0.0016876131994649768	0.0015242790104821324	0.0008251910330727696	0.33109113574028015	0.015788139775395393	0.0016333665698766708	0.03850520774722099	0.0017137146787717938	0.006208866834640503	0.0015222425572574139
0.32	0.384	0.0010562047827988863	0.0015242790104821324	0.0007008506800048053	0.33109113574028015	0.01484108529984951	0.0016333665698766708	0.03850520774722099	0.0017137146787717938	0.005865814164280891	0.0010948776034638286
0.384	0.448	0.0010198180098086596	0.0015242790104821324	0.00064612872665748	0.33109113574028015	0.01484108529984951	0.0016333665698766708	0.03850520774722099	0.0017137146787717938	0.005865814164280891	0.0010948776034638286
0.448	0.512	0.0010198180098086596	0.0015242790104821324	0.0006126188673079014	0.33109113574028015	0.01484108529984951	0.0016333665698766708	0.03850520774722099	0.0017137146787717938	0.005865814164280891	0.0010948776034638286
0.512	0.576	0.0010198180098086596	0.001872667926363647	0.0006126188673079014	0.6816396713256836	0.01484108529984951	0.0017835141625255346	0.05566749721765518	0.002459203591570258	0.005865814164280891	0.0010948776034638286
