onset	offset	Alarm_bell_ringing	Blender	Cat	Dishes	Dog	Electric_shaver_toothbrush	Frying	Running_water	Speech	Vacuum_cleaner
0.0	0.064	0.001892584259621799	0.0014321737689897418	0.0008084549335762858	0.0075273942202329636	0.0007656927919015288	0.0007940692012198269	0.006464503705501556	0.0010413869749754667	0.005493686068803072	0.0007166970171965659
0.064	0.128	0.001892584259621799	0.0014321737689897418	0.0008084549335762858	0.0075273942202329636	0.0007656927919015288	0.0007940692012198269	0.006464503705501556	0.0010413869749754667	0.005493686068803072	0.0007166970171965659
0.128	0.192	0.0012307040160521865	0.0011539716506376863	0.0007279040291905403	0.005133054219186306	0.0006864461465738714	0.0005934060900472105	0.005273641552776098	0.0008582547307014465	0.004818168468773365	0.0005528853507712483
0.192	0.256	0.0010695006931200624	0.0010571964085102081	0.0007024772930890322	0.004782109055668116	0.0006640902138315141	0.0005122381262481213	0.004552505444735289	0.000787257740739733	0.004818168468773365	0.0004621049156412482
0.256	0.32	0.0010078542400151491	0.0010206997394561768	0.0006883521564304829	0.004696215968579054	0.0006637773476541042	0.0004794197157025337	0.0042043873108923435	0.0007508300477638841	0.004818168468773365	0.0004124928673263639
0.32	0.384	0.0009555078577250242	0.0009452695376239717	0.0006829098565503955	0.004183459561318159	0.0006321839173324406	0.00045302289072424173	0.0037659057416021824	0.0006924700574018061	0.004818168468773365	0.00037409059586934745
0.384	0.448	0.0008864245610311627	0.0008032825426198542	0.0005913435597904027	0.003444371744990349	0.0006321839173324406	0.000436632486525923	0.0033766203559935093	0.000639274891000241	0.005004366394132376	0.00034576424513943493
0.448	0.512	0.0008188741048797965	0.0005752092693001032	0.0005786452675238252	0.002747381804510951	0.0006294039776548743	0.00043245271081104875	0.003083994146436453	0.0006167746032588184	0.005308565683662891	0.00029559899121522903
0.512	0.576	0.0007824096246622503	0.00047886543325148523	0.0005780038773082197	0.002429694402962923	0.0006294039776548743	0.00043245271081104875	0.0028825371991842985	0.0005939875263720751	0.005574432667344809	0.000263049645582214
