onset	offset	Alarm_bell_ringing	Blender	Cat	Dishes	Dog	Electric_shaver_toothbrush	Frying	Running_water	Speech	Vacuum_cleaner
0.0	0.064	0.0011631918605417013	0.0007088524871505797	0.0003722066758200526	0.024828748777508736	0.0005094081861898303	0.0013917230535298586	0.9753667116165161	0.003688387107104063	0.03511013090610504	0.005736003629863262
0.064	0.128	0.0011631918605417013	0.0007088524871505797	0.0003780516271945089	0.024828748777508736	0.0005094081861898303	0.0013917230535298586	0.9753667116165161	0.003688387107104063	0.03511013090610504	0.005736003629863262
0.128	0.192	0.0007454946171492338	0.0007088524871505797	0.00045889278408139944	0.03208697587251663	0.0006941340980120003	0.0011776553001254797	0.9748932123184204	0.003688387107104063	0.0433015339076519	0.006399732548743486
0.192	0.256	0.0007454946171492338	0.0007088524871505797	0.0003780516271945089	0.03208697587251663	0.0006941340980120003	0.0010326756164431572	0.9748932123184204	0.003688387107104063	0.0433015339076519	0.005736003629863262
0.256	0.32	0.0007454946171492338	0.0006095651770010591	0.0003722066758200526	0.049837421625852585	0.0007966851117089391	0.0009204144589602947	0.9753667116165161	0.003688387107104063	0.04612415283918381	0.005611116532236338
0.32	0.384	0.0006705549894832075	0.0005288679385557771	0.00035604534787125885	0.10982608795166016	0.0009806541493162513	0.0008195789996534586	0.9753667116165161	0.0032492002937942743	0.07202222943305969	0.005346034187823534
0.384	0.448	0.0006621626089327037	0.0005288679385557771	0.0003423577290959656	0.10982608795166016	0.0009806541493162513	0.000647527223918587	0.9757773876190186	0.0032492002937942743	0.09606481343507767	0.005346034187823534
0.448	0.512	0.0006621626089327037	0.0005288679385557771	0.00020926084835082293	0.10982608795166016	0.0009806541493162513	0.0005128441844135523	0.9757773876190186	0.0032492002937942743	0.1131976991891861	0.003484930843114853
0.512	0.576	0.0005651421379297972	0.0003668646968435496	0.00016832708206493407	0.10982608795166016	0.0009806541493162513	0.0004112536844331771	0.9761115312576294	0.0030574938282370567	0.11611444503068924	0.002621106803417206
