onset	offset	Alarm_bell_ringing	Blender	Cat	Dishes	Dog	Electric_shaver_toothbrush	Frying	Running_water	Speech	Vacuum_cleaner
0.0	0.064	0.0056032445281744	0.0003125291259493679	0.0011351769790053368	0.0011126799508929253	0.0013387746876105666	0.00027248382684774697	0.0006361639243550599	0.001034491928294301	0.00260705198161304	0.0006656039622612298
0.064	0.128	0.005085915792733431	0.00028051919071003795	0.0011351769790053368	0.0010759619763121009	0.0013387746876105666	0.00027248382684774697	0.000632924260571599	0.001034491928294301	0.00260705198161304	0.0006656039622612298
0.128	0.192	0.005307991523295641	0.0002973372465930879	0.0009285166743211448	0.0010920832864940166	0.0013152918545529246	0.0002429028245387599	0.000632924260571599	0.0007297800621017814	0.002270301105454564	0.0005201856838539243
0.192	0.256	0.005307991523295641	0.0002973372465930879	0.0008086332818493247	0.0010920832864940166	0.0013152918545529246	0.00023338115715887398	0.000599346705712378	0.0006684114341624081	0.002176725072786212	0.0004381900653243065
0.256	0.32	0.005307991523295641	0.0002814771723933518	0.0007863276405259967	0.0010920832864940166	0.0013152918545529246	0.00023338115715887398	0.0005461752298288047	0.0006684114341624081	0.0021758221555501223	0.0004090027359779924
0.32	0.384	0.0054371291771531105	0.0002814771723933518	0.0007861396297812462	0.0010920832864940166	0.0013152918545529246	0.00022277502284850925	0.0005367376143112779	0.0006684114341624081	0.0021758221555501223	0.0004024027439299971
0.384	0.448	0.0054371291771531105	0.00028051919071003795	0.0007793994736857712	0.0010759619763121009	0.0013453374849632382	0.00021402626589406282	0.0005156368715688586	0.0006684114341624081	0.002168975304812193	0.00039811854367144406
0.448	0.512	0.0054371291771531105	0.00027221455820836127	0.0007775508565828204	0.0010148623259738088	0.0013453374849632382	0.00021166849182918668	0.0004642962303478271	0.0006666562403552234	0.002168975304812193	0.0003695311606861651
0.512	0.576	0.0054371291771531105	0.0002700416371226311	0.0007660241099074483	0.0010148623259738088	0.0013453374849632382	0.00021166849182918668	0.00044859133777208626	0.0006793256616219878	0.002168975304812193	0.0003574105794541538
