onset	offset	Alarm_bell_ringing	Blender	Cat	Dishes	Dog	Electric_shaver_toothbrush	Frying	Running_water	Speech	Vacuum_cleaner
0.0	0.064	0.01367573905736208	0.0010933892335742712	0.0035589798353612423	0.0354895144701004	0.004083240404725075	0.0022881668992340565	0.7281687259674072	0.003312242915853858	0.9750476479530334	0.0016169100999832153
0.064	0.128	0.01367573905736208	0.0010933892335742712	0.0035589798353612423	0.0354895144701004	0.004083240404725075	0.0022881668992340565	0.7281687259674072	0.003312242915853858	0.9750476479530334	0.0016169100999832153
0.128	0.192	0.013756551779806614	0.001084173796698451	0.0034024815540760756	0.038472916930913925	0.0038196907844394445	0.0022036635782569647	0.7568395137786865	0.0031665011774748564	0.9743654131889343	0.0013828020310029387
0.192	0.256	0.013756551779806614	0.0010544931283220649	0.0032632267102599144	0.038472916930913925	0.003459199331700802	0.002075350843369961	0.7831436991691589	0.002848590025678277	0.9743654131889343	0.0013206714065745473
0.256	0.32	0.013756551779806614	0.0010538763599470258	0.003098617075011134	0.038472916930913925	0.0032032823655754328	0.0019669835455715656	0.8029060363769531	0.0026320170145481825	0.9743654131889343	0.0012179578188806772
0.32	0.384	0.013756551779806614	0.0010151955066248775	0.0030720881186425686	0.038472916930913925	0.0026684643235057592	0.001820435980334878	0.835011899471283	0.0024996378924697638	0.9684199690818787	0.0010460977209731936
0.384	0.448	0.011625566519796848	0.0010035421000793576	0.002778569469228387	0.03603905811905861	0.0024337845388799906	0.00158040807582438	0.8646273612976074	0.002472792286425829	0.9655494689941406	0.0009333995985798538
0.448	0.512	0.011362088844180107	0.0009355782531201839	0.002755705965682864	0.03597543388605118	0.0024012236390262842	0.001488330541178584	0.8739621639251709	0.002439358038827777	0.9638881683349609	0.0008401905652135611
0.512	0.576	0.011267581954598427	0.0009234375320374966	0.0025795174296945333	0.03554563969373703	0.0023264107294380665	0.0014475251082330942	0.8767433762550354	0.002414907794445753	0.9629495739936829	0.0007821311010047793
