onset	offset	Alarm_bell_ringing	Blender	Cat	Dishes	Dog	Electric_shaver_toothbrush	Frying	Running_water	Speech	Vacuum_cleaner
0.0	0.064	0.0019405040657147765	0.0012648134725168347	0.0036821316462010145	0.006020479369908571	0.0025881666224449873	0.0007413797429762781	0.12545764446258545	0.7974070906639099	0.010083187371492386	0.0022532909642904997
0.064	0.128	0.0019405040657147765	0.001167126465588808	0.0041298652067780495	0.006020479369908571	0.0025881666224449873	0.0007413797429762781	0.11165251582860947	0.8062974214553833	0.010083187371492386	0.0022532909642904997
0.128	0.192	0.001056062406860292	0.001167126465588808	0.004779044538736343	0.005054879933595657	0.0025881666224449873	0.0007139419903978705	0.11165251582860947	0.8062974214553833	0.007789283525198698	0.0015794399660080671
0.192	0.256	0.0007798408041708171	0.0011637028073891997	0.004779044538736343	0.004114469513297081	0.0025298886466771364	0.0006392864743247628	0.11087284237146378	0.83768630027771	0.0073798163793981075	0.0012414887314662337
0.256	0.32	0.0006197784096002579	0.0010435654548928142	0.004779044538736343	0.0032899584621191025	0.002496100729331374	0.0006392864743247628	0.09827188402414322	0.854606568813324	0.006462258752435446	0.0010233197826892138
0.32	0.384	0.0005363436066545546	0.0007924877572804689	0.004779044538736343	0.0025837449356913567	0.0020148970652371645	0.0006392864743247628	0.08884238451719284	0.854606568813324	0.005880463402718306	0.000911751645617187
0.384	0.448	0.0004900738131254911	0.0007040022755973041	0.004779044538736343	0.0022623257245868444	0.0018689158605411649	0.0006324792047962546	0.08750783652067184	0.854606568813324	0.005621470510959625	0.0008841083035804331
0.448	0.512	0.000445254088845104	0.000595513207372278	0.004779044538736343	0.00201735133305192	0.001685021910816431	0.0006318501546047628	0.08750783652067184	0.854606568813324	0.00546052772551775	0.0008841083035804331
0.512	0.576	0.0004005396622233093	0.0004734344547614455	0.004558666609227657	0.001833794522099197	0.0014807562110945582	0.0006318501546047628	0.08750783652067184	0.8454282283782959	0.0054152654483914375	0.0008841083035804331
