onset	offset	Alarm_bell_ringing	Blender	Cat	Dishes	Dog	Electric_shaver_toothbrush	Frying	Running_water	Speech	Vacuum_cleaner
0.0	0.064	0.0010077039478346705	0.010388726368546486	0.0016802303725853562	0.0024230289272964	0.0037600623909384012	0.00044394933502189815	0.0026014933828264475	0.0030222940258681774	0.9007312059402466	0.014247790910303593
0.064	0.128	0.0010077039478346705	0.010388726368546486	0.0016802303725853562	0.0024230289272964	0.0037600623909384012	0.00044394933502189815	0.0026014933828264475	0.0030222940258681774	0.8492671251296997	0.014247790910303593
0.128	0.192	0.0007575938943773508	0.007539045065641403	0.0014132834039628506	0.002326836809515953	0.0035371934063732624	0.0004210856568533927	0.0023763086646795273	0.002936555305495858	0.8492671251296997	0.011772066354751587
0.192	0.256	0.0005296175368130207	0.005034197587519884	0.0014132834039628506	0.0020891311578452587	0.003369535319507122	0.00037259788950905204	0.002364823129028082	0.0027147310320287943	0.8260811567306519	0.01021923590451479
0.256	0.32	0.00043283854029141366	0.003633379004895687	0.0014132834039628506	0.0018271723529323936	0.0024116255808621645	0.00030721951043233275	0.0023321041371673346	0.002695834031328559	0.6054103374481201	0.008976278826594353
0.32	0.384	0.00043283854029141366	0.0028928511310368776	0.0006901720771566033	0.0014182275626808405	0.0013111256994307041	0.00022770999930799007	0.002126541920006275	0.0016010855324566364	0.4707689881324768	0.008402049541473389
0.384	0.448	0.00043283854029141366	0.0028928511310368776	0.0006901720771566033	0.0014182275626808405	0.0013111256994307041	0.00022770999930799007	0.001964871771633625	0.0009132565464824438	0.4707689881324768	0.0076483022421598434
0.448	0.512	0.00043283854029141366	0.0028928511310368776	0.0006901720771566033	0.0014182275626808405	0.0013111256994307041	0.00022770999930799007	0.0016763285966590047	0.0008322483045049012	0.4707689881324768	0.0062259226106107235
0.512	0.576	0.000588177761528641	0.0028928511310368776	0.0006901720771566033	0.0014182275626808405	0.0013111256994307041	0.00022770999930799007	0.0016763285966590047	0.0008224148768931627	0.4707689881324768	0.005582754500210285
