onset	offset	Alarm_bell_ringing	Blender	Cat	Dishes	Dog	Electric_shaver_toothbrush	Frying	Running_water	Speech	Vacuum_cleaner
0.0	0.064	0.0021887836046516895	0.0036293419543653727	0.0010207390878349543	0.010358542203903198	0.0013104203389957547	0.0047697145491838455	0.9726271033287048	0.009792624972760677	0.020742004737257957	0.023823369294404984
0.064	0.128	0.0021887836046516895	0.0036293419543653727	0.0010207390878349543	0.010358542203903198	0.0013104203389957547	0.0047697145491838455	0.9726271033287048	0.009792624972760677	0.020742004737257957	0.023823369294404984
0.128	0.192	0.001527917804196477	0.0028232275508344173	0.0008733177674002945	0.009036174975335598	0.0010621864348649979	0.0038107451982796192	0.9766778349876404	0.007008954416960478	0.013481676578521729	0.01622428372502327
0.192	0.256	0.001240196987055242	0.002570628421381116	0.0008733177674002945	0.007650119252502918	0.0009323321864940226	0.0032726603094488382	0.9781399965286255	0.006430783774703741	0.009634407237172127	0.013634731993079185
0.256	0.32	0.0011047428706660867	0.0023155128583312035	0.0008733177674002945	0.006643409375101328	0.0008440670790150762	0.0029975776560604572	0.978721559047699	0.0062379976734519005	0.007847081869840622	0.01252388022840023
0.32	0.384	0.0009882333688437939	0.002009063493460417	0.000862697372213006	0.0061202021315693855	0.0007843722123652697	0.002793374937027693	0.9791600108146667	0.006004480645060539	0.0073759183287620544	0.011647612787783146
0.384	0.448	0.0008806326659396291	0.0017207651399075985	0.0008571252110414207	0.0061202021315693855	0.0007843722123652697	0.0026251589879393578	0.9791608452796936	0.005826850421726704	0.0073759183287620544	0.011093545705080032
0.448	0.512	0.0008806326659396291	0.0015309812733903527	0.0008571252110414207	0.0061202021315693855	0.0007843722123652697	0.0025001252070069313	0.9793102145195007	0.005699370056390762	0.0073759183287620544	0.010683390311896801
0.512	0.576	0.0008806326659396291	0.001465093344449997	0.0008571252110414207	0.0061202021315693855	0.0007843722123652697	0.0024118758738040924	0.9801065921783447	0.005635363515466452	0.0073759183287620544	0.010365892201662064
