onset	offset	Alarm_bell_ringing	Blender	Cat	Dishes	Dog	Electric_shaver_toothbrush	Frying	Running_water	Speech	Vacuum_cleaner
0.0	0.064	0.013378188945353031	0.02939196117222309	0.0051981122232973576	0.03521343693137169	0.009012414142489433	0.011508317664265633	0.015568613074719906	0.005977855995297432	0.9315428137779236	0.012647234834730625
0.064	0.128	0.013378188945353031	0.02939196117222309	0.0051981122232973576	0.03521343693137169	0.009012414142489433	0.011508317664265633	0.015568613074719906	0.005977855995297432	0.9315428137779236	0.012647234834730625
0.128	0.192	0.01132615003734827	0.024135638028383255	0.004332595970481634	0.03007764182984829	0.008340698666870594	0.011152823455631733	0.015568613074719906	0.005373271647840738	0.9270080327987671	0.012250435538589954
0.192	0.256	0.010076464153826237	0.021245647221803665	0.003565995953977108	0.02809186279773712	0.007746162824332714	0.010517913848161697	0.015450011938810349	0.004827269818633795	0.9010899662971497	0.011791647411882877
0.256	0.32	0.00921537633985281	0.019191408529877663	0.003031550906598568	0.026060152798891068	0.006868046708405018	0.009631423279643059	0.015350919216871262	0.00436663581058383	0.8426043391227722	0.010375595651566982
0.32	0.384	0.007931106723845005	0.01659248396754265	0.0023910359013825655	0.02108527347445488	0.0037171216681599617	0.008207728154957294	0.015132788568735123	0.003964926581829786	0.6726614832878113	0.008904622867703438
0.384	0.448	0.007931106723845005	0.011164025403559208	0.001691083307377994	0.02108527347445488	0.0015479649882763624	0.006409691646695137	0.015111184678971767	0.0030336931813508272	0.1887006014585495	0.008049196563661098
0.448	0.512	0.007931106723845005	0.008792559616267681	0.001691083307377994	0.02108527347445488	0.0011742450296878815	0.005108484532684088	0.014864640310406685	0.002671281574293971	0.04535885527729988	0.008049196563661098
0.512	0.576	0.007931106723845005	0.008792559616267681	0.001691083307377994	0.02108527347445488	0.0011742450296878815	0.004371576942503452	0.014693723991513252	0.002671281574293971	0.018764719367027283	0.008049196563661098
