onset	offset	Alarm_bell_ringing	Blender	Cat	Dishes	Dog	Electric_shaver_toothbrush	Frying	Running_water	Speech	Vacuum_cleaner
0.0	0.064	0.0013135412009432912	0.0020469080191105604	0.0070712873712182045	0.0032964854035526514	0.0037790003698319197	0.0008101642597466707	0.004941529128700495	0.004541388247162104	0.03565471991896629	0.00575975188985467
0.064	0.128	0.0013135412009432912	0.0024372439365833998	0.0070712873712182045	0.0038726876955479383	0.0038540931418538094	0.0008166010957211256	0.0052400617860257626	0.004541388247162104	0.03565471991896629	0.00575975188985467
0.128	0.192	0.0012918519787490368	0.0024372439365833998	0.007520603947341442	0.0038804432842880487	0.0038540931418538094	0.0008166010957211256	0.005831865593791008	0.006467361003160477	0.07376217097043991	0.005736204795539379
0.192	0.256	0.001273228321224451	0.0023944471031427383	0.014250243082642555	0.0038804432842880487	0.003930007107555866	0.0008106198511086404	0.005831865593791008	0.007851029746234417	0.15272824466228485	0.00552257988601923
0.256	0.32	0.0012559873284772038	0.0023065940476953983	0.016480745747685432	0.0038804432842880487	0.003930007107555866	0.0008101642597466707	0.005831865593791008	0.00857850257307291	0.20306655764579773	0.005143831018358469
0.32	0.384	0.0011955451918765903	0.00232774019241333	0.016577381640672684	0.004175727255642414	0.00393073121085763	0.0007471805438399315	0.006215452216565609	0.009626666083931923	0.21156832575798035	0.004365180619060993
0.384	0.448	0.0011288034729659557	0.00232774019241333	0.01668449304997921	0.0046666525304317474	0.00393073121085763	0.0007471805438399315	0.006331666372716427	0.011116712354123592	0.2151145040988922	0.0037819130811840296
0.448	0.512	0.0010659020626917481	0.0023065940476953983	0.01668449304997921	0.004746605176478624	0.003930007107555866	0.00073774199699983	0.006331666372716427	0.011725322343409061	0.21714989840984344	0.0037037848960608244
0.512	0.576	0.001028246246278286	0.002291368320584297	0.016577381640672684	0.004864572547376156	0.003810652531683445	0.0007332664099521935	0.006331666372716427	0.011861557140946388	0.21714989840984344	0.0036852501798421144
