onset	offset	Alarm_bell_ringing	Blender	Cat	Dishes	Dog	Electric_shaver_toothbrush	Frying	Running_water	Speech	Vacuum_cleaner
0.0	0.064	0.0022978289052844048	0.003667055396363139	0.030306436121463776	0.003941256552934647	0.0029865549877285957	0.0011323150247335434	0.0036071452777832747	0.005680035334080458	0.008806595578789711	0.04179190471768379
0.064	0.128	0.0022978289052844048	0.004058398772031069	0.03373251110315323	0.003941256552934647	0.0029865549877285957	0.0011323150247335434	0.0036071452777832747	0.0059038749895989895	0.008806595578789711	0.04179190471768379
0.128	0.192	0.0022116757463663816	0.004058398772031069	0.03373251110315323	0.00427585281431675	0.0030631357803940773	0.0011323150247335434	0.0039056986570358276	0.0059038749895989895	0.008201876655220985	0.04002237319946289
0.192	0.256	0.0022116757463663816	0.004192644730210304	0.04327985644340515	0.00427585281431675	0.0030631357803940773	0.0011323150247335434	0.0039056986570358276	0.006355892866849899	0.008201876655220985	0.03855862468481064
0.256	0.32	0.0022116757463663816	0.0049521406181156635	0.07277245074510574	0.00427585281431675	0.0030631357803940773	0.0011323150247335434	0.0039056986570358276	0.007410961668938398	0.008201876655220985	0.036966897547245026
0.32	0.384	0.0022116757463663816	0.0059179263189435005	0.13289567828178406	0.004875535145401955	0.0034709032624959946	0.001183361979201436	0.004661873448640108	0.007528499234467745	0.008201876655220985	0.0356457382440567
0.384	0.448	0.0022116757463663816	0.0059179263189435005	0.1424577832221985	0.004875535145401955	0.004307830706238747	0.0012065678602084517	0.005522647872567177	0.007528499234467745	0.00920197181403637	0.0356457382440567
0.448	0.512	0.0022116757463663816	0.0059179263189435005	0.1424577832221985	0.004875535145401955	0.005200136452913284	0.0012065678602084517	0.006156647112220526	0.007714163511991501	0.01180783286690712	0.0356457382440567
0.512	0.576	0.0022116757463663816	0.0059179263189435005	0.1424577832221985	0.004875535145401955	0.006186836399137974	0.0012065678602084517	0.006398908328264952	0.008257457986474037	0.013530181720852852	0.0356457382440567
