onset	offset	Alarm_bell_ringing	Blender	Cat	Dishes	Dog	Electric_shaver_toothbrush	Frying	Running_water	Speech	Vacuum_cleaner
0.0	0.064	0.0017760635819286108	0.002453432884067297	0.009853591211140156	0.010658266954123974	0.047432247549295425	0.0021284380927681923	0.006500000134110451	0.013824068941175938	0.058095917105674744	0.005672621540725231
0.064	0.128	0.0017760635819286108	0.002453432884067297	0.009853591211140156	0.010658266954123974	0.05302926152944565	0.0021284380927681923	0.006661531515419483	0.013738016597926617	0.058095917105674744	0.005672621540725231
0.128	0.192	0.0014881521929055452	0.0023435335606336594	0.010439444333314896	0.0068173944018781185	0.05611016973853111	0.0017182128503918648	0.006661531515419483	0.013738016597926617	0.07402075082063675	0.005314024630934
0.192	0.256	0.0011291836854070425	0.0023435335606336594	0.01743174158036709	0.005260615609586239	0.05611016973853111	0.0015699263894930482	0.0071055893786251545	0.013796551153063774	0.07402075082063675	0.004855080507695675
0.256	0.32	0.0011159147834405303	0.0023435335606336594	0.026871630921959877	0.005008528009057045	0.06801535189151764	0.0015699263894930482	0.007783555891364813	0.013824068941175938	0.07402075082063675	0.004762656986713409
0.32	0.384	0.0011159147834405303	0.0023435335606336594	0.04275398701429367	0.004968283232301474	0.09800257533788681	0.0015699263894930482	0.008609632030129433	0.013824068941175938	0.10591375082731247	0.004682355560362339
0.384	0.448	0.0011159147834405303	0.0028661172837018967	0.06760392338037491	0.004968283232301474	0.1244075819849968	0.0015699263894930482	0.008737236261367798	0.01449358370155096	0.1637885719537735	0.0042122905142605305
0.448	0.512	0.0011159147834405303	0.0029473870526999235	0.10187374800443649	0.005008528009057045	0.13472571969032288	0.0015699263894930482	0.008882241323590279	0.01550666056573391	0.28588777780532837	0.0035739238373935223
0.512	0.576	0.0011272641131654382	0.0029473870526999235	0.11148261278867722	0.005008528009057045	0.1516283005475998	0.0015699263894930482	0.009083728305995464	0.01550666056573391	0.4086584746837616	0.0035739238373935223
