onset	offset	Alarm_bell_ringing	Blender	Cat	Dishes	Dog	Electric_shaver_toothbrush	Frying	Running_water	Speech	Vacuum_cleaner
0.0	0.064	0.00013928207044955343	0.00015248919953592122	0.00361315393820405	0.0006337738013826311	0.00046501800534315407	0.00012622421490959823	0.0005601304001174867	0.0010370035888627172	0.001462607062421739	0.001833045040257275
0.064	0.128	0.00013928207044955343	0.00015248919953592122	0.0039885388687253	0.0006337738013826311	0.0005108307232148945	0.00012622421490959823	0.0005601304001174867	0.0010370035888627172	0.001462607062421739	0.001833045040257275
0.128	0.192	0.00012686652189586312	0.0001376464933855459	0.004122863989323378	0.0005591438384726644	0.0005391511949710548	0.00011052840272895992	0.0005281029734760523	0.0009735803469084203	0.0013654414797201753	0.0015483970055356622
0.192	0.256	0.00012185068044345826	0.00013761670561507344	0.004122863989323378	0.0005548071349039674	0.0005391511949710548	0.00010956812184303999	0.0004805069766007364	0.0009125954820774496	0.0013075958704575896	0.0013869565445929766
0.256	0.32	0.00011773627920774743	0.00013722004950977862	0.004117446485906839	0.0005513899959623814	0.0005391511949710548	0.00010847322846530005	0.000444291828898713	0.0008462640107609332	0.0012809889158234	0.0013157842913642526
0.32	0.384	0.00011443579569458961	0.00013427884550765157	0.004117446485906839	0.0005464160349220037	0.0005604211473837495	0.00010780452430481091	0.00042449752800166607	0.0007931068539619446	0.001269907457754016	0.001254158210940659
0.384	0.448	0.00011110050400020555	0.00013388109800871462	0.004122863989323378	0.000533381593413651	0.0005689843674190342	0.000106274317658972	0.0004151398316025734	0.000749358267057687	0.0012623455841094255	0.0011925066355615854
0.448	0.512	0.00010839660535566509	0.0001309869549004361	0.004178785718977451	0.0005180785083211958	0.000575791287701577	0.000106274317658972	0.0004064816457685083	0.0007170338067226112	0.0012615654850378633	0.0011257907608523965
0.512	0.576	0.00010787794599309564	0.00012794155918527395	0.00421063881367445	0.000514573126565665	0.0005897827795706689	0.00010475573799340054	0.0003950055979657918	0.0006886835326440632	0.0012538351584225893	0.0010540626244619489
