onset	offset	Alarm_bell_ringing	Blender	Cat	Dishes	Dog	Electric_shaver_toothbrush	Frying	Running_water	Speech	Vacuum_cleaner
0.0	0.064	0.05605332553386688	0.00840509682893753	0.0047076065093278885	0.011948318220674992	0.06114108860492706	0.03657354786992073	0.004054047167301178	0.008782600052654743	0.750464916229248	0.0015273875324055552
0.064	0.128	0.05605332553386688	0.00840509682893753	0.0047076065093278885	0.011948318220674992	0.059740811586380005	0.038344819098711014	0.004054047167301178	0.008782600052654743	0.750464916229248	0.0015273875324055552
0.128	0.192	0.051058314740657806	0.007353546097874641	0.0047076065093278885	0.011020579375326633	0.05534718930721283	0.03859589993953705	0.0037719430401921272	0.007412455976009369	0.7920407652854919	0.0012615384766831994
0.192	0.256	0.051058314740657806	0.006029968615621328	0.00460017379373312	0.010024075396358967	0.05534718930721283	0.03859589993953705	0.0037719430401921272	0.006340717896819115	0.8098402619361877	0.0010196956573054194
0.256	0.32	0.051058314740657806	0.004247808828949928	0.004505160264670849	0.009761910885572433	0.04959644004702568	0.03859589993953705	0.0037719430401921272	0.004731929395347834	0.8223762512207031	0.0008696350269019604
0.32	0.384	0.051058314740657806	0.0029727420769631863	0.004417340271174908	0.009512878954410553	0.03606147691607475	0.03903393819928169	0.0037719430401921272	0.003593561239540577	0.8223762512207031	0.0007066991529427469
0.384	0.448	0.05760595574975014	0.0026675786357373	0.004505160264670849	0.009441149421036243	0.03009745292365551	0.044776976108551025	0.004226183984428644	0.003593561239540577	0.8223762512207031	0.0007066991529427469
0.448	0.512	0.06769733875989914	0.0024032737128436565	0.004505160264670849	0.009441149421036243	0.026108022779226303	0.044776976108551025	0.004957780707627535	0.003593561239540577	0.8223762512207031	0.0006999862962402403
0.512	0.576	0.07892758399248123	0.002159013645723462	0.004505160264670849	0.009441149421036243	0.02262166142463684	0.044776976108551025	0.005598081275820732	0.003593561239540577	0.8196560740470886	0.0006999862962402403
