onset	offset	Alarm_bell_ringing	Blender	Cat	Dishes	Dog	Electric_shaver_toothbrush	Frying	Running_water	Speech	Vacuum_cleaner
0.0	0.064	0.0015650460263714194	0.0020392625592648983	0.0046972064301371574	0.00881574023514986	0.0017095559742301702	0.0013398213777691126	0.015150879509747028	0.001952518941834569	0.7957520484924316	0.001398685621097684
0.064	0.128	0.0015650460263714194	0.0020392625592648983	0.0046972064301371574	0.00881574023514986	0.0017095559742301702	0.0013336398405954242	0.015150879509747028	0.001952518941834569	0.7957520484924316	0.001398685621097684
0.128	0.192	0.0018290395382791758	0.002096055541187525	0.00897823367267847	0.00881574023514986	0.0016277862014248967	0.0013336398405954242	0.01633267290890217	0.001456414582207799	0.8554050326347351	0.0008909578318707645
0.192	0.256	0.0018290395382791758	0.002096055541187525	0.013231336139142513	0.00881574023514986	0.0014665024355053902	0.0013214029604569077	0.018068503588438034	0.0012795329093933105	0.8554050326347351	0.0008128164918161929
0.256	0.32	0.0018290395382791758	0.002096055541187525	0.014316633343696594	0.008794765919446945	0.001458840211853385	0.0012656678445637226	0.018068503588438034	0.0011948500759899616	0.8554050326347351	0.0007604575366713107
0.32	0.384	0.0018290395382791758	0.002096055541187525	0.014316633343696594	0.008794765919446945	0.001458840211853385	0.001226662308908999	0.018068503588438034	0.0011497429804876447	0.8554050326347351	0.0007234220975078642
0.384	0.448	0.0016516210744157434	0.0019951285794377327	0.014316633343696594	0.008001774549484253	0.001458840211853385	0.001210190705023706	0.018068503588438034	0.0011197697604075074	0.858697772026062	0.000691220979206264
0.448	0.512	0.0014825148973613977	0.0018734113546088338	0.014316633343696594	0.008001774549484253	0.001458840211853385	0.0011698355665430427	0.016514694318175316	0.0011197697604075074	0.858697772026062	0.0006265126285143197
0.512	0.576	0.0014825148973613977	0.0017442470416426659	0.01216540765017271	0.008001774549484253	0.0014695185236632824	0.0011524403234943748	0.015047518536448479	0.0011197697604075074	0.858697772026062	0.0005584849859587848
