onset	offset	Alarm_bell_ringing	Blender	Cat	Dishes	Dog	Electric_shaver_toothbrush	Frying	Running_water	Speech	Vacuum_cleaner
0.0	0.064	0.006455731578171253	0.005914303474128246	0.008356706239283085	0.02538357861340046	0.006234064698219299	0.02503524348139763	0.5282663702964783	0.26426172256469727	0.02836630865931511	0.017262067645788193
0.064	0.128	0.006455731578171253	0.005914303474128246	0.008356706239283085	0.02538357861340046	0.006234064698219299	0.02503524348139763	0.5282663702964783	0.26426172256469727	0.02836630865931511	0.017262067645788193
0.128	0.192	0.005146491341292858	0.005165569018572569	0.0077461483888328075	0.02400221675634384	0.0059308274649083614	0.021073762327432632	0.5664961934089661	0.22460007667541504	0.02836630865931511	0.015809152275323868
0.192	0.256	0.0043034725822508335	0.004375484772026539	0.007186241447925568	0.020726485177874565	0.005335516296327114	0.01810937188565731	0.6206449270248413	0.20401807129383087	0.02836630865931511	0.015671782195568085
0.256	0.32	0.003517214208841324	0.003754653735086322	0.005784731358289719	0.01651299186050892	0.004779126029461622	0.016109803691506386	0.6430903673171997	0.20309114456176758	0.02836630865931511	0.015311602503061295
0.32	0.384	0.003008915577083826	0.003382048336789012	0.0046010492369532585	0.013155424036085606	0.004515679087489843	0.014831439591944218	0.6492326855659485	0.20082207024097443	0.02928140200674534	0.014861561357975006
0.384	0.448	0.0026685832999646664	0.0032449006102979183	0.004126491025090218	0.011855069547891617	0.0044461204670369625	0.014383715577423573	0.6496165990829468	0.1995997279882431	0.031089073047041893	0.01406420860439539
0.448	0.512	0.0023664841428399086	0.0030695770401507616	0.003914165310561657	0.011183845810592175	0.004389486741274595	0.013687366619706154	0.6568126678466797	0.19845648109912872	0.03261445462703705	0.013924223370850086
0.512	0.576	0.002098147990182042	0.0028073552530258894	0.0037843105383217335	0.010686581023037434	0.004243648145347834	0.012531277723610401	0.666003942489624	0.19845648109912872	0.03406929597258568	0.013815639540553093
