onset	offset	Alarm_bell_ringing	Blender	Cat	Dishes	Dog	Electric_shaver_toothbrush	Frying	Running_water	Speech	Vacuum_cleaner
0.0	0.064	0.0001765893102856353	0.00018682226072996855	0.003155579324811697	0.0007149591692723334	0.0005023073172196746	0.00012728081492241472	0.0008320112247020006	0.0011492266785353422	0.0015085226623341441	0.0019145454280078411
0.064	0.128	0.0001765893102856353	0.00018682226072996855	0.003155579324811697	0.0007149591692723334	0.0005023073172196746	0.00012728081492241472	0.0008320112247020006	0.0011492266785353422	0.0015085226623341441	0.0019145454280078411
0.128	0.192	0.00016059773042798042	0.0001560482633067295	0.0027101505547761917	0.0006110740941949189	0.0004483711381908506	0.00011672852269839495	0.0007522255182266235	0.0010206893784925342	0.0013528751442208886	0.0017733096610754728
0.192	0.256	0.00014962823479436338	0.00013540581858251244	0.0026175666134804487	0.0005505431327037513	0.0004374632553663105	0.0001123890615417622	0.0007098439382389188	0.0009142511989921331	0.001306957216002047	0.0015867346664890647
0.256	0.32	0.00013935010065324605	0.00011943867866648361	0.002530124271288514	0.000503163377288729	0.00043721648398786783	0.00011027027358068153	0.0006832265644334257	0.0008169634966179729	0.0012766995932906866	0.001407761825248599
0.32	0.384	0.00013165248674340546	0.00010727016342571005	0.0024753944016993046	0.00046727899461984634	0.00043721648398786783	0.00010833047417690977	0.0006593125872313976	0.0007391294348053634	0.0012570424005389214	0.0012703447137027979
0.384	0.448	0.000125875769299455	9.865702304523438e-05	0.0024753944016993046	0.00043964089127257466	0.00043721648398786783	0.00010600781388347968	0.0006376745295710862	0.0006842815782874823	0.0012462919112294912	0.0011712032137438655
0.448	0.512	0.00012178261385997757	9.327507723355666e-05	0.0024753944016993046	0.0004189384344499558	0.0004374632553663105	0.00010386302164988592	0.0006173374131321907	0.0006521225441247225	0.001241362770088017	0.001099917571991682
0.512	0.576	0.00012012341903755441	9.075720299733803e-05	0.0024753944016993046	0.000404506572522223	0.0004417777236085385	0.00010201297118328512	0.0006004748865962029	0.0006388741312548518	0.0012389016337692738	0.0010566305136308074
