onset	offset	Alarm_bell_ringing	Blender	Cat	Dishes	Dog	Electric_shaver_toothbrush	Frying	Running_water	Speech	Vacuum_cleaner
0.0	0.064	0.008726773783564568	0.0033314088359475136	0.008026551455259323	0.012966480106115341	0.010580372996628284	0.0030276826582849026	0.018509456887841225	0.01009365450590849	0.9856423735618591	0.008221516385674477
0.064	0.128	0.008726773783564568	0.0033314088359475136	0.008026551455259323	0.012966480106115341	0.009990764781832695	0.0030276826582849026	0.018509456887841225	0.01009365450590849	0.9856423735618591	0.008221516385674477
0.128	0.192	0.009572812356054783	0.002988522406667471	0.008026551455259323	0.012966480106115341	0.009757781401276588	0.0030861468985676765	0.0176226906478405	0.008865994401276112	0.9885925054550171	0.00691245449706912
0.192	0.256	0.00972624309360981	0.0026917345821857452	0.008026551455259323	0.012931989505887032	0.009757781401276588	0.003104540752246976	0.017023136839270592	0.007586358115077019	0.9891645312309265	0.006354216020554304
0.256	0.32	0.009840253740549088	0.002512902021408081	0.008026551455259323	0.012722055427730083	0.009757781401276588	0.00319201429374516	0.017023136839270592	0.007542656268924475	0.9894132018089294	0.005932911299169064
0.32	0.384	0.0098835788667202	0.002421404467895627	0.00817436445504427	0.012722055427730083	0.00970306433737278	0.003315862501040101	0.017023136839270592	0.007542656268924475	0.9894946217536926	0.005692531820386648
0.384	0.448	0.010017764754593372	0.0023226586636155844	0.00817436445504427	0.012711134739220142	0.009561192244291306	0.0034295159857720137	0.017023136839270592	0.007469790522009134	0.989587664604187	0.005436665378510952
0.448	0.512	0.010017764754593372	0.00216266349889338	0.00817436445504427	0.012568090111017227	0.009099007584154606	0.0034295159857720137	0.01799830049276352	0.007437082938849926	0.989587664604187	0.005229711998254061
0.512	0.576	0.010017764754593372	0.002010197611525655	0.00817436445504427	0.012568090111017227	0.008713995106518269	0.00344396592117846	0.018691126257181168	0.007437082938849926	0.989587664604187	0.005104838404804468
