onset	offset	Alarm_bell_ringing	Blender	Cat	Dishes	Dog	Electric_shaver_toothbrush	Frying	Running_water	Speech	Vacuum_cleaner
0.0	0.064	0.00122327811550349	0.00146266829688102	0.001301725278608501	0.030447769910097122	0.0018732552416622639	0.0019254019716754556	0.008522476069629192	0.0021890108473598957	0.9125013947486877	0.0028546126559376717
0.064	0.128	0.00122327811550349	0.00146266829688102	0.001301725278608501	0.030447769910097122	0.0018989326199516654	0.001973571255803108	0.00862777791917324	0.002305904868990183	0.9125013947486877	0.0028546126559376717
0.128	0.192	0.0012907579075545073	0.001481994055211544	0.0010287252953276038	0.023768067359924316	0.0018989326199516654	0.0019903555512428284	0.00862777791917324	0.002466584090143442	0.9631003737449646	0.0022791288793087006
0.192	0.256	0.0012907579075545073	0.0018630808917805552	0.0010287252953276038	0.02151471935212612	0.0025311929639428854	0.0019903555512428284	0.008522476069629192	0.0024322776589542627	0.9810429811477661	0.001801003236323595
0.256	0.32	0.0012907579075545073	0.0018630808917805552	0.0010287252953276038	0.021408841013908386	0.0025311929639428854	0.0019903555512428284	0.00830751284956932	0.002370342845097184	0.9844135046005249	0.0015534444246441126
0.32	0.384	0.0013441374758258462	0.0018630808917805552	0.0010287252953276038	0.021330121904611588	0.0025311929639428854	0.0020489604212343693	0.008167948573827744	0.002370342845097184	0.985905110836029	0.0013687341706827283
0.384	0.448	0.0014152114745229483	0.0018630808917805552	0.0010518513154238462	0.021330121904611588	0.0025311929639428854	0.002136864699423313	0.007872352376580238	0.002370342845097184	0.9869995713233948	0.0012503179023042321
0.448	0.512	0.0014857095666229725	0.001776339951902628	0.0010650621261447668	0.020781101658940315	0.0024523583706468344	0.0022308623883873224	0.00781351886689663	0.002370342845097184	0.9877973198890686	0.0011639633448794484
0.512	0.576	0.0015426963800564408	0.0016854817513376474	0.0010715806856751442	0.02063886448740959	0.0023623427841812372	0.0022308623883873224	0.00781351886689663	0.002284914255142212	0.988385796546936	0.0011032629990950227
