onset	offset	Alarm_bell_ringing	Blender	Cat	Dishes	Dog	Electric_shaver_toothbrush	Frying	Running_water	Speech	Vacuum_cleaner
0.0	0.064	0.0024677717592567205	0.001967652002349496	0.0006343820714391768	0.0020821501966565847	0.002098049269989133	0.00567985512316227	0.0022997830528765917	0.0022729046177119017	0.0030895876698195934	0.010073116980493069
0.064	0.128	0.0024677717592567205	0.001967652002349496	0.0006343820714391768	0.0020821501966565847	0.002098049269989133	0.00567985512316227	0.0022997830528765917	0.0022729046177119017	0.0030895876698195934	0.010073116980493069
0.128	0.192	0.0015678192721679807	0.0016833727713674307	0.0005552319344133139	0.0013519664062187076	0.001381644862703979	0.004887854214757681	0.00184075185097754	0.002148314379155636	0.0024490035139024258	0.008384685963392258
0.192	0.256	0.0012294063344597816	0.0014555742964148521	0.0005064227734692395	0.0011235821293666959	0.001169227878563106	0.0045022014528512955	0.0016551850130781531	0.002003435278311372	0.002092683920636773	0.007591435685753822
0.256	0.32	0.001087257987819612	0.0013275259407237172	0.0004777834692504257	0.0010226414306089282	0.0010833994019776583	0.004205974750220776	0.0015569668030366302	0.0018973633414134383	0.0019231863552704453	0.007083840202540159
0.32	0.384	0.001022763317450881	0.001257623196579516	0.0004698593111243099	0.00096802570624277	0.0010833994019776583	0.004016644321382046	0.0015042695449665189	0.0018617183668538928	0.0018578908639028668	0.006713666021823883
0.384	0.448	0.0009759769309312105	0.001257623196579516	0.0004624349530786276	0.0009262074017897248	0.0010833994019776583	0.0040083094500005245	0.0014984030276536942	0.0018617183668538928	0.0018578908639028668	0.006661426741629839
0.448	0.512	0.0009311620960943401	0.001257623196579516	0.0004624349530786276	0.0009262074017897248	0.0010700657730922103	0.003998673055320978	0.001497230608947575	0.0018370365723967552	0.0018578908639028668	0.006611451506614685
0.512	0.576	0.0009311620960943401	0.001257623196579516	0.0004624349530786276	0.0009262074017897248	0.0010472035501152277	0.003998673055320978	0.0014886843273416162	0.0018207045504823327	0.0018439857522025704	0.006611451506614685
