onset	offset	Alarm_bell_ringing	Blender	Cat	Dishes	Dog	Electric_shaver_toothbrush	Frying	Running_water	Speech	Vacuum_cleaner
0.0	0.064	0.0001410786935593933	0.00023251338279806077	0.004830794874578714	0.0006995995063334703	0.0006246090051718056	0.00010811397805809975	0.0007415164145641029	0.0011280219769105315	0.002074306132271886	0.001714415499009192
0.064	0.128	0.0001410786935593933	0.00023251338279806077	0.004830794874578714	0.0006995995063334703	0.0006246090051718056	0.00010811397805809975	0.0007415164145641029	0.0011280219769105315	0.002074306132271886	0.001714415499009192
0.128	0.192	0.0001317876303801313	0.00020652702369261533	0.004662333521991968	0.0006123025086708367	0.0005641020834445953	0.0001002539720502682	0.0006620304775424302	0.0009397817775607109	0.0016813481925055385	0.0014551543863490224
0.192	0.256	0.00011728000390576199	0.0001890990388346836	0.004057806916534901	0.0005970786442048848	0.0004617858794517815	9.422790026292205e-05	0.000594969664234668	0.0008433254552073777	0.0014848405262455344	0.0012743378756567836
0.256	0.32	0.00011135983368149027	0.0001735185069264844	0.003805575193837285	0.0005764716770499945	0.00042343384120613337	8.957958925748244e-05	0.0005472074844874442	0.000774555781390518	0.0014098731335252523	0.0011577168479561806
0.32	0.384	0.00010823208867805079	0.00016253434296231717	0.003805575193837285	0.0005598005373030901	0.00041823077481240034	8.628256910014898e-05	0.0005181290907785296	0.0007257823599502444	0.0013662922428920865	0.0010730905923992395
0.384	0.448	0.00010602298425510526	0.00015376547526102513	0.003805575193837285	0.0005496884696185589	0.00041823077481240034	8.379946666536853e-05	0.0004997750511392951	0.0006890144431963563	0.0013303712476044893	0.0010014723520725965
0.448	0.512	0.00010442720667924732	0.00014583754818886518	0.003805575193837285	0.0005452813347801566	0.00041823077481240034	8.159368007909507e-05	0.0004887845716439188	0.0006593431462533772	0.001298442017287016	0.0009403371368534863
0.512	0.576	0.00010307615593774244	0.0001384556817356497	0.0038117989897727966	0.0005360101349651814	0.00041823077481240034	7.929977437015623e-05	0.0004874459991697222	0.0006358593236654997	0.0012813829816877842	0.000889951887074858
