onset	offset	Alarm_bell_ringing	Blender	Cat	Dishes	Dog	Electric_shaver_toothbrush	Frying	Running_water	Speech	Vacuum_cleaner
0.0	0.064	0.002203940413892269	0.0030316992197185755	0.004034876357764006	0.227861225605011	0.0027898584958165884	0.00042287996620871127	0.009949265979230404	0.008094927296042442	0.01367513369768858	0.005925477482378483
0.064	0.128	0.002203940413892269	0.0030316992197185755	0.004101812373846769	0.227861225605011	0.0027898584958165884	0.0004025036178063601	0.009949265979230404	0.008094927296042442	0.012930741533637047	0.005925477482378483
0.128	0.192	0.002203940413892269	0.0027504744939506054	0.004101812373846769	0.227861225605011	0.0025547491386532784	0.0004025036178063601	0.009165455587208271	0.009840736165642738	0.012930741533637047	0.005659698508679867
0.192	0.256	0.002152782864868641	0.0027504744939506054	0.004034876357764006	0.227861225605011	0.0022174834739416838	0.00038214633241295815	0.00860382616519928	0.010118956677615643	0.011801175773143768	0.00544146541506052
0.256	0.32	0.0019465580116957426	0.002636456862092018	0.00387610518373549	0.227861225605011	0.0018319720402359962	0.00032555716461502016	0.00808652862906456	0.010138404555618763	0.008942246437072754	0.005378760863095522
0.32	0.384	0.0016551148146390915	0.0023368538822978735	0.00387610518373549	0.1891501396894455	0.001454463112168014	0.0002735473681241274	0.007837409153580666	0.010138404555618763	0.007003934122622013	0.005216417834162712
0.384	0.448	0.0015672753797844052	0.002155713504180312	0.00325297680683434	0.16268756985664368	0.0012534764828160405	0.00024893804220482707	0.007282066624611616	0.010118956677615643	0.006035759113729	0.004771151579916477
0.448	0.512	0.0014813549350947142	0.001864876365289092	0.0022719556000083685	0.11929143220186234	0.0010464993538334966	0.0002139699354302138	0.0068446495570242405	0.009840736165642738	0.005089360289275646	0.0043545435182750225
0.512	0.576	0.0012402377324178815	0.0015782808186486363	0.001781704486347735	0.05832124128937721	0.0009717866196297109	0.0002139699354302138	0.0068446495570242405	0.008450998924672604	0.004943245556205511	0.004028368275612593
