onset	offset	Alarm_bell_ringing	Blender	Cat	Dishes	Dog	Electric_shaver_toothbrush	Frying	Running_water	Speech	Vacuum_cleaner
0.0	0.064	0.0047422125935554504	0.9660423994064331	0.005264251958578825	0.011944029480218887	0.003437778912484646	0.004352524410933256	0.007828578352928162	0.0049729058519005775	0.05189811438322067	0.013097723945975304
0.064	0.128	0.0047422125935554504	0.9660423994064331	0.005264251958578825	0.011944029480218887	0.003437778912484646	0.004352524410933256	0.007828578352928162	0.004496898036450148	0.05189811438322067	0.013097723945975304
0.128	0.192	0.00419378187507391	0.9764085412025452	0.004987666849046946	0.010977366007864475	0.003031281754374504	0.004112863913178444	0.007525776978582144	0.004496898036450148	0.04914473742246628	0.01118954736739397
0.192	0.256	0.00377671024762094	0.9796732664108276	0.00421794643625617	0.009043646045029163	0.0028351154178380966	0.003903775243088603	0.007034457288682461	0.004484646953642368	0.048980750143527985	0.00999602023512125
0.256	0.32	0.003461192362010479	0.9807597994804382	0.0035397070460021496	0.007372804917395115	0.002751654479652643	0.003762992564588785	0.006574079394340515	0.00391158415004611	0.048980750143527985	0.009087204933166504
0.32	0.384	0.0031221050303429365	0.9814432859420776	0.00305440416559577	0.006603277288377285	0.002688615582883358	0.003605272388085723	0.006166364531964064	0.0034671665634959936	0.048980750143527985	0.008226058445870876
0.384	0.448	0.002849689917638898	0.981793224811554	0.002673135371878743	0.006226217839866877	0.0025703520514070988	0.0033489512279629707	0.005622461903840303	0.0031078187748789787	0.048980750143527985	0.007426302880048752
0.448	0.512	0.002674086717888713	0.982080340385437	0.002437987131997943	0.006226217839866877	0.0025262017734348774	0.00313655287027359	0.005236262455582619	0.002828299766406417	0.05360817909240723	0.006912663578987122
0.512	0.576	0.002560748951509595	0.9822215437889099	0.0022805952467024326	0.006226217839866877	0.0025262017734348774	0.0029821384232491255	0.004985123407095671	0.0026339765172451735	0.05907449126243591	0.0066201635636389256
