onset	offset	Alarm_bell_ringing	Blender	Cat	Dishes	Dog	Electric_shaver_toothbrush	Frying	Running_water	Speech	Vacuum_cleaner
0.0	0.064	0.0005680778413079679	0.0013215766521170735	0.0006180860218591988	0.0069449227303266525	0.0006566756637766957	0.0025273580104112625	0.6358956098556519	0.004491216968744993	0.005620985291898251	0.011481226421892643
0.064	0.128	0.0005680778413079679	0.0013215766521170735	0.0006180860218591988	0.0069449227303266525	0.0006920791929587722	0.0025273580104112625	0.6358956098556519	0.004491216968744993	0.006339462473988533	0.011481226421892643
0.128	0.192	0.00042950682109221816	0.0013215766521170735	0.0006180860218591988	0.0069449227303266525	0.0006920791929587722	0.0021251633297652006	0.5992959141731262	0.005135017447173595	0.0069744479842484	0.010050158016383648
0.192	0.256	0.0003743754932656884	0.0013215766521170735	0.0006153554422780871	0.006391161121428013	0.0006894925609230995	0.0019300916464999318	0.5664187669754028	0.005716242361813784	0.006453361827880144	0.00851082056760788
0.256	0.32	0.0003460391017142683	0.0013727608602494001	0.0005303838988766074	0.006383822299540043	0.0006566756637766957	0.001758491387590766	0.5664187669754028	0.006109975278377533	0.006453361827880144	0.007701672147959471
0.32	0.384	0.0003357892273925245	0.0015988232335075736	0.0005303838988766074	0.004961348604410887	0.0006894925609230995	0.001758491387590766	0.5664187669754028	0.006477870512753725	0.007327594794332981	0.007177167572081089
0.384	0.448	0.0003185320529155433	0.0015988232335075736	0.0005303838988766074	0.004961348604410887	0.0006920791929587722	0.0016886338125914335	0.5664187669754028	0.008170769549906254	0.007347095757722855	0.007116952911019325
0.448	0.512	0.0003142575442325324	0.0013727608602494001	0.0005199487204663455	0.004961348604410887	0.0006894925609230995	0.0016423434717580676	0.6030274629592896	0.011099092662334442	0.007347095757722855	0.006878117099404335
0.512	0.576	0.0003053818072658032	0.0012256865156814456	0.00046052379184402525	0.004961348604410887	0.0006346723530441523	0.0014799400232732296	0.8345852494239807	0.011099092662334442	0.007412062957882881	0.006682483945041895
