onset	offset	Alarm_bell_ringing	Blender	Cat	Dishes	Dog	Electric_shaver_toothbrush	Frying	Running_water	Speech	Vacuum_cleaner
0.0	0.064	0.013105996884405613	0.01249170582741499	0.0031226985156536102	0.0776069387793541	0.00489248801022768	0.017567425966262817	0.7781090140342712	0.012586074881255627	0.9939337372779846	0.018778886646032333
0.064	0.128	0.013105996884405613	0.01249170582741499	0.0031226985156536102	0.0776069387793541	0.00489248801022768	0.017567425966262817	0.7781090140342712	0.012586074881255627	0.9939337372779846	0.018778886646032333
0.128	0.192	0.012468216009438038	0.009917058981955051	0.0028061019256711006	0.07300937175750732	0.004115188494324684	0.016511738300323486	0.7820408940315247	0.010472415946424007	0.9942188262939453	0.01562594063580036
0.192	0.256	0.011394278146326542	0.007983552291989326	0.002506813732907176	0.06874307245016098	0.0037230649031698704	0.01489151269197464	0.788178563117981	0.009112538769841194	0.9942200183868408	0.014370842836797237
0.256	0.32	0.011297608725726604	0.007475453428924084	0.0023381193168461323	0.06744206696748734	0.0035287293139845133	0.01489151269197464	0.7993351817131042	0.008311213925480843	0.994228720664978	0.013913868926465511
0.32	0.384	0.011297608725726604	0.007475453428924084	0.0023034983314573765	0.06744206696748734	0.003296610666438937	0.01489151269197464	0.8016559481620789	0.007963844574987888	0.994228720664978	0.013711553066968918
0.384	0.448	0.011297608725726604	0.007475453428924084	0.0023034983314573765	0.06744206696748734	0.003296610666438937	0.01489151269197464	0.8019968271255493	0.007858019322156906	0.994228720664978	0.013711553066968918
0.448	0.512	0.011266190558671951	0.007475453428924084	0.0022941543720662594	0.06744206696748734	0.003296610666438937	0.014616892673075199	0.8033217787742615	0.007671873085200787	0.9942200183868408	0.013711553066968918
0.512	0.576	0.011266190558671951	0.007475453428924084	0.0022941543720662594	0.06844647228717804	0.003296610666438937	0.014616892673075199	0.8076167106628418	0.007532985415309668	0.9940910935401917	0.013711553066968918
