onset	offset	Alarm_bell_ringing	Blender	Cat	Dishes	Dog	Electric_shaver_toothbrush	Frying	Running_water	Speech	Vacuum_cleaner
0.0	0.064	0.004987325984984636	0.001809688052162528	0.969826877117157	0.00656081410124898	0.004091866780072451	0.002757285488769412	0.005291832610964775	0.009646549820899963	0.015541678294539452	0.002985449507832527
0.064	0.128	0.004987325984984636	0.0018204472726210952	0.969826877117157	0.00656081410124898	0.004091866780072451	0.002757285488769412	0.005291832610964775	0.009646549820899963	0.01639791764318943	0.002985449507832527
0.128	0.192	0.004336617421358824	0.0018204472726210952	0.9779561758041382	0.00491894967854023	0.003603296587243676	0.002564394613727927	0.003814032068476081	0.007967502810060978	0.016673708334565163	0.0019834209233522415
0.192	0.256	0.0037082391791045666	0.001809688052162528	0.9811152219772339	0.004040736239403486	0.0033455213997513056	0.0024242843501269817	0.0031319521367549896	0.007123145274817944	0.016673708334565163	0.0016062717186287045
0.256	0.32	0.0035038860514760017	0.0018051989609375596	0.9826124906539917	0.003764635883271694	0.0033379951491951942	0.002264785347506404	0.0029416026081889868	0.006764453370124102	0.01643896847963333	0.0014858567155897617
0.32	0.384	0.003457700600847602	0.0017751473933458328	0.9826124906539917	0.0036405730061233044	0.0033366912975907326	0.0020970271434634924	0.0028945161029696465	0.006562554743140936	0.01643896847963333	0.0014024042757228017
0.384	0.448	0.003428870812058449	0.0017477624351158738	0.9826124906539917	0.0035014015156775713	0.00328355235978961	0.0019532672595232725	0.002831806428730488	0.006481127347797155	0.01643896847963333	0.0013161039678379893
0.448	0.512	0.00339185050688684	0.0016759312711656094	0.9826124906539917	0.003389693098142743	0.003169858129695058	0.0018485387554392219	0.0027415230870246887	0.006469319574534893	0.01643896847963333	0.001238591386936605
0.512	0.576	0.0032974067144095898	0.0015208811964839697	0.9813302159309387	0.003249933710321784	0.0030391595792025328	0.0017482067923992872	0.002692868933081627	0.0064262086525559425	0.013743004761636257	0.0011884582927450538
