onset	offset	Alarm_bell_ringing	Blender	Cat	Dishes	Dog	Electric_shaver_toothbrush	Frying	Running_water	Speech	Vacuum_cleaner
0.0	0.064	0.005878953263163567	0.0017886348068714142	0.016467062756419182	0.003517070785164833	0.35915449261665344	0.002236155327409506	0.0006871942896395922	0.006389846093952656	0.8477326035499573	0.002205989323556423
0.064	0.128	0.005878953263163567	0.0017886348068714142	0.01608392223715782	0.003517070785164833	0.35915449261665344	0.0023215925320982933	0.0006871942896395922	0.006389846093952656	0.8477326035499573	0.002205989323556423
0.128	0.192	0.004851112607866526	0.001357634668238461	0.01608392223715782	0.0034714872017502785	0.40002694725990295	0.0023215925320982933	0.0006542737246491015	0.006013925187289715	0.8477326035499573	0.001837568124756217
0.192	0.256	0.004580112174153328	0.001357634668238461	0.016082504764199257	0.003458065679296851	0.4038720428943634	0.002236155327409506	0.0006387538742274046	0.006013925187289715	0.8477326035499573	0.0015555286081507802
0.256	0.32	0.004488580394536257	0.001357634668238461	0.01597248762845993	0.0032955894712358713	0.4275296926498413	0.002176039619371295	0.0005999125423841178	0.006013925187289715	0.8477326035499573	0.0012232011649757624
0.32	0.384	0.004481099080294371	0.001357634668238461	0.01415056362748146	0.0032251705415546894	0.5564135909080505	0.0019282492576166987	0.0004442711069714278	0.006013925187289715	0.8046979308128357	0.000983130419626832
0.384	0.448	0.004013425670564175	0.0011750953271985054	0.01126775797456503	0.0030123547185212374	0.6622620224952698	0.0014108044560998678	0.00029992443160153925	0.005576034542173147	0.7689318060874939	0.0009088529041036963
0.448	0.512	0.004013425670564175	0.0010993361938744783	0.009654032997786999	0.002695860806852579	0.6622620224952698	0.0012125398498028517	0.00024877028772607446	0.0054729171097278595	0.7348114848136902	0.0008039825479499996
0.512	0.576	0.004013425670564175	0.0010993361938744783	0.009654032997786999	0.0024842943530529737	0.6622620224952698	0.0010940509382635355	0.00021447119070217013	0.0054729171097278595	0.7150018811225891	0.0007455499726347625
