onset	offset	Alarm_bell_ringing	Blender	Cat	Dishes	Dog	Electric_shaver_toothbrush	Frying	Running_water	Speech	Vacuum_cleaner
0.0	0.064	0.0029970193281769753	0.006596601102501154	0.0052080038003623486	0.0017810938879847527	0.002918788930401206	0.06507384032011032	0.003115473547950387	0.0794634222984314	0.009106792509555817	0.5422264337539673
0.064	0.128	0.0029970193281769753	0.006596601102501154	0.0052080038003623486	0.0017810938879847527	0.002918788930401206	0.0670134648680687	0.003115473547950387	0.0794634222984314	0.009106792509555817	0.5422264337539673
0.128	0.192	0.0022340361028909683	0.005250382237136364	0.004388070199638605	0.0015133526176214218	0.0024621225893497467	0.06848479807376862	0.002535274252295494	0.0794634222984314	0.007363012991845608	0.5664303302764893
0.192	0.256	0.0016316319815814495	0.00414287019520998	0.0037699865642935038	0.0013969243736937642	0.0022281468845903873	0.06848479807376862	0.002094719558954239	0.07990092039108276	0.005973326973617077	0.5664303302764893
0.256	0.32	0.001426434493623674	0.003844422521069646	0.003744787070900202	0.0013387741055339575	0.002162640681490302	0.06823964416980743	0.0018380352994427085	0.08057967573404312	0.005853358656167984	0.5694544911384583
0.32	0.384	0.0013710504863411188	0.003844422521069646	0.0036556548438966274	0.001310432911850512	0.002085418440401554	0.06823964416980743	0.0016873953863978386	0.08872164040803909	0.005853358656167984	0.5696189999580383
0.384	0.448	0.0013710504863411188	0.003844422521069646	0.0036471234634518623	0.001310432911850512	0.0020004601683467627	0.06823964416980743	0.001599063049070537	0.09933912009000778	0.005853358656167984	0.5711466073989868
0.448	0.512	0.0013710504863411188	0.003844422521069646	0.0036387948784977198	0.001310432911850512	0.0019642128609120846	0.06848479807376862	0.001558647258207202	0.11365225166082382	0.005853358656167984	0.5711466073989868
0.512	0.576	0.0013710504863411188	0.003889927174896002	0.003629888640716672	0.001310432911850512	0.0019291696371510625	0.06883886456489563	0.0015285136178135872	0.1308303326368332	0.0061394330114126205	0.5758571624755859
