onset	offset	Alarm_bell_ringing	Blender	Cat	Dishes	Dog	Electric_shaver_toothbrush	Frying	Running_water	Speech	Vacuum_cleaner
0.0	0.064	0.0020603372249752283	0.0024171406403183937	0.002567555522546172	0.0006720154779031873	0.002239004010334611	0.0020894957706332207	0.0009567441302351654	0.00398827763274312	0.010671554133296013	0.9927777647972107
0.064	0.128	0.0020603372249752283	0.0024171406403183937	0.002567555522546172	0.0006720154779031873	0.002239004010334611	0.0020894957706332207	0.0009567441302351654	0.00398827763274312	0.010671554133296013	0.9927777647972107
0.128	0.192	0.0009747581207193434	0.001259593409486115	0.0013415802968665957	0.000544512877240777	0.001617018016986549	0.001278728828765452	0.0005406507407315075	0.002895399695262313	0.008210430853068829	0.9935000538825989
0.192	0.256	0.0006933704717084765	0.0008436026982963085	0.001205707318149507	0.0005163365276530385	0.0016004614299163222	0.0010489553678780794	0.0005251328693702817	0.0019457353046163917	0.0071312435902655125	0.9935000538825989
0.256	0.32	0.0006615905440412462	0.0006762307602912188	0.001205707318149507	0.0005142654408700764	0.0015963688492774963	0.0009830582421272993	0.0005251328693702817	0.0015079855220392346	0.006102546118199825	0.9935855269432068
0.32	0.384	0.0006419331766664982	0.0006196248577907681	0.001205707318149507	0.0004999968805350363	0.001563136582262814	0.0009115816792473197	0.0005251328693702817	0.0015079855220392346	0.005364509299397469	0.9936673045158386
0.384	0.448	0.0006419331766664982	0.000593281933106482	0.001205707318149507	0.0004921434447169304	0.0015621656784787774	0.0008642885368317366	0.0005251328693702817	0.0014680394669994712	0.004965535365045071	0.9936645030975342
0.448	0.512	0.0006419331766664982	0.0005917662056162953	0.001334669068455696	0.0004855062870774418	0.0015621656784787774	0.0008345080423168838	0.0005477081285789609	0.0014467218425124884	0.004819913301616907	0.9935855269432068
0.512	0.576	0.0006323056295514107	0.0005873945774510503	0.0013770838268101215	0.00046955488505773246	0.001507938141003251	0.0008135332609526813	0.0005534827942028642	0.0013837387086823583	0.0047858962789177895	0.9935088157653809
