onset	offset	Alarm_bell_ringing	Blender	Cat	Dishes	Dog	Electric_shaver_toothbrush	Frying	Running_water	Speech	Vacuum_cleaner
0.0	0.064	0.011859522201120853	0.0011741537600755692	0.002200248185545206	0.008064927533268929	0.027678515762090683	0.0015557241858914495	0.009232253767549992	0.003354879794642329	0.9783499240875244	0.002423342550173402
0.064	0.128	0.011859522201120853	0.0011741537600755692	0.002200248185545206	0.008064927533268929	0.027678515762090683	0.0015557241858914495	0.009232253767549992	0.003410321194678545	0.9783499240875244	0.002423342550173402
0.128	0.192	0.011859522201120853	0.0010410631075501442	0.0023583960719406605	0.006291103549301624	0.028458185493946075	0.00145908968988806	0.0110186617821455	0.003410321194678545	0.9793586134910583	0.002215009881183505
0.192	0.256	0.011859522201120853	0.0009452956146560609	0.0023583960719406605	0.006291103549301624	0.028458185493946075	0.0013849469833076	0.0110186617821455	0.003354879794642329	0.9794008135795593	0.002162132877856493
0.256	0.32	0.011859522201120853	0.0009277531644329429	0.0022925243247300386	0.006291103549301624	0.027678515762090683	0.001285375328734517	0.0110186617821455	0.0029130203183740377	0.980970025062561	0.002034224569797516
0.32	0.384	0.012954688630998135	0.000898746948223561	0.0022925243247300386	0.006291103549301624	0.025626732036471367	0.0012198613258078694	0.0110186617821455	0.002727134618908167	0.983017086982727	0.0018546096980571747
0.384	0.448	0.013572360388934612	0.0008907366427592933	0.0022925243247300386	0.006291452329605818	0.025626732036471367	0.001198833342641592	0.010282845236361027	0.002697161165997386	0.9849734306335449	0.0016001870390027761
0.448	0.512	0.013640081509947777	0.000874879420734942	0.0022925243247300386	0.006294082384556532	0.02578882686793804	0.0011928231688216329	0.010282845236361027	0.0026865974068641663	0.9849734306335449	0.0016001870390027761
0.512	0.576	0.013677283190190792	0.0008420972735621035	0.0022402754984796047	0.006595417391508818	0.02578882686793804	0.0010869933757930994	0.010282845236361027	0.0026865974068641663	0.9850690960884094	0.0016001870390027761
