onset	offset	Alarm_bell_ringing	Blender	Cat	Dishes	Dog	Electric_shaver_toothbrush	Frying	Running_water	Speech	Vacuum_cleaner
0.0	0.064	0.001995137892663479	0.00023033097386360168	0.0022285899613052607	0.0031345647294074297	0.0023095731157809496	0.00034365037572570145	0.002345752203837037	0.0012335153296589851	0.0018158883322030306	0.0015333624323830009
0.064	0.128	0.001995137892663479	0.00023033097386360168	0.0022285899613052607	0.0031345647294074297	0.002446342958137393	0.00034365037572570145	0.002345752203837037	0.0012335153296589851	0.0018158883322030306	0.0015333624323830009
0.128	0.192	0.001442169421352446	0.0001766565110301599	0.002060211729258299	0.0024033421650528908	0.0024783341214060783	0.00032132930937223136	0.0020315709989517927	0.0010321164736524224	0.0015962411416694522	0.001191573916003108
0.192	0.256	0.0012417684774845839	0.00015731665189377964	0.0020343957003206015	0.0021666474640369415	0.002475354354828596	0.00030808450537733734	0.0018943966133520007	0.000940583529882133	0.0015337324002757668	0.0010669123148545623
0.256	0.32	0.0011582154547795653	0.00015098563744686544	0.0020343957003206015	0.0020242221653461456	0.002475354354828596	0.00028981579816900194	0.0017748676473274827	0.0009115413995459676	0.0015271810116246343	0.0009905810002237558
0.32	0.384	0.0011139907874166965	0.00015040986181702465	0.0020343957003206015	0.0019023001659661531	0.0024783341214060783	0.00027130095986649394	0.0016548997955396771	0.0008923239074647427	0.0015256570186465979	0.0009471754310652614
0.384	0.448	0.001063771196641028	0.00014974013902246952	0.0020343957003206015	0.0018723433604463935	0.002520654583349824	0.00026357383467257023	0.0015793533530086279	0.000882915046531707	0.0015180318150669336	0.0009156377054750919
0.448	0.512	0.0010021486086770892	0.00014523693243972957	0.00204505049623549	0.0018723433604463935	0.0025816995184868574	0.0002629242662806064	0.0015362858539447188	0.0008690791437402368	0.0015143371419981122	0.0008445027633570135
0.512	0.576	0.0009667639387771487	0.00014523693243972957	0.002182939788326621	0.0018723433604463935	0.0028503539506345987	0.0002628215297590941	0.0014829534338787198	0.0008617476560175419	0.0015141612384468317	0.0007710852660238743
