onset	offset	Alarm_bell_ringing	Blender	Cat	Dishes	Dog	Electric_shaver_toothbrush	Frying	Running_water	Speech	Vacuum_cleaner
0.0	0.064	0.00040076003642752767	0.0003445434558670968	0.0014969541225582361	0.000642349652480334	0.00037009574589319527	0.00011382134835002944	0.0006675272597931325	0.007881257683038712	0.0021230943966656923	0.0032942392863333225
0.064	0.128	0.00040076003642752767	0.0003445434558670968	0.0014969541225582361	0.000642349652480334	0.00037009574589319527	0.00011382134835002944	0.0006675272597931325	0.007881257683038712	0.0021230943966656923	0.0032942392863333225
0.128	0.192	0.0003330726467538625	0.000319193844916299	0.0014969541225582361	0.0005628922954201698	0.0003808479814324528	0.00010279866546625271	0.0006263863760977983	0.006802366115152836	0.0018558669835329056	0.0030367521103471518
0.192	0.256	0.00030764302937313914	0.0003000276628881693	0.0014969541225582361	0.0005251942202448845	0.0003808479814324528	9.691087325336412e-05	0.0005850800080224872	0.006267404183745384	0.001723664696328342	0.002811893355101347
0.256	0.32	0.0002931312774308026	0.00028295599622651935	0.0014969541225582361	0.0005065825534984469	0.0003808479814324528	9.556114673614502e-05	0.0005481335683725774	0.00617201579734683	0.0016633651684969664	0.0026390221901237965
0.32	0.384	0.00028697718516923487	0.0002717793977353722	0.001498547149822116	0.0005065825534984469	0.0004028466355521232	9.556114673614502e-05	0.0005357095506042242	0.006138540338724852	0.0016520055942237377	0.002583925612270832
0.384	0.448	0.00028697718516923487	0.0002639606245793402	0.001498547149822116	0.0005065825534984469	0.00042369685252197087	9.556114673614502e-05	0.0005340339848771691	0.006065289955586195	0.0016396301798522472	0.0025332767982035875
0.448	0.512	0.00028697718516923487	0.0002572030352894217	0.001498547149822116	0.0005065825534984469	0.0004372351977508515	9.556114673614502e-05	0.000531083787791431	0.006057769060134888	0.0016132863238453865	0.002456447808071971
0.512	0.576	0.00028697718516923487	0.0002507207100279629	0.001498547149822116	0.0005076397210359573	0.0004372351977508515	9.654578025219962e-05	0.0005163768655620515	0.006057769060134888	0.0015931157395243645	0.0023755410220474005
