onset	offset	Alarm_bell_ringing	Blender	Cat	Dishes	Dog	Electric_shaver_toothbrush	Frying	Running_water	Speech	Vacuum_cleaner
0.0	0.064	0.00500334519892931	0.0016781921731308103	0.003159008687362075	0.0037314207293093204	0.09532511979341507	0.002038715174421668	0.011708978563547134	0.0018701392691582441	0.9617626070976257	0.0008254643762484193
0.064	0.128	0.005048634950071573	0.0016781921731308103	0.003159008687362075	0.0037314207293093204	0.09532511979341507	0.0019003466004505754	0.011708978563547134	0.0018701392691582441	0.9617626070976257	0.0008254643762484193
0.128	0.192	0.005375751759856939	0.0016263314755633473	0.003159008687362075	0.003529205685481429	0.08427722752094269	0.0019003466004505754	0.014324375428259373	0.0014854252804070711	0.9571509957313538	0.0007203563000075519
0.192	0.256	0.005375751759856939	0.0013933212030678988	0.003159008687362075	0.003498589154332876	0.08013103902339935	0.0019003466004505754	0.014324375428259373	0.0012390936026349664	0.9571509957313538	0.0006363106658682227
0.256	0.32	0.005375751759856939	0.0012471022782847285	0.003159008687362075	0.0034544523805379868	0.07377701997756958	0.0019003466004505754	0.014324375428259373	0.001002127188257873	0.9571509957313538	0.0005183850298635662
0.32	0.384	0.0054363347589969635	0.0012471022782847285	0.0031754858791828156	0.0034438103903084993	0.06817261129617691	0.0019243026617914438	0.014346519485116005	0.0009252381278201938	0.9520307779312134	0.0004511777078732848
0.384	0.448	0.00546187674626708	0.0012471022782847285	0.0033104473259299994	0.0034343008883297443	0.06817261129617691	0.0018841647543013096	0.014346519485116005	0.0009252381278201938	0.9520307779312134	0.0004511777078732848
0.448	0.512	0.00548198027536273	0.0012471022782847285	0.0034416017588227987	0.0034343008883297443	0.06817261129617691	0.0018832084024325013	0.014346519485116005	0.0009252381278201938	0.9511361718177795	0.0004511777078732848
0.512	0.576	0.005637296009808779	0.001316203037276864	0.0035192538052797318	0.0034343008883297443	0.06817261129617691	0.0018832084024325013	0.014346519485116005	0.0009252381278201938	0.9502889513969421	0.0004511777078732848
