onset	offset	Alarm_bell_ringing	Blender	Cat	Dishes	Dog	Electric_shaver_toothbrush	Frying	Running_water	Speech	Vacuum_cleaner
0.0	0.064	0.0007755476981401443	0.00028305742307566106	0.0030211375560611486	0.0020221753511577845	0.013172873295843601	0.00045348171261139214	0.000500041467603296	0.0024409694597125053	0.0020900587551295757	0.0005060861585661769
0.064	0.128	0.0007755476981401443	0.00028305742307566106	0.003512561321258545	0.0020221753511577845	0.014417004771530628	0.00045348171261139214	0.000500041467603296	0.0024409694597125053	0.0020900587551295757	0.0005060861585661769
0.128	0.192	0.0006147176609374583	0.00025042134802788496	0.0037453118711709976	0.0016191116301342845	0.015975628048181534	0.00041134661296382546	0.00041234109085053205	0.002229214645922184	0.0018475631950423121	0.000453477434348315
0.192	0.256	0.0005865207640454173	0.00025042134802788496	0.003512561321258545	0.0013675541849806905	0.015975628048181534	0.00039320916403084993	0.0003771719930227846	0.0018815230578184128	0.0018475631950423121	0.0004048645787406713
0.256	0.32	0.0005385681870393455	0.00025042134802788496	0.003497025230899453	0.0013675541849806905	0.015975628048181534	0.00039320916403084993	0.000341916544130072	0.0018017019610852003	0.0018475631950423121	0.0003723282425198704
0.32	0.384	0.0005327591788955033	0.00025042134802788496	0.003497025230899453	0.0013675541849806905	0.01902511902153492	0.00039320916403084993	0.00030914516537450254	0.0018017019610852003	0.0018475631950423121	0.00035389530239626765
0.384	0.448	0.00047439351328648627	0.0002534821687731892	0.003497025230899453	0.0013675541849806905	0.02271582931280136	0.00039320916403084993	0.00027985774795524776	0.0017330179689452052	0.0019599818624556065	0.000347366149071604
0.448	0.512	0.00041475018952041864	0.00030603553750552237	0.003105355426669121	0.001691222656518221	0.03478830307722092	0.0003966415533795953	0.00024910233332775533	0.0017330179689452052	0.0021064127795398235	0.0003401415888220072
0.512	0.576	0.00039701000787317753	0.00030948457424528897	0.0030166266951709986	0.0020088772289454937	0.04556901752948761	0.0003989511460531503	0.00024910233332775533	0.0018010117346420884	0.002319113351404667	0.0003194340388290584
