onset	offset	Alarm_bell_ringing	Blender	Cat	Dishes	Dog	Electric_shaver_toothbrush	Frying	Running_water	Speech	Vacuum_cleaner
0.0	0.064	0.00021192395070102066	9.059999865712598e-05	0.0005989876226522028	0.0005838302313350141	0.001572603709064424	0.00010868797835428268	0.0005163067253306508	0.0003897105052601546	0.001449036062695086	0.0004988498985767365
0.064	0.128	0.00021192395070102066	9.059999865712598e-05	0.0005989876226522028	0.0005838302313350141	0.001613163505680859	0.00010868797835428268	0.0005163067253306508	0.0003897105052601546	0.001449036062695086	0.0004988498985767365
0.128	0.192	0.0001810510439099744	8.385998080484569e-05	0.0005388749996200204	0.0004827984084840864	0.001617705449461937	0.00010253785876557231	0.0004585412098094821	0.00035036663757637143	0.001308780862018466	0.0004328932554926723
0.192	0.256	0.00017234726692549884	7.962629752000794e-05	0.0005357412155717611	0.00045607759966515005	0.001617705449461937	0.0001008480612654239	0.0004130547458771616	0.0003255751798860729	0.0012518699513748288	0.00039272967842407525
0.256	0.32	0.00016750971553847194	7.614537753397599e-05	0.0005345236859284341	0.0004431204288266599	0.001617705449461937	0.00010042275971500203	0.00037380203139036894	0.000305057386867702	0.001213868847116828	0.0003570031258277595
0.32	0.384	0.00016413192497566342	7.388188532786444e-05	0.0005326659884303808	0.00043123686918988824	0.0016199820674955845	0.0001003189172479324	0.00034373244852758944	0.0002872465120162815	0.0011904173297807574	0.00032493419712409377
0.384	0.448	0.00016219931421801448	7.224008004413918e-05	0.0005326659884303808	0.00041785393841564655	0.0016318121924996376	0.00010004520299844444	0.0003225296677555889	0.0002739639312494546	0.001180316787213087	0.00029987667221575975
0.448	0.512	0.00016121512453537434	7.087265839800239e-05	0.0005330558633431792	0.00040564415394328535	0.0016509268898516893	9.961320756701753e-05	0.0003064466582145542	0.00026450323639437556	0.0011762375943362713	0.0002806136035360396
0.512	0.576	0.00016121512453537434	6.973165000090376e-05	0.0005320560885593295	0.0003958122688345611	0.0016647173324599862	9.901686280500144e-05	0.00029336471925489604	0.0002579365682322532	0.0011751557467505336	0.0002656324068084359
