onset	offset	Alarm_bell_ringing	Blender	Cat	Dishes	Dog	Electric_shaver_toothbrush	Frying	Running_water	Speech	Vacuum_cleaner
0.0	0.064	0.0013454131549224257	0.0004980366793461144	0.001334268832579255	0.0032740109600126743	0.04669952020049095	0.0003226296103093773	0.0005722648347727954	0.002012853976339102	0.0035101384855806828	0.0006455600378103554
0.064	0.128	0.0014605637406930327	0.0005440213717520237	0.001409081625752151	0.0032740109600126743	0.04669952020049095	0.0003226296103093773	0.0005722648347727954	0.002012853976339102	0.0036436684895306826	0.0008432375034317374
0.128	0.192	0.002303180517628789	0.0007692991639487445	0.001409081625752151	0.0032740109600126743	0.04697856679558754	0.0004504654207266867	0.0005743278306908906	0.0023851399309933186	0.0047242240980267525	0.0010954859899356961
0.192	0.256	0.001734422636218369	0.0007692991639487445	0.0023950657341629267	0.0030902207363396883	0.13385288417339325	0.0004504654207266867	0.0005743278306908906	0.00228175544179976	0.0047242240980267525	0.0008432375034317374
0.256	0.32	0.0016287218313664198	0.001262359437532723	0.0031984460074454546	0.002152933506295085	0.6729992032051086	0.0003985079820267856	0.0005743278306908906	0.002012853976339102	0.006409478839486837	0.0007639053510501981
0.32	0.384	0.0016504012746736407	0.0015265113906934857	0.0031984460074454546	0.0018121404573321342	0.9879990816116333	0.0003985079820267856	0.0005743278306908906	0.0018148773815482855	0.011165446601808071	0.0007639053510501981
0.384	0.448	0.001734422636218369	0.0015265113906934857	0.003204220673069358	0.0017785506788641214	0.9915209412574768	0.0003985079820267856	0.0005743278306908906	0.0018148773815482855	0.011165446601808071	0.0007639053510501981
0.448	0.512	0.001955720828846097	0.0015265113906934857	0.003204220673069358	0.0016691548516973853	0.9915209412574768	0.0003985079820267856	0.0005743278306908906	0.0018148773815482855	0.011165446601808071	0.000621821207460016
0.512	0.576	0.001955720828846097	0.0015265113906934857	0.0031984460074454546	0.0016267001628875732	0.9915209412574768	0.0003604893572628498	0.0005650895764119923	0.0015916676493361592	0.011165446601808071	0.0005553886294364929
