onset	offset	Alarm_bell_ringing	Blender	Cat	Dishes	Dog	Electric_shaver_toothbrush	Frying	Running_water	Speech	Vacuum_cleaner
0.0	0.064	0.0007114221807569265	0.0003410504723433405	0.0016163805266842246	0.0019900419283658266	0.02565714903175831	0.00018596883455757052	0.0005679091555066407	0.001139884116128087	0.0064673214219510555	0.0014836525078862906
0.064	0.128	0.0007114221807569265	0.0003410504723433405	0.0016163805266842246	0.0019900419283658266	0.02565714903175831	0.00018596883455757052	0.0005679091555066407	0.001139884116128087	0.0064673214219510555	0.0014836525078862906
0.128	0.192	0.0006038766005076468	0.0002987142070196569	0.001437984756194055	0.0013618498342111707	0.01884540729224682	0.00015021921717561781	0.0005383970565162599	0.001014992012642324	0.004547128453850746	0.0013380825985223055
0.192	0.256	0.0005913314525969326	0.00029812866705469787	0.001437984756194055	0.001051893807016313	0.01884540729224682	0.00014133559307083488	0.0005208793445490301	0.0009755222708918154	0.003387171309441328	0.0012361824046820402
0.256	0.32	0.0004396153090056032	0.00028031383408233523	0.001437984756194055	0.001051893807016313	0.01884540729224682	0.00014133559307083488	0.00047497107880190015	0.0009264986147172749	0.003387171309441328	0.0012361824046820402
0.32	0.384	0.0004396153090056032	0.00028031383408233523	0.001437984756194055	0.001051893807016313	0.01884540729224682	0.00014133559307083488	0.00047497107880190015	0.0009264986147172749	0.003387171309441328	0.0012361824046820402
0.384	0.448	0.0004396153090056032	0.00028031383408233523	0.0017217391869053245	0.001051893807016313	0.02676389180123806	0.00014133559307083488	0.0004382832266855985	0.0009264986147172749	0.003387171309441328	0.0012361824046820402
0.448	0.512	0.0004396153090056032	0.00028031383408233523	0.0024593379348516464	0.0013007486704736948	0.13580505549907684	0.0001501944352639839	0.00040008994983509183	0.0009264986147172749	0.003679685527458787	0.0015011366922408342
0.512	0.576	0.0006017877603881061	0.0007690335041843355	0.0029967143200337887	0.0013147878926247358	0.9707465171813965	0.00019842907204292715	0.00038353155832737684	0.0009059388539753854	0.007345746271312237	0.0015011366922408342
