onset	offset	Alarm_bell_ringing	Blender	Cat	Dishes	Dog	Electric_shaver_toothbrush	Frying	Running_water	Speech	Vacuum_cleaner
0.0	0.064	0.0016031516715884209	0.9846930503845215	0.0016431129770353436	0.005594793241471052	0.0012538753217086196	0.002204734133556485	0.0010938742198050022	0.0051564667373895645	0.02579428069293499	0.06850669533014297
0.064	0.128	0.0016031516715884209	0.9846930503845215	0.0016431129770353436	0.005594793241471052	0.0012538753217086196	0.002204734133556485	0.0010938742198050022	0.005123038776218891	0.02579428069293499	0.06850669533014297
0.128	0.192	0.001391383819282055	0.9905994534492493	0.0016431129770353436	0.0042558698914945126	0.0011564547894522548	0.001977277221158147	0.000703746743965894	0.005123038776218891	0.01830725371837616	0.04461868107318878
0.192	0.256	0.001246185041964054	0.9920021295547485	0.0016290296334773302	0.0029082540422677994	0.0010154800256714225	0.0017373824957758188	0.00046582386130467057	0.004424759186804295	0.01340445876121521	0.030404364690184593
0.256	0.32	0.0010767319472506642	0.9920021295547485	0.0015308295842260122	0.002276103477925062	0.0009503940236754715	0.0013133409665897489	0.00037539226468652487	0.0036011110059916973	0.012503939680755138	0.019960006698966026
0.32	0.384	0.0009976531146094203	0.9920021295547485	0.0013798349536955357	0.0019814632833003998	0.0009030766668729484	0.0010612705955281854	0.00033363577676936984	0.0032099157106131315	0.012503939680755138	0.015694372355937958
0.384	0.448	0.0009419426787644625	0.9920021295547485	0.0012831875355914235	0.0018185367807745934	0.0008586797048337758	0.0009080639574676752	0.0003095173160545528	0.0030102618038654327	0.012503939680755138	0.013578010722994804
0.448	0.512	0.0008875131024979055	0.9916853904724121	0.0012246747501194477	0.001703042769804597	0.0008211401291191578	0.000804827141109854	0.00029322883347049356	0.0028763411100953817	0.012503939680755138	0.012248905375599861
0.512	0.576	0.0008387503330595791	0.9914140701293945	0.0011876362841576338	0.0016178726218640804	0.0007952050073072314	0.0007333767716772854	0.00028257130179554224	0.0027871443890035152	0.013214325532317162	0.011338513344526291
