onset	offset	Alarm_bell_ringing	Blender	Cat	Dishes	Dog	Electric_shaver_toothbrush	Frying	Running_water	Speech	Vacuum_cleaner
0.0	0.064	0.0017459430964663625	0.0019755351822823286	0.008364558219909668	0.0036713003646582365	0.9532342553138733	0.00197913171723485	0.0010664515430107713	0.0042962925508618355	0.02805384062230587	0.00300810020416975
0.064	0.128	0.0017459430964663625	0.00195348565466702	0.008364558219909668	0.0036713003646582365	0.9532342553138733	0.00197913171723485	0.0010664515430107713	0.0042962925508618355	0.025827335193753242	0.00300810020416975
0.128	0.192	0.001064938260242343	0.0019030454568564892	0.005382537841796875	0.0031851124949753284	0.9770857095718384	0.001798619981855154	0.0007735496619716287	0.004208829719573259	0.025827335193753242	0.0022084855008870363
0.192	0.256	0.0009623125079087913	0.0019030454568564892	0.0035079612862318754	0.002647881396114826	0.9770857095718384	0.001141868531703949	0.0006501262541860342	0.003355456981807947	0.024413811042904854	0.0018685049144551158
0.256	0.32	0.0009181735222227871	0.001763577340170741	0.0029976204968988895	0.0023827245458960533	0.9770857095718384	0.0009457199485041201	0.0005451205070130527	0.002656047698110342	0.021179858595132828	0.0015867596957832575
0.32	0.384	0.0009078991133719683	0.001530313747934997	0.0028917333111166954	0.002192641142755747	0.9770857095718384	0.0008759871125221252	0.0004727519117295742	0.002066325396299362	0.021179858595132828	0.0013420103350654244
0.384	0.448	0.000893436255864799	0.001324352459050715	0.0028727424796670675	0.0020483306143432856	0.9687939882278442	0.0008654291741549969	0.00044464689563028514	0.0017028992297127843	0.021179858595132828	0.0011098566465079784
0.448	0.512	0.0008065769798122346	0.0011907932348549366	0.002671497408300638	0.0016796874115243554	0.9463393092155457	0.0007011102279648185	0.000422541459556669	0.001578724943101406	0.021031996235251427	0.0008797377231530845
0.512	0.576	0.0007918299525044858	0.0009958242299035192	0.002014158060774207	0.001422218861989677	0.909613847732544	0.0005902410484850407	0.00034470678656361997	0.0015670008724555373	0.020317167043685913	0.0007350420346483588
