onset	offset	Alarm_bell_ringing	Blender	Cat	Dishes	Dog	Electric_shaver_toothbrush	Frying	Running_water	Speech	Vacuum_cleaner
0.0	0.064	0.00024026073515415192	0.0001003706784103997	0.0009337456431239843	0.0008250169339589775	0.002344470238313079	0.00010920023487415165	0.0006240222719497979	0.000617946672718972	0.0016310184728354216	0.000643629755359143
0.064	0.128	0.00024026073515415192	0.0001003706784103997	0.0009663284290581942	0.0008250169339589775	0.002573581412434578	0.00010920023487415165	0.0006240222719497979	0.000617946672718972	0.0016310184728354216	0.000643629755359143
0.128	0.192	0.00021087600907776505	9.161343768937513e-05	0.0009900752920657396	0.000707686529494822	0.0027424399740993977	9.849862544797361e-05	0.0005354280001483858	0.0005560700665228069	0.0014344874070957303	0.000520907633472234
0.192	0.256	0.00020059138478245586	8.892128244042397e-05	0.0009663284290581942	0.0006829352350905538	0.0027424399740993977	9.413530642632395e-05	0.0004834069695789367	0.0005205495399422944	0.0013425516663119197	0.00046889178338460624
0.256	0.32	0.00019533543672878295	8.604863978689536e-05	0.0009633215959183872	0.0006734863854944706	0.0027424399740993977	9.112308180192485e-05	0.00044296315172687173	0.0004923500819131732	0.0013016137527301908	0.00042454065987840295
0.32	0.384	0.0001912160514621064	8.32110017654486e-05	0.0009633215959183872	0.0006549906102009118	0.0027446369640529156	8.827715646475554e-05	0.00040829021600075066	0.00046761968405917287	0.0012818975374102592	0.0003855161485262215
0.384	0.448	0.0001892280124593526	8.088815229712054e-05	0.0009633215959183872	0.0006366709712892771	0.0027639514300972223	8.630742377135903e-05	0.000381107849534601	0.00044802724733017385	0.001280969358049333	0.00035393878351897
0.448	0.512	0.0001879294286482036	7.893244037404656e-05	0.0009357249946333468	0.0006198682240210474	0.0027709377463907003	8.482243720209226e-05	0.00035823063808493316	0.0004317315178923309	0.001280969358049333	0.00032724501215852797
0.512	0.576	0.00018682617519516498	7.741738227196038e-05	0.0009145583608187735	0.0006043541361577809	0.002771748462691903	8.365854591829702e-05	0.0003396554966457188	0.0004188158200122416	0.001280969358049333	0.0003061744791921228
