onset	offset	Alarm_bell_ringing	Blender	Cat	Dishes	Dog	Electric_shaver_toothbrush	Frying	Running_water	Speech	Vacuum_cleaner
0.0	0.064	0.00017966634186450392	0.00030614208662882447	0.0002312110736966133	0.003226309549063444	0.00041392591083422303	0.0001397755549987778	0.004128966946154833	0.0006209671846590936	0.005405446048825979	0.0006812441861256957
0.064	0.128	0.00017966634186450392	0.00030614208662882447	0.0002312110736966133	0.003226309549063444	0.00041392591083422303	0.0001397755549987778	0.004128966946154833	0.0006209671846590936	0.005405446048825979	0.0006812441861256957
0.128	0.192	0.00015984561468940228	0.00024071309599094093	0.0002312110736966133	0.0031042310874909163	0.00043031989480368793	0.0001262644218513742	0.003794248215854168	0.0005988694028928876	0.005731874145567417	0.0005954456282779574
0.192	0.256	0.00015984561468940228	0.00021527819626498967	0.0002312110736966133	0.0031042310874909163	0.00043031989480368793	0.00012094820704078302	0.0036938441917300224	0.0005988694028928876	0.005731874145567417	0.0005566833424381912
0.256	0.32	0.00015984561468940228	0.00021527819626498967	0.0002312110736966133	0.0031042310874909163	0.00043031989480368793	0.00012094820704078302	0.0036734079476445913	0.0005988694028928876	0.005731874145567417	0.0005566833424381912
0.32	0.384	0.00015984561468940228	0.00021527819626498967	0.0002401351957814768	0.0031042310874909163	0.0005139212589710951	0.00012094820704078302	0.0036507518962025642	0.0005988694028928876	0.008087045513093472	0.0005566833424381912
0.384	0.448	0.00016098729975055903	0.00021527819626498967	0.0003841285652015358	0.005006035789847374	0.000673128932248801	0.00012094820704078302	0.0036079545971006155	0.0008791248546913266	0.031188104301691055	0.0005566833424381912
0.448	0.512	0.00024678962654434144	0.00036658256431110203	0.0013483577640727162	0.006503286771476269	0.0014841442462056875	0.00012836878886446357	0.0036052640061825514	0.0012988143134862185	0.30170750617980957	0.0006568158860318363
0.512	0.576	0.00036053985240869224	0.0007201469270512462	0.0016065852250903845	0.008218036964535713	0.0065491353161633015	0.00016617277287878096	0.003604022553190589	0.0013850174145773053	0.6507354974746704	0.0007875909213908017
