onset	offset	Alarm_bell_ringing	Blender	Cat	Dishes	Dog	Electric_shaver_toothbrush	Frying	Running_water	Speech	Vacuum_cleaner
0.0	0.064	0.0003962670161854476	0.0006346166483126581	0.0002951790811493993	0.005462477914988995	0.00023353072174359113	9.107269579544663e-05	0.0022331199143081903	0.0006950738024897873	0.0013092870358377695	0.0006045304471626878
0.064	0.128	0.0003962670161854476	0.0006346166483126581	0.0002951790811493993	0.005462477914988995	0.00023353072174359113	9.107269579544663e-05	0.0022331199143081903	0.0006950738024897873	0.0013092870358377695	0.0006045304471626878
0.128	0.192	0.0002946701424662024	0.0004745417973026633	0.00026907018036581576	0.004034362733364105	0.00021130511595401913	8.285817602882162e-05	0.0018968813819810748	0.0005980246933177114	0.001130163436755538	0.0005275493022054434
0.192	0.256	0.00025228268350474536	0.0003779685648623854	0.00026907018036581576	0.0035945961717516184	0.00020960129040759057	8.193916437448934e-05	0.001730213058181107	0.0005360745126381516	0.001101979985833168	0.0004326463385950774
0.256	0.32	0.0002389646542724222	0.0003336879308335483	0.00026907018036581576	0.0033604728523641825	0.00020960129040759057	8.112816431093961e-05	0.001616811496205628	0.00048707996029406786	0.0010950001887977123	0.00037991514545865357
0.32	0.384	0.00023434062313754112	0.00031049828976392746	0.00026907018036581576	0.0032045128755271435	0.00020960129040759057	7.984688272699714e-05	0.0015234040329232812	0.000450636085588485	0.0010862045455724	0.0003451310913078487
0.384	0.448	0.00023240636801347136	0.00029848015401512384	0.00026920335949398577	0.003105637850239873	0.00020960129040759057	7.833018753444776e-05	0.0014396262122318149	0.00042451798799447715	0.0010774024995043874	0.0003211473813280463
0.448	0.512	0.00023133301874622703	0.0002927746099885553	0.00026920335949398577	0.003047381527721882	0.0002135965187335387	7.677570829400793e-05	0.0013604958076030016	0.0004075265023857355	0.0010724483290687203	0.0003019744763150811
0.512	0.576	0.00023012550082057714	0.00028859294252470136	0.00026920335949398577	0.0030035802628844976	0.00021500803995877504	7.527705747634172e-05	0.0012893553357571363	0.0003965680080000311	0.0010720243444666266	0.0002851773169822991
