onset	offset	Alarm_bell_ringing	Blender	Cat	Dishes	Dog	Electric_shaver_toothbrush	Frying	Running_water	Speech	Vacuum_cleaner
0.0	0.064	0.0007651764317415655	0.3395368158817291	0.0029397711623460054	0.06990177184343338	0.0014363519148901105	0.0017914053751155734	0.41539904475212097	0.010368499904870987	0.008368886075913906	0.0800810307264328
0.064	0.128	0.0007651764317415655	0.3395368158817291	0.0029397711623460054	0.06990177184343338	0.0013393671251833439	0.0017914053751155734	0.41539904475212097	0.010368499904870987	0.008368886075913906	0.0818660631775856
0.128	0.192	0.0005671975668519735	0.4531876742839813	0.003678956301882863	0.0681697353720665	0.0013393671251833439	0.0017824559472501278	0.49414291977882385	0.014496996998786926	0.0070223878137767315	0.0818660631775856
0.192	0.256	0.0005145520553924143	0.4531876742839813	0.005151953548192978	0.06990177184343338	0.0012535660061985254	0.0017699407180771232	0.5478233098983765	0.01920500583946705	0.0066470797173678875	0.0800810307264328
0.256	0.32	0.0004902658984065056	0.4531876742839813	0.005179641768336296	0.07031482458114624	0.0011648550862446427	0.001707978779450059	0.5594764947891235	0.01920500583946705	0.006515813525766134	0.07913284003734589
0.32	0.384	0.0004731069493573159	0.4531876742839813	0.005197729449719191	0.07463021576404572	0.0011648550862446427	0.001643366296775639	0.5594764947891235	0.01920500583946705	0.006515813525766134	0.07673422247171402
0.384	0.448	0.0004731069493573159	0.4301418662071228	0.005278013180941343	0.07463021576404572	0.0011648550862446427	0.0016167316352948546	0.5594764947891235	0.01920500583946705	0.006515813525766134	0.06955274194478989
0.448	0.512	0.0004731069493573159	0.38678035140037537	0.005368515849113464	0.0774327963590622	0.0011648550862446427	0.0016099035274237394	0.5594764947891235	0.019177114591002464	0.006515813525766134	0.06481524556875229
0.512	0.576	0.0004731069493573159	0.356624037027359	0.005278013180941343	0.0860385075211525	0.0011949189938604832	0.0016003280179575086	0.5500081181526184	0.017741609364748	0.0068258908577263355	0.06105984002351761
