onset	offset	Alarm_bell_ringing	Blender	Cat	Dishes	Dog	Electric_shaver_toothbrush	Frying	Running_water	Speech	Vacuum_cleaner
0.0	0.064	0.0017469075974076986	0.024653863161802292	0.012081936933100224	0.0011771685676649213	0.001961427042260766	0.008311957120895386	0.0014026245335116982	0.01935577765107155	0.008180470205843449	0.9380173087120056
0.064	0.128	0.0017469075974076986	0.024653863161802292	0.012081936933100224	0.0011771685676649213	0.001961427042260766	0.009271026588976383	0.0014026245335116982	0.01935577765107155	0.008180470205843449	0.9372231364250183
0.128	0.192	0.0010033107828348875	0.018132232129573822	0.009536833502352238	0.0009204679518006742	0.0014409092254936695	0.009571126662194729	0.000839304702822119	0.017664583399891853	0.005931383930146694	0.933946967124939
0.192	0.256	0.0006598381442017853	0.015128476545214653	0.007615517824888229	0.0007826821529306471	0.0012563953641802073	0.009571126662194729	0.0006355718360282481	0.017534207552671432	0.0048060170374810696	0.933946967124939
0.256	0.32	0.0005641472525894642	0.014218888245522976	0.0071531981229782104	0.0007094547036103904	0.0011441680835559964	0.009571126662194729	0.0005528263282030821	0.017275290563702583	0.0044562905095517635	0.933946967124939
0.32	0.384	0.0005168283823877573	0.013136829249560833	0.0064382124692201614	0.0006773039349354804	0.0010712500661611557	0.00960097461938858	0.0004970291629433632	0.017104746773838997	0.0042886375449597836	0.9317065477371216
0.384	0.448	0.00047681533033028245	0.012238362804055214	0.005862378049641848	0.0006761617842130363	0.0010072350269183517	0.00965975597500801	0.00046811584616079926	0.01687656342983246	0.004128904081881046	0.9299579858779907
0.448	0.512	0.00043889382504858077	0.011351237073540688	0.005414536222815514	0.0006753451307304204	0.0009636071044951677	0.009731288067996502	0.00045013081398792565	0.015940044075250626	0.004005589988082647	0.9277456998825073
0.512	0.576	0.0004088386194780469	0.01073472760617733	0.005182620137929916	0.0006746861035935581	0.0009460295550525188	0.00995180755853653	0.000444657081970945	0.015459821559488773	0.003990441560745239	0.9247558116912842
