onset	offset	Alarm_bell_ringing	Blender	Cat	Dishes	Dog	Electric_shaver_toothbrush	Frying	Running_water	Speech	Vacuum_cleaner
0.0	0.064	0.0017233849503099918	0.003443874418735504	0.0014125992311164737	0.0005785702378489077	0.0016974944155663252	0.0015824642032384872	0.0008748715044930577	0.0024542277678847313	0.010475529357790947	0.9949978590011597
0.064	0.128	0.0017233849503099918	0.003443874418735504	0.0014125992311164737	0.0005785702378489077	0.0016974944155663252	0.0015824642032384872	0.0008748715044930577	0.0024542277678847313	0.010475529357790947	0.9949978590011597
0.128	0.192	0.000925738422665745	0.0020989736076444387	0.0008559124544262886	0.0005274135619401932	0.0015713628381490707	0.001071531674824655	0.0006330611649900675	0.001748705399222672	0.00848494190722704	0.9954586029052734
0.192	0.256	0.000757547386456281	0.001341064809821546	0.0007254836382344365	0.0004993443726561964	0.0015387448947876692	0.0009398937108926475	0.0005454756901599467	0.0012470204383134842	0.00723507534712553	0.9957211017608643
0.256	0.32	0.0007519918726757169	0.0010571650927886367	0.0007254836382344365	0.0004900495405308902	0.0015282859094440937	0.0008897862280718982	0.0005444168928079307	0.0011060233227908611	0.006455221213400364	0.9957211017608643
0.32	0.384	0.0007446659146808088	0.0009194646845571697	0.0007254836382344365	0.0004656272067222744	0.0014567967737093568	0.0008680744213052094	0.0005334398592822254	0.0010791770182549953	0.006328409072011709	0.9957211017608643
0.384	0.448	0.0007383842021226883	0.0008113369112834334	0.0007254836382344365	0.0004447972169145942	0.0014567967737093568	0.0008390537113882601	0.0005239856545813382	0.0010501251090317965	0.006277358625084162	0.9957211017608643
0.448	0.512	0.0007254217634908855	0.0007418331224471331	0.0007289122440852225	0.00043108174577355385	0.0013963179662823677	0.0008006781572476029	0.0005239856545813382	0.0010501251090317965	0.00608832435682416	0.9957072734832764
0.512	0.576	0.0007118151988834143	0.0006993764545768499	0.000735426030587405	0.0004167153383605182	0.0013599925441667438	0.0007631275220774114	0.0005239856545813382	0.0010501251090317965	0.00578319001942873	0.9957072734832764
