onset	offset	Alarm_bell_ringing	Blender	Cat	Dishes	Dog	Electric_shaver_toothbrush	Frying	Running_water	Speech	Vacuum_cleaner
0.0	0.064	0.012561517767608166	0.000605456531047821	0.0006063053733669221	0.0009345600265078247	0.0006930632516741753	0.00017095115617848933	0.00035447216941975057	0.0015402723802253604	0.004180312156677246	0.0007927943952381611
0.064	0.128	0.012561517767608166	0.000605456531047821	0.0006063053733669221	0.0009345600265078247	0.0006930632516741753	0.00017095115617848933	0.00035447216941975057	0.0015402723802253604	0.004180312156677246	0.0007927943952381611
0.128	0.192	0.009246609173715115	0.00038779378519393504	0.0005480929976329207	0.0006073496188037097	0.0006288037984631956	0.0001496320910518989	0.00026970793260261416	0.0011637316783890128	0.003331524319946766	0.0005515941302292049
0.192	0.256	0.007422102615237236	0.00027574037085287273	0.000534743769094348	0.0004352947580628097	0.0006198581540957093	0.00014052807819098234	0.0002251197147415951	0.0009777727536857128	0.0032205122988671064	0.00044356545549817383
0.256	0.32	0.006910837721079588	0.0002546077303122729	0.0005149136413820088	0.0004065035318490118	0.0006190239218994975	0.00013890315312892199	0.00021652792929671705	0.0009047454223036766	0.003217936959117651	0.00037591741420328617
0.32	0.384	0.006910837721079588	0.0002396509808022529	0.0005149136413820088	0.0004065035318490118	0.0006190239218994975	0.00013890315312892199	0.00020799254707526416	0.0008271209080703557	0.0030313548631966114	0.00032608769834041595
0.384	0.448	0.006910837721079588	0.0002396509808022529	0.0005149136413820088	0.0004065035318490118	0.0006190239218994975	0.00013890315312892199	0.00020137382671236992	0.0008271209080703557	0.0030313548631966114	0.00029679801082238555
0.448	0.512	0.006910837721079588	0.0002396509808022529	0.0005202732281759381	0.0004065035318490118	0.0006198581540957093	0.00013890315312892199	0.00020137382671236992	0.0008271209080703557	0.0030313548631966114	0.00029679801082238555
0.512	0.576	0.007614776026457548	0.0002396509808022529	0.0005202732281759381	0.00046086066868156195	0.0006420454592444003	0.0001478838676121086	0.00020137382671236992	0.0008271209080703557	0.0030313548631966114	0.00029679801082238555
