onset	offset	Alarm_bell_ringing	Blender	Cat	Dishes	Dog	Electric_shaver_toothbrush	Frying	Running_water	Speech	Vacuum_cleaner
0.0	0.064	0.00017333179130218923	0.0001793792616808787	0.020759327337145805	0.0008057295926846564	0.0010780729353427887	0.00017130051855929196	0.0007925538811832666	0.0022552942391484976	0.0021904432214796543	0.0012601519702002406
0.064	0.128	0.00017333179130218923	0.0001793792616808787	0.021330369636416435	0.0008057295926846564	0.001220962731167674	0.00017130051855929196	0.0007925538811832666	0.0023265723139047623	0.0021904432214796543	0.001282365876249969
0.128	0.192	0.00017155910609290004	0.00018068698409479111	0.021330369636416435	0.0008512702188454568	0.0014272117987275124	0.00017342982755508274	0.0007925538811832666	0.0023265723139047623	0.0021904432214796543	0.0013353474205359817
0.192	0.256	0.00017155910609290004	0.00018068698409479111	0.028232203796505928	0.0008512702188454568	0.0014272117987275124	0.00017342982755508274	0.0007925538811832666	0.0024281081277877092	0.0021904432214796543	0.0013353474205359817
0.256	0.32	0.00017155910609290004	0.00018068698409479111	0.04856487363576889	0.0008512702188454568	0.0014272117987275124	0.00017342982755508274	0.0007925538811832666	0.0028003237675875425	0.0021904432214796543	0.0013353474205359817
0.32	0.384	0.00017155910609290004	0.00019999650248792022	0.09361781924962997	0.0008924969588406384	0.0020429184660315514	0.00020235468400642276	0.0008637876017019153	0.003115060506388545	0.0025219181552529335	0.0014342892682179809
0.384	0.448	0.00017441240197513252	0.00025331281358376145	0.1763923615217209	0.0009320972021669149	0.0029717502184212208	0.00023234121908899397	0.0010135140037164092	0.003115060506388545	0.00284705962985754	0.0016633153427392244
0.448	0.512	0.00019292213255539536	0.00030572235118597746	0.3472152650356293	0.0010501982178539038	0.0029717502184212208	0.00023234121908899397	0.0010171463945880532	0.003115060506388545	0.00284705962985754	0.0018722678069025278
0.512	0.576	0.00025803790776990354	0.00030572235118597746	0.4222893714904785	0.0011314874282106757	0.0029717502184212208	0.00023234121908899397	0.0010171463945880532	0.003115060506388545	0.00284705962985754	0.001965171890333295
