onset	offset	Alarm_bell_ringing	Blender	Cat	Dishes	Dog	Electric_shaver_toothbrush	Frying	Running_water	Speech	Vacuum_cleaner
0.0	0.064	0.00013622753613162786	0.00010424653009977192	0.003606871236115694	0.0005117181572131813	0.0004814683925360441	7.025547529337928e-05	0.000507645308971405	0.0008689470705576241	0.0011226749047636986	0.0013268458424136043
0.064	0.128	0.00013622753613162786	0.00010424653009977192	0.0037943078204989433	0.0005117181572131813	0.00048536586109548807	7.025547529337928e-05	0.000507645308971405	0.0008689470705576241	0.0011226749047636986	0.0013268458424136043
0.128	0.192	0.00012896861881017685	9.487336501479149e-05	0.0039176675491034985	0.0004823007038794458	0.0004890345735475421	6.590252451132983e-05	0.00044074360630474985	0.0007868561078794301	0.001050185295753181	0.001142132910899818
0.192	0.256	0.00012382811110001057	9.057010902324691e-05	0.003835530485957861	0.00047984695993363857	0.00048536586109548807	6.452620436903089e-05	0.0004062397056259215	0.0007306927000172436	0.001047569210641086	0.0010221165139228106
0.256	0.32	0.00012064113252563402	8.495058136759326e-05	0.003835530485957861	0.0004726205370388925	0.0004850730474572629	6.44255560473539e-05	0.00038896777550689876	0.0006793143693357706	0.001036780304275453	0.0009435194660909474
0.32	0.384	0.00011653133697109297	8.020945097086951e-05	0.0038766241632401943	0.000460359820863232	0.00048536586109548807	6.436838884837925e-05	0.00038013976882211864	0.0006261947564780712	0.001036780304275453	0.0008650193922221661
0.384	0.448	0.00011514114157762378	7.728557102382183e-05	0.0039176675491034985	0.0004354487173259258	0.0004867894167546183	6.375492375809699e-05	0.00037410363438539207	0.0005905570578761399	0.001036780304275453	0.0008081698324531317
0.448	0.512	0.00011469513265183195	7.663994620088488e-05	0.0039402493275702	0.00041235523531213403	0.00048822577809914947	6.287420546868816e-05	0.00037011358654126525	0.0005841255187988281	0.001036780304275453	0.0007876130403019488
0.512	0.576	0.00011414895561756566	7.636046939296648e-05	0.004029721021652222	0.0003979127504862845	0.00048822577809914947	6.141776248114184e-05	0.00035913457395508885	0.0005796708283014596	0.0010380607564002275	0.0007545975968241692
