onset	offset	Alarm_bell_ringing	Blender	Cat	Dishes	Dog	Electric_shaver_toothbrush	Frying	Running_water	Speech	Vacuum_cleaner
0.0	0.064	0.002386178355664015	0.28372347354888916	0.0034911762923002243	0.01008149329572916	0.0043327114544808865	0.0035504032857716084	0.005167677067220211	0.02453898824751377	0.22356662154197693	0.5918031930923462
0.064	0.128	0.002386178355664015	0.28372347354888916	0.004252403508871794	0.01008149329572916	0.0043327114544808865	0.0035504032857716084	0.00505319656804204	0.02453898824751377	0.22356662154197693	0.5918031930923462
0.128	0.192	0.0018170763505622745	0.2515956163406372	0.004252403508871794	0.008658449165523052	0.003859913209453225	0.0028060099575668573	0.00505319656804204	0.020857779309153557	0.3354214131832123	0.566620409488678
0.192	0.256	0.0018170763505622745	0.2515956163406372	0.0037701353430747986	0.008658449165523052	0.003859913209453225	0.0024699983187019825	0.00465907109901309	0.017654484137892723	0.6356576085090637	0.5005792379379272
0.256	0.32	0.0018170763505622745	0.2515956163406372	0.0034911762923002243	0.008658449165523052	0.003859913209453225	0.0024106346536427736	0.004320280160754919	0.016396772116422653	0.9063735008239746	0.49960941076278687
0.32	0.384	0.0018170763505622745	0.1535787284374237	0.0034911762923002243	0.008658449165523052	0.003859913209453225	0.0024106346536427736	0.003904168726876378	0.011797633953392506	0.9671033620834351	0.49655625224113464
0.384	0.448	0.0018177719321101904	0.11866293102502823	0.0037173477467149496	0.00993253942579031	0.004239398520439863	0.0024106346536427736	0.0036043908912688494	0.009713892824947834	0.9749172329902649	0.48788970708847046
0.448	0.512	0.0019722306169569492	0.1109456792473793	0.0037173477467149496	0.010908118449151516	0.004499848932027817	0.0024253849405795336	0.0036043908912688494	0.009713892824947834	0.9763985276222229	0.4837181866168976
0.512	0.576	0.002001121873036027	0.10564437508583069	0.0037173477467149496	0.011437646113336086	0.004521530587226152	0.0024253849405795336	0.0036043908912688494	0.009713892824947834	0.9763985276222229	0.48788970708847046
