onset	offset	Alarm_bell_ringing	Blender	Cat	Dishes	Dog	Electric_shaver_toothbrush	Frying	Running_water	Speech	Vacuum_cleaner
0.0	0.064	0.0003020355070475489	0.00024379100068472326	0.0011917237425222993	0.0007926554535515606	0.00038263556780293584	9.365189907839522e-05	0.00040416663978248835	0.002874834230169654	0.001953494967892766	0.0007934035966172814
0.064	0.128	0.0003020355070475489	0.00024379100068472326	0.0011917237425222993	0.0007926554535515606	0.00038263556780293584	9.365189907839522e-05	0.00040416663978248835	0.002874834230169654	0.001953494967892766	0.0007934035966172814
0.128	0.192	0.0002733820874709636	0.00019120000069960952	0.001174408826045692	0.0006097377627156675	0.00040697542135603726	9.26017964957282e-05	0.00033422315027564764	0.002610227093100548	0.00180313631426543	0.0006483016186393797
0.192	0.256	0.00023956371296662837	0.00016048843099270016	0.0011608048807829618	0.0004915292956866324	0.0003954884596168995	8.970346243586391e-05	0.00029780450859107077	0.002402135170996189	0.0016997373895719647	0.0005611074739135802
0.256	0.32	0.0002205573400715366	0.0001459175255149603	0.0011505602160468698	0.00044443903607316315	0.00038263556780293584	8.649411756778136e-05	0.00027922316803596914	0.002289236057549715	0.0016590458108112216	0.0005312500870786607
0.32	0.384	0.0002103378647007048	0.00012909127690363675	0.0010901193600147963	0.00041832347051240504	0.0003761644475162029	8.403184619965032e-05	0.0002588473435025662	0.0022137919440865517	0.0016542451921850443	0.00046181559446267784
0.384	0.448	0.00021029493655078113	0.00012223214434925467	0.0010901193600147963	0.0004091538139618933	0.0003727311559487134	8.152904774760827e-05	0.00024247592955362052	0.002048271242529154	0.0016453524585813284	0.00041367579251527786
0.448	0.512	0.00020792809664271772	0.00011605903273448348	0.0010901193600147963	0.0003984074865002185	0.00037179459468461573	7.733076199656352e-05	0.00023631984367966652	0.001909244223497808	0.0016159467631950974	0.00037789688212797046
0.512	0.576	0.00020520540419965982	0.00011222672037547454	0.0010296797845512629	0.00038844769005663693	0.0003573688736651093	7.441544585162774e-05	0.0002277890598634258	0.001812257687561214	0.0015957655850797892	0.0003473161777947098
