onset	offset	Alarm_bell_ringing	Blender	Cat	Dishes	Dog	Electric_shaver_toothbrush	Frying	Running_water	Speech	Vacuum_cleaner
0.0	0.064	0.0009206130634993315	0.010470874607563019	0.0021014760714024305	0.0011716131120920181	0.0021557349245995283	0.0036965636536478996	0.0006953301490284503	0.00625493424013257	0.011005464941263199	0.9742372035980225
0.064	0.128	0.0009206130634993315	0.010470874607563019	0.0021014760714024305	0.0011716131120920181	0.0021557349245995283	0.0036965636536478996	0.0006953301490284503	0.00625493424013257	0.011005464941263199	0.9742372035980225
0.128	0.192	0.00047228235052898526	0.008113941177725792	0.0017597884871065617	0.000857829989399761	0.0020194202661514282	0.0028075273148715496	0.0004299578722566366	0.005114612635225058	0.009231080301105976	0.9774572849273682
0.192	0.256	0.0003516564320307225	0.006570595316588879	0.0017597884871065617	0.0006854910170659423	0.0020158523693680763	0.0021022562868893147	0.0004299578722566366	0.003385229269042611	0.005478110630065203	0.9779526591300964
0.256	0.32	0.0003516564320307225	0.006570595316588879	0.0017597884871065617	0.0005950550548732281	0.0018981283064931631	0.0020982567220926285	0.0004299578722566366	0.002809943398460746	0.003853503381833434	0.9780532121658325
0.32	0.384	0.0003516564320307225	0.006570595316588879	0.0017597884871065617	0.0005821613012813032	0.0018398575484752655	0.002050698734819889	0.0004299578722566366	0.0028034094721078873	0.003527676686644554	0.9782860279083252
0.384	0.448	0.0003516564320307225	0.006570595316588879	0.001851240056566894	0.000578926526941359	0.0018067937344312668	0.002011209027841687	0.00043561728671193123	0.002755995374172926	0.0033254907466471195	0.978390634059906
0.448	0.512	0.00037851606612093747	0.006822487805038691	0.0019055305747315288	0.0005731668788939714	0.0017144113080576062	0.0019252472557127476	0.0004655144875869155	0.002576306462287903	0.003187664318829775	0.978390634059906
0.512	0.576	0.00040380805148743093	0.006822487805038691	0.0019223345443606377	0.0005520140985026956	0.0016396497376263142	0.0018007339676842093	0.0004895688616670668	0.002408357337117195	0.003080922644585371	0.978390634059906
