onset	offset	Alarm_bell_ringing	Blender	Cat	Dishes	Dog	Electric_shaver_toothbrush	Frying	Running_water	Speech	Vacuum_cleaner
0.0	0.064	0.0015683098463341594	0.7498016357421875	0.003004753030836582	0.001876645372249186	0.0008924935245886445	0.027919279411435127	0.0007699383422732353	0.003999869804829359	0.009208704344928265	0.16285216808319092
0.064	0.128	0.0015683098463341594	0.7417305707931519	0.003004753030836582	0.001876645372249186	0.0008924935245886445	0.027919279411435127	0.0007699383422732353	0.003999869804829359	0.009208704344928265	0.16175159811973572
0.128	0.192	0.0010705898748710752	0.7247393727302551	0.0029591266065835953	0.0013985737459734082	0.0007211000774987042	0.024698808789253235	0.0006059302249923348	0.0031745245214551687	0.006944903638213873	0.1608196496963501
0.192	0.256	0.0008038307423703372	0.7247393727302551	0.0028404598124325275	0.00120966334361583	0.0007033086149021983	0.023174196481704712	0.0005397239583544433	0.0025829514488577843	0.00592776108533144	0.1608196496963501
0.256	0.32	0.000636847282294184	0.7247393727302551	0.0026542367413640022	0.0011186805786564946	0.0006734472117386758	0.023132815957069397	0.0004731921653728932	0.0022399364970624447	0.005638801027089357	0.1560756117105484
0.32	0.384	0.0005316867609508336	0.7085373997688293	0.0025428072549402714	0.0010327936615794897	0.0006323577836155891	0.023089468479156494	0.0004257088294252753	0.001989313866943121	0.005610416643321514	0.14817632734775543
0.384	0.448	0.0004768212093040347	0.7018749713897705	0.002447383711114526	0.0009592843125574291	0.0006032940582372248	0.023089468479156494	0.0003966744407080114	0.0018066931515932083	0.005610416643321514	0.14089585840702057
0.448	0.512	0.0004460263589862734	0.7018749713897705	0.0024036909453570843	0.0009013857343234122	0.0005887319566681981	0.023132815957069397	0.0003752387419808656	0.0016847011866047978	0.005610416643321514	0.13325640559196472
0.512	0.576	0.0004302955057937652	0.7018749713897705	0.0024036727845668793	0.0008579746354371309	0.0005854961345903575	0.023137664422392845	0.000357250653905794	0.001615306013263762	0.005610416643321514	0.12439727783203125
