onset	offset	Alarm_bell_ringing	Blender	Cat	Dishes	Dog	Electric_shaver_toothbrush	Frying	Running_water	Speech	Vacuum_cleaner
0.0	0.064	0.0002857853833120316	0.001030389335937798	0.020314034074544907	0.002557029714807868	0.025793643668293953	0.00037022525793872774	0.0005613952525891364	0.0025400775484740734	0.007976043969392776	0.0011340059572830796
0.064	0.128	0.0002857853833120316	0.001030389335937798	0.021670280024409294	0.0028632625471800566	0.025793643668293953	0.00037022525793872774	0.0006672887247987092	0.002730872016400099	0.00834091566503048	0.0013393984409049153
0.128	0.192	0.0002279543987242505	0.001389085315167904	0.021670280024409294	0.0029351499397307634	0.051807548850774765	0.00037022525793872774	0.0006672887247987092	0.0030145510099828243	0.00834091566503048	0.0013393984409049153
0.192	0.256	0.00018815607472788543	0.001389085315167904	0.02639150246977806	0.0028632625471800566	0.1088903620839119	0.00037022525793872774	0.0006672887247987092	0.002730872016400099	0.00834091566503048	0.0014702267944812775
0.256	0.32	0.0001814997522160411	0.001389085315167904	0.03216126933693886	0.002862550551071763	0.1088903620839119	0.0003513509873300791	0.0006666905246675014	0.002687920117750764	0.008277298882603645	0.0014702267944812775
0.32	0.384	0.00017129348998423666	0.001389085315167904	0.03216126933693886	0.002862550551071763	0.1088903620839119	0.000310279312543571	0.0006666905246675014	0.002687920117750764	0.008277298882603645	0.0014702267944812775
0.384	0.448	0.0001680328423390165	0.0012742455583065748	0.03216126933693886	0.002862550551071763	0.1088903620839119	0.0003031534142792225	0.0006666905246675014	0.002687920117750764	0.008277298882603645	0.0014702267944812775
0.448	0.512	0.0001632514613447711	0.0006561432965099812	0.03216126933693886	0.0015222360379993916	0.07231572270393372	0.00021786594879813492	0.0005158337880857289	0.002123893704265356	0.0053979577496647835	0.0012803960125893354
0.512	0.576	0.00011562259896891192	0.0003184066736139357	0.018880557268857956	0.0008779624477028847	0.008375597186386585	0.0001027618272928521	0.000410444539738819	0.0012723482213914394	0.0033480662386864424	0.0009972673142328858
