onset	offset	Alarm_bell_ringing	Blender	Cat	Dishes	Dog	Electric_shaver_toothbrush	Frying	Running_water	Speech	Vacuum_cleaner
0.0	0.064	0.005293406546115875	0.002672773553058505	0.0016292489599436522	0.007873204536736012	0.0013276207027956843	0.007911414839327335	0.7466925978660583	0.009107984602451324	0.03445219248533249	0.006253112107515335
0.064	0.128	0.005293406546115875	0.002672773553058505	0.0016292489599436522	0.007873204536736012	0.0013276207027956843	0.007911414839327335	0.7466925978660583	0.009107984602451324	0.03445219248533249	0.006253112107515335
0.128	0.192	0.0034446814097464085	0.0021203341893851757	0.0013346214545890689	0.006527494173496962	0.0011727209202945232	0.0067585608921945095	0.7719725966453552	0.007418337743729353	0.02711280807852745	0.00491171283647418
0.192	0.256	0.002501489594578743	0.0019934296142309904	0.0013346214545890689	0.006127545144408941	0.0011130048660561442	0.005750251468271017	0.8008874654769897	0.007418337743729353	0.02711280807852745	0.004143230151385069
0.256	0.32	0.0022093220613896847	0.001797787961550057	0.0013346214545890689	0.006127545144408941	0.0010698471451178193	0.0051638297736644745	0.8205121755599976	0.007418337743729353	0.02711280807852745	0.00378566631115973
0.32	0.384	0.0022093220613896847	0.0017415323527529836	0.0013346214545890689	0.006127545144408941	0.0010529616847634315	0.004931146278977394	0.8328537344932556	0.007418337743729353	0.02711280807852745	0.0037773363292217255
0.384	0.448	0.0021245931275188923	0.0017307187663391232	0.0013899323530495167	0.006112248636782169	0.0010391219984740019	0.004759124014526606	0.8436934947967529	0.0079332971945405	0.03826131299138069	0.0036944271996617317
0.448	0.512	0.002112186746671796	0.001708686351776123	0.0013899323530495167	0.006112248636782169	0.0010074629681184888	0.004545684438198805	0.8496586084365845	0.0079332971945405	0.054045435041189194	0.0036635638680309057
0.512	0.576	0.002102963626384735	0.0017050706082955003	0.0013899323530495167	0.006112248636782169	0.0009912631940096617	0.004368622321635485	0.8512700200080872	0.0079332971945405	0.06309457868337631	0.0036047794856131077
