onset	offset	Alarm_bell_ringing	Blender	Cat	Dishes	Dog	Electric_shaver_toothbrush	Frying	Running_water	Speech	Vacuum_cleaner
0.0	0.064	0.0017095234943553805	0.0005381020018830895	0.0004453589499462396	0.0037514979485422373	0.0007148130098357797	0.0004281770088709891	0.0011097228853031993	0.0009021410369314253	0.0026530101895332336	0.0013106893748044968
0.064	0.128	0.0033865177538245916	0.0006906023481860757	0.0004453589499462396	0.005708001554012299	0.0007148130098357797	0.0005186083726584911	0.0011427010176703334	0.0009021410369314253	0.002695848001167178	0.0013106893748044968
0.128	0.192	0.0033865177538245916	0.0008414251497015357	0.0007023909129202366	0.005708001554012299	0.0008603856549598277	0.0005186083726584911	0.0014142723521217704	0.0009021410369314253	0.003018222050741315	0.0010503468802198768
0.192	0.256	0.005069080274552107	0.0008414251497015357	0.0007023909129202366	0.007993361912667751	0.0008603856549598277	0.0005000769742764533	0.0014142723521217704	0.0008974543306976557	0.003018222050741315	0.000948529108427465
0.256	0.32	0.01649477146565914	0.0009762429399415851	0.0007023909129202366	0.012220819480717182	0.0008603856549598277	0.0004281770088709891	0.0013316015247255564	0.0008788396371528506	0.003018222050741315	0.0009375201188959181
0.32	0.384	0.04357535392045975	0.0012815612135455012	0.001037589623592794	0.017583759501576424	0.0014971686759963632	0.0004200246767140925	0.0013316015247255564	0.0008847727440297604	0.0032149041071534157	0.0009243626263923943
0.384	0.448	0.06061024218797684	0.0016201509861275554	0.001074389205314219	0.01797148585319519	0.0017505150754004717	0.0004265779280103743	0.0013316015247255564	0.0008842612733133137	0.0032327426597476006	0.0009143539937213063
0.448	0.512	0.06061024218797684	0.0017320432234555483	0.001138073275797069	0.01797148585319519	0.0019268797477707267	0.0004265779280103743	0.0013316015247255564	0.0008842612733133137	0.0032503248658031225	0.0009111336548812687
0.512	0.576	0.06061024218797684	0.0017432037275284529	0.0011643735924735665	0.01797148585319519	0.0020668040961027145	0.0004265779280103743	0.0011666606878861785	0.0008801646181382239	0.0033253170549869537	0.0008975557284429669
