onset	offset	Alarm_bell_ringing	Blender	Cat	Dishes	Dog	Electric_shaver_toothbrush	Frying	Running_water	Speech	Vacuum_cleaner
0.0	0.064	0.001300858217291534	0.002693497808650136	0.002085299463942647	0.005590683780610561	0.004642912652343512	0.001748547307215631	0.004555785097181797	0.7320258617401123	0.007139742840081453	0.0034407926723361015
0.064	0.128	0.001300858217291534	0.002693497808650136	0.002085299463942647	0.006757760886102915	0.005669115576893091	0.001748547307215631	0.0052827391773462296	0.7320258617401123	0.007874411530792713	0.0034407926723361015
0.128	0.192	0.0012296073837205768	0.004506661556661129	0.002108712214976549	0.006757760886102915	0.005669115576893091	0.0016020623734220862	0.0052827391773462296	0.8218587040901184	0.007966776378452778	0.0028575663454830647
0.192	0.256	0.0012160080950707197	0.004726181272417307	0.002108712214976549	0.007185462396591902	0.005422975867986679	0.0013626834843307734	0.005037353839725256	0.9043018817901611	0.007966776378452778	0.002200547605752945
0.256	0.32	0.0012080558808520436	0.004726181272417307	0.002108712214976549	0.007185462396591902	0.005074925255030394	0.0011594152310863137	0.004564029164612293	0.9272215962409973	0.007966776378452778	0.0015797106316313148
0.32	0.384	0.0011673738481476903	0.004726181272417307	0.002108712214976549	0.007185462396591902	0.005074925255030394	0.0009721307433210313	0.004564029164612293	0.928742527961731	0.008015841245651245	0.0011667608050629497
0.384	0.448	0.0011672131950035691	0.004726181272417307	0.0019159975927323103	0.007185462396591902	0.005074925255030394	0.000824111804831773	0.004564029164612293	0.9330027103424072	0.00821108277887106	0.0009636511094868183
0.448	0.512	0.0011592783266678452	0.003885251237079501	0.0015400450211018324	0.006531964056193829	0.0045884898863732815	0.000824111804831773	0.004481114447116852	0.9335949420928955	0.008330880664288998	0.0008502398850396276
0.512	0.576	0.001131729339249432	0.0028773383237421513	0.0015400450211018324	0.006531964056193829	0.004044166766107082	0.000824111804831773	0.004476364701986313	0.9337761402130127	0.008487557992339134	0.000832403777167201
