onset	offset	Alarm_bell_ringing	Blender	Cat	Dishes	Dog	Electric_shaver_toothbrush	Frying	Running_water	Speech	Vacuum_cleaner
0.0	0.064	0.002156389644369483	0.0009929437655955553	0.0011298476019874215	0.011291810311377048	0.0010319689754396677	0.0018584950594231486	0.5268713235855103	0.001790548674762249	0.038881875574588776	0.004649607464671135
0.064	0.128	0.002156389644369483	0.0009929437655955553	0.0011298476019874215	0.011291810311377048	0.0010319689754396677	0.0018584950594231486	0.5268713235855103	0.001790548674762249	0.038881875574588776	0.004649607464671135
0.128	0.192	0.0016781482845544815	0.0007861178601160645	0.0011298476019874215	0.011291810311377048	0.0008978585246950388	0.0017974055372178555	0.5341041088104248	0.0015844173030927777	0.04305346682667732	0.0044392552226781845
0.192	0.256	0.0015189333353191614	0.0006944626220501959	0.0011182873276993632	0.011291810311377048	0.0008257916197180748	0.0017665192717686296	0.5341041088104248	0.0015844173030927777	0.04305346682667732	0.0042298357002437115
0.256	0.32	0.001487865811213851	0.0006411881768144667	0.0011182873276993632	0.011291810311377048	0.0008257916197180748	0.0017571895150467753	0.5341041088104248	0.0015844173030927777	0.04305346682667732	0.0040492042899131775
0.32	0.384	0.001487865811213851	0.0006136134034022689	0.0011182873276993632	0.01129285991191864	0.0008257916197180748	0.0017269703093916178	0.5341041088104248	0.0015844173030927777	0.07430293411016464	0.003980747424066067
0.384	0.448	0.001487865811213851	0.0005832240567542613	0.0011923834681510925	0.012520949356257915	0.0008257916197180748	0.0014916955260559916	0.5328196287155151	0.0015893799718469381	0.12897898256778717	0.003978139255195856
0.448	0.512	0.001487865811213851	0.0005790118011645973	0.0012085381895303726	0.015170316211879253	0.0009118806337937713	0.0013541069347411394	0.5317946672439575	0.001713101170025766	0.20428943634033203	0.0037171959411352873
0.512	0.576	0.0015335236676037312	0.0005790118011645973	0.0012546905782073736	0.019136374816298485	0.0009516982827335596	0.0012713620672002435	0.5306890606880188	0.001748818438500166	0.29151591658592224	0.0034588018897920847
