onset	offset	Alarm_bell_ringing	Blender	Cat	Dishes	Dog	Electric_shaver_toothbrush	Frying	Running_water	Speech	Vacuum_cleaner
0.0	0.064	0.0037859720177948475	0.0029443996027112007	0.0018174146534875035	0.003927980549633503	0.0021885826718062162	0.019259124994277954	0.0022073877044022083	0.00121211726218462	0.9662283658981323	0.0015743874246254563
0.064	0.128	0.0037859720177948475	0.0029443996027112007	0.0018174146534875035	0.003927980549633503	0.002230843296274543	0.019259124994277954	0.0022073877044022083	0.00121211726218462	0.9662283658981323	0.0015743874246254563
0.128	0.192	0.0037859720177948475	0.0028479250613600016	0.0018174146534875035	0.0037396796979010105	0.0022593806497752666	0.018401281908154488	0.0018968920921906829	0.0011726991506293416	0.973261833190918	0.0012354759965091944
0.192	0.256	0.0037859720177948475	0.002480667782947421	0.0018174146534875035	0.0037396796979010105	0.0022593806497752666	0.018401281908154488	0.0017356722382828593	0.0011676696594804525	0.9767605066299438	0.001042964169755578
0.256	0.32	0.0037859720177948475	0.002480667782947421	0.0018174146534875035	0.0037396796979010105	0.0022593806497752666	0.018401281908154488	0.001596885733306408	0.0011562351137399673	0.9768937230110168	0.0009351305780000985
0.32	0.384	0.0038930170703679323	0.002462248085066676	0.002001173095777631	0.0037396796979010105	0.002554815961048007	0.018401281908154488	0.0014855122426524758	0.0011420807568356395	0.9814004898071289	0.0007888392428867519
0.384	0.448	0.004388182424008846	0.002330012619495392	0.0020752963609993458	0.00478967884555459	0.002779994159936905	0.023080019280314445	0.0014097938546910882	0.0011052212212234735	0.9858530759811401	0.0006139834295026958
0.448	0.512	0.0048154667019844055	0.002330012619495392	0.0021075105760246515	0.005575857125222683	0.002924600848928094	0.02737579680979252	0.0013617468066513538	0.0010832842672243714	0.9881349802017212	0.00047513796016573906
0.512	0.576	0.00488185603171587	0.002444120356813073	0.002175255911424756	0.005684101488441229	0.0030241278000175953	0.027923811227083206	0.0013031958369538188	0.0010625477880239487	0.9894856214523315	0.0003920873859897256
