onset	offset	Alarm_bell_ringing	Blender	Cat	Dishes	Dog	Electric_shaver_toothbrush	Frying	Running_water	Speech	Vacuum_cleaner
0.0	0.064	0.00754963094368577	0.0032592415809631348	0.012041054666042328	0.04734130576252937	0.04808612912893295	0.006936509162187576	0.004278761334717274	0.012115179561078548	0.2817215621471405	0.0021763471886515617
0.064	0.128	0.00754963094368577	0.0033398864325135946	0.012065487913787365	0.036060016602277756	0.04808612912893295	0.006936509162187576	0.0046907030045986176	0.012115179561078548	0.2817215621471405	0.0021763471886515617
0.128	0.192	0.005799433216452599	0.0033398864325135946	0.012065487913787365	0.02876529097557068	0.07980088144540787	0.006181810051202774	0.0057283747009932995	0.012439070269465446	0.3191547691822052	0.0022815295960754156
0.192	0.256	0.004629865288734436	0.0033398864325135946	0.014245802536606789	0.02876529097557068	0.1325671523809433	0.005517344921827316	0.0057283747009932995	0.013113499619066715	0.3801734149456024	0.0021763471886515617
0.256	0.32	0.004452401772141457	0.0033398864325135946	0.017860863357782364	0.028304748237133026	0.21476607024669647	0.004923442844301462	0.0057283747009932995	0.014247028157114983	0.3801734149456024	0.0021644155494868755
0.32	0.384	0.004432342480868101	0.0032592415809631348	0.019657570868730545	0.024337969720363617	0.21476607024669647	0.0046890671364963055	0.0057283747009932995	0.014247028157114983	0.3801734149456024	0.002090571913868189
0.384	0.448	0.004177615512162447	0.0031358865089714527	0.019657570868730545	0.022824373096227646	0.21476607024669647	0.004360693972557783	0.0057283747009932995	0.014247028157114983	0.3801734149456024	0.002090571913868189
0.448	0.512	0.0040175640024244785	0.002790705068036914	0.019657570868730545	0.022417007014155388	0.21476607024669647	0.004007568582892418	0.0057283747009932995	0.014247028157114983	0.3589079678058624	0.0019372109090909362
0.512	0.576	0.0040175640024244785	0.0021869949996471405	0.019657570868730545	0.017517434433102608	0.17941690981388092	0.0034342992585152388	0.005066503304988146	0.010893743485212326	0.3171424865722656	0.0018286218401044607
