onset	offset	Alarm_bell_ringing	Blender	Cat	Dishes	Dog	Electric_shaver_toothbrush	Frying	Running_water	Speech	Vacuum_cleaner
0.0	0.064	0.0002491301274858415	0.00048269235412590206	0.015430158004164696	0.001269955188035965	0.0015489631332457066	0.0002648770168889314	0.0013104041572660208	0.0015767330769449472	0.002255003433674574	0.002794949570670724
0.064	0.128	0.0002491301274858415	0.00048269235412590206	0.016118278726935387	0.001264487043954432	0.0019377365242689848	0.0002648770168889314	0.0013104041572660208	0.0015767330769449472	0.0024672667495906353	0.002794949570670724
0.128	0.192	0.000241974979871884	0.000479117501527071	0.017708946019411087	0.001264487043954432	0.0021012581419199705	0.00026367235113866627	0.0012271770974621177	0.0015361396363005042	0.0026528763119131327	0.0025932970456779003
0.192	0.256	0.00023990315094124526	0.0004165653954260051	0.017708946019411087	0.0011614336399361491	0.0021012581419199705	0.0002570686920080334	0.0010785948252305388	0.0015361396363005042	0.0026528763119131327	0.0023753978312015533
0.256	0.32	0.00023672348470427096	0.00036802314571104944	0.017708946019411087	0.0009188437252305448	0.0021012581419199705	0.00022014512796886265	0.000925274274777621	0.0015099396696314216	0.0026528763119131327	0.002215591724961996
0.32	0.384	0.00019916260498575866	0.00034671142930164933	0.020219836384058	0.0008281075279228389	0.002184841316193342	0.00021174961875658482	0.0008188994834199548	0.0014807145344093442	0.00272596743889153	0.002170733641833067
0.384	0.448	0.00019192769832443446	0.0003311488253530115	0.0272544976323843	0.0008281075279228389	0.0028285349253565073	0.00020980725821573287	0.0008176632109098136	0.0014614347601309419	0.003304034471511841	0.0021573491394519806
0.448	0.512	0.00018998785526491702	0.00032092732726596296	0.02869943529367447	0.0008281075279228389	0.0035585889127105474	0.0002056792436633259	0.0007777227438054979	0.0014486649306491017	0.003967247437685728	0.002144965110346675
0.512	0.576	0.0001843808131525293	0.00031956564635038376	0.02869943529367447	0.0008108956390060484	0.0035585889127105474	0.00020541719277389348	0.0007755786646157503	0.0012888673227280378	0.003967247437685728	0.0020356790628284216
