onset	offset	Alarm_bell_ringing	Blender	Cat	Dishes	Dog	Electric_shaver_toothbrush	Frying	Running_water	Speech	Vacuum_cleaner
0.0	0.064	0.0007548939902335405	0.0026115283835679293	0.0006328503950498998	0.06853152811527252	0.0005792800802737474	0.0006280446541495621	0.08191386610269547	0.002404934260994196	0.011332550086081028	0.0005625943304039538
0.064	0.128	0.0007548939902335405	0.0026115283835679293	0.0006328503950498998	0.06853152811527252	0.0005792800802737474	0.0006280446541495621	0.08191386610269547	0.002404934260994196	0.011332550086081028	0.0005625943304039538
0.128	0.192	0.0005564679740928113	0.0016230473993346095	0.0005008041625842452	0.038177188485860825	0.0004903168301098049	0.0004978619981557131	0.08191386610269547	0.0020928741432726383	0.009263762272894382	0.0004993476904928684
0.192	0.256	0.00038689334178343415	0.0009871202055364847	0.0005008041625842452	0.037946075201034546	0.00040525305666960776	0.0004677010583691299	0.08134631812572479	0.0020928741432726383	0.009263762272894382	0.0003794647054746747
0.256	0.32	0.00031309036421589553	0.0009871202055364847	0.0005008041625842452	0.037946075201034546	0.00040525305666960776	0.000444402830908075	0.07704322040081024	0.0020928741432726383	0.009263762272894382	0.00033502161386422813
0.32	0.384	0.00031309036421589553	0.0009871202055364847	0.0005008041625842452	0.037946075201034546	0.00040525305666960776	0.00042512849904596806	0.07619451731443405	0.0020928741432726383	0.009263762272894382	0.00029362551867961884
0.384	0.448	0.00031309036421589553	0.0009871202055364847	0.0005695017171092331	0.037946075201034546	0.00040525305666960776	0.00042512849904596806	0.07319732010364532	0.002396856201812625	0.01397354993969202	0.00029362551867961884
0.448	0.512	0.00031309036421589553	0.0011718157911673188	0.0007869332912378013	0.052659474313259125	0.0005062830168753862	0.00042512849904596806	0.07319732010364532	0.0025995243340730667	0.023199021816253662	0.00029362551867961884
0.512	0.576	0.00033521075965836644	0.0015159762697294354	0.0009127163793891668	0.07926393300294876	0.0007288060151040554	0.00042512849904596806	0.07319732010364532	0.002875121310353279	0.03826026991009712	0.00029362551867961884
