onset	offset	Alarm_bell_ringing	Blender	Cat	Dishes	Dog	Electric_shaver_toothbrush	Frying	Running_water	Speech	Vacuum_cleaner
0.0	0.064	0.0015700595686212182	0.0019757328554987907	0.003307099686935544	0.010052487254142761	0.0029184850864112377	0.00974410679191351	0.584503173828125	0.20384575426578522	0.004335368052124977	0.02706793323159218
0.064	0.128	0.0015700595686212182	0.0019757328554987907	0.003307099686935544	0.010052487254142761	0.0029184850864112377	0.00974410679191351	0.584503173828125	0.20384575426578522	0.004335368052124977	0.02706793323159218
0.128	0.192	0.0011160471476614475	0.001540917670354247	0.002955805277451873	0.010052487254142761	0.0026880698278546333	0.00916573777794838	0.5972260236740112	0.17148075997829437	0.003823259612545371	0.021631382405757904
0.192	0.256	0.0009382363059557974	0.0014119294937700033	0.002955805277451873	0.010052487254142761	0.0026478550862520933	0.009163277223706245	0.6175532937049866	0.1574615091085434	0.003644397249445319	0.017102373763918877
0.256	0.32	0.0008336051250807941	0.0013701734133064747	0.002955805277451873	0.010052487254142761	0.0026478550862520933	0.009044243954122066	0.6339882016181946	0.1491302102804184	0.003644397249445319	0.014878705143928528
0.32	0.384	0.0008336051250807941	0.001352639519609511	0.002955805277451873	0.010252133943140507	0.0026478550862520933	0.008986150845885277	0.6460434198379517	0.14524203538894653	0.003644397249445319	0.013693353161215782
0.384	0.448	0.0008336051250807941	0.001352639519609511	0.0031153003219515085	0.01095963828265667	0.0026880698278546333	0.008877906948328018	0.658271849155426	0.14460301399230957	0.003644397249445319	0.012986017391085625
0.448	0.512	0.0008336051250807941	0.001352639519609511	0.003294158261269331	0.011993369087576866	0.0027477918192744255	0.008674426935613155	0.6708254814147949	0.14414069056510925	0.003759992541745305	0.01252877525985241
0.512	0.576	0.0009108854574151337	0.001352639519609511	0.003551454283297062	0.014372287318110466	0.003110692137852311	0.008456799201667309	0.6708254814147949	0.1440371870994568	0.003973345272243023	0.01237163133919239
