onset	offset	Alarm_bell_ringing	Blender	Cat	Dishes	Dog	Electric_shaver_toothbrush	Frying	Running_water	Speech	Vacuum_cleaner
0.0	0.064	0.9917250871658325	0.0008446854189969599	0.0033066344913095236	0.004284093156456947	0.0014618363929912448	0.00053935288451612	0.00048398124636150897	0.0029429972637444735	0.004550280515104532	0.000731028791051358
0.064	0.128	0.9917250871658325	0.0008446854189969599	0.0033066344913095236	0.004284093156456947	0.0014618363929912448	0.00053935288451612	0.00048398124636150897	0.0029429972637444735	0.004550280515104532	0.000731028791051358
0.128	0.192	0.9850231409072876	0.0007388251833617687	0.002157414797693491	0.0024828279856592417	0.0011116168461740017	0.00042945522000081837	0.0002852575562428683	0.0019950990099459887	0.004033916164189577	0.0003957902081310749
0.192	0.256	0.9850231409072876	0.0006631899159401655	0.0018242760561406612	0.0019645923748612404	0.000985032762400806	0.00035043072421103716	0.00024442007998004556	0.0015582378255203366	0.0037420648150146008	0.00028271679184399545
0.256	0.32	0.9850231409072876	0.0005917822709307075	0.001785388682037592	0.0019530951976776123	0.0008903463021852076	0.00020667062199208885	0.00016528104606550187	0.0010614864295348525	0.0031383109744638205	0.00020660401787608862
0.32	0.384	0.9314612746238708	0.00041560549288988113	0.0006468748906627297	0.0017447693971917033	0.0008686875808052719	0.00012343964772298932	0.00011419848306104541	0.0009278750512748957	0.0023001462686806917	0.0001562702818773687
0.384	0.448	0.5630336999893188	0.00019923610670957714	0.00012652487203013152	0.0008514957735314965	0.0006111451657488942	7.394418935291469e-05	6.696262425975874e-05	0.0005472544580698013	0.0018513341201469302	0.00015422214346472174
0.448	0.512	0.20010408759117126	0.00012333622726146132	6.307887815637514e-05	0.0004212382191326469	0.0003814293013419956	3.888417631969787e-05	4.821230686502531e-05	0.0004049454291816801	0.0017284135101363063	0.0001466840913053602
0.512	0.576	0.06865070015192032	0.00010031842975877225	6.307887815637514e-05	0.00023476194473914802	0.00023428475833497941	3.888417631969787e-05	3.965204814448953e-05	0.000372683338355273	0.0017284135101363063	0.0001466840913053602
