onset	offset	Alarm_bell_ringing	Blender	Cat	Dishes	Dog	Electric_shaver_toothbrush	Frying	Running_water	Speech	Vacuum_cleaner
0.0	0.064	0.0017436409834772348	0.0036585163325071335	0.004454782232642174	0.0006509617087431252	0.0016688077012076974	0.0017668305663391948	0.001002638484351337	0.00553304934874177	0.015068466775119305	0.983472466468811
0.064	0.128	0.0017436409834772348	0.0036585163325071335	0.004454782232642174	0.0006509617087431252	0.0016688077012076974	0.0017668305663391948	0.001002638484351337	0.00553304934874177	0.015068466775119305	0.983472466468811
0.128	0.192	0.0011789128184318542	0.0033200017642229795	0.0032528808806091547	0.0005601298762485385	0.0013687555911019444	0.0015109825180843472	0.0007678816327825189	0.005382379051297903	0.012597891502082348	0.9854485392570496
0.192	0.256	0.0008696353761479259	0.002903011394664645	0.002407819963991642	0.0004763873585034162	0.001177305937744677	0.0013043781509622931	0.0006456261617131531	0.004537807311862707	0.01004007738083601	0.9864155650138855
0.256	0.32	0.0007663643918931484	0.0026134205982089043	0.0021174245048314333	0.0004090600414201617	0.00104475615080446	0.0011837419588118792	0.000613629468716681	0.003733305726200342	0.008037569932639599	0.9865890741348267
0.32	0.384	0.0007161320536397398	0.0024814314674586058	0.0021174245048314333	0.0004090600414201617	0.00104475615080446	0.0010879739420488477	0.0006123976199887693	0.003733305726200342	0.008037569932639599	0.9866835474967957
0.384	0.448	0.0007161320536397398	0.002416789997369051	0.0021174245048314333	0.0004090600414201617	0.00104475615080446	0.001087852637283504	0.0006123976199887693	0.003733305726200342	0.008037569932639599	0.986735999584198
0.448	0.512	0.0007161320536397398	0.0023579392582178116	0.0021174245048314333	0.0004090600414201617	0.00104475615080446	0.0010680609848350286	0.0006123976199887693	0.003733305726200342	0.008037569932639599	0.9872548580169678
0.512	0.576	0.0007161320536397398	0.0023579392582178116	0.0021414081566035748	0.0004887980758212507	0.0011992856161668897	0.0010680609848350286	0.000613629468716681	0.004406291991472244	0.010377472266554832	0.9880954027175903
