onset	offset	Alarm_bell_ringing	Blender	Cat	Dishes	Dog	Electric_shaver_toothbrush	Frying	Running_water	Speech	Vacuum_cleaner
0.0	0.064	0.003543292870745063	0.0026432413142174482	0.00294105033390224	0.0006315615028142929	0.0013894281582906842	0.0010271936189383268	0.0017398246563971043	0.00303132482804358	0.008741623722016811	0.9899688363075256
0.064	0.128	0.003543292870745063	0.0026432413142174482	0.00294105033390224	0.0006315615028142929	0.0013894281582906842	0.0010271936189383268	0.0017398246563971043	0.00303132482804358	0.008741623722016811	0.9899688363075256
0.128	0.192	0.001835501636378467	0.0016097886255010962	0.0015862890286371112	0.0005663364427164197	0.0013720693532377481	0.0007371752290055156	0.0009813341312110424	0.002483783755451441	0.006044418551027775	0.9917416572570801
0.192	0.256	0.0015477961860597134	0.001033005304634571	0.0012452033115550876	0.0005619247094728053	0.0013656950322911143	0.0006571358535438776	0.0008720903424546123	0.00206201639957726	0.004641182720661163	0.9918638467788696
0.256	0.32	0.0014473549090325832	0.0007993676117621362	0.0012443774612620473	0.0005484214634634554	0.0013140110531821847	0.0005914845387451351	0.0008551001665182412	0.0018259544158354402	0.0044023445807397366	0.9923049807548523
0.32	0.384	0.0014094507787376642	0.0006381718558259308	0.0012286145938560367	0.0005385484546422958	0.0012496879789978266	0.0005479590618051589	0.0008261186885647476	0.0016620038077235222	0.0044023445807397366	0.9925611615180969
0.384	0.448	0.0013466245727613568	0.0005466754664666951	0.0012156976154074073	0.0005385484546422958	0.0012496879789978266	0.0005145447212271392	0.0007869914406910539	0.0015516733983531594	0.0044023445807397366	0.9925611615180969
0.448	0.512	0.001294956193305552	0.0004902210202999413	0.0012156976154074073	0.0005385484546422958	0.0012496879789978266	0.0004897329490631819	0.0007576130446977913	0.0014688825467601418	0.0044023445807397366	0.9925611615180969
0.512	0.576	0.0012571075931191444	0.0004524976247921586	0.0012156976154074073	0.0005342107033357024	0.0012056785635650158	0.00047180199180729687	0.0007384707569144666	0.0014051441103219986	0.004478596616536379	0.9925611615180969
