onset	offset	Alarm_bell_ringing	Blender	Cat	Dishes	Dog	Electric_shaver_toothbrush	Frying	Running_water	Speech	Vacuum_cleaner
0.0	0.064	0.001282692071981728	0.0022791330702602863	0.0005532058421522379	0.008399177342653275	0.00035519659286364913	0.0002585577603895217	0.002776060253381729	0.0013161891838535666	0.001948095392435789	0.0011312875431030989
0.064	0.128	0.001282692071981728	0.0022791330702602863	0.0005532058421522379	0.008399177342653275	0.00035519659286364913	0.0002585577603895217	0.002776060253381729	0.0013161891838535666	0.001948095392435789	0.0011312875431030989
0.128	0.192	0.0009529205854050815	0.001629791222512722	0.000457123969681561	0.005858489312231541	0.00026548330788500607	0.00020564688020385802	0.0021944281179457903	0.0011429149890318513	0.0016459289472550154	0.0009652702137827873
0.192	0.256	0.0005430763703770936	0.0008551445207558572	0.0003234722535125911	0.0030478783883154392	0.00024198189203161746	0.00015521277964580804	0.0016802785685285926	0.0009124154457822442	0.001435071462765336	0.000755538756493479
0.256	0.32	0.0003664656833279878	0.00044133770279586315	0.00027953481185249984	0.0019988412968814373	0.00024198189203161746	0.0001292271335842088	0.0013622157275676727	0.0007466338574886322	0.0013274203520268202	0.0005763556691817939
0.32	0.384	0.0003173465665895492	0.00032258100691251457	0.00027236799360252917	0.0017463106196373701	0.00024198189203161746	0.00011817809718195349	0.0011566856410354376	0.000642134458757937	0.001287544029764831	0.00045573842362500727
0.384	0.448	0.00030902816797606647	0.0002983874292112887	0.0002709210093598813	0.0016223598504438996	0.00024198189203161746	0.00011674832057906315	0.0010360837914049625	0.0006029428914189339	0.001287544029764831	0.0003931694373022765
0.448	0.512	0.0003049928054679185	0.00029111155890859663	0.00027053049416281283	0.0015342619735747576	0.00024537346325814724	0.00011674832057906315	0.0009649792336858809	0.0005842613754794002	0.001287544029764831	0.0003496060671750456
0.512	0.576	0.00030085776234045625	0.0002886317379307002	0.00026933554909192026	0.0014810101129114628	0.0002476724039297551	0.00011674832057906315	0.000922569481190294	0.0005733843427151442	0.001287544029764831	0.00032055273186415434
