onset	offset	Alarm_bell_ringing	Blender	Cat	Dishes	Dog	Electric_shaver_toothbrush	Frying	Running_water	Speech	Vacuum_cleaner
0.0	0.064	0.0013185681309551	0.0012019085697829723	0.00030614121351391077	0.0027108262293040752	0.00043156385072506964	0.9778945446014404	0.0013006185181438923	0.002044559922069311	0.008252725936472416	0.0017141379648819566
0.064	0.128	0.0013185681309551	0.0012019085697829723	0.00030614121351391077	0.0027108262293040752	0.00043156385072506964	0.9778945446014404	0.0013006185181438923	0.002044559922069311	0.008252725936472416	0.0017141379648819566
0.128	0.192	0.0010905717499554157	0.0008407880086451769	0.0002503280120436102	0.0018737358041107655	0.00035293755354359746	0.9819974303245544	0.0010223054559901357	0.001509976340457797	0.006231799256056547	0.0012273074826225638
0.192	0.256	0.001038166112266481	0.0006490134983323514	0.00022634954075329006	0.001583148492500186	0.00035293755354359746	0.9837017059326172	0.0008209621300920844	0.0013465251540765166	0.005759014748036861	0.0010662757558748126
0.256	0.32	0.0010054197628051043	0.0005216440185904503	0.00021625641966238618	0.0014278336893767118	0.00035293755354359746	0.9847261309623718	0.0006741564720869064	0.0012668987037613988	0.0056521715596318245	0.0009952200343832374
0.32	0.384	0.0009708447032608092	0.0004436091985553503	0.0002099589619319886	0.0013088737614452839	0.0003518590237945318	0.9853302240371704	0.0005834107869304717	0.001205422100611031	0.005548069719225168	0.0009362876298837364
0.384	0.448	0.0009389073820784688	0.00039418970118276775	0.00020295483409427106	0.0012125166831538081	0.0003518590237945318	0.9856582283973694	0.0005245025968179107	0.001149690360762179	0.005453865975141525	0.0008809079299680889
0.448	0.512	0.0009086771751753986	0.0003608176775742322	0.00019676714146044105	0.001133530167862773	0.0003518590237945318	0.9858424067497253	0.0004832457343582064	0.0011013969779014587	0.005385647993534803	0.0008349605486728251
0.512	0.576	0.0008726331871002913	0.0003369537880644202	0.00019162158423569053	0.0010657887905836105	0.0003518590237945318	0.9859448671340942	0.0004534259787760675	0.001060420647263527	0.005331320222467184	0.0007966562989167869
