onset	offset	Alarm_bell_ringing	Blender	Cat	Dishes	Dog	Electric_shaver_toothbrush	Frying	Running_water	Speech	Vacuum_cleaner
0.0	0.064	0.0002907748275902122	0.0003266904386691749	0.020962102338671684	0.0008787626284174621	0.0008049234747886658	0.00016899450565688312	0.0008552699582651258	0.0018688614945858717	0.0033329781144857407	0.001407788717187941
0.064	0.128	0.0002907748275902122	0.0003266904386691749	0.027609243988990784	0.0008787626284174621	0.0008049234747886658	0.00016899450565688312	0.0008552699582651258	0.0018688614945858717	0.0033329781144857407	0.001407788717187941
0.128	0.192	0.0002907748275902122	0.0003550093970261514	0.03217143565416336	0.0008787626284174621	0.0009326470899395645	0.00016899450565688312	0.0008552699582651258	0.0019686606246978045	0.0033329781144857407	0.0016171719180420041
0.192	0.256	0.0002907748275902122	0.0003550093970261514	0.03217143565416336	0.0008787626284174621	0.0009326470899395645	0.00016899450565688312	0.0008552699582651258	0.0019686606246978045	0.0033329781144857407	0.0016171719180420041
0.256	0.32	0.0002907748275902122	0.0003550093970261514	0.06532858312129974	0.0008787626284174621	0.0009326470899395645	0.00016899450565688312	0.0008552699582651258	0.0019686606246978045	0.0033329781144857407	0.0016171719180420041
0.32	0.384	0.0003909941005986184	0.0005821174709126353	0.3737708628177643	0.001301859156228602	0.0018830900080502033	0.0002319490013178438	0.000887206697370857	0.0019686606246978045	0.004563190974295139	0.0016171719180420041
0.384	0.448	0.00039802465471439064	0.0009035005932673812	0.7406598925590515	0.0017205077456310391	0.0018830900080502033	0.0003921103780157864	0.0009083434706553817	0.0019686606246978045	0.00640714168548584	0.0016171719180420041
0.448	0.512	0.0007164477137848735	0.0009035005932673812	0.9345188140869141	0.0017205077456310391	0.0018830900080502033	0.00047544759581796825	0.0009215148747898638	0.0019686606246978045	0.008627158589661121	0.0016171719180420041
0.512	0.576	0.0011142699513584375	0.0009035005932673812	0.9843442440032959	0.0017205077456310391	0.0018830900080502033	0.0005287310923449695	0.000987399136647582	0.0018462763400748372	0.013488196767866611	0.0010915356688201427
