onset	offset	Alarm_bell_ringing	Blender	Cat	Dishes	Dog	Electric_shaver_toothbrush	Frying	Running_water	Speech	Vacuum_cleaner
0.0	0.064	0.0005376631743274629	0.001551615772768855	0.000561475520953536	0.010440395213663578	0.00041765483911149204	0.010378539562225342	0.9066635370254517	0.004049238283187151	0.004226089920848608	0.02689877711236477
0.064	0.128	0.0005376631743274629	0.0014974587829783559	0.000561475520953536	0.010440395213663578	0.00041765483911149204	0.011035723611712456	0.9066635370254517	0.003945022821426392	0.0042851571924984455	0.02689877711236477
0.128	0.192	0.00041859352495521307	0.0014974587829783559	0.000532373902387917	0.010440395213663578	0.0004108714347239584	0.011212880723178387	0.9221897721290588	0.003945022821426392	0.004590365570038557	0.029780127108097076
0.192	0.256	0.0003653513267636299	0.0013660580152645707	0.0005187917849980295	0.010440395213663578	0.0004102688981220126	0.011178109794855118	0.9221897721290588	0.003912689629942179	0.004590365570038557	0.03333110734820366
0.256	0.32	0.00032555716461502016	0.0012822558637708426	0.0005031606997363269	0.010440395213663578	0.0003981255867984146	0.011035723611712456	0.9221897721290588	0.0036724673118442297	0.004590365570038557	0.03333110734820366
0.32	0.384	0.0002997180272359401	0.001272539608180523	0.0004790981183759868	0.010704563930630684	0.0003918941947631538	0.011035723611712456	0.9221897721290588	0.003377029672265053	0.004942636005580425	0.03333110734820366
0.384	0.448	0.0002816581109073013	0.0011968509061262012	0.0004493528977036476	0.010892773047089577	0.0003866717161145061	0.011035723611712456	0.9208560585975647	0.003086836775764823	0.005327629391103983	0.03333110734820366
0.448	0.512	0.00026795477606356144	0.001136182458139956	0.00042717126780189574	0.011078203096985817	0.0003810859052464366	0.01102331280708313	0.9208560585975647	0.0028739513363689184	0.0057130237109959126	0.0326429083943367
0.512	0.576	0.0002582641027402133	0.0010714061791077256	0.0004132264875806868	0.011257165111601353	0.0003810859052464366	0.010859589092433453	0.9208560585975647	0.0028739513363689184	0.006076413672417402	0.03205179050564766
