onset	offset	Alarm_bell_ringing	Blender	Cat	Dishes	Dog	Electric_shaver_toothbrush	Frying	Running_water	Speech	Vacuum_cleaner
0.0	0.064	0.0049813007935881615	0.031991224735975266	0.00303629320114851	0.22714951634407043	0.004553999286144972	0.0024102311581373215	0.017577912658452988	0.0036146976053714752	0.9802656769752502	0.0023663537576794624
0.064	0.128	0.0049813007935881615	0.031991224735975266	0.00303629320114851	0.22714951634407043	0.004553999286144972	0.0024102311581373215	0.017577912658452988	0.0036146976053714752	0.9731676578521729	0.0023663537576794624
0.128	0.192	0.0034528542309999466	0.012230106629431248	0.0023887224961072206	0.12654094398021698	0.003937555011361837	0.0015623627696186304	0.016912661492824554	0.00304978433996439	0.9731676578521729	0.001980544999241829
0.192	0.256	0.0023710455279797316	0.0028845856431871653	0.0020007018465548754	0.07480722665786743	0.0027132018003612757	0.0008718660101294518	0.016571179032325745	0.0022144217509776354	0.9703154563903809	0.0016176400240510702
0.256	0.32	0.0015620936173945665	0.001073547638952732	0.001552480272948742	0.04855189844965935	0.0024999123997986317	0.0006275333580560982	0.015916194766759872	0.0017386854160577059	0.9701378345489502	0.0014384969836100936
0.32	0.384	0.0015620936173945665	0.0010390833485871553	0.00146626983769238	0.04216794669628143	0.002423398895189166	0.0006106714718043804	0.014240232296288013	0.0017380837816745043	0.9680988788604736	0.0012514013797044754
0.384	0.448	0.0015620936173945665	0.0009965123608708382	0.0014019329100847244	0.04216794669628143	0.002251548459753394	0.0006106714718043804	0.012065868824720383	0.0017238828586414456	0.9634989500045776	0.0010271369246765971
0.448	0.512	0.0015305265551432967	0.0009860778227448463	0.0013425587676465511	0.040693528950214386	0.0021439879201352596	0.0005391511949710548	0.010441449470818043	0.0017238828586414456	0.9629021286964417	0.0008106337045319378
0.512	0.576	0.0014429200673475862	0.0008820330258458853	0.0013356348499655724	0.03673369809985161	0.0017904549604281783	0.0005292884889058769	0.010155445896089077	0.0017380837816745043	0.9629021286964417	0.0007725514587946236
