onset	offset	Alarm_bell_ringing	Blender	Cat	Dishes	Dog	Electric_shaver_toothbrush	Frying	Running_water	Speech	Vacuum_cleaner
0.0	0.064	0.0010132895549759269	0.000732398999389261	0.00401637889444828	0.0047403243370354176	0.1537439525127411	0.0007623705314472318	0.0003006123297382146	0.0025535307358950377	0.0056523592211306095	0.0004470142303034663
0.064	0.128	0.001127737807109952	0.000732398999389261	0.00401637889444828	0.0047403243370354176	0.1537439525127411	0.0007440264453180134	0.0003006123297382146	0.0025535307358950377	0.005785888526588678	0.0004470142303034663
0.128	0.192	0.001127737807109952	0.0014863917604088783	0.004288916941732168	0.006199481897056103	0.4463135004043579	0.0007570941234007478	0.0003006123297382146	0.0033246027305722237	0.005785888526588678	0.00042127518099732697
0.192	0.256	0.0011717634042724967	0.001971909776329994	0.004416266456246376	0.006650005001574755	0.5831978917121887	0.0007570941234007478	0.0002994906681124121	0.0033246027305722237	0.005868525244295597	0.00042127518099732697
0.256	0.32	0.001438670326024294	0.0020505727734416723	0.004503586329519749	0.006650005001574755	0.6409084796905518	0.0007570941234007478	0.00028841610765084624	0.0033246027305722237	0.005947149358689785	0.0003229613648727536
0.32	0.384	0.0019834295380860567	0.0021056600380688906	0.005033980123698711	0.006650005001574755	0.699455201625824	0.0007623705314472318	0.00028841610765084624	0.003346758196130395	0.006005189381539822	0.0002663592458702624
0.384	0.448	0.002755173947662115	0.0021056600380688906	0.006419815588742495	0.006650005001574755	0.7860942482948303	0.0008998780394904315	0.00027903259615413845	0.0033246027305722237	0.006005189381539822	0.00024217415193561465
0.448	0.512	0.00276231300085783	0.0021056600380688906	0.006419815588742495	0.00608178973197937	0.8250080943107605	0.0009743928094394505	0.00024918594863265753	0.00327106355689466	0.006005189381539822	0.00022748063202016056
0.512	0.576	0.00276231300085783	0.0020505727734416723	0.006419815588742495	0.005488282535225153	0.8250080943107605	0.0010274705709889531	0.00021898536942899227	0.003251798916608095	0.006005189381539822	0.00020763961947523057
