onset	offset	Alarm_bell_ringing	Blender	Cat	Dishes	Dog	Electric_shaver_toothbrush	Frying	Running_water	Speech	Vacuum_cleaner
0.0	0.064	0.15565645694732666	0.0015919298166409135	0.0005081109702587128	0.0058295829221606255	0.0013492332072928548	0.004093759693205357	0.0010999055812135339	0.0035754733253270388	0.0057989489287137985	0.0007704892195761204
0.064	0.128	0.15565645694732666	0.0015919298166409135	0.0005081109702587128	0.0058295829221606255	0.0013492332072928548	0.0041572051122784615	0.0010999055812135339	0.0035754733253270388	0.006822827272117138	0.0007530226139351726
0.128	0.192	0.3130894601345062	0.0035261332523077726	0.0005081109702587128	0.006095536984503269	0.0013492332072928548	0.0041572051122784615	0.0010999055812135339	0.0035754733253270388	0.006822827272117138	0.0007530226139351726
0.192	0.256	0.490717351436615	0.0035261332523077726	0.00046320122783072293	0.006627923343330622	0.001275524846278131	0.004093759693205357	0.0010959755163639784	0.002996809547767043	0.006822827272117138	0.0007522921659983695
0.256	0.32	0.5784140229225159	0.0035261332523077726	0.00046320122783072293	0.0070102945901453495	0.0012055971892550588	0.0032061615493148565	0.0010959755163639784	0.0028098616749048233	0.0057989489287137985	0.0006239985232241452
0.32	0.384	0.6362360119819641	0.0035261332523077726	0.0005081109702587128	0.0070102945901453495	0.0011874382616952062	0.0032061615493148565	0.0010712709045037627	0.0026117071975022554	0.0057989489287137985	0.0005320020718500018
0.384	0.448	0.7900800108909607	0.001748624723404646	0.0005274949944578111	0.0070102945901453495	0.0011874382616952062	0.0027845201548188925	0.0010712709045037627	0.00245597492903471	0.005670521408319473	0.0003059649607166648
0.448	0.512	0.9288234710693359	0.0009014502284117043	0.0006999972392804921	0.006782212294638157	0.0011874382616952062	0.0018491316586732864	0.000985812395811081	0.00245597492903471	0.005382691044360399	0.0002756210451480001
0.512	0.576	0.9684452414512634	0.0008796280017122626	0.0006999972392804921	0.006627923343330622	0.0011874382616952062	0.0011361560318619013	0.0009567285887897015	0.00245597492903471	0.005281456746160984	0.0002371848386246711
