onset	offset	Alarm_bell_ringing	Blender	Cat	Dishes	Dog	Electric_shaver_toothbrush	Frying	Running_water	Speech	Vacuum_cleaner
0.0	0.064	0.006554852705448866	0.0014232620596885681	0.005029485560953617	0.012967358343303204	0.013895576819777489	0.002957399468868971	0.028184708207845688	0.006323715206235647	0.9472989439964294	0.0033836865331977606
0.064	0.128	0.006554852705448866	0.0014232620596885681	0.005029485560953617	0.013596974313259125	0.013895576819777489	0.002957399468868971	0.028627822175621986	0.006323715206235647	0.9472989439964294	0.0033836865331977606
0.128	0.192	0.00896159652620554	0.002055926015600562	0.005555673036724329	0.013725179247558117	0.017221087589859962	0.0036834822967648506	0.028627822175621986	0.005901916418224573	0.9793121814727783	0.0023819482885301113
0.192	0.256	0.010122758336365223	0.0023014445323497057	0.005706069990992546	0.013725179247558117	0.017972225323319435	0.0038709661457687616	0.028568198904395103	0.00586016895249486	0.9864016175270081	0.0019246526062488556
0.256	0.32	0.010293148458003998	0.0023014445323497057	0.00581736396998167	0.013725179247558117	0.018055876716971397	0.0040549347177147865	0.028568198904395103	0.005601995624601841	0.987890362739563	0.0016953768208622932
0.32	0.384	0.01042554248124361	0.0023014445323497057	0.005862642079591751	0.013848518021404743	0.018055876716971397	0.00409142579883337	0.028627822175621986	0.005346127785742283	0.9881845712661743	0.0016395795391872525
0.384	0.448	0.010615487582981586	0.0023014445323497057	0.0059306868351995945	0.013920603320002556	0.018261747434735298	0.00409142579883337	0.029501326382160187	0.005181543529033661	0.9882828593254089	0.0016395795391872525
0.448	0.512	0.011049153283238411	0.0022616370115429163	0.005963895004242659	0.013920603320002556	0.018261747434735298	0.00409142579883337	0.029501326382160187	0.005106449127197266	0.9886045455932617	0.0016395795391872525
0.512	0.576	0.011418580077588558	0.00216661742888391	0.006186675280332565	0.013848518021404743	0.018261747434735298	0.00409142579883337	0.0302958432585001	0.004983099643141031	0.9886045455932617	0.0016395795391872525
