onset	offset	Alarm_bell_ringing	Blender	Cat	Dishes	Dog	Electric_shaver_toothbrush	Frying	Running_water	Speech	Vacuum_cleaner
0.0	0.064	0.003770826617255807	0.020800236612558365	0.013509850017726421	0.0033929806668311357	0.004231440834701061	0.003554475959390402	0.0018115583807229996	0.010544472374022007	0.019078101962804794	0.5008181929588318
0.064	0.128	0.003770826617255807	0.020800236612558365	0.013509850017726421	0.0033929806668311357	0.0043071722611784935	0.003554475959390402	0.0018115583807229996	0.00823953002691269	0.019078101962804794	0.4989834129810333
0.128	0.192	0.0029759209137409925	0.020800236612558365	0.012547248043119907	0.0033929806668311357	0.0051007322035729885	0.003196123754605651	0.0017023285618051887	0.00823953002691269	0.015205306932330132	0.5008181929588318
0.192	0.256	0.002754346001893282	0.02222251147031784	0.011237617582082748	0.0033929806668311357	0.0051007322035729885	0.0029428855050355196	0.0016465589869767427	0.00925570446997881	0.01339156273752451	0.5008181929588318
0.256	0.32	0.0025107013061642647	0.02222251147031784	0.010910728946328163	0.003375810105353594	0.0051007322035729885	0.0029190608765929937	0.0015378512907773256	0.00925570446997881	0.01197402086108923	0.4989834129810333
0.32	0.384	0.0023989095352590084	0.02222251147031784	0.01051880232989788	0.002677807817235589	0.005190874915570021	0.00289338082075119	0.0015186432283371687	0.00800261553376913	0.011966102756559849	0.4828757345676422
0.384	0.448	0.0023989081382751465	0.02000286616384983	0.009546532295644283	0.0026629241183400154	0.005190874915570021	0.002836521714925766	0.0014961111592128873	0.007783609442412853	0.011751298792660236	0.470486044883728
0.448	0.512	0.002340783830732107	0.018988994881510735	0.009425625205039978	0.0024929186329245567	0.005190874915570021	0.0027115389239042997	0.0014125817688181996	0.0072960504330694675	0.009616071358323097	0.4668489396572113
0.512	0.576	0.002173087792471051	0.01702418178319931	0.008612721227109432	0.0020128118339926004	0.005190874915570021	0.0026464008260518312	0.0014019315131008625	0.006396050099283457	0.009196264669299126	0.4450600743293762
