onset	offset	Alarm_bell_ringing	Blender	Cat	Dishes	Dog	Electric_shaver_toothbrush	Frying	Running_water	Speech	Vacuum_cleaner
0.0	0.064	0.0006379747646860778	0.0017387509578838944	0.0009769221069291234	0.0013680753763765097	0.0006607288960367441	0.0003348794998601079	0.001992199569940567	0.0017740264302119613	0.4334529638290405	0.30171436071395874
0.064	0.128	0.0006379747646860778	0.0019005935173481703	0.0010721933795139194	0.001432411139830947	0.0006607288960367441	0.00035077350912615657	0.001992199569940567	0.0017740264302119613	0.4334529638290405	0.30171436071395874
0.128	0.192	0.0005975759704597294	0.0019005935173481703	0.0011385325342416763	0.0015481093432754278	0.0006438859272748232	0.0003551298868842423	0.001886484562419355	0.002146670129150152	0.5781312584877014	0.27156707644462585
0.192	0.256	0.0005951407365500927	0.001994519028812647	0.0011255741119384766	0.0015481093432754278	0.0006438859272748232	0.0003551298868842423	0.0017473016632720828	0.002146670129150152	0.690604567527771	0.24180594086647034
0.256	0.32	0.0005951407365500927	0.0022914970759302378	0.0011255741119384766	0.0015481093432754278	0.0006438859272748232	0.0003551298868842423	0.0016377768479287624	0.002146670129150152	0.7614107131958008	0.21292702853679657
0.32	0.384	0.0005951407365500927	0.0027156658470630646	0.001146713737398386	0.0017772457795217633	0.0006438859272748232	0.00037001704913564026	0.00154760607983917	0.002146670129150152	0.8162275552749634	0.19966965913772583
0.384	0.448	0.000597087200731039	0.0029640134889632463	0.0011574538657441735	0.0018936647102236748	0.0007503093802370131	0.0004026042006444186	0.0014012594474479556	0.0020929707679897547	0.8798234462738037	0.19359399378299713
0.448	0.512	0.0005975759704597294	0.0029640134889632463	0.0011574538657441735	0.001893995446152985	0.0009514699340797961	0.00044092597090639174	0.001366774900816381	0.0019979970529675484	0.917848527431488	0.1918489933013916
0.512	0.576	0.0005993862287141383	0.0029640134889632463	0.001146713737398386	0.001893995446152985	0.001014514360576868	0.0004709135100711137	0.001366774900816381	0.0019979970529675484	0.9312300682067871	0.1913890838623047
