onset	offset	Alarm_bell_ringing	Blender	Cat	Dishes	Dog	Electric_shaver_toothbrush	Frying	Running_water	Speech	Vacuum_cleaner
0.0	0.064	0.0003602375218179077	0.0001270125067094341	0.00046931905671954155	0.000713300600182265	0.001395055209286511	0.00011672406253637746	0.0005791668663732708	0.0004269648343324661	0.003982731606811285	0.0007012705900706351
0.064	0.128	0.0003602375218179077	0.0001270125067094341	0.00046931905671954155	0.000713300600182265	0.0015026688342913985	0.00011672406253637746	0.0005791668663732708	0.0004269648343324661	0.004594066180288792	0.0007012705900706351
0.128	0.192	0.0003602375218179077	0.00010559507791185752	0.0004300066502764821	0.000713300600182265	0.0018900370923802257	0.00010517712507862598	0.0004975757328793406	0.0003792721254285425	0.004901294130831957	0.0005529067129828036
0.192	0.256	0.0003602375218179077	0.00010559507791185752	0.0004300066502764821	0.000713300600182265	0.0018900370923802257	0.00010517712507862598	0.00044618346146307886	0.0003792721254285425	0.004901294130831957	0.00046251938329078257
0.256	0.32	0.0003602375218179077	0.00010559507791185752	0.0004300066502764821	0.000713300600182265	0.0018900370923802257	0.00010517712507862598	0.0003996666055172682	0.0003792721254285425	0.00700297299772501	0.00038271365338005126
0.32	0.384	0.00042293377919122577	0.00010559507791185752	0.0004300066502764821	0.0007641525589860976	0.0022374759428203106	0.00010517712507862598	0.0003542178019415587	0.0003792721254285425	0.011039930395781994	0.0003808941110037267
0.384	0.448	0.0004597888619173318	0.00013188808225095272	0.0006151061970740557	0.0013047700049355626	0.002703032921999693	0.00010980229853885248	0.0003246509004384279	0.0003869709908030927	0.058389171957969666	0.00032637725234963
0.448	0.512	0.0004597888619173318	0.00020000524818897247	0.0006151061970740557	0.0019450800027698278	0.003779337741434574	0.00012300173693802208	0.0003233079332858324	0.00045602041063830256	0.23487208783626556	0.00032016850309446454
0.512	0.576	0.0004597888619173318	0.00020000524818897247	0.0006151061970740557	0.0019450800027698278	0.003779337741434574	0.00012300173693802208	0.0002997223346028477	0.00045602041063830256	0.23487208783626556	0.00032016850309446454
