onset	offset	Alarm_bell_ringing	Blender	Cat	Dishes	Dog	Electric_shaver_toothbrush	Frying	Running_water	Speech	Vacuum_cleaner
0.0	0.064	0.006883607711642981	0.00023613763914909214	0.00037951968261040747	0.0012881916482001543	0.0006128904060460627	0.00010949114948743954	0.0006214124150574207	0.0007699041743762791	0.0025634628254920244	0.00033646568772383034
0.064	0.128	0.008067934773862362	0.00023613763914909214	0.00037951968261040747	0.0012881916482001543	0.0006128904060460627	0.00010949114948743954	0.0006214124150574207	0.0007699041743762791	0.0025634628254920244	0.00033646568772383034
0.128	0.192	0.014460085891187191	0.00023613763914909214	0.00037951968261040747	0.0013953674351796508	0.000663001905195415	0.00010949114948743954	0.0005251794937066734	0.0007699041743762791	0.0023944026324898005	0.00033646568772383034
0.192	0.256	0.014460085891187191	0.00023613763914909214	0.00037951968261040747	0.0013953674351796508	0.000663001905195415	0.00010949114948743954	0.0005044813733547926	0.0007699041743762791	0.0023944026324898005	0.00033646568772383034
0.256	0.32	0.014460085891187191	0.00023613763914909214	0.00037951968261040747	0.0013953674351796508	0.000663001905195415	0.00010949114948743954	0.00046246848069131374	0.0007699041743762791	0.0023944026324898005	0.00033646568772383034
0.32	0.384	0.34012386202812195	0.00038054242031648755	0.000491592800244689	0.0045187585055828094	0.0009646515245549381	0.0001572043402120471	0.00043574077426455915	0.0008740295306779444	0.0023944026324898005	0.0002693240239750594
0.384	0.448	0.9569600224494934	0.0004040928615722805	0.0007924896199256182	0.0045187585055828094	0.0010752492817118764	0.00020789596601389349	0.0004057116457261145	0.0008740295306779444	0.003046580357477069	0.0002649714588187635
0.448	0.512	0.9882875084877014	0.0004064806562382728	0.0007924896199256182	0.0045187585055828094	0.0010935997124761343	0.00020789596601389349	0.0003517525037750602	0.0008740295306779444	0.0037910002283751965	0.0002649714588187635
0.512	0.576	0.9929758310317993	0.0004072067094966769	0.0007924896199256182	0.0045187585055828094	0.0011427107965573668	0.00020789596601389349	0.0001889467384899035	0.0008740295306779444	0.004048417322337627	0.00020118844986427575
