onset	offset	Alarm_bell_ringing	Blender	Cat	Dishes	Dog	Electric_shaver_toothbrush	Frying	Running_water	Speech	Vacuum_cleaner
0.0	0.064	0.0007249608170241117	0.010894118808209896	0.007945018820464611	0.019663935527205467	0.3505837321281433	0.0019230173202231526	0.0018846752354875207	0.008651241660118103	0.007267217617481947	0.0018014950910583138
0.064	0.128	0.0007249608170241117	0.010894118808209896	0.007945018820464611	0.01896853931248188	0.3505837321281433	0.0019230173202231526	0.0018846752354875207	0.008651241660118103	0.007267217617481947	0.0018014950910583138
0.128	0.192	0.0006364247528836131	0.010894118808209896	0.010489189997315407	0.01896853931248188	0.5547311902046204	0.0018116512801498175	0.0018735281191766262	0.00795674230903387	0.007267217617481947	0.0016448801616206765
0.192	0.256	0.0006364247528836131	0.010894118808209896	0.015050480142235756	0.017845503985881805	0.5699645280838013	0.0018103505717590451	0.0018735281191766262	0.006223749369382858	0.007155995815992355	0.0016448801616206765
0.256	0.32	0.0006364247528836131	0.010894118808209896	0.015050480142235756	0.017095467075705528	0.5699645280838013	0.0017800743225961924	0.0018004101002588868	0.004659159574657679	0.0071547795087099075	0.00152313569560647
0.32	0.384	0.0006274738698266447	0.007925608195364475	0.015050480142235756	0.0153198866173625	0.5699645280838013	0.0017515503568574786	0.0016802623867988586	0.003642478957772255	0.006797837559133768	0.00119292875751853
0.384	0.448	0.0006274738698266447	0.005959543399512768	0.015050480142235756	0.012996142730116844	0.5699645280838013	0.001748706097714603	0.0015169349499046803	0.0032183360308408737	0.006118951831012964	0.001077101333066821
0.448	0.512	0.0006083260523155332	0.003766795387491584	0.009372455067932606	0.011449221521615982	0.44930773973464966	0.0017289459938183427	0.0012457572156563401	0.0029706836212426424	0.005273186136037111	0.0009018341661430895
0.512	0.576	0.000520030502229929	0.001810987712815404	0.006842267699539661	0.006460600532591343	0.19846533238887787	0.0013116628397256136	0.0008110068738460541	0.0027139876037836075	0.004349235910922289	0.0005948515026830137
