onset	offset	Alarm_bell_ringing	Blender	Cat	Dishes	Dog	Electric_shaver_toothbrush	Frying	Running_water	Speech	Vacuum_cleaner
0.0	0.064	0.0021586839575320482	0.0031003376934677362	0.0033021678682416677	0.009314275346696377	0.0015027726767584682	0.009912636131048203	0.08597345650196075	0.8810046911239624	0.008971897885203362	0.007477944251149893
0.064	0.128	0.0021586839575320482	0.0031003376934677362	0.0033021678682416677	0.009314275346696377	0.0015027726767584682	0.009912636131048203	0.0826207622885704	0.8810046911239624	0.008971897885203362	0.007477944251149893
0.128	0.192	0.001416479586623609	0.002350296126678586	0.0023039313964545727	0.007006857544183731	0.0012181393103674054	0.007123189512640238	0.0826207622885704	0.8569505214691162	0.007078707683831453	0.004601658787578344
0.192	0.256	0.001122793066315353	0.0018550846725702286	0.0018909176578745246	0.005572299938648939	0.0012125474167987704	0.006074397824704647	0.07541677355766296	0.8377216458320618	0.006400208920240402	0.0035645137540996075
0.256	0.32	0.000995897687971592	0.001455415040254593	0.001619368209503591	0.004846918396651745	0.0010892307618632913	0.005382430274039507	0.06223391368985176	0.8245757818222046	0.005944632459431887	0.0031144546810537577
0.32	0.384	0.000960960634984076	0.001206352491863072	0.0014274665154516697	0.0045389742590487	0.0009639578638598323	0.004996357019990683	0.05345877259969711	0.8194579482078552	0.005495757795870304	0.0030830164905637503
0.384	0.448	0.0009230978903360665	0.0010449985275045037	0.0012978219892829657	0.0043500992469489574	0.0008712165872566402	0.004637058824300766	0.05345877259969711	0.8159504532814026	0.005495757795870304	0.003067354205995798
0.448	0.512	0.0008492839988321066	0.0009185628732666373	0.0012978219892829657	0.004346380941569805	0.0008712165872566402	0.004312420729547739	0.05345877259969711	0.8159504532814026	0.005495757795870304	0.0030549298971891403
0.512	0.576	0.0007750016520731151	0.0008281714981421828	0.0012978219892829657	0.004346380941569805	0.0008712165872566402	0.004063354805111885	0.05345877259969711	0.8159504532814026	0.005495757795870304	0.0029665811453014612
