onset	offset	Alarm_bell_ringing	Blender	Cat	Dishes	Dog	Electric_shaver_toothbrush	Frying	Running_water	Speech	Vacuum_cleaner
0.0	0.064	0.0016728838672861457	0.0025905456859618425	0.019897116348147392	0.006593355908989906	0.4958201050758362	0.0009612756548449397	0.0022126452531665564	0.007915124297142029	0.008594040758907795	0.003410031320527196
0.064	0.128	0.0016728838672861457	0.0025905456859618425	0.019897116348147392	0.006593355908989906	0.4958201050758362	0.0009612756548449397	0.0019164361292496324	0.007915124297142029	0.008581488393247128	0.0032721469178795815
0.128	0.192	0.0021059305872768164	0.002744033932685852	0.04667825251817703	0.005894216243177652	0.5931183695793152	0.0009008937631733716	0.0019164361292496324	0.007518394384533167	0.008594040758907795	0.0032721469178795815
0.192	0.256	0.0021059305872768164	0.002744033932685852	0.07097398489713669	0.0049121929332613945	0.5959555506706238	0.0009008937631733716	0.0018980951281264424	0.006727235391736031	0.008594040758907795	0.002540909219533205
0.256	0.32	0.0021059305872768164	0.002744033932685852	0.07703354209661484	0.004634141456335783	0.6089309453964233	0.0009008937631733716	0.0014893918996676803	0.006169967819005251	0.008594040758907795	0.0018717572093009949
0.32	0.384	0.0021059305872768164	0.002744033932685852	0.07703354209661484	0.004599628038704395	0.6243875026702881	0.0008826492121443152	0.0012758109951391816	0.005987763870507479	0.008620839565992355	0.0014883505646139383
0.384	0.448	0.0019979123026132584	0.0027423303108662367	0.07703354209661484	0.004537998698651791	0.6262484788894653	0.0009008937631733716	0.0011237511644139886	0.005835560616105795	0.008620839565992355	0.001271214452572167
0.448	0.512	0.0016079710330814123	0.002588612027466297	0.07703354209661484	0.004320384468883276	0.6482114195823669	0.0009385549928992987	0.0008639786392450333	0.005185726098716259	0.008620839565992355	0.0011438684305176139
0.512	0.576	0.0012659620260819793	0.002100286539644003	0.031020749360322952	0.003491879440844059	0.6482114195823669	0.0009385549928992987	0.0005523630534298718	0.004120619036257267	0.008620839565992355	0.0011422852985560894
