onset	offset	Alarm_bell_ringing	Blender	Cat	Dishes	Dog	Electric_shaver_toothbrush	Frying	Running_water	Speech	Vacuum_cleaner
0.0	0.064	0.0007941228686831892	0.0011090016923844814	0.001055923174135387	0.019645946100354195	0.000779820024035871	0.0005500970291905105	0.31556496024131775	0.003908591810613871	0.004927307832986116	0.0015057334676384926
0.064	0.128	0.0007941228686831892	0.0011090016923844814	0.001055923174135387	0.019645946100354195	0.000779820024035871	0.0005500970291905105	0.31556496024131775	0.003908591810613871	0.004927307832986116	0.0015057334676384926
0.128	0.192	0.0006226971163414419	0.001001628814265132	0.0010381957981735468	0.016446394845843315	0.000636784709058702	0.00048591993981972337	0.31556496024131775	0.0032860049977898598	0.004172274377197027	0.0012765949359163642
0.192	0.256	0.0005196304409764707	0.0008561959839425981	0.0010381957981735468	0.013931883499026299	0.0005301852361299098	0.0004541680682450533	0.31586596369743347	0.0032739839516580105	0.003802212653681636	0.0011659052688628435
0.256	0.32	0.0004497265908867121	0.0008561959839425981	0.0010381957981735468	0.013931883499026299	0.0005301852361299098	0.00044645811431109905	0.31647101044654846	0.0032739839516580105	0.0035614597145467997	0.0011659052688628435
0.32	0.384	0.0004296317638363689	0.0008561959839425981	0.0010381957981735468	0.013931883499026299	0.0005301852361299098	0.00044645811431109905	0.32451120018959045	0.0032739839516580105	0.00349445384927094	0.0011659052688628435
0.384	0.448	0.0004296317638363689	0.0008561959839425981	0.0011628794018179178	0.013931883499026299	0.0005301852361299098	0.00044193549547344446	0.3420657813549042	0.0032860049977898598	0.003486352041363716	0.0011659052688628435
0.448	0.512	0.00042593025136739016	0.0009666160913184285	0.0012882445007562637	0.025243740528821945	0.0009526953799650073	0.0004372076946310699	0.3834269940853119	0.0033858628012239933	0.0034008699003607035	0.0012058555148541927
0.512	0.576	0.00040685167186893523	0.0009666160913184285	0.0012882445007562637	0.025243740528821945	0.0011167239863425493	0.00043591426219791174	0.41304701566696167	0.0033858628012239933	0.003486352041363716	0.0012058555148541927
