onset	offset	Alarm_bell_ringing	Blender	Cat	Dishes	Dog	Electric_shaver_toothbrush	Frying	Running_water	Speech	Vacuum_cleaner
0.0	0.064	0.012879809364676476	0.0018247675616294146	0.0028247798327356577	0.005751069635152817	0.0044343420304358006	0.0036650649271905422	0.0022285582963377237	0.0019752655643969774	0.9919453263282776	0.0005454159108921885
0.064	0.128	0.012879809364676476	0.0018247675616294146	0.0028247798327356577	0.005751069635152817	0.0044343420304358006	0.0036650649271905422	0.0022285582963377237	0.0019752655643969774	0.9916205406188965	0.0005454159108921885
0.128	0.192	0.011191166937351227	0.0013896662276238203	0.0025928234681487083	0.004683191422373056	0.003946537151932716	0.0036359955556690693	0.002366872737184167	0.0016435032011941075	0.9916205406188965	0.0005123523878864944
0.192	0.256	0.010718540288507938	0.001198304700665176	0.002434275345876813	0.004088205751031637	0.003550084540620446	0.003257474396377802	0.002446371130645275	0.0014873013133183122	0.9917104840278625	0.0004975327756255865
0.256	0.32	0.010718540288507938	0.0010919891064986587	0.0022879154421389103	0.00396485673263669	0.00334238912910223	0.0029790266416966915	0.0024479192215949297	0.0013042003847658634	0.9919453263282776	0.00047479523345828056
0.32	0.384	0.010718540288507938	0.0009297861834056675	0.00227328110486269	0.003910955972969532	0.0031540829222649336	0.0028232866898179054	0.002476631198078394	0.0013029315741732717	0.9919801950454712	0.0004152184119448066
0.384	0.448	0.010650867596268654	0.0007896338356658816	0.0022666091099381447	0.0039029521867632866	0.0028559635393321514	0.00281540653668344	0.0025678325910121202	0.0012744695413857698	0.9922561645507812	0.0003899367875419557
0.448	0.512	0.010650867596268654	0.0007111825398169458	0.0022300889249891043	0.003882915712893009	0.0026312123518437147	0.0028088600374758244	0.002749584149569273	0.0012582377530634403	0.9922561645507812	0.0003899367875419557
0.512	0.576	0.010650867596268654	0.0007111825398169458	0.0022149665746837854	0.0039029521867632866	0.0026312123518437147	0.0027883308939635754	0.002774987369775772	0.0012282775714993477	0.9922561645507812	0.0003899367875419557
