onset	offset	Alarm_bell_ringing	Blender	Cat	Dishes	Dog	Electric_shaver_toothbrush	Frying	Running_water	Speech	Vacuum_cleaner
0.0	0.064	0.0005716686719097197	0.000614193850196898	0.00024378682428505272	0.00783532578498125	0.0002607113856356591	0.00020392314763739705	0.005194348283112049	0.0006434366223402321	0.002277069492265582	0.000610756513196975
0.064	0.128	0.0005716686719097197	0.000614193850196898	0.00024378682428505272	0.00783532578498125	0.0002607113856356591	0.00020392314763739705	0.005194348283112049	0.0006434366223402321	0.002277069492265582	0.000610756513196975
0.128	0.192	0.000392325920984149	0.0004383761843200773	0.0002086169843096286	0.005292894318699837	0.00020398636115714908	0.0001630008773645386	0.004248468205332756	0.0005739650223404169	0.0018386152805760503	0.0004827487573493272
0.192	0.256	0.0003212974697817117	0.0003615469322539866	0.00020811770809814334	0.00384762161411345	0.00020398636115714908	0.00013898608449380845	0.00339576811529696	0.0005237300065346062	0.0015894073294475675	0.0004159883828833699
0.256	0.32	0.00030121568124741316	0.000331236282363534	0.00020811770809814334	0.00384762161411345	0.00020398636115714908	0.0001293835957767442	0.0028873381670564413	0.00048769047134555876	0.0015764747513458133	0.00038094367482699454
0.32	0.384	0.00030121568124741316	0.00032943961559794843	0.00020811770809814334	0.00384762161411345	0.00020398636115714908	0.0001260025892406702	0.002580554224550724	0.00045747027616016567	0.0015764747513458133	0.00034882669569924474
0.384	0.448	0.00030121568124741316	0.0003269262961111963	0.00020811770809814334	0.00384762161411345	0.00022250990150496364	0.0001260025892406702	0.002338102785870433	0.0004319068684708327	0.0015764747513458133	0.0003272630856372416
0.448	0.512	0.00030121568124741316	0.0003231261216569692	0.00020811770809814334	0.00394405797123909	0.00023746110673528165	0.0001260025892406702	0.002155266236513853	0.0004086843109689653	0.0015764747513458133	0.0003075113636441529
0.512	0.576	0.0003012271481566131	0.0003231261216569692	0.00020811770809814334	0.004292870871722698	0.0002536855172365904	0.0001260025892406702	0.0020546193700283766	0.00038209918420761824	0.001601247233338654	0.00027823433629237115
