onset	offset	Alarm_bell_ringing	Blender	Cat	Dishes	Dog	Electric_shaver_toothbrush	Frying	Running_water	Speech	Vacuum_cleaner
0.0	0.064	0.9495485424995422	0.002463315147906542	0.005690326914191246	0.006694118957966566	0.0015064075123518705	0.0009814841905608773	0.00393051840364933	0.01366311963647604	0.005090299528092146	0.008983288891613483
0.064	0.128	0.9495485424995422	0.002463315147906542	0.005690326914191246	0.006694118957966566	0.0015064075123518705	0.0009814841905608773	0.00393051840364933	0.01366311963647604	0.005090299528092146	0.008983288891613483
0.128	0.192	0.9636834263801575	0.002160458592697978	0.005418551620095968	0.00568801537156105	0.0013135661138221622	0.0010698848636820912	0.0030920724384486675	0.012466231361031532	0.004534880630671978	0.007105445023626089
0.192	0.256	0.9688994288444519	0.002067513531073928	0.004913496319204569	0.0049341656267642975	0.0012073502875864506	0.0010698848636820912	0.002866143360733986	0.011301470920443535	0.004449359606951475	0.006091014947742224
0.256	0.32	0.9718741178512573	0.002058969112113118	0.00449545681476593	0.004351759795099497	0.0011414868058636785	0.0010698848636820912	0.002638419857248664	0.010227457620203495	0.004303609021008015	0.005309895146638155
0.32	0.384	0.973872184753418	0.0019274988444522023	0.004281498491764069	0.0038877418264746666	0.0010858264286071062	0.0010698848636820912	0.002408127998933196	0.009135395288467407	0.004073854070156813	0.0046442789025604725
0.384	0.448	0.973872184753418	0.001652908744290471	0.00415085768327117	0.0034545541275292635	0.0010213640052825212	0.0010657979873940349	0.002122164238244295	0.008206921629607677	0.0038133582565933466	0.0040917834267020226
0.448	0.512	0.973872184753418	0.001544600585475564	0.004095807671546936	0.003161023138090968	0.0009389914339408278	0.0010306426556780934	0.0019229889148846269	0.007485206704586744	0.0036598481237888336	0.0036640337202697992
0.512	0.576	0.973872184753418	0.0014935268554836512	0.004084642976522446	0.002959614619612694	0.0008587001357227564	0.0009885021718218923	0.0017724059289321303	0.00695084547623992	0.003546286141499877	0.0034152173902839422
