onset	offset	Alarm_bell_ringing	Blender	Cat	Dishes	Dog	Electric_shaver_toothbrush	Frying	Running_water	Speech	Vacuum_cleaner
0.0	0.064	0.0016054414445534348	0.007917839102447033	0.00976389367133379	0.0013148949947208166	0.003742004046216607	0.0024138442240655422	0.0009277451899833977	0.003070340259000659	0.24710145592689514	0.9361851215362549
0.064	0.128	0.0016054414445534348	0.007917839102447033	0.00976389367133379	0.0016954116290435195	0.003742004046216607	0.0024138442240655422	0.0009277451899833977	0.003070340259000659	0.24710145592689514	0.9361851215362549
0.128	0.192	0.0016720709390938282	0.008591522462666035	0.01783057488501072	0.0016954116290435195	0.00376194529235363	0.0024138442240655422	0.0010742929298430681	0.003569470951333642	0.32116207480430603	0.9361851215362549
0.192	0.256	0.001653848448768258	0.012930043041706085	0.01783057488501072	0.0016127711860463023	0.00376194529235363	0.002407700987532735	0.0010742929298430681	0.00363531312905252	0.32116207480430603	0.9427779316902161
0.256	0.32	0.0016054414445534348	0.012930043041706085	0.01783057488501072	0.0013148949947208166	0.00376194529235363	0.002320546656847	0.0010742929298430681	0.003774290671572089	0.32116207480430603	0.944968044757843
0.32	0.384	0.0016054414445534348	0.012930043041706085	0.01783057488501072	0.0013148949947208166	0.00376194529235363	0.0022568218410015106	0.0010742929298430681	0.003774290671572089	0.32116207480430603	0.9637975096702576
0.384	0.448	0.0015932749956846237	0.012930043041706085	0.008417243137955666	0.001158461906015873	0.0031377130653709173	0.0021274054888635874	0.0009358453680761158	0.003774290671572089	0.24528615176677704	0.9774301052093506
0.448	0.512	0.0015327009605243802	0.011778115294873714	0.0070921494625508785	0.0008501066477037966	0.002501932205632329	0.0020918725058436394	0.0006449607317335904	0.003774290671572089	0.19742174446582794	0.9857864379882812
0.512	0.576	0.0012010913342237473	0.007829074747860432	0.007061581127345562	0.000733024615328759	0.002084119012579322	0.0020687172655016184	0.0005086578312329948	0.0030308577697724104	0.15540140867233276	0.9904534816741943
