onset	offset	Alarm_bell_ringing	Blender	Cat	Dishes	Dog	Electric_shaver_toothbrush	Frying	Running_water	Speech	Vacuum_cleaner
0.0	0.064	0.006886906921863556	0.0004987588035874069	0.0006886993069201708	0.0008686635410413146	0.0008759169140830636	0.00037246703868731856	0.00017015074263326824	0.0012732561444863677	0.0020070031750947237	0.0007092467858456075
0.064	0.128	0.006886906921863556	0.0004987588035874069	0.0006886993069201708	0.0008686635410413146	0.0008759169140830636	0.00037353343213908374	0.00017015074263326824	0.0012732561444863677	0.0020070031750947237	0.0007092467858456075
0.128	0.192	0.006886906921863556	0.000419699092162773	0.0006483213510364294	0.0007211087504401803	0.0009029391221702099	0.00037497447920031846	0.00015498782158829272	0.0010699705453589559	0.0017220432637259364	0.0006296571809798479
0.192	0.256	0.006886906921863556	0.00038115817005746067	0.0006483213510364294	0.0006747368024662137	0.0009029391221702099	0.00037353343213908374	0.00013941216457169503	0.0009595315787009895	0.00170278234872967	0.0005906721344217658
0.256	0.32	0.006886906921863556	0.00036375891068018973	0.0006483213510364294	0.0006747368024662137	0.0009029391221702099	0.00037353343213908374	0.00012388054165057838	0.0009595315787009895	0.00170278234872967	0.0005649864324368536
0.32	0.384	0.00691524101421237	0.00036375891068018973	0.0006483213510364294	0.0006747368024662137	0.0009809915209189057	0.00037497447920031846	0.00011117839312646538	0.0009595315787009895	0.00170278234872967	0.0005649864324368536
0.384	0.448	0.007945560850203037	0.00036375891068018973	0.0006771293701604009	0.0006747368024662137	0.0010799762094393373	0.00038316083373501897	0.00011117839312646538	0.0009595315787009895	0.00170278234872967	0.0005649864324368536
0.448	0.512	0.01271023228764534	0.00036375891068018973	0.0007905267993919551	0.0008001449750736356	0.0013467450626194477	0.00041845510713756084	0.00011117839312646538	0.0010185359278693795	0.001893478212878108	0.0005649864324368536
0.512	0.576	0.05510406941175461	0.000447434198576957	0.000939579913392663	0.001782951527275145	0.001420072978362441	0.0005314838490448892	0.00011117839312646538	0.0012912754900753498	0.002021809807047248	0.0006141382618807256
