onset	offset	Alarm_bell_ringing	Blender	Cat	Dishes	Dog	Electric_shaver_toothbrush	Frying	Running_water	Speech	Vacuum_cleaner
0.0	0.064	0.0010626661824062467	0.0008072027703747153	0.0004159766831435263	0.0028337568510323763	0.00037445544148795307	0.00024087126075755805	0.002751789055764675	0.0021118633449077606	0.0020583118312060833	0.0011124000884592533
0.064	0.128	0.0010626661824062467	0.0008072027703747153	0.0004159766831435263	0.0028337568510323763	0.00037445544148795307	0.00024087126075755805	0.002751789055764675	0.0021118633449077606	0.0020583118312060833	0.0011124000884592533
0.128	0.192	0.0007407162920571864	0.0006568415556102991	0.0003528348170220852	0.002089371671900153	0.00030497476109303534	0.0002155519905500114	0.0023113612551242113	0.001763371517881751	0.0017695112619549036	0.0009065584163181484
0.192	0.256	0.0006302239489741623	0.0005568651249632239	0.0003376208187546581	0.0019306541653349996	0.00030497476109303534	0.00021283132082317024	0.002060618484392762	0.0015296224737539887	0.0016819029115140438	0.0007393195992335677
0.256	0.32	0.000558998086489737	0.00046821648720651865	0.00033478534896858037	0.0018565801437944174	0.00030497476109303534	0.00021180052135605365	0.0018934339750558138	0.0013266841415315866	0.0016455143922939897	0.0005933874053880572
0.32	0.384	0.0005224899505265057	0.0004028019029647112	0.000333660893375054	0.0018063929164782166	0.00030497476109303534	0.00021136093710083514	0.0017336285673081875	0.0011845569824799895	0.001643480616621673	0.0004823197959922254
0.384	0.448	0.0005201316671445966	0.00036787684075534344	0.0003325665311422199	0.001787104643881321	0.00030498902196995914	0.00021023036970291287	0.0015958832809701562	0.001102056703530252	0.001643480616621673	0.00041473633609712124
0.448	0.512	0.0005201316671445966	0.00034995435271412134	0.00032535920036025345	0.0017805733950808644	0.00030755711486563087	0.00020839371427427977	0.0015069879591464996	0.0010493776062503457	0.001643480616621673	0.00037472110125236213
0.512	0.576	0.0005201316671445966	0.0003391122736502439	0.0003087345976382494	0.001773275900632143	0.00030755711486563087	0.00020542189304251224	0.001461046515032649	0.0010152457980439067	0.0016439781757071614	0.00034874837729148567
