onset	offset	Alarm_bell_ringing	Blender	Cat	Dishes	Dog	Electric_shaver_toothbrush	Frying	Running_water	Speech	Vacuum_cleaner
0.0	0.064	0.001472535077482462	0.006734615191817284	0.0011485645081847906	0.0035855250898748636	0.0008280230686068535	0.0015089393127709627	0.001700974302366376	0.0009326942381449044	0.8813637495040894	0.02805248275399208
0.064	0.128	0.001472535077482462	0.0066924733109772205	0.0012358532985672355	0.0035855250898748636	0.0008280230686068535	0.0015089393127709627	0.0017101648263633251	0.0009427848854102194	0.8813637495040894	0.02805248275399208
0.128	0.192	0.0018183483043685555	0.0066924733109772205	0.0012587994569912553	0.004044138360768557	0.0014706216752529144	0.001793302595615387	0.0017274997662752867	0.0009427848854102194	0.9796746373176575	0.02229117415845394
0.192	0.256	0.002022639149799943	0.006219427101314068	0.0012587994569912553	0.004044138360768557	0.0018449613125994802	0.0017961199628189206	0.0017210033256560564	0.0009410963393747807	0.9867549538612366	0.020979013293981552
0.256	0.32	0.0020437652710825205	0.006180281285196543	0.0012587994569912553	0.004044138360768557	0.0018757140496745706	0.001815464231185615	0.0017101648263633251	0.0009326942381449044	0.987677276134491	0.018929483368992805
0.32	0.384	0.002053358592092991	0.006219427101314068	0.00126979302149266	0.004044138360768557	0.0019141110824421048	0.0018249776912853122	0.0017101648263633251	0.0009320141398347914	0.9878159165382385	0.017747292295098305
0.384	0.448	0.0020739331375807524	0.006180281285196543	0.0012818322284147143	0.0038539315573871136	0.0020076336804777384	0.0018798556411638856	0.0017101648263633251	0.0009320141398347914	0.9880174398422241	0.017085790634155273
0.448	0.512	0.0020900547970086336	0.005959311965852976	0.0013015579897910357	0.003742937697097659	0.002110924804583192	0.001969115110114217	0.0016910301055759192	0.000903304317034781	0.9880443215370178	0.0168923232704401
0.512	0.576	0.0021408682223409414	0.0059498450718820095	0.0013085446553304791	0.003742937697097659	0.0021416405215859413	0.002029021270573139	0.0016686654416844249	0.0008979675476439297	0.9880664348602295	0.01593012921512127
