onset	offset	Alarm_bell_ringing	Blender	Cat	Dishes	Dog	Electric_shaver_toothbrush	Frying	Running_water	Speech	Vacuum_cleaner
0.0	0.064	0.00043794684461317956	0.0003502528998069465	0.016603225842118263	0.0010476525640115142	0.0019721442367881536	0.000620900304056704	0.0007200110703706741	0.002058434998616576	0.0026644975878298283	0.0029081739485263824
0.064	0.128	0.00043794684461317956	0.0003502528998069465	0.015724321827292442	0.0010476525640115142	0.0019721442367881536	0.000620900304056704	0.0007200110703706741	0.002058434998616576	0.0026644975878298283	0.0029081739485263824
0.128	0.192	0.00038442364893853664	0.000323913263855502	0.015724321827292442	0.0009550896938890219	0.001365280826576054	0.0006995541625656188	0.0006351821939460933	0.0017564904410392046	0.0024035561364144087	0.00277735129930079
0.192	0.256	0.00035227718763053417	0.0003154426231049001	0.015125663951039314	0.0009016430121846497	0.0011359129566699266	0.0006995541625656188	0.0006171941640786827	0.0016062763752415776	0.002266023773699999	0.002654376905411482
0.256	0.32	0.000330721668433398	0.0003056206332985312	0.0131202582269907	0.0008248176891356707	0.0009992982959374785	0.0006995541625656188	0.0006171941640786827	0.0014702575281262398	0.00214955466799438	0.0025840287562459707
0.32	0.384	0.00031084896181710064	0.0002945549786090851	0.012180699035525322	0.0007698411936871707	0.0009742851252667606	0.0006995541625656188	0.0006171941640786827	0.001356972148641944	0.002085078042000532	0.0025019512977451086
0.384	0.448	0.0002826203126460314	0.0002814836334437132	0.01142033003270626	0.0007186825387179852	0.000945637933909893	0.0006403142469935119	0.0006171941640786827	0.001281118718907237	0.002005513058975339	0.002385674510151148
0.448	0.512	0.0002404901315458119	0.0002724635705817491	0.010145901702344418	0.0006821524002589285	0.0009425823227502406	0.0005202317843213677	0.0006194645538926125	0.0012588072568178177	0.001958758570253849	0.0022874323185533285
0.512	0.576	0.00023542119015473872	0.0002698218740988523	0.009922566823661327	0.0006283017573878169	0.0009109873790293932	0.0004830242251046002	0.0006194645538926125	0.0012492261594161391	0.0019088253611698747	0.002286657691001892
