onset	offset	Alarm_bell_ringing	Blender	Cat	Dishes	Dog	Electric_shaver_toothbrush	Frying	Running_water	Speech	Vacuum_cleaner
0.0	0.064	0.9858748316764832	0.0012068506330251694	0.003445321461185813	0.0035239390563219786	0.002909743692725897	0.0011714703869074583	0.001829749089665711	0.008009943179786205	0.00863895658403635	0.0037839473225176334
0.064	0.128	0.9858748316764832	0.0012068506330251694	0.003621995449066162	0.0035239390563219786	0.002909743692725897	0.0011714703869074583	0.001829749089665711	0.008009943179786205	0.00863895658403635	0.0037839473225176334
0.128	0.192	0.990594744682312	0.0010655010119080544	0.003621995449066162	0.0023513641208410263	0.002457589842379093	0.0011714703869074583	0.0009472335805185139	0.00658796401694417	0.0073402272537350655	0.0021373017225414515
0.192	0.256	0.990594744682312	0.0010357073042541742	0.003445321461185813	0.0018085127230733633	0.0023530402686446905	0.001159511273726821	0.0005407568532973528	0.0063407025299966335	0.006672040559351444	0.0014305422082543373
0.256	0.32	0.990594744682312	0.0009754875209182501	0.003327116370201111	0.0016151068266481161	0.0020700206514447927	0.0009600463672541082	0.0004467239778023213	0.006027474068105221	0.006481176242232323	0.0013025350635871291
0.32	0.384	0.990594744682312	0.0009156845044344664	0.0031607255805283785	0.0014858716167509556	0.0017350923735648394	0.0006864402093924582	0.00044657732360064983	0.005804762709885836	0.006260705646127462	0.001283631892874837
0.384	0.448	0.990153968334198	0.0008540082490071654	0.002989497035741806	0.0013919478515163064	0.0014875591732561588	0.0006020355504006147	0.000428169674705714	0.005433239508420229	0.005943099968135357	0.0012537009315565228
0.448	0.512	0.9890453815460205	0.0007980710943229496	0.002787048928439617	0.001320687122642994	0.0013177709188312292	0.0005693402490578592	0.0003860207216348499	0.005165304522961378	0.005943099968135357	0.001179282320663333
0.512	0.576	0.9882474541664124	0.0007980710943229496	0.0024093380197882652	0.0012914262479171157	0.0013096504844725132	0.0005693402490578592	0.0003686093259602785	0.004960006568580866	0.005943099968135357	0.001081261900253594
