onset	offset	Alarm_bell_ringing	Blender	Cat	Dishes	Dog	Electric_shaver_toothbrush	Frying	Running_water	Speech	Vacuum_cleaner
0.0	0.064	0.0034759275149554014	0.0015682054217904806	0.005680576898157597	0.003947918768972158	0.0031065663788467646	0.0008657735306769609	0.0015744398115202785	0.025316303595900536	0.17716391384601593	0.007848711684346199
0.064	0.128	0.0034759275149554014	0.0015682054217904806	0.005680576898157597	0.003947918768972158	0.00323103298433125	0.0008657735306769609	0.0015744398115202785	0.025553517043590546	0.18369907140731812	0.007848711684346199
0.128	0.192	0.002972773276269436	0.0014061888214200735	0.006736567243933678	0.003321967087686062	0.00323103298433125	0.0008104375447146595	0.001637721317820251	0.026737011969089508	0.1843922883272171	0.008083962835371494
0.192	0.256	0.002582486718893051	0.0013667457969859242	0.006736567243933678	0.0027222924400120974	0.0031065663788467646	0.0007322681485675275	0.0016554449684917927	0.026530111208558083	0.1843922883272171	0.008083962835371494
0.256	0.32	0.0024067240301519632	0.0013667457969859242	0.007204161956906319	0.002355306874960661	0.002917556557804346	0.0006810425547882915	0.0016554449684917927	0.026530111208558083	0.1843922883272171	0.008083962835371494
0.32	0.384	0.0024067240301519632	0.0013667457969859242	0.007693848107010126	0.002355306874960661	0.0028378518763929605	0.0006810425547882915	0.0016554449684917927	0.026530111208558083	0.18641914427280426	0.008083962835371494
0.384	0.448	0.0024067240301519632	0.0013667457969859242	0.007829500362277031	0.0023502144031226635	0.002144763246178627	0.0006810425547882915	0.0016554449684917927	0.026530111208558083	0.2101711928844452	0.007284899707883596
0.448	0.512	0.0023538442328572273	0.0013078604824841022	0.00793241523206234	0.0022229913156479597	0.0020654553081840277	0.0006810425547882915	0.0016019173199310899	0.026530111208558083	0.34645208716392517	0.006153852678835392
0.512	0.576	0.0023538442328572273	0.0013078604824841022	0.007693848107010126	0.002199131529778242	0.0020298827439546585	0.0006780766998417675	0.0014506266452372074	0.026044394820928574	0.48415884375572205	0.005096347536891699
