onset	offset	Alarm_bell_ringing	Blender	Cat	Dishes	Dog	Electric_shaver_toothbrush	Frying	Running_water	Speech	Vacuum_cleaner
0.0	0.064	0.9631853103637695	0.0018376662628725171	0.0034050385002046824	0.2294555902481079	0.0024739878717809916	0.0007226920570246875	0.004816645756363869	0.027230367064476013	0.025983350351452827	0.0007336955750361085
0.064	0.128	0.9631853103637695	0.0018376662628725171	0.0033241272903978825	0.2294555902481079	0.0024739878717809916	0.0007045342354103923	0.004816645756363869	0.024391690269112587	0.028574062511324883	0.0007336955750361085
0.128	0.192	0.975389838218689	0.0015651672147214413	0.0033241272903978825	0.18242137134075165	0.0017364505911245942	0.0007045342354103923	0.0035331500694155693	0.024391690269112587	0.028574062511324883	0.0006810299237258732
0.192	0.256	0.9783802628517151	0.0012673053424805403	0.0026662000454962254	0.08951768279075623	0.0014205382904037833	0.000654268660582602	0.002080986276268959	0.02183135226368904	0.025983350351452827	0.0005304010701365769
0.256	0.32	0.9819324612617493	0.0011643781326711178	0.0023061144165694714	0.03892350569367409	0.001037591602653265	0.00040623333188705146	0.0018687671981751919	0.016411567106842995	0.02585889957845211	0.00043239709339104593
0.32	0.384	0.9835742712020874	0.0011278247693553567	0.0022827466018497944	0.02623220905661583	0.0008672844851389527	0.00030010289628989995	0.0018124259077012539	0.013129961676895618	0.023529043421149254	0.00038874815800227225
0.384	0.448	0.9847025275230408	0.001126734889112413	0.002147638937458396	0.02159801684319973	0.0008033651974983513	0.00027176618459634483	0.001748385839164257	0.010387926362454891	0.018525050953030586	0.00037452791002579033
0.448	0.512	0.9870774745941162	0.0010584157425910234	0.0017646049382165074	0.01453514862805605	0.0008033651974983513	0.0002526230236981064	0.0012505853082984686	0.007995611988008022	0.014272323809564114	0.00034847002825699747
0.512	0.576	0.9894281029701233	0.0007913464214652777	0.0017426983686164021	0.008534330874681473	0.0007919721538200974	0.0002526230236981064	0.0007563568069599569	0.0060637518763542175	0.011144954711198807	0.00026179340784437954
