onset	offset	Alarm_bell_ringing	Blender	Cat	Dishes	Dog	Electric_shaver_toothbrush	Frying	Running_water	Speech	Vacuum_cleaner
0.0	0.064	0.9671655893325806	0.0006957640289328992	0.0015753229381516576	0.00637155631557107	0.0013041781494393945	0.0005895683425478637	0.00039253372233361006	0.002243498805910349	0.004900820087641478	0.001931391074322164
0.064	0.128	0.9671655893325806	0.0006957640289328992	0.0015127280494198203	0.00637155631557107	0.001399021246470511	0.0005895683425478637	0.00039253372233361006	0.002243498805910349	0.004793439991772175	0.001931391074322164
0.128	0.192	0.9887900352478027	0.0006500125164166093	0.0015127280494198203	0.00406867079436779	0.001399021246470511	0.0005895683425478637	0.0003156023158226162	0.0019497585017234087	0.004793439991772175	0.0009938442381098866
0.192	0.256	0.9952210783958435	0.0006450969376601279	0.0015126358484849334	0.002324249129742384	0.0013211738551035523	0.0005065789446234703	0.0003119405882898718	0.0016833175905048847	0.004559057764708996	0.0005704890936613083
0.256	0.32	0.9963001608848572	0.0006064227200113237	0.0013498988701030612	0.0017495221691206098	0.0013041781494393945	0.0004944571410305798	0.00027208871324546635	0.0015416713431477547	0.004537639208137989	0.00043901873868890107
0.32	0.384	0.9965072274208069	0.0005951429484412074	0.0013498988701030612	0.001504168612882495	0.0013041781494393945	0.00041284490725956857	0.00024219657643698156	0.001428923918865621	0.004537639208137989	0.0003929800586774945
0.384	0.448	0.9965509176254272	0.0005951429484412074	0.001217851066030562	0.0013523129746317863	0.001301972079090774	0.0003553344286046922	0.00021444256708491594	0.0013734677340835333	0.004517405293881893	0.000352740113157779
0.448	0.512	0.9965509176254272	0.0005857677315361798	0.0011750197736546397	0.0012761865509673953	0.001297354232519865	0.0003398487460799515	0.00019736391550395638	0.0013528120471164584	0.004382305778563023	0.0003312846238259226
0.512	0.576	0.9965509176254272	0.0005857677315361798	0.001172726391814649	0.0012350536417216063	0.0012733392650261521	0.0003312868357170373	0.00018623554205987602	0.001350088627077639	0.004336710087954998	0.00031960432534106076
