onset	offset	Alarm_bell_ringing	Blender	Cat	Dishes	Dog	Electric_shaver_toothbrush	Frying	Running_water	Speech	Vacuum_cleaner
0.0	0.064	0.010303092189133167	0.017044758424162865	0.0039517381228506565	0.038429878652095795	0.003865443170070648	0.031504467129707336	0.5313202738761902	0.06867198646068573	0.9686616659164429	0.0158623605966568
0.064	0.128	0.010303092189133167	0.017044758424162865	0.0039517381228506565	0.038429878652095795	0.003865443170070648	0.0299123153090477	0.5313202738761902	0.0718284472823143	0.9686616659164429	0.0158623605966568
0.128	0.192	0.009643611498177052	0.015941502526402473	0.003379800822585821	0.03426913172006607	0.003770499024540186	0.029518047347664833	0.547235369682312	0.0718490406870842	0.9686616659164429	0.013833263888955116
0.192	0.256	0.009622076526284218	0.015259400941431522	0.0033297401387244463	0.034094080328941345	0.0035290950909256935	0.029518047347664833	0.5629476308822632	0.0718284472823143	0.9686616659164429	0.012814100831747055
0.256	0.32	0.007502084132283926	0.01419469527900219	0.0030933129601180553	0.0324079692363739	0.003242811420932412	0.029518047347664833	0.5719721913337708	0.06967203319072723	0.9686616659164429	0.012425586581230164
0.32	0.384	0.006217991467565298	0.013459705747663975	0.002842190908268094	0.02821451611816883	0.0031964960508048534	0.028813334181904793	0.5787878036499023	0.06967203319072723	0.9684327244758606	0.012050265446305275
0.384	0.448	0.005544424522668123	0.013178708031773567	0.0027131291572004557	0.02689400315284729	0.003004674334079027	0.02779521606862545	0.591918408870697	0.06967203319072723	0.9673241376876831	0.011407132260501385
0.448	0.512	0.005154519807547331	0.01237627025693655	0.002518564462661743	0.026691945269703865	0.0026602204889059067	0.026825061067938805	0.5974864959716797	0.06661183387041092	0.964917778968811	0.011019337922334671
0.512	0.576	0.004855260252952576	0.012305589392781258	0.002411219524219632	0.026564499363303185	0.0022171037271618843	0.026330774649977684	0.6138724088668823	0.058178383857011795	0.9630319476127625	0.010715785436332226
