onset	offset	Alarm_bell_ringing	Blender	Cat	Dishes	Dog	Electric_shaver_toothbrush	Frying	Running_water	Speech	Vacuum_cleaner
0.0	0.064	0.9819839596748352	0.0006497152498923242	0.0020062678959220648	0.00679131131619215	0.0026094994973391294	0.0002832809987012297	0.0004818483430426568	0.00243260501883924	0.004554001148790121	0.0007656606612727046
0.064	0.128	0.9819839596748352	0.0006497152498923242	0.0020062678959220648	0.00679131131619215	0.0026094994973391294	0.00027124612824991345	0.0004818483430426568	0.00243260501883924	0.004583154805004597	0.0007656606612727046
0.128	0.192	0.9922578930854797	0.0005081698182038963	0.0017993502551689744	0.0033283575903624296	0.0020282063633203506	0.00027124612824991345	0.00025330146308988333	0.0017078137025237083	0.004665658343583345	0.0002932374773081392
0.192	0.256	0.9922578930854797	0.0005081698182038963	0.0013968546409159899	0.002560404362156987	0.0017596461111679673	0.00022817008721176535	0.0001826330117182806	0.0014217502903193235	0.004583154805004597	0.0002162595046684146
0.256	0.32	0.9922578930854797	0.0005081698182038963	0.0011798425111919641	0.002560404362156987	0.0017596461111679673	0.0002020645042648539	0.0001679809356573969	0.0013451909180730581	0.004554001148790121	0.00018660044588614255
0.32	0.384	0.9922578930854797	0.0005037973169237375	0.0011116681853309274	0.002223239978775382	0.0016929551493376493	0.000180647533852607	0.00016263293218798935	0.00125696521718055	0.004554001148790121	0.00016318671987392008
0.384	0.448	0.9908299446105957	0.0005037973169237375	0.0009823967702686787	0.002162256045266986	0.001690432894974947	0.00012001488357782364	0.00013333377137314528	0.0010960522340610623	0.0043668909929692745	0.00013589307491201907
0.448	0.512	0.9758032560348511	0.0005037973169237375	0.0007131663733161986	0.0021257924381643534	0.0016058251494541764	6.882697198307142e-05	0.00010368114453740418	0.0008963875006884336	0.0035584471188485622	0.0001005734084174037
0.512	0.576	0.5376046299934387	0.00024904677411541343	0.00013863996719010174	0.001281204866245389	0.0012569662649184465	4.74950902571436e-05	6.728106382070109e-05	0.00031206433777697384	0.0024747985880821943	8.846854325383902e-05
