onset	offset	Alarm_bell_ringing	Blender	Cat	Dishes	Dog	Electric_shaver_toothbrush	Frying	Running_water	Speech	Vacuum_cleaner
0.0	0.064	0.00465422822162509	0.002088950015604496	0.005767607595771551	0.00591037655249238	0.017243117094039917	0.0016947241965681314	0.0024229760747402906	0.002156860427930951	0.982235312461853	0.00167015939950943
0.064	0.128	0.004620796535164118	0.002088950015604496	0.0057287635281682014	0.00591037655249238	0.017230046913027763	0.0016761251026764512	0.0024229760747402906	0.002156860427930951	0.982235312461853	0.00167015939950943
0.128	0.192	0.004620796535164118	0.001821835059672594	0.005642299074679613	0.00585093442350626	0.016875430941581726	0.0016517146723344922	0.002566661685705185	0.002103300765156746	0.982235312461853	0.001405068440362811
0.192	0.256	0.004595607984811068	0.001705765607766807	0.005642299074679613	0.005615140777081251	0.016875430941581726	0.0016517146723344922	0.0026981914415955544	0.002005228539928794	0.982235312461853	0.001324121723882854
0.256	0.32	0.004585972987115383	0.001705765607766807	0.005575508810579777	0.00540040573105216	0.017230046913027763	0.0016761251026764512	0.0028322695288807154	0.0018878586124628782	0.982235312461853	0.001324121723882854
0.32	0.384	0.004498520866036415	0.0016944975359365344	0.005507973488420248	0.00513555807992816	0.017230046913027763	0.0016761251026764512	0.0028322695288807154	0.0017615846591070294	0.9814584851264954	0.001324121723882854
0.384	0.448	0.004214250948280096	0.0016143042594194412	0.005452798213809729	0.0048904637806117535	0.017230046913027763	0.0016517146723344922	0.0028322695288807154	0.0015817967941984534	0.979884147644043	0.001324121723882854
0.448	0.512	0.003827915294095874	0.0015541458269581199	0.005432417616248131	0.004806893412023783	0.016875430941581726	0.001619034563191235	0.0028322695288807154	0.0014735381118953228	0.978234589099884	0.0012763839913532138
0.512	0.576	0.0038068259600549936	0.001546963001601398	0.005122678820043802	0.004806893412023783	0.016470693051815033	0.001618453417904675	0.0029121325351297855	0.001465934212319553	0.9761379957199097	0.0012742899125441909
