onset	offset	Alarm_bell_ringing	Blender	Cat	Dishes	Dog	Electric_shaver_toothbrush	Frying	Running_water	Speech	Vacuum_cleaner
0.0	0.064	0.014396320097148418	0.0010120748775079846	0.9605371356010437	0.013282446190714836	0.004738686606287956	0.0023286861833184958	0.0017611453076824546	0.007075138855725527	0.007102360483258963	0.001856291084550321
0.064	0.128	0.014396320097148418	0.0009754201746545732	0.9605371356010437	0.013282446190714836	0.004738686606287956	0.0021218734327703714	0.0017611453076824546	0.007075138855725527	0.007102360483258963	0.001856291084550321
0.128	0.192	0.009099545888602734	0.0009754201746545732	0.9158980846405029	0.008696543984115124	0.004222764167934656	0.0021218734327703714	0.0012168091489002109	0.004768057726323605	0.005856889765709639	0.0012235098984092474
0.192	0.256	0.005912663880735636	0.0008543598232790828	0.9158980846405029	0.007598469499498606	0.0036541009321808815	0.001779278856702149	0.0009255779441446066	0.003560391953215003	0.004036280792206526	0.000978665193542838
0.256	0.32	0.004106888081878424	0.0008022368419915438	0.9158980846405029	0.005800903774797916	0.0027396101504564285	0.001210021204315126	0.0006953713018447161	0.003103593597188592	0.0031765743624418974	0.000870782183483243
0.32	0.384	0.0020062346011400223	0.00048209159285761416	0.6964071393013	0.0030797235667705536	0.002490735612809658	0.0007908093393780291	0.0004691508656833321	0.002760151866823435	0.0026077961083501577	0.0008455067873001099
0.384	0.448	0.0009750275639817119	0.0003216511395294219	0.32344284653663635	0.001618087524548173	0.0023336035665124655	0.0005172197124920785	0.00036679598269984126	0.002063937485218048	0.0022874735295772552	0.0007797768921591341
0.448	0.512	0.0004785129567608237	0.00020999739354010671	0.12423738837242126	0.0009190815617330372	0.0022587142884731293	0.0003637887421064079	0.00030912866350263357	0.0015440366696566343	0.0021614073775708675	0.0007330644293688238
0.512	0.576	0.0002947954635601491	0.00014255889982450753	0.06681020557880402	0.0005445398855954409	0.0016628560842946172	0.00026873330352827907	0.0002928530448116362	0.0012670157011598349	0.0019926149398088455	0.0007330644293688238
