onset	offset	Alarm_bell_ringing	Blender	Cat	Dishes	Dog	Electric_shaver_toothbrush	Frying	Running_water	Speech	Vacuum_cleaner
0.0	0.064	0.002235187217593193	0.0005421844543889165	0.0010744715109467506	0.0015087417559698224	0.0006133634597063065	0.0003080192836932838	0.001230174326337874	0.0006367599125951529	0.008372325450181961	0.04854973033070564
0.064	0.128	0.002235187217593193	0.0005421844543889165	0.0010744715109467506	0.0017761074705049396	0.0006626519025303423	0.0003080192836932838	0.001230174326337874	0.0006367599125951529	0.009452223777770996	0.04854973033070564
0.128	0.192	0.001873043249361217	0.0005380825605243444	0.0009311008034273982	0.0021515481639653444	0.0007732216618023813	0.0002701212069950998	0.0010677480604499578	0.0007340267184190452	0.012127981521189213	0.04185522720217705
0.192	0.256	0.001824691891670227	0.0005138737615197897	0.0009155361913144588	0.0021515481639653444	0.0007732216618023813	0.0002577239356469363	0.0009088529041036963	0.0006586478557437658	0.011136380955576897	0.038112785667181015
0.256	0.32	0.001802039798349142	0.0004797591536771506	0.0009155361913144588	0.0024024450685828924	0.0007732216618023813	0.0002506504242774099	0.0007840557373128831	0.0006397636607289314	0.01084365975111723	0.036291562020778656
0.32	0.384	0.0018003894947469234	0.0004797591536771506	0.0009155361913144588	0.0030442248098552227	0.0007805768400430679	0.0002504194271750748	0.0006856223335489631	0.0006586478557437658	0.011136380955576897	0.034126490354537964
0.384	0.448	0.001746456720866263	0.0005138737615197897	0.0009155361913144588	0.0030830414034426212	0.0008380708168260753	0.0002504194271750748	0.0006228404818102717	0.0007340267184190452	0.012127981521189213	0.029583556577563286
0.448	0.512	0.0015151340048760176	0.0005380825605243444	0.000918409728910774	0.00414931820705533	0.0008753467700444162	0.0002504194271750748	0.0005355158355087042	0.0007378383888863027	0.012127981521189213	0.02785131335258484
0.512	0.576	0.0012993242125958204	0.0005138737615197897	0.0009766783332452178	0.00414931820705533	0.0008753467700444162	0.00024750622105784714	0.00040545588126406074	0.0007378383888863027	0.011136380955576897	0.02646891213953495
