onset	offset	Alarm_bell_ringing	Blender	Cat	Dishes	Dog	Electric_shaver_toothbrush	Frying	Running_water	Speech	Vacuum_cleaner
0.0	0.064	0.00035290964297018945	0.000741610478144139	0.0028662346303462982	0.0014029152225703	0.0007720098365098238	0.1131976768374443	0.0013156614731997252	0.000986129860393703	0.002152802422642708	0.003083564806729555
0.064	0.128	0.0004050428979098797	0.0008060098625719547	0.002890059258788824	0.0014631134690716863	0.0007756703998893499	0.11980772018432617	0.0014870832674205303	0.000986129860393703	0.002152802422642708	0.0029888958670198917
0.128	0.192	0.0004281827132217586	0.0008060098625719547	0.003325723111629486	0.0015140054747462273	0.0008042208501137793	0.11980772018432617	0.0015682345256209373	0.0009430705104023218	0.0018914280226454139	0.0029888958670198917
0.192	0.256	0.0004281827132217586	0.000741610478144139	0.003325723111629486	0.0015140054747462273	0.0008042208501137793	0.24282750487327576	0.0014870832674205303	0.0009430705104023218	0.0018914280226454139	0.0029482378158718348
0.256	0.32	0.0004281827132217586	0.000710003194399178	0.003334649605676532	0.0015140054747462273	0.0008042208501137793	0.3139251172542572	0.0013156614731997252	0.0009430705104023218	0.0018914280226454139	0.0027698285412043333
0.32	0.384	0.0005357315531000495	0.0006946523208171129	0.003443534253165126	0.0015168822137638927	0.0008704150677658617	0.4351111054420471	0.0013156614731997252	0.0009430705104023218	0.0018914280226454139	0.0025391755625605583
0.384	0.448	0.0007975230109877884	0.0005980608402751386	0.004717003088444471	0.0015423181466758251	0.0008704150677658617	0.6338556408882141	0.0012769591994583607	0.0012545872014015913	0.0020593227818608284	0.0024975568521767855
0.448	0.512	0.000816750165540725	0.000558779458515346	0.004717003088444471	0.0015423181466758251	0.0008303005597554147	0.6802435517311096	0.0011617728741839528	0.0012545872014015913	0.0020998308900743723	0.0023728327360004187
0.512	0.576	0.000816750165540725	0.0005265149520710111	0.004717003088444471	0.0015423181466758251	0.0008303005597554147	0.7032551169395447	0.0010729071218520403	0.0012545872014015913	0.0021116433199495077	0.0021842685528099537
