onset	offset	Alarm_bell_ringing	Blender	Cat	Dishes	Dog	Electric_shaver_toothbrush	Frying	Running_water	Speech	Vacuum_cleaner
0.0	0.064	0.00047909552813507617	0.0007236344972625375	0.0005314347217790782	0.021246498450636864	0.0005527223111130297	0.00015042519953567535	0.01061936467885971	0.0007059627096168697	0.0018585631623864174	0.0007174572674557567
0.064	0.128	0.00047909552813507617	0.0007236344972625375	0.0005314347217790782	0.021246498450636864	0.0005527223111130297	0.00015042519953567535	0.01061936467885971	0.0007059627096168697	0.0018585631623864174	0.0007174572674557567
0.128	0.192	0.00035160916741006076	0.0005671854014508426	0.00046967979869805276	0.014545227400958538	0.0005490956827998161	0.0001365923963021487	0.00833059661090374	0.000596711179241538	0.0016531612491235137	0.0005455867503769696
0.192	0.256	0.0003173653094563633	0.0004740847216453403	0.0004669624613597989	0.011915841139853	0.0005490956827998161	0.00013354157272260636	0.006977456621825695	0.0005374395404942334	0.0016450233524665236	0.0004286241892259568
0.256	0.32	0.0002958239638246596	0.0004289871721994132	0.0004563239635899663	0.011342073790729046	0.0005490956827998161	0.0001333417894784361	0.006203081924468279	0.0004908309783786535	0.0016450233524665236	0.00034959669574163854
0.32	0.384	0.00027773607871495187	0.00040341404383070767	0.00043701272807084024	0.011342073790729046	0.0005490956827998161	0.0001333417894784361	0.005761338863521814	0.0004523250972852111	0.0016450233524665236	0.00029906071722507477
0.384	0.448	0.0002665508072823286	0.00038525383570231497	0.00043701272807084024	0.011342073790729046	0.0005887984298169613	0.0001333417894784361	0.005450569558888674	0.0004489583370741457	0.0016450233524665236	0.0002674228744581342
0.448	0.512	0.0002605910995043814	0.000370997964637354	0.00043701272807084024	0.011342073790729046	0.0006282320246100426	0.00013354157272260636	0.0051489598117768764	0.00042969422065652907	0.001665805815719068	0.0002418820367893204
0.512	0.576	0.0002583497844170779	0.0003674765466712415	0.00043043395271524787	0.012065357528626919	0.0006615130114369094	0.00013648680760525167	0.004807617049664259	0.0004292013181839138	0.0017300894251093268	0.00021739884687121958
