onset	offset	Alarm_bell_ringing	Blender	Cat	Dishes	Dog	Electric_shaver_toothbrush	Frying	Running_water	Speech	Vacuum_cleaner
0.0	0.064	0.004692197311669588	0.003913579974323511	0.0034406406339257956	0.026590393856167793	0.01946217194199562	0.0055998871102929115	0.21305283904075623	0.021212603896856308	0.9875219464302063	0.0077570048160851
0.064	0.128	0.004789585713297129	0.003913579974323511	0.0034406406339257956	0.026590393856167793	0.01946217194199562	0.005550767295062542	0.2151833027601242	0.021212603896856308	0.9875219464302063	0.0077570048160851
0.128	0.192	0.004844825714826584	0.0034052440896630287	0.0033475281670689583	0.024385487660765648	0.016914065927267075	0.005550767295062542	0.2151833027601242	0.018593790009617805	0.9886935353279114	0.006458867806941271
0.192	0.256	0.004844825714826584	0.0027764930855482817	0.003023593220859766	0.02361406572163105	0.015272927470505238	0.005344046279788017	0.226475328207016	0.017438912764191628	0.9891208410263062	0.005982065107673407
0.256	0.32	0.004844825714826584	0.002378251636400819	0.0027651556301862	0.02338564768433571	0.01420315820723772	0.005281934514641762	0.2322269231081009	0.01615636609494686	0.9893854260444641	0.005684833973646164
0.32	0.384	0.004997530486434698	0.0022583079989999533	0.0026943704579025507	0.02327851951122284	0.013332433998584747	0.005219521000981331	0.2342248409986496	0.01415921375155449	0.9896854162216187	0.005339840892702341
0.384	0.448	0.005222434177994728	0.0022339276038110256	0.002641474362462759	0.023225855082273483	0.012524345889687538	0.005129857920110226	0.23939824104309082	0.013363167643547058	0.9898228645324707	0.005066916346549988
0.448	0.512	0.005222434177994728	0.0020840931683778763	0.002531426725909114	0.022704653441905975	0.011510812677443027	0.005025327671319246	0.23939824104309082	0.012902921997010708	0.9898228645324707	0.004808326251804829
0.512	0.576	0.005222434177994728	0.0018385901348665357	0.0024224400985985994	0.021726690232753754	0.01033585611730814	0.0050236135721206665	0.24018917977809906	0.011913151480257511	0.9898228645324707	0.004494842607527971
