onset	offset	Alarm_bell_ringing	Blender	Cat	Dishes	Dog	Electric_shaver_toothbrush	Frying	Running_water	Speech	Vacuum_cleaner
0.0	0.064	0.0029055564664304256	0.00023556104861199856	0.00042119607678614557	0.0005995132960379124	0.0005654610577039421	0.000143455748911947	0.0018019410781562328	0.0016828167717903852	0.0028517665341496468	0.0003722371766343713
0.064	0.128	0.0029055564664304256	0.00023556104861199856	0.00042119607678614557	0.0005995132960379124	0.0005971501232124865	0.000143455748911947	0.0018019410781562328	0.0016828167717903852	0.0028517665341496468	0.0003722371766343713
0.128	0.192	0.0024493332020938396	0.0002120438002748415	0.00042119607678614557	0.0005190339288674295	0.0006493073306046426	0.00013474417210090905	0.0018677659099921584	0.0016828167717903852	0.0025207670405507088	0.0003056792193092406
0.192	0.256	0.002238795394077897	0.00021158636081963778	0.00042119607678614557	0.00047876391909085214	0.0006493073306046426	0.00013307250628713518	0.0018677659099921584	0.0016828167717903852	0.0025207670405507088	0.0002562481677159667
0.256	0.32	0.0022370917722582817	0.0002115294773830101	0.00042119607678614557	0.0004539168148767203	0.0006493073306046426	0.00013268087059259415	0.0018677659099921584	0.0016828167717903852	0.002489836420863867	0.0002154810936190188
0.32	0.384	0.0021854171063750982	0.0002115294773830101	0.00045577684068121016	0.0004341487365309149	0.0006734536145813763	0.00013238389510661364	0.0018677659099921584	0.00181352358777076	0.002435112837702036	0.00018770289898384362
0.384	0.448	0.0021651634015142918	0.0002115294773830101	0.0005102973082102835	0.00042994003160856664	0.0006734536145813763	0.0001321602612733841	0.0018677659099921584	0.00181352358777076	0.0023597402032464743	0.00017943607235793024
0.448	0.512	0.0021643568761646748	0.0002115294773830101	0.0005315443850122392	0.00042994003160856664	0.0006826114840805531	0.00012087315553799272	0.0018677659099921584	0.00181352358777076	0.0023597402032464743	0.000171849547768943
0.512	0.576	0.0021252098958939314	0.0002115294773830101	0.0005395174375735223	0.00042994003160856664	0.0007010547560639679	0.000113283509563189	0.0018436743412166834	0.00181352358777076	0.0023597402032464743	0.00015765754505991936
