onset	offset	Alarm_bell_ringing	Blender	Cat	Dishes	Dog	Electric_shaver_toothbrush	Frying	Running_water	Speech	Vacuum_cleaner
0.0	0.064	0.005038121249526739	0.02404767833650112	0.002929807174950838	0.045906003564596176	0.014596850611269474	0.0020475140772759914	0.009807913564145565	0.0024130037054419518	0.9823518395423889	0.0011392490705475211
0.064	0.128	0.005036407150328159	0.02404767833650112	0.002929807174950838	0.045906003564596176	0.014596850611269474	0.0020475140772759914	0.009807913564145565	0.0024130037054419518	0.9823518395423889	0.0011392490705475211
0.128	0.192	0.005038121249526739	0.019159354269504547	0.0026393169537186623	0.03766884282231331	0.012504800222814083	0.002045344328507781	0.009989431127905846	0.002001323737204075	0.9842372536659241	0.0009180561755783856
0.192	0.256	0.005038121249526739	0.013742183335125446	0.0023436674382537603	0.03010835498571396	0.010281238704919815	0.0018698865314945579	0.010049555450677872	0.001719758496619761	0.9842372536659241	0.0008089006878435612
0.256	0.32	0.005038121249526739	0.010239068418741226	0.0021757029462605715	0.02690296433866024	0.008274124935269356	0.0018042207229882479	0.010101824067533016	0.0015370423207059503	0.9842372536659241	0.0008089006878435612
0.32	0.384	0.005101362243294716	0.010134056210517883	0.0021320271771401167	0.02690296433866024	0.007369347847998142	0.0018042207229882479	0.010827329941093922	0.0014657274587079883	0.9842372536659241	0.0008089006878435612
0.384	0.448	0.005233903415501118	0.00991347897797823	0.002129465341567993	0.02690296433866024	0.007127945777028799	0.0018042207229882479	0.012124321423470974	0.0014538329560309649	0.9839157462120056	0.0008089006878435612
0.448	0.512	0.005319476593285799	0.009407419711351395	0.0021186531521379948	0.02690296433866024	0.0069077820517122746	0.0018042207229882479	0.012124321423470974	0.001399316475726664	0.9832997918128967	0.0008571950602345169
0.512	0.576	0.005319476593285799	0.009072900749742985	0.002086681080982089	0.02690296433866024	0.006750939879566431	0.0018042207229882479	0.012124321423470974	0.00138411158695817	0.9818912148475647	0.0008571950602345169
