onset	offset	Alarm_bell_ringing	Blender	Cat	Dishes	Dog	Electric_shaver_toothbrush	Frying	Running_water	Speech	Vacuum_cleaner
0.0	0.064	0.00016584510740358382	0.0001716219267109409	0.003918020986020565	0.0005887818988412619	0.00037319600232876837	0.00023890199372544885	0.000725782010704279	0.0007870701956562698	0.0018666994292289019	0.002209678292274475
0.064	0.128	0.00016584510740358382	0.0001716219267109409	0.004224007483571768	0.0006435788818635046	0.00037319600232876837	0.0002452616754453629	0.000725782010704279	0.0007870701956562698	0.0018666994292289019	0.002209678292274475
0.128	0.192	0.00015649783017579466	0.00013585486158262938	0.0048946961760520935	0.0006995651056058705	0.0003617076436057687	0.00029630918288603425	0.0006493670516647398	0.0007029972621239722	0.0015641296049579978	0.0018905552569776773
0.192	0.256	0.00015525511116720736	0.00012181989586679265	0.0048946961760520935	0.0006914294790476561	0.0003518935409374535	0.00029630918288603425	0.0006248608697205782	0.0005998971173539758	0.0014622672460973263	0.001660446752794087
0.256	0.32	0.00015525511116720736	0.00010638766252668574	0.0048946961760520935	0.0006735004717484117	0.00033783219987526536	0.00029630918288603425	0.0005911843618378043	0.000522966030985117	0.0014351713471114635	0.0015595670556649566
0.32	0.384	0.00015525511116720736	9.747734293341637e-05	0.005281634628772736	0.0006735004717484117	0.0003307796723674983	0.0003319051756989211	0.0005702523631043732	0.00048812112072482705	0.001414510072208941	0.0015555145218968391
0.384	0.448	0.00015525511116720736	9.291306196246296e-05	0.005288462620228529	0.0006735004717484117	0.0003307796723674983	0.0003488782385829836	0.0005635872366838157	0.00046955375000834465	0.0013925264356657863	0.0015518891159445047
0.448	0.512	0.00015896889090072364	9.048318315763026e-05	0.005312283057719469	0.0006735004717484117	0.0003307796723674983	0.0003488782385829836	0.0005503101856447756	0.0004563774564303458	0.00137658033054322	0.0015423650620505214
0.512	0.576	0.0001608573365956545	8.910522592486814e-05	0.005354438442736864	0.0006505926721729338	0.0003307796723674983	0.0003488782385829836	0.0005315628950484097	0.0004453446890693158	0.00137658033054322	0.0015176089946180582
