onset	offset	Alarm_bell_ringing	Blender	Cat	Dishes	Dog	Electric_shaver_toothbrush	Frying	Running_water	Speech	Vacuum_cleaner
0.0	0.064	0.0001612875348655507	9.286169370170683e-05	0.0037364724557846785	0.0006394302472472191	0.0010564140975475311	0.0001088764620362781	0.00036470251507125795	0.0010283759329468012	0.0014462416293099523	0.000783685187343508
0.064	0.128	0.0001612875348655507	9.286169370170683e-05	0.004077841527760029	0.0006394302472472191	0.0011686071520671248	0.0001088764620362781	0.00036470251507125795	0.0010283759329468012	0.0014683329500257969	0.000783685187343508
0.128	0.192	0.00014830367581453174	8.219554729294032e-05	0.004693747032433748	0.0005782237276434898	0.0013825985370203853	0.00010432737326482311	0.00033000134862959385	0.0009487518691457808	0.0014951226767152548	0.0007038413314148784
0.192	0.256	0.0001457813777960837	7.569809531560168e-05	0.004693747032433748	0.0005471425829455256	0.0013825985370203853	0.00010432737326482311	0.0003112036210950464	0.0009162945207208395	0.0014951226767152548	0.0006373776705004275
0.256	0.32	0.0001455573074053973	6.903237954247743e-05	0.004693747032433748	0.0005275080911815166	0.0013825985370203853	0.00010432737326482311	0.0002941385027952492	0.0008777888724580407	0.0014951226767152548	0.0006067866343073547
0.32	0.384	0.00014377647312358022	6.685000698780641e-05	0.005228724796324968	0.0005275080911815166	0.0016379818553104997	0.00010432737326482311	0.0002807696000672877	0.0008427686989307404	0.0015269519062712789	0.0005811310256831348
0.384	0.448	0.00014377647312358022	6.685000698780641e-05	0.0056291730143129826	0.0005275080911815166	0.0019096960313618183	0.0001057449117070064	0.0002715871960390359	0.0008275564759969711	0.0015696019399911165	0.0005564242019318044
0.448	0.512	0.00014377647312358022	6.405248859664425e-05	0.00630381191149354	0.0005275080911815166	0.0023079034872353077	0.00010689265764085576	0.00026582900318317115	0.0008275564759969711	0.0016301575815305114	0.0005383411189541221
0.512	0.576	0.00014377647312358022	6.293251499300823e-05	0.0067520118318498135	0.0005319767515175045	0.002886377274990082	0.00010700453276513144	0.00026007258566096425	0.0008275564759969711	0.0016884312499314547	0.0005383411189541221
