onset	offset	Alarm_bell_ringing	Blender	Cat	Dishes	Dog	Electric_shaver_toothbrush	Frying	Running_water	Speech	Vacuum_cleaner
0.0	0.064	0.0008738276083022356	0.007475721184164286	0.0009682396776042879	0.06515225768089294	0.0008541172719560564	0.00020524139108601958	0.01019815169274807	0.0016309765633195639	0.12774206697940826	0.0034400930162519217
0.064	0.128	0.0008738276083022356	0.007475721184164286	0.001068261917680502	0.06515225768089294	0.0008541172719560564	0.00020524139108601958	0.01019815169274807	0.0016309765633195639	0.12774206697940826	0.0034400930162519217
0.128	0.192	0.0011200016597285867	0.0048026274889707565	0.0012831331696361303	0.04668678343296051	0.0012536459835246205	0.0002253056736662984	0.010958247818052769	0.0013416671426966786	0.20907634496688843	0.0032423092052340508
0.192	0.256	0.0011200016597285867	0.002174084773287177	0.0012831331696361303	0.032346438616514206	0.0012536459835246205	0.0002253056736662984	0.010958247818052769	0.0013223390560597181	0.6225897073745728	0.0016873328713700175
0.256	0.32	0.0011200016597285867	0.00188051862642169	0.002177693648263812	0.028743011876940727	0.0016950557474046946	0.0002253056736662984	0.010958247818052769	0.001256888615898788	0.936801552772522	0.0012881511356681585
0.32	0.384	0.001256166840903461	0.0017829005373641849	0.0022192958276718855	0.028743011876940727	0.0016950557474046946	0.00029726186767220497	0.015402400866150856	0.0010730696376413107	0.9654302597045898	0.0010811161482706666
0.384	0.448	0.001379641704261303	0.0016766400076448917	0.0023581795394420624	0.028743011876940727	0.0016950557474046946	0.0003256816416978836	0.01780642382800579	0.0010296802502125502	0.9759621024131775	0.000922275532502681
0.448	0.512	0.0015332279726862907	0.0016759656136855483	0.0023581795394420624	0.028743011876940727	0.0016950557474046946	0.00035712073440663517	0.01952327787876129	0.0009837079560384154	0.9776620268821716	0.0007813240517862141
0.512	0.576	0.0017072854097932577	0.0014965955633670092	0.0022192958276718855	0.03086400032043457	0.0014139034319669008	0.0003767547896131873	0.022105494514107704	0.000879178405739367	0.9776620268821716	0.0006978159653954208
