onset	offset	Alarm_bell_ringing	Blender	Cat	Dishes	Dog	Electric_shaver_toothbrush	Frying	Running_water	Speech	Vacuum_cleaner
0.0	0.064	0.0021426232997328043	0.0012705237604677677	0.001171364332549274	0.004246820695698261	0.0010928560514003038	0.9181599020957947	0.0036053135991096497	0.0038315770216286182	0.0086932722479105	0.003891266882419586
0.064	0.128	0.002160207601264119	0.0012705237604677677	0.001171364332549274	0.004246820695698261	0.0010928560514003038	0.9181599020957947	0.0036053135991096497	0.0038315770216286182	0.0086932722479105	0.003891266882419586
0.128	0.192	0.002160207601264119	0.0010425279615446925	0.001069151796400547	0.0035287244245409966	0.0009349029278382659	0.934770405292511	0.0031282207928597927	0.0034278882667422295	0.00641903979703784	0.002945001469925046
0.192	0.256	0.0021426232997328043	0.0009700569789856672	0.0010297636035829782	0.003505776636302471	0.0008300960762426257	0.9521759152412415	0.0028925363440066576	0.0033876525703817606	0.0047935014590620995	0.002706259721890092
0.256	0.32	0.002076745731756091	0.0008517359965480864	0.000993008492514491	0.003193255513906479	0.0007838039891794324	0.9573740363121033	0.0026694985572248697	0.0033722873777151108	0.004412523936480284	0.002544514136388898
0.32	0.384	0.002024156739935279	0.0007947084377519786	0.0009872566442936659	0.002978957025334239	0.0007582335383631289	0.9601957201957703	0.002570320153608918	0.0033092047087848186	0.004412523936480284	0.002418649848550558
0.384	0.448	0.0020094660576432943	0.0007678735419176519	0.0009769612224772573	0.002802873495966196	0.0007519109058193862	0.9623149037361145	0.002526347292587161	0.0033092047087848186	0.004412523936480284	0.0022986705880612135
0.448	0.512	0.0018983895424753428	0.0007408980163745582	0.0009626219980418682	0.0026098345406353474	0.0007369167869910598	0.9634189009666443	0.0025077175814658403	0.0033092047087848186	0.004329378250986338	0.0021665855310857296
0.512	0.576	0.0017707549268379807	0.0006889461074024439	0.0009444921743124723	0.0024267779663205147	0.0006388004403561354	0.9642582535743713	0.0024526685010641813	0.003298825351521373	0.004304755944758654	0.0019941602367907763
