onset	offset	Alarm_bell_ringing	Blender	Cat	Dishes	Dog	Electric_shaver_toothbrush	Frying	Running_water	Speech	Vacuum_cleaner
0.0	0.064	0.9584857821464539	0.001561179873533547	0.016321497038006783	0.006510574370622635	0.0022710543125867844	0.0004307681228965521	0.0015623858198523521	0.005140540190041065	0.0042170193046331406	0.0026376405730843544
0.064	0.128	0.9584857821464539	0.0015156420413404703	0.010618417523801327	0.006510574370622635	0.0020868340507149696	0.0004307681228965521	0.0015623858198523521	0.004665286745876074	0.0042170193046331406	0.0026376405730843544
0.128	0.192	0.9855050444602966	0.0015156420413404703	0.007221398875117302	0.006155211944133043	0.0020868340507149696	0.0004595507343765348	0.0015459784772247076	0.004665286745876074	0.0042170193046331406	0.0014541223645210266
0.192	0.256	0.9855050444602966	0.0010347329080104828	0.007221398875117302	0.0033945548348128796	0.0016674662474542856	0.0004595507343765348	0.00073308713035658	0.0036798547953367233	0.004110522568225861	0.0006131618283689022
0.256	0.32	0.9855050444602966	0.0009706398122943938	0.00711749866604805	0.002457062480971217	0.0014520537806674838	0.0004595507343765348	0.00043313426431268454	0.002962240017950535	0.003926479257643223	0.0003897091664839536
0.32	0.384	0.9855050444602966	0.0009226996917277575	0.005368566606193781	0.0022104461677372456	0.0012413397198542953	0.0004595507343765348	0.00035999531974084675	0.002458952134475112	0.0037950919941067696	0.0003526992804836482
0.384	0.448	0.9875718355178833	0.0008932864293456078	0.003949107602238655	0.002173259388655424	0.0010498214978724718	0.0003785092558246106	0.0002729396219365299	0.001793882460333407	0.0032409655395895243	0.0003495350538287312
0.448	0.512	0.9875718355178833	0.0008762938668951392	0.0033265261445194483	0.0019827631767839193	0.0010498214978724718	0.0003785092558246106	0.0002596145204734057	0.001793882460333407	0.0032409655395895243	0.0003484157205093652
0.512	0.576	0.9875718355178833	0.0007542576058767736	0.0031394478864967823	0.0017829752760007977	0.0010498214978724718	0.0003785092558246106	0.00025597348576411605	0.001793882460333407	0.0032409655395895243	0.0003429221687838435
