onset	offset	Alarm_bell_ringing	Blender	Cat	Dishes	Dog	Electric_shaver_toothbrush	Frying	Running_water	Speech	Vacuum_cleaner
0.0	0.064	0.0030302745290100574	0.0016356814885511994	0.002687247935682535	0.0067175524309277534	0.007556321565061808	0.0037598907947540283	0.00942229200154543	0.0031226554419845343	0.060176603496074677	0.004545943345874548
0.064	0.128	0.0030302745290100574	0.0020908357109874487	0.0031339311972260475	0.0067175524309277534	0.017345046624541283	0.0037598907947540283	0.00942229200154543	0.002902246778830886	0.060176603496074677	0.004545943345874548
0.128	0.192	0.0030302745290100574	0.0030672478023916483	0.0031339311972260475	0.005957780871540308	0.017345046624541283	0.0037598907947540283	0.006950851529836655	0.002902246778830886	0.1957886666059494	0.003740717424079776
0.192	0.256	0.003030187916010618	0.002904496854171157	0.006800942122936249	0.005957780871540308	0.017972983419895172	0.0036243225913494825	0.005875364411622286	0.0026239778380841017	0.553925096988678	0.003715246682986617
0.256	0.32	0.0029848250560462475	0.0027563192415982485	0.008776879869401455	0.005957780871540308	0.029276911169290543	0.0032863535452634096	0.005535214673727751	0.0026049872394651175	0.6713507175445557	0.00368173117749393
0.32	0.384	0.0029523279517889023	0.0027636110316962004	0.008776879869401455	0.0058630118146538734	0.032573092728853226	0.0031900787726044655	0.005245152395218611	0.002587689785286784	0.7288431525230408	0.003642743919044733
0.384	0.448	0.0029848250560462475	0.002904496854171157	0.009473588317632675	0.005905338563024998	0.03317024186253548	0.0032863535452634096	0.005036213900893927	0.002587689785286784	0.7490413784980774	0.003537682816386223
0.448	0.512	0.003030187916010618	0.0030437230598181486	0.01061425544321537	0.005957780871540308	0.03397867828607559	0.003557289019227028	0.004813398700207472	0.002587689785286784	0.7656522989273071	0.003407233627513051
0.512	0.576	0.003072707448154688	0.0030437230598181486	0.010700353421270847	0.005962701980024576	0.037895627319812775	0.003557289019227028	0.004448531195521355	0.002587689785286784	0.8156732320785522	0.00338911940343678
