onset	offset	Alarm_bell_ringing	Blender	Cat	Dishes	Dog	Electric_shaver_toothbrush	Frying	Running_water	Speech	Vacuum_cleaner
0.0	0.064	0.0011904105776920915	0.00566448038443923	0.002016357146203518	0.0026676582638174295	0.006868534721434116	0.0009788936004042625	0.0018953995313495398	0.9579523801803589	0.008646960370242596	0.001013830304145813
0.064	0.128	0.0011904105776920915	0.00566448038443923	0.002016357146203518	0.0026676582638174295	0.006868534721434116	0.0009788936004042625	0.0018953995313495398	0.9579523801803589	0.008646960370242596	0.001013830304145813
0.128	0.192	0.0009636332979425788	0.005078757181763649	0.001502751256339252	0.0024241276551038027	0.006868534721434116	0.0007649331819266081	0.0014337615575641394	0.9643672108650208	0.007336124777793884	0.0008851341553963721
0.192	0.256	0.0007702297298237681	0.004332209471613169	0.0013549363939091563	0.002273774240165949	0.006566930096596479	0.0006612299475818872	0.001403928268700838	0.9669814705848694	0.006484296638518572	0.0007574303890578449
0.256	0.32	0.0007498643826693296	0.0035354176070541143	0.0012570040998980403	0.002082369290292263	0.006475587375462055	0.0005941021372564137	0.0013794807018712163	0.9725543260574341	0.006484296638518572	0.0006893277168273926
0.32	0.384	0.0007407953380607069	0.0035354176070541143	0.0012213308364152908	0.00183609570376575	0.006566930096596479	0.0005314116715453565	0.0013560394290834665	0.9783198833465576	0.006484296638518572	0.0006112896371632814
0.384	0.448	0.0007178365485742688	0.0035354176070541143	0.0012213308364152908	0.001729360781610012	0.006566930096596479	0.0004960820660926402	0.0012226070975884795	0.9800359606742859	0.006484296638518572	0.0005029799649491906
0.448	0.512	0.0007006219821050763	0.0035354176070541143	0.0012213308364152908	0.001729360781610012	0.006566930096596479	0.0004960820660926402	0.0011028338922187686	0.9800359606742859	0.006614364683628082	0.0004308149218559265
0.512	0.576	0.0007006219821050763	0.003570327302441001	0.0012213308364152908	0.001729360781610012	0.007688786368817091	0.0004960820660926402	0.0010747587075456977	0.9800359606742859	0.006789600942283869	0.00040414751856587827
