onset	offset	Alarm_bell_ringing	Blender	Cat	Dishes	Dog	Electric_shaver_toothbrush	Frying	Running_water	Speech	Vacuum_cleaner
0.0	0.064	0.005619786214083433	0.05537748336791992	0.0033640037290751934	0.0364181250333786	0.003900565207004547	0.004392701666802168	0.056832507252693176	0.0040072910487651825	0.22455212473869324	0.03119521588087082
0.064	0.128	0.005619786214083433	0.05439375340938568	0.0033640037290751934	0.031912051141262054	0.004072324372828007	0.004392701666802168	0.056832507252693176	0.004035100340843201	0.22455212473869324	0.03119521588087082
0.128	0.192	0.005390768405050039	0.05439375340938568	0.004326322581619024	0.0315791517496109	0.005019220523536205	0.004075853154063225	0.056832507252693176	0.004035100340843201	0.3329710066318512	0.02472744509577751
0.192	0.256	0.005390768405050039	0.050021544098854065	0.004326322581619024	0.0315791517496109	0.005019220523536205	0.003926913253962994	0.05392250046133995	0.004391693975776434	0.5703304409980774	0.024242179468274117
0.256	0.32	0.005390768405050039	0.04680158942937851	0.004326322581619024	0.02801794558763504	0.005019220523536205	0.0038229506462812424	0.049194250255823135	0.004923769738525152	0.8131198883056641	0.02382824383676052
0.32	0.384	0.005390768405050039	0.04284403473138809	0.004337863065302372	0.027660708874464035	0.005497725680470467	0.0037603946402668953	0.03916697949171066	0.005030451808124781	0.9352520108222961	0.02361767180263996
0.384	0.448	0.006935957819223404	0.04206036031246185	0.004339768551290035	0.027096865698695183	0.006539992988109589	0.0037603946402668953	0.03788161277770996	0.005040103103965521	0.9713253974914551	0.02314838021993637
0.448	0.512	0.006935957819223404	0.04206036031246185	0.004339768551290035	0.026575127616524696	0.0066683245822787285	0.0037603946402668953	0.03733987733721733	0.005107868928462267	0.9803510308265686	0.02314838021993637
0.512	0.576	0.006935957819223404	0.04206036031246185	0.004339768551290035	0.026575127616524696	0.0066683245822787285	0.0038229506462812424	0.03733987733721733	0.0051513295620679855	0.9829325675964355	0.02314838021993637
