onset	offset	Alarm_bell_ringing	Blender	Cat	Dishes	Dog	Electric_shaver_toothbrush	Frying	Running_water	Speech	Vacuum_cleaner
0.0	0.064	0.005151474382728338	0.019136402755975723	0.0050591290928423405	0.002251248573884368	0.0024292042944580317	0.031151387840509415	0.011984541080892086	0.007050309795886278	0.008401148021221161	0.912660539150238
0.064	0.128	0.005151474382728338	0.019136402755975723	0.006001592613756657	0.002251248573884368	0.0024292042944580317	0.0333334282040596	0.011984541080892086	0.007050309795886278	0.008401148021221161	0.912660539150238
0.128	0.192	0.0033552260138094425	0.015813130885362625	0.006001592613756657	0.0019322019070386887	0.0024036543909460306	0.0333334282040596	0.009988430887460709	0.006230948958545923	0.007416028529405594	0.9198135137557983
0.192	0.256	0.0027057670522481203	0.013501407578587532	0.005241156090050936	0.001853437745012343	0.0023609912022948265	0.03166992962360382	0.00958119798451662	0.005746455863118172	0.0072539919055998325	0.9209437966346741
0.256	0.32	0.0023485783021897078	0.012090830132365227	0.0050591290928423405	0.0018133034463971853	0.002315121702849865	0.031151387840509415	0.00958119798451662	0.00543509004637599	0.007076837122440338	0.9212084412574768
0.32	0.384	0.0020086714066565037	0.01105475053191185	0.0050591290928423405	0.0017351493006572127	0.0023102269042283297	0.031151387840509415	0.00958119798451662	0.005146979354321957	0.0069168065674602985	0.9212663173675537
0.384	0.448	0.001753567485138774	0.0102467592805624	0.004481965210288763	0.0016700529959052801	0.002315121702849865	0.029887709766626358	0.00958119798451662	0.004945197608321905	0.006383431609719992	0.9213378429412842
0.448	0.512	0.0015938514843583107	0.009668206796050072	0.004103139042854309	0.0016398761654272676	0.002325347624719143	0.028740156441926956	0.009604747407138348	0.004799975082278252	0.006010169629007578	0.9213378429412842
0.512	0.576	0.0014924934366717935	0.009219804778695107	0.0038221897557377815	0.0016398761654272676	0.0023102269042283297	0.027823269367218018	0.009699801914393902	0.004680876154452562	0.005778942257165909	0.9212862253189087
