onset	offset	Alarm_bell_ringing	Blender	Cat	Dishes	Dog	Electric_shaver_toothbrush	Frying	Running_water	Speech	Vacuum_cleaner
0.0	0.064	0.0025500052142888308	0.0017685729544609785	0.005940210539847612	0.011123303323984146	0.832855224609375	0.002240964211523533	0.003787945257499814	0.0041594007052481174	0.2672651708126068	0.004595892038196325
0.064	0.128	0.0023851979058235884	0.0017685729544609785	0.005940210539847612	0.007031457033008337	0.832855224609375	0.0014065424911677837	0.00257952231913805	0.0036449043545871973	0.2223704308271408	0.004595892038196325
0.128	0.192	0.0023851979058235884	0.0020534065552055836	0.005326513200998306	0.006928168702870607	0.9145340919494629	0.0014065424911677837	0.00257952231913805	0.0036449043545871973	0.2223704308271408	0.00381167558953166
0.192	0.256	0.00219367747195065	0.002134594600647688	0.005326513200998306	0.006928168702870607	0.9145340919494629	0.001370547921396792	0.0017061966937035322	0.0033461209386587143	0.18564724922180176	0.002867139410227537
0.256	0.32	0.00219367747195065	0.002188298152759671	0.005326513200998306	0.0053662704303860664	0.9145340919494629	0.0010700882412493229	0.001084783230908215	0.0024461313150823116	0.1557183563709259	0.0021649564150720835
0.32	0.384	0.00219367747195065	0.0022175617050379515	0.004825721960514784	0.004057978745549917	0.9145340919494629	0.0009669786086305976	0.0008463111589662731	0.0016593000618740916	0.1504470854997635	0.002135803457349539
0.384	0.448	0.00219367747195065	0.0022175617050379515	0.003957318142056465	0.003574300790205598	0.8577262163162231	0.0008174988906830549	0.0007507323171012104	0.0012499266304075718	0.1504431813955307	0.002105622086673975
0.448	0.512	0.002607804723083973	0.0025823074392974377	0.003957318142056465	0.003562410594895482	0.8440521359443665	0.0007274248055182397	0.0007507323171012104	0.001068431418389082	0.12497792392969131	0.0020495590288192034
0.512	0.576	0.002607804723083973	0.0025823074392974377	0.003957318142056465	0.003562410594895482	0.8440521359443665	0.0007274248055182397	0.0007507323171012104	0.001054933643899858	0.10077033191919327	0.0019402188481763005
