onset	offset	Alarm_bell_ringing	Blender	Cat	Dishes	Dog	Electric_shaver_toothbrush	Frying	Running_water	Speech	Vacuum_cleaner
0.0	0.064	0.0024798125959932804	0.6512225270271301	0.0017750408733263612	0.019649051129817963	0.001283545047044754	0.0007157110376283526	0.0010183058911934495	0.0012345261638984084	0.11451219022274017	0.01850808411836624
0.064	0.128	0.002941081067547202	0.6548671126365662	0.0017750408733263612	0.019649051129817963	0.001283545047044754	0.0008179032010957599	0.0010183058911934495	0.0012543417979031801	0.11451219022274017	0.01850808411836624
0.128	0.192	0.00296366261318326	0.6548671126365662	0.0017838571220636368	0.019428957253694534	0.0010282080620527267	0.00106939731631428	0.0009326125145889819	0.001337727066129446	0.08215652406215668	0.014860899187624454
0.192	0.256	0.002941081067547202	0.6833661794662476	0.0017838571220636368	0.01474363636225462	0.0007381956675089896	0.00106939731631428	0.0008115731761790812	0.001337727066129446	0.04603291675448418	0.014332172460854053
0.256	0.32	0.0029032693710178137	0.7542385458946228	0.0017838571220636368	0.013529781252145767	0.000544743612408638	0.00106939731631428	0.0005981449503451586	0.001383336028084159	0.041096460074186325	0.014148243702948093
0.32	0.384	0.0029032693710178137	0.7823655605316162	0.0017838571220636368	0.012650849297642708	0.0005205756169743836	0.0010782531462609768	0.0005583952879533172	0.001383336028084159	0.040592219680547714	0.013828111812472343
0.384	0.448	0.0029032693710178137	0.8049174547195435	0.0015774403000250459	0.012540928088128567	0.0005074326181784272	0.0010782531462609768	0.0004931339644826949	0.0014122098218649626	0.04048622399568558	0.013828111812472343
0.448	0.512	0.002878465922549367	0.8236645460128784	0.0013542893575504422	0.012498036026954651	0.0005074326181784272	0.0010782531462609768	0.0004869353724643588	0.0015734857879579067	0.033046599477529526	0.014332172460854053
0.512	0.576	0.0020451312884688377	0.8307298421859741	0.0010417620651423931	0.010741661302745342	0.0004984285333193839	0.0010782531462609768	0.00045510262134484947	0.0014787741238251328	0.03208133205771446	0.013265769928693771
