onset	offset	Alarm_bell_ringing	Blender	Cat	Dishes	Dog	Electric_shaver_toothbrush	Frying	Running_water	Speech	Vacuum_cleaner
0.0	0.064	0.0011873602634295821	0.00020765268709510565	0.000270441232714802	0.0004283188609406352	0.0002382003585807979	0.00011750288103939965	0.00026889913715422153	0.0009253993630409241	0.0017661064630374312	0.000605830573476851
0.064	0.128	0.0011873602634295821	0.00020765268709510565	0.000270441232714802	0.0004283188609406352	0.0002382003585807979	0.00011750288103939965	0.00026889913715422153	0.0009253993630409241	0.0017661064630374312	0.000605830573476851
0.128	0.192	0.0011557312682271004	0.00018965121125802398	0.00026044927653856575	0.0004095202311873436	0.0002382003585807979	0.0001165882422355935	0.00024842520360834897	0.0008110211929306388	0.0016838527517393231	0.0005289536202326417
0.192	0.256	0.0011557312682271004	0.0001818446471588686	0.00026044927653856575	0.0003720934910234064	0.00023785402299836278	0.00011435845226515085	0.00022714424994774163	0.0007529634749516845	0.001681624329648912	0.0004618728125933558
0.256	0.32	0.0011557312682271004	0.00017940167163033038	0.00026044927653856575	0.0003388666664250195	0.00023785402299836278	0.00011195853585377336	0.00021375299547798932	0.0007088538259267807	0.001681624329648912	0.00042486938764341176
0.32	0.384	0.0011557312682271004	0.0001698689884506166	0.00026044927653856575	0.0003315901558380574	0.0002382003585807979	0.00011159944551764056	0.00020404160022735596	0.0007088538259267807	0.001681624329648912	0.0004077122430317104
0.384	0.448	0.001179694663733244	0.00016483974468428642	0.00026669949875213206	0.00032950277091003954	0.00024007452884688973	0.00011119736882392317	0.000196929118828848	0.0007088538259267807	0.0016838527517393231	0.00039325826219283044
0.448	0.512	0.001215584110468626	0.00016138430510181934	0.000268158211838454	0.00032925530103966594	0.00024007452884688973	0.00011091176565969363	0.00019686300947796553	0.0007088538259267807	0.001706955605186522	0.00038919257349334657
0.512	0.576	0.0012471196241676807	0.00015902056475169957	0.0002693330170586705	0.00032925530103966594	0.0002410403685644269	0.00011060010001529008	0.000196253924514167	0.0007233694195747375	0.0017239699373021722	0.00038749922532588243
