onset	offset	Alarm_bell_ringing	Blender	Cat	Dishes	Dog	Electric_shaver_toothbrush	Frying	Running_water	Speech	Vacuum_cleaner
0.0	0.064	0.006911371368914843	0.018253732472658157	0.005074554588645697	0.006158841773867607	0.01953292079269886	0.0012631044955924153	0.0011928236344829202	0.0018508142093196511	0.16206711530685425	0.0017089408356696367
0.064	0.128	0.007418496534228325	0.018253732472658157	0.005074554588645697	0.006158841773867607	0.01953292079269886	0.0012631044955924153	0.0011564729502424598	0.0018508142093196511	0.16206711530685425	0.0017089408356696367
0.128	0.192	0.007418496534228325	0.026799336075782776	0.010420058853924274	0.010399105027318	0.028219575062394142	0.001330739469267428	0.0011564729502424598	0.001767145935446024	0.3865457773208618	0.0010947473347187042
0.192	0.256	0.007418496534228325	0.026799336075782776	0.015014952048659325	0.010399105027318	0.033818863332271576	0.001377704436890781	0.0011151188518851995	0.0017428817227482796	0.5252006649971008	0.0006538432789966464
0.256	0.32	0.006911371368914843	0.026799336075782776	0.02052735723555088	0.010399105027318	0.039405882358551025	0.0014522665878757834	0.0009484044858254492	0.001594659173861146	0.6239153146743774	0.00047079139039851725
0.32	0.384	0.006911371368914843	0.026799336075782776	0.02433507889509201	0.010399105027318	0.039563197642564774	0.0014522665878757834	0.0008283127681352198	0.0014859882649034262	0.6239153146743774	0.0003755420621018857
0.384	0.448	0.006857988424599171	0.028888357803225517	0.025897758081555367	0.010075455531477928	0.0422220416367054	0.001377704436890781	0.0008057476952672005	0.0012781145051121712	0.6239153146743774	0.0003092232800554484
0.448	0.512	0.005862669553607702	0.028888357803225517	0.025897758081555367	0.009517512284219265	0.04373088479042053	0.001377704436890781	0.0007951690349727869	0.0012781145051121712	0.6239153146743774	0.00025692363851703703
0.512	0.576	0.005103039555251598	0.028888357803225517	0.025897758081555367	0.008264484815299511	0.04629036411643028	0.0013574491022154689	0.0007741111912764609	0.0012781145051121712	0.6100758910179138	0.00023950546164996922
