onset	offset	Alarm_bell_ringing	Blender	Cat	Dishes	Dog	Electric_shaver_toothbrush	Frying	Running_water	Speech	Vacuum_cleaner
0.0	0.064	0.0009807550814002752	0.0023834456223994493	0.0008455796050839126	0.0007595380302518606	0.0017414363101124763	0.6835833787918091	0.0015726133715361357	0.0016742757288739085	0.0036180412862449884	0.2519952952861786
0.064	0.128	0.0009807550814002752	0.0023834456223994493	0.0008455796050839126	0.0007595380302518606	0.0017414363101124763	0.6992067098617554	0.0015726133715361357	0.0016742757288739085	0.0036180412862449884	0.2519952952861786
0.128	0.192	0.0009006920736283064	0.0014811940491199493	0.000766086159273982	0.000671919493470341	0.0014071332989260554	0.6992067098617554	0.0014695500722154975	0.0013821942266076803	0.0033318756613880396	0.19791053235530853
0.192	0.256	0.0009006920736283064	0.0011417876230552793	0.0007494678720831871	0.0006570102414116263	0.0014071332989260554	0.7388712763786316	0.0013422665651887655	0.001324242795817554	0.003321854630485177	0.1609075516462326
0.256	0.32	0.0009006920736283064	0.0010024785296991467	0.0006956228171475232	0.0006210861029103398	0.0014071332989260554	0.788096010684967	0.0011972659267485142	0.0013057626783847809	0.0033129435032606125	0.13863180577754974
0.32	0.384	0.0009006920736283064	0.0010024785296991467	0.0006645030225627124	0.0005656071589328349	0.0014071332989260554	0.8132531046867371	0.0010878759203478694	0.0012790425680577755	0.0033129435032606125	0.12349429726600647
0.384	0.448	0.0009545670473016798	0.0010024785296991467	0.0006501395837403834	0.0005307662067934871	0.0015098742442205548	0.8201371431350708	0.0010274720843881369	0.001210384420119226	0.003321854630485177	0.11570349335670471
0.448	0.512	0.0009949299274012446	0.0010024785296991467	0.0006398652330972254	0.0005015602218918502	0.0015973038971424103	0.8201371431350708	0.0009949271334335208	0.0011295897420495749	0.0033318756613880396	0.1120230183005333
0.512	0.576	0.001011539832688868	0.0010106218978762627	0.0006305606802925467	0.0004676477692555636	0.001658454304561019	0.8201371431350708	0.000981985474936664	0.0010329540818929672	0.0033402214758098125	0.11054972559213638
