onset	offset	Alarm_bell_ringing	Blender	Cat	Dishes	Dog	Electric_shaver_toothbrush	Frying	Running_water	Speech	Vacuum_cleaner
0.0	0.064	0.9914400577545166	0.0005493477219715714	0.0011239037849009037	0.003595886053517461	0.0012603639625012875	0.0004424868675414473	0.0003412662190385163	0.0018830146873369813	0.005337544251233339	0.0004705605679191649
0.064	0.128	0.9914400577545166	0.0005493477219715714	0.0011239037849009037	0.003595886053517461	0.0012603639625012875	0.0004424868675414473	0.0003412662190385163	0.0018830146873369813	0.005337544251233339	0.0004705605679191649
0.128	0.192	0.9939696788787842	0.0005245333886705339	0.0009657471091486514	0.0021932933013886213	0.0010258982656523585	0.0003181778301950544	0.0003013529349118471	0.0013609571615234017	0.004638786893337965	0.00033033691579476
0.192	0.256	0.9945488572120667	0.0005046138539910316	0.0008582816808484495	0.001754651078954339	0.0009829102782532573	0.0002680817851796746	0.000257231731666252	0.0012357637751847506	0.0042635309509932995	0.0002870521566364914
0.256	0.32	0.9947119951248169	0.00048492138739675283	0.0008306839736178517	0.0015666470862925053	0.0009466466726735234	0.0002591228985693306	0.0002271707053296268	0.0011960125993937254	0.004002210684120655	0.0002651367394719273
0.32	0.384	0.994792640209198	0.0004692065413109958	0.0008305280935019255	0.001459705294109881	0.0009333061752840877	0.0002578686980996281	0.00020716067228931934	0.0011916941730305552	0.0038300943560898304	0.00025120237842202187
0.384	0.448	0.9950483441352844	0.0004531485610641539	0.0008084305445663631	0.0014105982845649123	0.0009210302960127592	0.0002524489536881447	0.00019948095723520964	0.0011708117090165615	0.0037943620700389147	0.00023460507509298623
0.448	0.512	0.995185911655426	0.0004431265697348863	0.0007657249225303531	0.0013582108076661825	0.0009126685908995569	0.00024236473836936057	0.0001908195554278791	0.001163171953521669	0.0037883592303842306	0.00021975611161906272
0.512	0.576	0.9951991438865662	0.00044114780030213296	0.0007553771138191223	0.0013257425744086504	0.000903168402146548	0.00023497604706790298	0.0001844842336140573	0.0011569925118237734	0.0037212364841252565	0.00021108562941662967
