onset	offset	Alarm_bell_ringing	Blender	Cat	Dishes	Dog	Electric_shaver_toothbrush	Frying	Running_water	Speech	Vacuum_cleaner
0.0	0.064	0.0025932230055332184	0.0010000603506341577	0.002240958623588085	0.01544275227934122	0.0009120100876316428	0.00024055501853581518	0.006697109900414944	0.0007695283275097609	0.003757501719519496	0.0005269698449410498
0.064	0.128	0.0025932230055332184	0.0010000603506341577	0.002240958623588085	0.01544275227934122	0.0009120100876316428	0.00024055501853581518	0.006697109900414944	0.0007695283275097609	0.003757501719519496	0.0005269698449410498
0.128	0.192	0.0019444209756329656	0.0007949155406095088	0.0018342493567615747	0.01268728170543909	0.000771937717217952	0.00020891854364890605	0.005933558102697134	0.000707921280991286	0.003296663984656334	0.00044570586760528386
0.192	0.256	0.0015143494820222259	0.0006766984006389976	0.0018342493567615747	0.009811767376959324	0.000771937717217952	0.00018467781774234027	0.0049832649528980255	0.0006210248684510589	0.002770179184153676	0.0003793842042796314
0.256	0.32	0.001273788744583726	0.0006766984006389976	0.0018342493567615747	0.009811767376959324	0.000771937717217952	0.00018467781774234027	0.004419200588017702	0.0005745782982558012	0.002770179184153676	0.00031868909718468785
0.32	0.384	0.0012550479732453823	0.0006766984006389976	0.0018342493567615747	0.009811767376959324	0.000771937717217952	0.00018467781774234027	0.003960840404033661	0.0005745782982558012	0.002770179184153676	0.0002931849448941648
0.384	0.448	0.0012550479732453823	0.0006766984006389976	0.0018875414971262217	0.009811767376959324	0.0007845841464586556	0.00018467781774234027	0.003688099794089794	0.0005745782982558012	0.002770179184153676	0.0002872925251722336
0.448	0.512	0.0012550479732453823	0.000756269961129874	0.002315906109288335	0.029235145077109337	0.0011719262693077326	0.0001952226011781022	0.0035879195202142	0.0005745782982558012	0.004108838737010956	0.0002759936614893377
0.512	0.576	0.0012550479732453823	0.000756269961129874	0.002315906109288335	0.03268199414014816	0.001663098344579339	0.0002555930404923856	0.003350069746375084	0.0005550840869545937	0.004108838737010956	0.00023251872335094959
