onset	offset	Alarm_bell_ringing	Blender	Cat	Dishes	Dog	Electric_shaver_toothbrush	Frying	Running_water	Speech	Vacuum_cleaner
0.0	0.064	0.00906765554100275	0.00900780688971281	0.0038883250672370195	0.08473695069551468	0.006361945532262325	0.0022157770581543446	0.011865475215017796	0.004183582961559296	0.9724625945091248	0.002811362501233816
0.064	0.128	0.00906765554100275	0.00900780688971281	0.003919724375009537	0.08473695069551468	0.00762650603428483	0.0022157770581543446	0.011865475215017796	0.00461359741166234	0.9724625945091248	0.002811362501233816
0.128	0.192	0.009073887951672077	0.011239498853683472	0.003919724375009537	0.11427067220211029	0.00762650603428483	0.0021833416540175676	0.011865475215017796	0.00461359741166234	0.9715117812156677	0.0026102494448423386
0.192	0.256	0.021715929731726646	0.011239498853683472	0.009440400637686253	0.663378119468689	0.00850349199026823	0.0021833416540175676	0.011163861490786076	0.007403893396258354	0.8816846013069153	0.0018722472013905644
0.256	0.32	0.021715929731726646	0.009683797135949135	0.010873503051698208	0.7652581334114075	0.009666386060416698	0.0021833416540175676	0.011081411503255367	0.00786178931593895	0.7467708587646484	0.0012052652891725302
0.32	0.384	0.021715929731726646	0.009683797135949135	0.010873503051698208	0.7652581334114075	0.009666386060416698	0.0019811757374554873	0.007184891030192375	0.00786178931593895	0.5987112522125244	0.0010313050588592887
0.384	0.448	0.021715929731726646	0.009683797135949135	0.010873503051698208	0.7652581334114075	0.009666386060416698	0.0019010721007362008	0.005349617917090654	0.00786178931593895	0.5354400277137756	0.0009338097297586501
0.448	0.512	0.017923858016729355	0.009683797135949135	0.010873503051698208	0.7652581334114075	0.009666386060416698	0.001828651176765561	0.004240020643919706	0.00786178931593895	0.5335600972175598	0.0009062811150215566
0.512	0.576	0.014814233407378197	0.007934791967272758	0.006690829060971737	0.6081132888793945	0.007176392246037722	0.0015830050688236952	0.0036045738961547613	0.006355284713208675	0.4690082371234894	0.0009037640411406755
