onset	offset	Alarm_bell_ringing	Blender	Cat	Dishes	Dog	Electric_shaver_toothbrush	Frying	Running_water	Speech	Vacuum_cleaner
0.0	0.064	0.050567809492349625	0.17035503685474396	0.005033591296523809	0.04670257866382599	0.46265700459480286	0.029498429968953133	0.013809891417622566	0.037669528275728226	0.6196078658103943	0.005565882660448551
0.064	0.128	0.050567809492349625	0.17035503685474396	0.005033591296523809	0.04670257866382599	0.46265700459480286	0.029498429968953133	0.013809891417622566	0.03439747169613838	0.6196078658103943	0.005565882660448551
0.128	0.192	0.05026346445083618	0.15448027849197388	0.006046152673661709	0.030423369258642197	0.5039460062980652	0.022509731352329254	0.015507999807596207	0.03439747169613838	0.6551384329795837	0.004128773231059313
0.192	0.256	0.05026346445083618	0.12668775022029877	0.009189855307340622	0.030423369258642197	0.5846465826034546	0.020058423280715942	0.015507999807596207	0.03409641236066818	0.6824232935905457	0.003752029500901699
0.256	0.32	0.05026346445083618	0.12668775022029877	0.012655866332352161	0.030423369258642197	0.6899896860122681	0.018723953515291214	0.015507999807596207	0.032121676951646805	0.6871195435523987	0.0037392941303551197
0.32	0.384	0.05026346445083618	0.12400645017623901	0.015087457373738289	0.026110462844371796	0.7821681499481201	0.018591297790408134	0.015507999807596207	0.032121676951646805	0.6876854300498962	0.0035599758848547935
0.384	0.448	0.06539826840162277	0.11841107159852982	0.016738126054406166	0.02350398153066635	0.8212898969650269	0.018591297790408134	0.014527581632137299	0.032121676951646805	0.7022445201873779	0.003519252175465226
0.448	0.512	0.06539826840162277	0.11731195449829102	0.016738126054406166	0.02350398153066635	0.8718199729919434	0.01818377524614334	0.014492112211883068	0.032121676951646805	0.7031417489051819	0.002973484108224511
0.512	0.576	0.06539826840162277	0.10438255220651627	0.015087457373738289	0.02350398153066635	0.9218804836273193	0.01652616262435913	0.013491655699908733	0.032121676951646805	0.7097300887107849	0.0027428532484918833
