onset	offset	Alarm_bell_ringing	Blender	Cat	Dishes	Dog	Electric_shaver_toothbrush	Frying	Running_water	Speech	Vacuum_cleaner
0.0	0.064	0.00032687518978491426	0.0002508735051378608	0.008616208098828793	0.0017555300146341324	0.0022867240477353334	0.0002311914722668007	0.000685931125190109	0.0014295493019744754	0.004491315223276615	0.0012392292264848948
0.064	0.128	0.00032687518978491426	0.0002534918312449008	0.009294996969401836	0.0018151616677641869	0.0024853909853845835	0.0002311914722668007	0.000685931125190109	0.0014295493019744754	0.004807986319065094	0.0012392292264848948
0.128	0.192	0.000307429872918874	0.0002534918312449008	0.009294996969401836	0.0018624620279297233	0.0030601739417761564	0.00023048870207276195	0.000685931125190109	0.0014295493019744754	0.004807986319065094	0.001123430673032999
0.192	0.256	0.000307429872918874	0.0002534918312449008	0.010273085907101631	0.0018624620279297233	0.0030601739417761564	0.00023048870207276195	0.000685931125190109	0.0014295493019744754	0.005937063135206699	0.001036928966641426
0.256	0.32	0.00028459797613322735	0.0002534918312449008	0.012630158104002476	0.0018151616677641869	0.0030601739417761564	0.00023048870207276195	0.000685931125190109	0.0014295493019744754	0.008327866904437542	0.0009869486093521118
0.32	0.384	0.00027726145344786346	0.0002536734100431204	0.027647167444229126	0.0018151616677641869	0.006778711453080177	0.00023048870207276195	0.0006680179503746331	0.001345755299553275	0.017362821847200394	0.0009149221586994827
0.384	0.448	0.00026194346719421446	0.0002665393694769591	0.10628500580787659	0.0018151616677641869	0.020698195323348045	0.0002384912222623825	0.0006680179503746331	0.001345755299553275	0.03344222158193588	0.0008234830456785858
0.448	0.512	0.000258399813901633	0.0002665393694769591	0.1483546644449234	0.0015503567410632968	0.029913926497101784	0.0002384912222623825	0.0006680179503746331	0.001345755299553275	0.0403311513364315	0.0005694924620911479
0.512	0.576	0.00021372242190409452	0.00027078596758656204	0.1483546644449234	0.0015503567410632968	0.033920299261808395	0.00024610516265966	0.0006680179503746331	0.0012778345262631774	0.040361449122428894	0.0005013665650039911
