onset	offset	Alarm_bell_ringing	Blender	Cat	Dishes	Dog	Electric_shaver_toothbrush	Frying	Running_water	Speech	Vacuum_cleaner
0.0	0.064	0.004831876140087843	0.0031777690164744854	0.002823137678205967	0.02186541259288788	0.002700813813135028	0.0007035579765215516	0.02606808766722679	0.004649598617106676	0.888447642326355	0.011742186732590199
0.064	0.128	0.005449990276247263	0.0033510110806673765	0.0031554398592561483	0.02186541259288788	0.002700813813135028	0.0007035579765215516	0.02606808766722679	0.005014105699956417	0.888447642326355	0.011742186732590199
0.128	0.192	0.005536185577511787	0.0033510110806673765	0.0031771480571478605	0.02090548165142536	0.003517120610922575	0.0007418073364533484	0.024647558107972145	0.005014105699956417	0.9683139324188232	0.008797709830105305
0.192	0.256	0.005536185577511787	0.003248704830184579	0.0031771480571478605	0.02090548165142536	0.004545861389487982	0.0007901117787696421	0.024261971935629845	0.004932379350066185	0.9832819104194641	0.006686247885227203
0.256	0.32	0.005536185577511787	0.0032313771080225706	0.0031771480571478605	0.02090548165142536	0.004545861389487982	0.0007975769112817943	0.02279737778007984	0.004839442204684019	0.9855404496192932	0.005739460699260235
0.32	0.384	0.005628868937492371	0.0032313771080225706	0.0031863267067819834	0.020814204588532448	0.004545861389487982	0.0008188866195268929	0.021496929228305817	0.004839442204684019	0.9862225651741028	0.005255826748907566
0.384	0.448	0.005698467139154673	0.0032313771080225706	0.0031863267067819834	0.020814204588532448	0.004545861389487982	0.0008220776217058301	0.021496929228305817	0.004839442204684019	0.9868378043174744	0.004895021673291922
0.448	0.512	0.005698467139154673	0.0031330049969255924	0.0031863267067819834	0.020814204588532448	0.004514564294368029	0.0008220776217058301	0.021496929228305817	0.004713497124612331	0.9868378043174744	0.004659196827560663
0.512	0.576	0.005698467139154673	0.002842957153916359	0.0031863267067819834	0.02045452408492565	0.00446670688688755	0.0008220776217058301	0.021496929228305817	0.004665096290409565	0.9868378043174744	0.0045577059499919415
