onset	offset	Alarm_bell_ringing	Blender	Cat	Dishes	Dog	Electric_shaver_toothbrush	Frying	Running_water	Speech	Vacuum_cleaner
0.0	0.064	0.9924286007881165	0.0005288571119308472	0.0014560449635609984	0.004273831378668547	0.0015053392853587866	0.00043267541332170367	0.00038454969762824476	0.0016900444170460105	0.007175573613494635	0.0006663034437224269
0.064	0.128	0.9924286007881165	0.0005261327023617923	0.0014560449635609984	0.004273831378668547	0.0015053392853587866	0.00043267541332170367	0.00038454969762824476	0.0016900444170460105	0.007145402953028679	0.0006663034437224269
0.128	0.192	0.995701253414154	0.0005261327023617923	0.0010919059859588742	0.0024301058147102594	0.0013313802191987634	0.00037380645517259836	0.0002867020375560969	0.0014829201390966773	0.007145402953028679	0.00036744310637004673
0.192	0.256	0.9964572787284851	0.0005261327023617923	0.001012269640341401	0.0016581985400989652	0.0012574974680319428	0.00034792875521816313	0.00020188464259263128	0.001420816290192306	0.006978986784815788	0.0002899213577620685
0.256	0.32	0.9965483546257019	0.0005261327023617923	0.0008164887549355626	0.0014040545793250203	0.0012514264089986682	0.00032740351161919534	0.00019074058218393475	0.001295439200475812	0.0062596434727311134	0.00026169681223109365
0.32	0.384	0.9966399669647217	0.0005288571119308472	0.0007119241054169834	0.0013969504507258534	0.0012269526487216353	0.0003120363980997354	0.00019074058218393475	0.0012168149696663022	0.005539518315345049	0.00024991543614305556
0.384	0.448	0.9967836141586304	0.000550667813513428	0.0006772316410206258	0.001388049335218966	0.0011785888345912099	0.00030084283207543194	0.00019074058218393475	0.0011639733565971255	0.005174214020371437	0.00024425002629868686
0.448	0.512	0.9969024062156677	0.000582624226808548	0.0006680007791146636	0.0013814297271892428	0.0011785888345912099	0.00029150897171348333	0.00018071646627504379	0.0011639733565971255	0.004949470050632954	0.0002395274059381336
0.512	0.576	0.9969857335090637	0.000582624226808548	0.0006649867282249033	0.0013584211701527238	0.0011785888345912099	0.0002906697627622634	0.00018071646627504379	0.0011639733565971255	0.004949470050632954	0.00023466837592422962
