onset	offset	Alarm_bell_ringing	Blender	Cat	Dishes	Dog	Electric_shaver_toothbrush	Frying	Running_water	Speech	Vacuum_cleaner
0.0	0.064	0.18408441543579102	0.005232171155512333	0.0029642432928085327	0.00990207027643919	0.004372342489659786	0.008999808691442013	0.012945582158863544	0.00338264019228518	0.0071662412956357	0.002767205936834216
0.064	0.128	0.18408441543579102	0.005232171155512333	0.0029035499319434166	0.00990207027643919	0.004372342489659786	0.008874282240867615	0.012945582158863544	0.00338264019228518	0.0071662412956357	0.002767205936834216
0.128	0.192	0.17787064611911774	0.004279338289052248	0.0029035499319434166	0.007961479015648365	0.003933683969080448	0.008874282240867615	0.011396453715860844	0.0031607404816895723	0.00615055812522769	0.0027202994097024202
0.192	0.256	0.17787064611911774	0.004279338289052248	0.0029035499319434166	0.007961479015648365	0.003201279556378722	0.008874282240867615	0.010837784968316555	0.002994770184159279	0.005007615312933922	0.0027202994097024202
0.256	0.32	0.17787064611911774	0.004279338289052248	0.0029035499319434166	0.007961479015648365	0.002033026423305273	0.008874282240867615	0.009263640269637108	0.002994770184159279	0.005007615312933922	0.0027202994097024202
0.32	0.384	0.17787064611911774	0.004279338289052248	0.0029499116353690624	0.007961479015648365	0.0019486377714201808	0.009133306331932545	0.009260489605367184	0.002994770184159279	0.005007615312933922	0.0027202994097024202
0.384	0.448	0.23222899436950684	0.007370554376393557	0.0029499116353690624	0.00903322920203209	0.0015910350484773517	0.009133306331932545	0.009260489605367184	0.002994770184159279	0.005007615312933922	0.0027202994097024202
0.448	0.512	0.5597845911979675	0.007758377585560083	0.004890568554401398	0.010613935068249702	0.0015910350484773517	0.00914194155484438	0.009260489605367184	0.004958484321832657	0.005673022009432316	0.0027202994097024202
0.512	0.576	0.6528399586677551	0.008130205795168877	0.005092333536595106	0.010613935068249702	0.0015910350484773517	0.009636281989514828	0.009260489605367184	0.00509691284969449	0.005773668177425861	0.0027202994097024202
