onset	offset	Alarm_bell_ringing	Blender	Cat	Dishes	Dog	Electric_shaver_toothbrush	Frying	Running_water	Speech	Vacuum_cleaner
0.0	0.064	0.0010508752893656492	0.005953726824373007	0.002564019989222288	0.01112443022429943	0.002273343736305833	0.0008779345080256462	0.03724440932273865	0.016034338623285294	0.013047552667558193	0.004339894279837608
0.064	0.128	0.0010508752893656492	0.005953726824373007	0.0025832054670900106	0.01112443022429943	0.002273343736305833	0.000861035194247961	0.0376121886074543	0.016034338623285294	0.014835377223789692	0.004339894279837608
0.128	0.192	0.0007097474881447852	0.005953726824373007	0.0025832054670900106	0.011178931221365929	0.004243571311235428	0.000861035194247961	0.0376121886074543	0.022457201033830643	0.014835377223789692	0.004356721416115761
0.192	0.256	0.0007085104007273912	0.005953726824373007	0.002564019989222288	0.011178931221365929	0.004243571311235428	0.0007505696266889572	0.03724440932273865	0.022457201033830643	0.01375052984803915	0.004339894279837608
0.256	0.32	0.0006983225466683507	0.005778111983090639	0.00232805241830647	0.011178931221365929	0.004243571311235428	0.0005594813264906406	0.03687822073698044	0.022457201033830643	0.013047552667558193	0.004053105600178242
0.32	0.384	0.0006758035742677748	0.005765533074736595	0.002127073472365737	0.011178931221365929	0.004243571311235428	0.0004530937294475734	0.036550454795360565	0.022457201033830643	0.013047552667558193	0.004012710880488157
0.384	0.448	0.0006758035742677748	0.0038658599369227886	0.001354882144369185	0.006458038464188576	0.0023138115648180246	0.00038728670915588737	0.03301798924803734	0.01643236167728901	0.010287272743880749	0.0039680819027125835
0.448	0.512	0.0006758035742677748	0.002872105920687318	0.001354882144369185	0.004855605773627758	0.001284156460314989	0.0003587571263778955	0.0313379243016243	0.01643236167728901	0.010287272743880749	0.003310080850496888
0.512	0.576	0.0006758035742677748	0.002872105920687318	0.001354882144369185	0.004834688268601894	0.001284156460314989	0.0003467914357315749	0.029188578948378563	0.01643236167728901	0.01014312356710434	0.003310080850496888
