onset	offset	Alarm_bell_ringing	Blender	Cat	Dishes	Dog	Electric_shaver_toothbrush	Frying	Running_water	Speech	Vacuum_cleaner
0.0	0.064	0.002025642665103078	0.0018301847157999873	0.0008461439283564687	0.13709324598312378	0.002403873950242996	0.0005833018221892416	0.010601628571748734	0.0018359218956902623	0.004758819006383419	0.0009188652620650828
0.064	0.128	0.002025642665103078	0.0018301847157999873	0.0008461439283564687	0.13709324598312378	0.002403873950242996	0.0005833018221892416	0.010601628571748734	0.0018359218956902623	0.004758819006383419	0.0009188652620650828
0.128	0.192	0.0011293756542727351	0.0009125655051320791	0.0005593320238403976	0.04362566024065018	0.0010773568646982312	0.00036575872218236327	0.008845522999763489	0.0011625876650214195	0.003283396363258362	0.0006962608313187957
0.192	0.256	0.0005485150613822043	0.0005433207261376083	0.00042541284346953034	0.021972084417939186	0.0008607218042016029	0.00028244711575098336	0.007900325581431389	0.0008769809501245618	0.0023826565593481064	0.0005705566145479679
0.256	0.32	0.00047648046165704727	0.0004070968716405332	0.0004081075021531433	0.021972084417939186	0.0008607218042016029	0.00023018715728539973	0.006503265351057053	0.0007166492287069559	0.0019801200833171606	0.00045874956413172185
0.32	0.384	0.0004319889994803816	0.00037319137481972575	0.0003942227631341666	0.02042832411825657	0.0007742273737676442	0.0002103258011629805	0.005755395628511906	0.0006460603908635676	0.0019249961478635669	0.00041416939347982407
0.384	0.448	0.00042663529166020453	0.0003445436304900795	0.00039245031075552106	0.016314754262566566	0.00071226607542485	0.00020129971380811185	0.004995960742235184	0.0006053552497178316	0.001900825067423284	0.00038245596806518734
0.448	0.512	0.00042152745299972594	0.0003223885432817042	0.0003083947813138366	0.01614435762166977	0.0006861854926683009	0.0001938592322403565	0.003957212902605534	0.0005790545255877078	0.001821069628931582	0.0003596407768782228
0.512	0.576	0.0003801921266131103	0.00029180399724282324	0.0003080739115830511	0.015285790897905827	0.0006861854926683009	0.0001880963536677882	0.0035700697917491198	0.0005731867859140038	0.0018101049354299903	0.0003116463194601238
