onset	offset	Alarm_bell_ringing	Blender	Cat	Dishes	Dog	Electric_shaver_toothbrush	Frying	Running_water	Speech	Vacuum_cleaner
0.0	0.064	0.912527322769165	0.00029263284523040056	0.0006919265142641962	0.0013916813768446445	0.016755133867263794	0.00037104482180438936	0.0006635543541051447	0.0013378201983869076	0.02302488312125206	0.00018004550656769425
0.064	0.128	0.912527322769165	0.00029263284523040056	0.0009299987577833235	0.0013916813768446445	0.016755133867263794	0.00037104482180438936	0.0006635543541051447	0.0013378201983869076	0.02302488312125206	0.00018004550656769425
0.128	0.192	0.9487870931625366	0.00027291825972497463	0.0009299987577833235	0.0008946522721089423	0.011287876404821873	0.000290456460788846	0.0005028629675507545	0.0011084160069003701	0.022325873374938965	0.00012638981570489705
0.192	0.256	0.9487870931625366	0.00026410838472656906	0.0008320568595081568	0.0008017256041057408	0.007162931375205517	0.0002663595078047365	0.0004405600484460592	0.0010913272853940725	0.01939558982849121	0.00010611399920890108
0.256	0.32	0.9487870931625366	0.00025862359325401485	0.0008320568595081568	0.0007169938762672246	0.006459197960793972	0.00024994308478198946	0.0004405600484460592	0.0010331814410164952	0.01815974712371826	9.952168329618871e-05
0.32	0.384	0.9487870931625366	0.00023368866823147982	0.0008959185797721148	0.0007169938762672246	0.006459197960793972	0.0002460117975715548	0.0004405600484460592	0.0009528346708975732	0.01815974712371826	9.838916594162583e-05
0.384	0.448	0.9471490979194641	0.00023368866823147982	0.0009299987577833235	0.0007169938762672246	0.006459197960793972	0.0002460117975715548	0.0004405600484460592	0.0009462882298976183	0.01815974712371826	9.144515206571668e-05
0.448	0.512	0.9415196776390076	0.00023368866823147982	0.0009368114406242967	0.0007169938762672246	0.006459197960793972	0.0002460117975715548	0.00046577127068303525	0.0009462882298976183	0.01815974712371826	7.800145976943895e-05
0.512	0.576	0.9359484314918518	0.00023368866823147982	0.0010642892448231578	0.0007849194807931781	0.007033718284219503	0.0002427977160550654	0.0005558030097745359	0.0009462882298976183	0.019561413675546646	6.45258987788111e-05
