onset	offset	Alarm_bell_ringing	Blender	Cat	Dishes	Dog	Electric_shaver_toothbrush	Frying	Running_water	Speech	Vacuum_cleaner
0.0	0.064	0.012605372816324234	0.01191647071391344	0.002743146847933531	0.19244453310966492	0.007850397378206253	0.0018276714254170656	0.0016468429239466786	0.004379909485578537	0.02171798050403595	0.0008947652531787753
0.064	0.128	0.012605372816324234	0.01191647071391344	0.0025674980133771896	0.12312097102403641	0.007850397378206253	0.0018276714254170656	0.0016468429239466786	0.004299079533666372	0.02171798050403595	0.0008947652531787753
0.128	0.192	0.009316233918070793	0.011120849289000034	0.0025674980133771896	0.12312097102403641	0.006791973952203989	0.001279341522604227	0.0016070512356236577	0.004299079533666372	0.016876958310604095	0.0006589212571270764
0.192	0.256	0.006012474186718464	0.007865866646170616	0.001940938993357122	0.0950983390212059	0.004280766937881708	0.0008854786865413189	0.0012837211834266782	0.0034274666104465723	0.011058546602725983	0.0005762019427493215
0.256	0.32	0.004128643777221441	0.005395715590566397	0.0010460986522957683	0.023354370146989822	0.0019675358198583126	0.0006270419107750058	0.0011900096433237195	0.0023969849571585655	0.00705886073410511	0.0005116491229273379
0.32	0.384	0.0030565713532269	0.0033949711360037327	0.0007935419562272727	0.01521579921245575	0.0014503960264846683	0.000567212759051472	0.0011860450031235814	0.00216113799251616	0.0052521731704473495	0.0004479883937165141
0.384	0.448	0.0030565713532269	0.0028107038233429193	0.0007935419562272727	0.01521579921245575	0.0014503960264846683	0.000567212759051472	0.0011296619195491076	0.001980849541723728	0.0052521731704473495	0.00036877222009934485
0.448	0.512	0.0030565713532269	0.0028107038233429193	0.0007935419562272727	0.01521579921245575	0.0014503960264846683	0.000567212759051472	0.0011076518567278981	0.001953237457200885	0.0052521731704473495	0.0003399702545721084
0.512	0.576	0.0030565713532269	0.0028107038233429193	0.0007935419562272727	0.01521579921245575	0.0014503960264846683	0.000567212759051472	0.0011076518567278981	0.0019497538451105356	0.0052521731704473495	0.0003024406614713371
