onset	offset	Alarm_bell_ringing	Blender	Cat	Dishes	Dog	Electric_shaver_toothbrush	Frying	Running_water	Speech	Vacuum_cleaner
0.0	0.064	0.024234432727098465	0.004234819207340479	0.2582770884037018	0.02600509487092495	0.004462571814656258	0.006238793488591909	0.009885039180517197	0.00834378320723772	0.011334965005517006	0.00794041994959116
0.064	0.128	0.024234432727098465	0.004234819207340479	0.2582770884037018	0.02600509487092495	0.004858484957367182	0.006238793488591909	0.010072218254208565	0.00834378320723772	0.011334965005517006	0.008028682321310043
0.128	0.192	0.025744765996932983	0.0044747330248355865	0.3745686709880829	0.024056730791926384	0.004858484957367182	0.0065193637274205685	0.010072218254208565	0.00834378320723772	0.009824635460972786	0.008028682321310043
0.192	0.256	0.03179384022951126	0.004812844097614288	0.6045205593109131	0.024056730791926384	0.006779960356652737	0.007237497251480818	0.009885039180517197	0.00834378320723772	0.009800896048545837	0.008020942099392414
0.256	0.32	0.035966452211141586	0.004812844097614288	0.748986005783081	0.024056730791926384	0.010030991397798061	0.00893044751137495	0.009769062511622906	0.00834378320723772	0.009800896048545837	0.00794041994959116
0.32	0.384	0.035966452211141586	0.004812844097614288	0.790155291557312	0.018619492650032043	0.010030991397798061	0.00893044751137495	0.009174150414764881	0.007676919922232628	0.009536342695355415	0.007732446305453777
0.384	0.448	0.035966452211141586	0.004812844097614288	0.790155291557312	0.015529927797615528	0.010030991397798061	0.00893044751137495	0.007994582876563072	0.007147535216063261	0.009377092123031616	0.006155660375952721
0.448	0.512	0.035966452211141586	0.004770135041326284	0.790155291557312	0.012849017046391964	0.010030991397798061	0.00893044751137495	0.007265783380717039	0.0068643600679934025	0.009377092123031616	0.004549718927592039
0.512	0.576	0.0303211510181427	0.0038992112968117	0.790155291557312	0.009794752113521099	0.008974523283541203	0.007530772592872381	0.006900213658809662	0.006410700269043446	0.009377092123031616	0.0036338227801024914
