onset	offset	Alarm_bell_ringing	Blender	Cat	Dishes	Dog	Electric_shaver_toothbrush	Frying	Running_water	Speech	Vacuum_cleaner
0.0	0.064	0.0011435993947088718	0.017451755702495575	0.00269009149633348	0.0018172675045207143	0.012343412265181541	0.00119029323104769	0.0011943465797230601	0.8863725662231445	0.018452977761626244	0.0036324418615549803
0.064	0.128	0.0011245174100622535	0.017451755702495575	0.00269009149633348	0.0017621003789827228	0.012343412265181541	0.00119029323104769	0.0011749822879210114	0.8863725662231445	0.01786305569112301	0.0036324418615549803
0.128	0.192	0.0011245174100622535	0.017451755702495575	0.0019609839655458927	0.0017621003789827228	0.012113189324736595	0.001004426390863955	0.0011749822879210114	0.9335246086120605	0.01786305569112301	0.003474619472399354
0.192	0.256	0.0010385345667600632	0.017451755702495575	0.0019457463640719652	0.0017598673002794385	0.01190226897597313	0.0009695025510154665	0.0010504464153200388	0.9467287063598633	0.016783246770501137	0.002655311254784465
0.256	0.32	0.0009609785629436374	0.017451755702495575	0.0018424374284222722	0.001546955551020801	0.00972807127982378	0.0009635465103201568	0.00104318477679044	0.9555020928382874	0.01647142879664898	0.001667506992816925
0.32	0.384	0.0009449327480979264	0.015183545649051666	0.0017653265967965126	0.0014133488293737173	0.008785460144281387	0.0009635465103201568	0.0009566606604494154	0.9639116525650024	0.016014564782381058	0.001072228536941111
0.384	0.448	0.0009378202958032489	0.013145503588020802	0.001643917290493846	0.0013128913706168532	0.008187348023056984	0.0009569592657499015	0.0008911504992283881	0.9684421420097351	0.016014564782381058	0.0007887478568591177
0.448	0.512	0.0009378202958032489	0.0119219571352005	0.0015468687051907182	0.0012364303693175316	0.008187348023056984	0.0009441440342925489	0.000846712151542306	0.970790684223175	0.016014564782381058	0.0006508469232358038
0.512	0.576	0.0009305753628723323	0.01065752748399973	0.0014530869666486979	0.0011663518380373716	0.008187348023056984	0.0009441440342925489	0.0008266808581538498	0.9724489450454712	0.016014564782381058	0.0005838505458086729
