onset	offset	Alarm_bell_ringing	Blender	Cat	Dishes	Dog	Electric_shaver_toothbrush	Frying	Running_water	Speech	Vacuum_cleaner
0.0	0.064	0.0038133817724883556	0.0022603741381317377	0.0009593163267709315	0.16108903288841248	0.0019424223573878407	0.0010466639650985599	0.015464961528778076	0.0026968433521687984	0.009430216625332832	0.0031029297970235348
0.064	0.128	0.0038133817724883556	0.0022603741381317377	0.0009593163267709315	0.16108903288841248	0.0019424223573878407	0.0010466639650985599	0.015464961528778076	0.0026968433521687984	0.009430216625332832	0.0031029297970235348
0.128	0.192	0.002616279758512974	0.0013067462714388967	0.0005187982460483909	0.06182360649108887	0.0012072812533006072	0.0008841011440381408	0.009710113517940044	0.0020323542412370443	0.005361693445593119	0.001769503578543663
0.192	0.256	0.0017042381223291159	0.0008572200313210487	0.00042647021473385394	0.05350787192583084	0.0012072812533006072	0.0006445136968977749	0.0069689080119132996	0.0017253672704100609	0.004860499873757362	0.0011529531329870224
0.256	0.32	0.0017042381223291159	0.0008572200313210487	0.000414874724810943	0.05350787192583084	0.0012068386422470212	0.0006187288090586662	0.005529170390218496	0.0017253672704100609	0.004860499873757362	0.0009473251411691308
0.32	0.384	0.001291837077587843	0.0008572200313210487	0.0003966472577303648	0.03071651980280876	0.0009684223332442343	0.0005938145914115012	0.004930446390062571	0.0017065914580598474	0.004860499873757362	0.0008948137983679771
0.384	0.448	0.0012607144890353084	0.0008452945039607584	0.00039445675793103874	0.01813918724656105	0.0006736940704286098	0.0004703007289208472	0.004916837904602289	0.001424050540663302	0.004860499873757362	0.0008345501264557242
0.448	0.512	0.000944531406275928	0.0007949739811010659	0.00037036612047813833	0.013485322706401348	0.0006592877907678485	0.00042524017044343054	0.004118682350963354	0.0012433911906555295	0.004860499873757362	0.0008175030816346407
0.512	0.576	0.0009117168374359608	0.0007949739811010659	0.00037036612047813833	0.013485322706401348	0.0006592877907678485	0.00041008961852639914	0.0028286976739764214	0.0012433911906555295	0.004860499873757362	0.0006745552527718246
