onset	offset	Alarm_bell_ringing	Blender	Cat	Dishes	Dog	Electric_shaver_toothbrush	Frying	Running_water	Speech	Vacuum_cleaner
0.0	0.064	0.0017442817334085703	0.00025515988818369806	0.0018951278179883957	0.0006362521089613438	0.0007891824352554977	0.0004437212774064392	0.0005066402954980731	0.0009558543679304421	0.0027937309350818396	0.0039749969728291035
0.064	0.128	0.0017442817334085703	0.00025515988818369806	0.0018951278179883957	0.0006362521089613438	0.0007891824352554977	0.0004437212774064392	0.0005066402954980731	0.0009558543679304421	0.0029634670354425907	0.0039749969728291035
0.128	0.192	0.0014983994187787175	0.0002288751711603254	0.0016313842497766018	0.0004934027092531323	0.0007507309201173484	0.0003851286310236901	0.0004859530308749527	0.0008693942800164223	0.0034795680548995733	0.0036498289555311203
0.192	0.256	0.0014956453815102577	0.00020936942019034177	0.001442041015252471	0.00044142056140117347	0.0007260244456119835	0.0003492114774417132	0.0004829756508115679	0.0008693942800164223	0.0034795680548995733	0.003236240241676569
0.256	0.32	0.0014956453815102577	0.00020936942019034177	0.001312032574787736	0.00043597741751000285	0.0007260244456119835	0.0003418080450501293	0.0004829756508115679	0.0008693942800164223	0.0034795680548995733	0.0028761946596205235
0.32	0.384	0.0014956453815102577	0.00020936942019034177	0.001307666301727295	0.0004174948262516409	0.0007260244456119835	0.00033324857940897346	0.0004829756508115679	0.0008693942800164223	0.004085207358002663	0.0026317189913243055
0.384	0.448	0.0014956453815102577	0.00020936942019034177	0.0012574824504554272	0.00040615725447423756	0.0007260244456119835	0.00033294339664280415	0.0004829756508115679	0.0008858471410349011	0.004643359687179327	0.0025442687328904867
0.448	0.512	0.0015490303048864007	0.00020940095419064164	0.001216768636368215	0.0004004280490335077	0.0007348599028773606	0.00033197764423675835	0.0005110174533911049	0.0008962998981587589	0.005214064847677946	0.0024810656905174255
0.512	0.576	0.0016295391833409667	0.00021881192515138537	0.001216768636368215	0.0004004280490335077	0.000742027594242245	0.00033197764423675835	0.0005307993269525468	0.0009113234118558466	0.005900892429053783	0.0024810656905174255
