onset	offset	Alarm_bell_ringing	Blender	Cat	Dishes	Dog	Electric_shaver_toothbrush	Frying	Running_water	Speech	Vacuum_cleaner
0.0	0.064	0.0010663006687536836	0.0012093811528757215	0.0013065652456134558	0.0025615408085286617	0.0005879123928025365	0.0010957500198855996	0.13970746099948883	0.214999720454216	0.00417127413675189	0.015690432861447334
0.064	0.128	0.0010663006687536836	0.0012093811528757215	0.0013423888012766838	0.0025615408085286617	0.0005879123928025365	0.0010957500198855996	0.13970746099948883	0.214999720454216	0.00417127413675189	0.015690432861447334
0.128	0.192	0.0005377759225666523	0.0011780282948166132	0.0013999922666698694	0.002135446760803461	0.0004860209010075778	0.0011036288924515247	0.1599150449037552	0.19708044826984406	0.003369469428434968	0.012422977015376091
0.192	0.256	0.0004400704929139465	0.0010350325610488653	0.0013423888012766838	0.002038181759417057	0.00044636832899414003	0.0010957500198855996	0.175592839717865	0.19520904123783112	0.0032796126324683428	0.011973355896770954
0.256	0.32	0.000395979848690331	0.0009154480067081749	0.0013229330070316792	0.0020040390081703663	0.00042683578794822097	0.001088752062059939	0.18129464983940125	0.19520904123783112	0.0032796126324683428	0.010664578527212143
0.32	0.384	0.000395979848690331	0.0008828825666569173	0.0013229330070316792	0.0019833832047879696	0.0004129980516154319	0.0010388650698587298	0.18129464983940125	0.19520904123783112	0.0032796126324683428	0.009942353703081608
0.384	0.448	0.000395979848690331	0.0008431008900515735	0.0013229330070316792	0.0019530551508069038	0.0003961642796639353	0.0010388650698587298	0.18129464983940125	0.19708044826984406	0.0032796126324683428	0.009644550271332264
0.448	0.512	0.000395979848690331	0.0008098743855953217	0.0011957045644521713	0.0018944984767585993	0.00037642772076651454	0.0010215041693300009	0.18129464983940125	0.19724643230438232	0.0032807630486786366	0.009623203426599503
0.512	0.576	0.0003998872998636216	0.0007961679948493838	0.001086388248950243	0.0018081753514707088	0.000358857010724023	0.0009560234029777348	0.17480731010437012	0.20454883575439453	0.0032980211544781923	0.009611989371478558
