onset	offset	Alarm_bell_ringing	Blender	Cat	Dishes	Dog	Electric_shaver_toothbrush	Frying	Running_water	Speech	Vacuum_cleaner
0.0	0.064	0.0013975012116134167	0.0010711662471294403	0.0013319269055500627	0.014884092845022678	0.0027627989184111357	0.0006052794051356614	0.002472911262884736	0.0008318650652654469	0.9843786358833313	0.0003064518969040364
0.064	0.128	0.0014050871832296252	0.0010711662471294403	0.0013319269055500627	0.014884092845022678	0.00266715488396585	0.0006052794051356614	0.002472911262884736	0.0008318650652654469	0.9843786358833313	0.0003064518969040364
0.128	0.192	0.0014050871832296252	0.001046092715114355	0.0012882603332400322	0.014951790682971478	0.002584598958492279	0.000703632365912199	0.003369669895619154	0.0008024597773328424	0.9888514876365662	0.0002805456460919231
0.192	0.256	0.0013975012116134167	0.0009715062333270907	0.0012876765104010701	0.015237992629408836	0.002584598958492279	0.0007321679731830955	0.00394916208460927	0.0007836929871700704	0.9895534515380859	0.00027640341431833804
0.256	0.32	0.0013939595082774758	0.0009203189401887357	0.0012803387362509966	0.015430150553584099	0.002584598958492279	0.0007321679731830955	0.004406902939081192	0.0007702656439505517	0.9898472428321838	0.00027100523584522307
0.32	0.384	0.0013939595082774758	0.0008934655925258994	0.0012788396561518312	0.015430150553584099	0.0024973477702587843	0.0007321679731830955	0.0047127967700362206	0.0007546565611846745	0.9898472428321838	0.00026240263832733035
0.384	0.448	0.001369720557704568	0.0008803021046333015	0.0012788396561518312	0.015430150553584099	0.002415838185697794	0.0007321679731830955	0.0048441337421536446	0.000742001342587173	0.9898472428321838	0.00025339206331409514
0.448	0.512	0.0013406517682597041	0.0008731322595849633	0.0012629732955247164	0.015430150553584099	0.0023174930829554796	0.000718651048373431	0.004894596058875322	0.0007379561429843307	0.9898472428321838	0.0002452819899190217
0.512	0.576	0.0013085583923384547	0.0008538177935406566	0.0012588989920914173	0.015386298298835754	0.0021285577677190304	0.0007179613457992673	0.005058466922491789	0.0007242350257001817	0.9898096323013306	0.0002444678684696555
