onset	offset	Alarm_bell_ringing	Blender	Cat	Dishes	Dog	Electric_shaver_toothbrush	Frying	Running_water	Speech	Vacuum_cleaner
0.0	0.064	0.0008162219310179353	0.00040444970363751054	0.024706628173589706	0.0008020358509384096	0.00043981210910715163	0.0002092666254611686	0.0008878379594534636	0.0015103373443707824	0.0027227739337831736	0.004313045181334019
0.064	0.128	0.0009612175053916872	0.0004342606698628515	0.025486042723059654	0.0008249320671893656	0.00043981210910715163	0.0002092666254611686	0.0009101233445107937	0.0015103373443707824	0.0028114882297813892	0.004313045181334019
0.128	0.192	0.0012612550053745508	0.0005222708568908274	0.025486042723059654	0.0009244569228030741	0.00042326495167799294	0.00018872330838348716	0.000942268583457917	0.0014838073402643204	0.0030333052854985	0.003972528502345085
0.192	0.256	0.0012612550053745508	0.0005222708568908274	0.03402271121740341	0.0009244569228030741	0.00042326495167799294	0.00018872330838348716	0.000942268583457917	0.0014838073402643204	0.0030333052854985	0.0036250390112400055
0.256	0.32	0.0014323012437671423	0.0005222708568908274	0.056507598608732224	0.0009244569228030741	0.00042326495167799294	0.00018872330838348716	0.000942268583457917	0.0014838073402643204	0.0030333052854985	0.0034402692690491676
0.32	0.384	0.0026693057734519243	0.0006824271404184401	0.12619371712207794	0.0012639120686799288	0.00042326495167799294	0.00018872330838348716	0.0009486515773460269	0.0014838073402643204	0.003298433031886816	0.0034106047824025154
0.384	0.448	0.007411396596580744	0.0010216034715995193	0.5014703869819641	0.0012639120686799288	0.0006370937335304916	0.0002609443909022957	0.0009486515773460269	0.0014873105101287365	0.004072258248925209	0.0030424396973103285
0.448	0.512	0.00894942507147789	0.0014359328197315335	0.8921711444854736	0.0012639120686799288	0.0014348577242344618	0.0005231418181210756	0.0009486515773460269	0.0015288826543837786	0.0058953119441866875	0.0029509777668863535
0.512	0.576	0.009161394089460373	0.0019087744876742363	0.9170515537261963	0.0012639120686799288	0.0017149109626188874	0.0005231418181210756	0.0009486515773460269	0.0015476944390684366	0.0058953119441866875	0.0021323731634765863
