onset	offset	Alarm_bell_ringing	Blender	Cat	Dishes	Dog	Electric_shaver_toothbrush	Frying	Running_water	Speech	Vacuum_cleaner
0.0	0.064	0.004090588539838791	0.991089940071106	0.006334070116281509	0.03991742804646492	0.01046646386384964	0.0019199317321181297	0.010377109982073307	0.006030377931892872	0.270268976688385	0.017351077869534492
0.064	0.128	0.004090588539838791	0.991089940071106	0.006334070116281509	0.03991742804646492	0.01046646386384964	0.0019199317321181297	0.010377109982073307	0.006030377931892872	0.270268976688385	0.017351077869534492
0.128	0.192	0.003391300793737173	0.9933918118476868	0.004174652509391308	0.02683427929878235	0.00844388548284769	0.0011682676849886775	0.007859059609472752	0.004445502068847418	0.2534610629081726	0.01242954283952713
0.192	0.256	0.0030486215837299824	0.9936529397964478	0.002412310568615794	0.015014676377177238	0.00718352384865284	0.0008267234079539776	0.0063593629747629166	0.0032000031787902117	0.18423010408878326	0.010191458277404308
0.256	0.32	0.0027412651106715202	0.9941442608833313	0.002412310568615794	0.01297712791711092	0.006484747398644686	0.0006643817760050297	0.005196194164454937	0.002728672930970788	0.1685694307088852	0.007774846628308296
0.32	0.384	0.0027412651106715202	0.9941442608833313	0.002412310568615794	0.01297712791711092	0.006484747398644686	0.0005656141438521445	0.004537494387477636	0.002655810210853815	0.1685694307088852	0.00641906401142478
0.384	0.448	0.0027412651106715202	0.9941442608833313	0.002412310568615794	0.01297712791711092	0.006484747398644686	0.0005599059513770044	0.004323462024331093	0.002655810210853815	0.1685694307088852	0.005759276915341616
0.448	0.512	0.0027412651106715202	0.9941442608833313	0.0030442525167018175	0.01297712791711092	0.006484747398644686	0.0005599059513770044	0.004238589201122522	0.002655810210853815	0.1685694307088852	0.005472107324749231
0.512	0.576	0.002815140411257744	0.9939419627189636	0.003801683196797967	0.015619898214936256	0.006512628402560949	0.0005599059513770044	0.00411994569003582	0.002655810210853815	0.22048072516918182	0.005472107324749231
