onset	offset	Alarm_bell_ringing	Blender	Cat	Dishes	Dog	Electric_shaver_toothbrush	Frying	Running_water	Speech	Vacuum_cleaner
0.0	0.064	0.0007430854602716863	0.009508221410214901	0.0010137028293684125	0.014593798667192459	0.010471254587173462	0.0010443824576213956	0.08063279092311859	0.5651037693023682	0.051222339272499084	0.0037844218313694
0.064	0.128	0.0007430854602716863	0.009508221410214901	0.0014309441903606057	0.014593798667192459	0.010471254587173462	0.0010443824576213956	0.08063279092311859	0.5651037693023682	0.051222339272499084	0.0037844218313694
0.128	0.192	0.0008541640709154308	0.012599291279911995	0.0014309441903606057	0.015558868646621704	0.016495786607265472	0.0009389010374434292	0.10571575909852982	0.6411928534507751	0.05233385041356087	0.00326330098323524
0.192	0.256	0.0008062914130277932	0.013951832428574562	0.0015755720669403672	0.015993034467101097	0.01871509850025177	0.0008714242139831185	0.12962111830711365	0.7343234419822693	0.0576716884970665	0.002980890916660428
0.256	0.32	0.0007945944089442492	0.01412483025342226	0.0022794129326939583	0.019238172098994255	0.022481832653284073	0.0007714303210377693	0.1446552872657776	0.7722108960151672	0.06174732372164726	0.002795886481180787
0.32	0.384	0.0008062914130277932	0.014561591669917107	0.0022794129326939583	0.02347589284181595	0.029682785272598267	0.0006623978260904551	0.16627907752990723	0.7722108960151672	0.07133547216653824	0.002795886481180787
0.384	0.448	0.0008259395835921168	0.014561591669917107	0.0022794129326939583	0.027742210775613785	0.039186496287584305	0.0005990609060972929	0.16627907752990723	0.7790864109992981	0.08440390974283218	0.002795886481180787
0.448	0.512	0.0008541640709154308	0.01412483025342226	0.0022794129326939583	0.030073925852775574	0.048521026968955994	0.0005990609060972929	0.16634373366832733	0.7837163209915161	0.08847913891077042	0.002795886481180787
0.512	0.576	0.0008541640709154308	0.01412483025342226	0.0020410818979144096	0.030965352430939674	0.057476796209812164	0.0005933360080234706	0.16634373366832733	0.7837163209915161	0.08847913891077042	0.002808010671287775
