onset	offset	Alarm_bell_ringing	Blender	Cat	Dishes	Dog	Electric_shaver_toothbrush	Frying	Running_water	Speech	Vacuum_cleaner
0.0	0.064	0.00022507552057504654	0.00012202381913084537	0.0016244379803538322	0.0005950028426013887	0.0004536304040811956	0.00013072852743789554	0.0007033823058009148	0.016253724694252014	0.002450281521305442	0.0008400680380873382
0.064	0.128	0.00022507552057504654	0.00012351713667158037	0.0017422130331397057	0.0005950028426013887	0.0005107459728606045	0.00013072852743789554	0.0007452942663803697	0.017140530049800873	0.002450281521305442	0.0008400680380873382
0.128	0.192	0.00021068929345346987	0.00016120543295983225	0.0019151297165080905	0.0005950028426013887	0.00059637485537678	0.00013621026300825179	0.0007616545772179961	0.017140530049800873	0.0024904643651098013	0.0008400680380873382
0.192	0.256	0.00021068929345346987	0.00016120543295983225	0.0019151297165080905	0.0005950028426013887	0.00059637485537678	0.00013621026300825179	0.0007616545772179961	0.021030865609645844	0.0024904643651098013	0.0008400680380873382
0.256	0.32	0.00021068929345346987	0.00016120543295983225	0.0019151297165080905	0.0005950028426013887	0.0006222471711225808	0.00013621026300825179	0.0007616545772179961	0.03567366302013397	0.0024904643651098013	0.0008400680380873382
0.32	0.384	0.00021068929345346987	0.00020845832477789372	0.0020886778365820646	0.0006502997130155563	0.0007756197010166943	0.00016001319454517215	0.0008306258241645992	0.07496628910303116	0.002988930093124509	0.0009836560348048806
0.384	0.448	0.00021817297965753824	0.00023845418763812631	0.002113920170813799	0.0008499498944729567	0.0008961239946074784	0.00021808376186527312	0.001014759880490601	0.1633244752883911	0.0033171786926686764	0.0010557943023741245
0.448	0.512	0.0002720121992751956	0.00034398172283545136	0.002228206256404519	0.001472483854740858	0.0012857351684942842	0.00028248937451280653	0.0013413592241704464	0.4915533661842346	0.003753742203116417	0.001183421816676855
0.512	0.576	0.00034151977160945535	0.0006175769376568496	0.0025825470220297575	0.002571428194642067	0.002164096338674426	0.0002831084711942822	0.0013775050174444914	0.7929862141609192	0.005141603294759989	0.001183421816676855
