onset	offset	Alarm_bell_ringing	Blender	Cat	Dishes	Dog	Electric_shaver_toothbrush	Frying	Running_water	Speech	Vacuum_cleaner
0.0	0.064	0.0042326864786446095	0.00197123596444726	0.007504492066800594	0.01001571211963892	0.872331976890564	0.001488050795160234	0.0034965300001204014	0.004061197862029076	0.01672365330159664	0.0029744484927505255
0.064	0.128	0.003704668488353491	0.0016378990840166807	0.007504492066800594	0.01001571211963892	0.872331976890564	0.001488050795160234	0.003442599670961499	0.003886541584506631	0.016137519851326942	0.0029744484927505255
0.128	0.192	0.003704668488353491	0.001664872863329947	0.009136655367910862	0.0067574274726212025	0.9591661095619202	0.0014792891452088952	0.003442599670961499	0.00390021875500679	0.016137519851326942	0.0023370184935629368
0.192	0.256	0.0034502658527344465	0.001664872863329947	0.009867572225630283	0.005701523739844561	0.9707008004188538	0.001090720295906067	0.0032149956095963717	0.00390021875500679	0.015706421807408333	0.001857600174844265
0.256	0.32	0.003355185966938734	0.001664872863329947	0.009960606694221497	0.005339010152965784	0.9765134453773499	0.0010609060991555452	0.0032058032229542732	0.00390021875500679	0.015706421807408333	0.001644319505430758
0.32	0.384	0.0031673156190663576	0.00197123596444726	0.010421289131045341	0.005009169224649668	0.9821990132331848	0.0010543991811573505	0.0032058032229542732	0.004061197862029076	0.01583702675998211	0.0014805502723902464
0.384	0.448	0.0031224372796714306	0.0020805576350539923	0.011191942729055882	0.00481021124869585	0.9866577982902527	0.0010543991811573505	0.0030843738932162523	0.004505859222263098	0.015706421807408333	0.0014755601296201348
0.448	0.512	0.0031224372796714306	0.002085041254758835	0.015997184440493584	0.00481021124869585	0.9869492650032043	0.0010543991811573505	0.002666248008608818	0.004647487308830023	0.015625054016709328	0.0014755601296201348
0.512	0.576	0.0031518724281340837	0.0021620194893330336	0.016589101403951645	0.004162348806858063	0.9876113533973694	0.0010609060991555452	0.002043903572484851	0.004925563931465149	0.015625054016709328	0.0014755601296201348
