onset	offset	Alarm_bell_ringing	Blender	Cat	Dishes	Dog	Electric_shaver_toothbrush	Frying	Running_water	Speech	Vacuum_cleaner
0.0	0.064	0.010875996202230453	0.013671462424099445	0.004553928039968014	0.032744839787483215	0.006425803527235985	0.01644000969827175	0.10143128782510757	0.1675439178943634	0.9585790038108826	0.00647745281457901
0.064	0.128	0.01024959422647953	0.013671462424099445	0.004553928039968014	0.032744839787483215	0.006425803527235985	0.01644000969827175	0.11019890010356903	0.1675439178943634	0.9585790038108826	0.00647745281457901
0.128	0.192	0.01024959422647953	0.012298544868826866	0.004010023083537817	0.02506398968398571	0.006195186171680689	0.01815936714410782	0.1172187402844429	0.16620677709579468	0.9650339484214783	0.006777629721909761
0.192	0.256	0.010145901702344418	0.010715764947235584	0.0034373998641967773	0.02053438499569893	0.006114940624684095	0.018505888059735298	0.1172187402844429	0.16620677709579468	0.9693971872329712	0.006649321410804987
0.256	0.32	0.008987262845039368	0.010217513889074326	0.0034373998641967773	0.019911393523216248	0.00601615197956562	0.01853174902498722	0.11823862791061401	0.16620677709579468	0.970551073551178	0.00647745281457901
0.32	0.384	0.008395683020353317	0.009797184728085995	0.0034373998641967773	0.019892122596502304	0.005898775067180395	0.01853174902498722	0.12222433090209961	0.16620677709579468	0.970551073551178	0.006432026159018278
0.384	0.448	0.00830503087490797	0.00977171491831541	0.0034373998641967773	0.019769545644521713	0.005898775067180395	0.01853174902498722	0.1281234622001648	0.17249569296836853	0.970551073551178	0.006432026159018278
0.448	0.512	0.008292476646602154	0.00977171491831541	0.0034417735878378153	0.01969439536333084	0.00601615197956562	0.01853174902498722	0.1342865526676178	0.18392914533615112	0.970551073551178	0.0064960564486682415
0.512	0.576	0.008050666190683842	0.009797184728085995	0.003598201787099242	0.01969439536333084	0.00601615197956562	0.017197569832205772	0.1389252096414566	0.1988772302865982	0.9696114659309387	0.006426970008760691
