onset	offset	Alarm_bell_ringing	Blender	Cat	Dishes	Dog	Electric_shaver_toothbrush	Frying	Running_water	Speech	Vacuum_cleaner
0.0	0.064	0.0016653863713145256	0.004293111618608236	0.04948660731315613	0.005305590573698282	0.005875473376363516	0.001821952173486352	0.0020648774225264788	0.004909634590148926	0.9529936909675598	0.006650663912296295
0.064	0.128	0.0016653863713145256	0.004293111618608236	0.04948660731315613	0.005305590573698282	0.005875473376363516	0.001821952173486352	0.0020648774225264788	0.004909634590148926	0.9529936909675598	0.006650663912296295
0.128	0.192	0.001439834595657885	0.0032527062576264143	0.04747982323169708	0.005106805358082056	0.0048766182735562325	0.0015068709617480636	0.001966803800314665	0.004810357466340065	0.9510827660560608	0.00498899444937706
0.192	0.256	0.0011532524367794394	0.0019996576011180878	0.03994837775826454	0.004636413883417845	0.003730612574145198	0.0012037100968882442	0.0018019266426563263	0.004274963866919279	0.9138826131820679	0.003703688271343708
0.256	0.32	0.0008917582454159856	0.0009210403659380972	0.03091447986662388	0.003912738058716059	0.002854261314496398	0.001040346221998334	0.0014405847759917378	0.0033855217043310404	0.8135077357292175	0.003415592247620225
0.32	0.384	0.0006077462458051741	0.00027402950217947364	0.014895401895046234	0.0016867064405232668	0.0014277799054980278	0.0005736166494898498	0.0009987334487959743	0.0018739331280812621	0.20521166920661926	0.003415592247620225
0.384	0.448	0.0003371407510712743	0.00019888441602233797	0.007661669049412012	0.0007081064395606518	0.0006460013100877404	0.0004287788469810039	0.0009608371183276176	0.0008078087703324854	0.028554216027259827	0.0033092284575104713
0.448	0.512	0.000320211227517575	0.0001862182980403304	0.005465950351208448	0.0005117179243825376	0.0005433502956293523	0.0004168323357589543	0.0009025339386425912	0.0006285775452852249	0.010259564034640789	0.003186343237757683
0.512	0.576	0.00030657637398689985	0.00018255936447530985	0.004670907277613878	0.00048313126899302006	0.0004752878739964217	0.0004015130107291043	0.0008437864016741514	0.0006098822341300547	0.006322511006146669	0.0030657334718853235
