onset	offset	Alarm_bell_ringing	Blender	Cat	Dishes	Dog	Electric_shaver_toothbrush	Frying	Running_water	Speech	Vacuum_cleaner
0.0	0.064	0.00045439822133630514	0.0002045002911472693	0.0011444429401308298	0.001137145678512752	0.002615493256598711	0.0002349507121834904	0.001059562317095697	0.0008294307044707239	0.00214373879134655	0.001915736822411418
0.064	0.128	0.00045439822133630514	0.0002045002911472693	0.0011638746364042163	0.001137145678512752	0.0028938953764736652	0.0002349507121834904	0.001059562317095697	0.0008294307044707239	0.00214373879134655	0.001915736822411418
0.128	0.192	0.0003687095013447106	0.00016024374053813517	0.001288707135245204	0.0008650252129882574	0.0034938910976052284	0.00022274572984315455	0.0008905368158593774	0.0007747045601718128	0.00214373879134655	0.001661613117903471
0.192	0.256	0.00033004573197104037	0.00013590810704044998	0.001288707135245204	0.0008650252129882574	0.0034938910976052284	0.00022044465004000813	0.0007790642557665706	0.0007016332820057869	0.00214373879134655	0.001436330028809607
0.256	0.32	0.00033004573197104037	0.00012456841068342328	0.001288707135245204	0.0008650252129882574	0.0034938910976052284	0.00021955024567432702	0.0007114364416338503	0.0006781213451176882	0.00214373879134655	0.0012764830607920885
0.32	0.384	0.00033004573197104037	0.00012413736840244383	0.0014491016045212746	0.0008650252129882574	0.004730934742838144	0.0002193332911701873	0.0006672919262200594	0.0006781213451176882	0.002227790653705597	0.0011612084927037358
0.384	0.448	0.00033004573197104037	0.00012413736840244383	0.0016657740343362093	0.0009040021686814725	0.00704560149461031	0.00021955024567432702	0.000642427068669349	0.0006781213451176882	0.0023029078729450703	0.0010991273447871208
0.448	0.512	0.00033979961881414056	0.00012413736840244383	0.0019475020235404372	0.0009665618417784572	0.010779216885566711	0.00022044465004000813	0.000642427068669349	0.0006781213451176882	0.0023985044099390507	0.0010991273447871208
0.512	0.576	0.0003455024561844766	0.00012413736840244383	0.0022530346177518368	0.00106599903665483	0.0163046196103096	0.00022044465004000813	0.000642427068669349	0.0006896017002873123	0.0025487199891358614	0.0010991273447871208
