onset	offset	Alarm_bell_ringing	Blender	Cat	Dishes	Dog	Electric_shaver_toothbrush	Frying	Running_water	Speech	Vacuum_cleaner
0.0	0.064	0.0024520750157535076	0.0009078225702978671	0.0020867774728685617	0.013037505559623241	0.0009624322410672903	0.0012369314208626747	0.01493818499147892	0.00039281975477933884	0.932813823223114	0.00017890082381200045
0.064	0.128	0.0024520750157535076	0.0009078225702978671	0.0020867774728685617	0.013875584118068218	0.0009624322410672903	0.001168488641269505	0.014868690632283688	0.00039281975477933884	0.9293909072875977	0.00017890082381200045
0.128	0.192	0.002182938624173403	0.0007072374573908746	0.002014111028984189	0.013875584118068218	0.0009130843100138009	0.001168488641269505	0.014868690632283688	0.00036329898284748197	0.9016839861869812	0.00015195707965176553
0.192	0.256	0.0020233592949807644	0.0005684911157004535	0.002014111028984189	0.013037505559623241	0.0007582457619719207	0.0011425846023485065	0.014721226878464222	0.0003551669651642442	0.9016839861869812	0.00014110586198512465
0.256	0.32	0.0018291763262823224	0.0004249965713825077	0.002014111028984189	0.0130135677754879	0.0005181268788874149	0.0009492026874795556	0.012333590537309647	0.00029203834128566086	0.8440379500389099	0.00012332270853221416
0.32	0.384	0.0015106250066310167	0.0003496997233014554	0.0008711668197065592	0.012979759834706783	0.0004578029038384557	0.0006042349268682301	0.005364135839045048	0.0002356246259296313	0.35638028383255005	9.097503789234906e-05
0.384	0.448	0.0007073217420838773	0.00026682106545194983	0.0004673335934057832	0.006949232425540686	0.0004152973706368357	0.0005025335703976452	0.003519733902066946	0.00013129744911566377	0.11807296425104141	9.097503789234906e-05
0.448	0.512	0.0005899446550756693	0.00023147842148318887	0.0002993813541252166	0.003943666350096464	0.000407447456382215	0.0004074490279890597	0.003287531202659011	0.00010213006316917017	0.04240952059626579	9.097503789234906e-05
0.512	0.576	0.0005741773056797683	0.00022378283028956503	0.00024758031941019	0.0033556977286934853	0.0003829640045296401	0.00037490393151529133	0.0031116576865315437	9.669006249168888e-05	0.025857670232653618	9.097503789234906e-05
