onset	offset	Alarm_bell_ringing	Blender	Cat	Dishes	Dog	Electric_shaver_toothbrush	Frying	Running_water	Speech	Vacuum_cleaner
0.0	0.064	0.0005763337248936296	0.0010847569210454822	0.06669234484434128	0.0017823880771175027	0.0031037144362926483	0.00041417020838707685	0.0014909980818629265	0.0032535241916775703	0.0015149170067161322	0.0042333900928497314
0.064	0.128	0.0005763337248936296	0.0012579046888276935	0.08561423420906067	0.0017823880771175027	0.0032578925602138042	0.00041417020838707685	0.0014909980818629265	0.003995954524725676	0.0015149170067161322	0.0042333900928497314
0.128	0.192	0.0005763337248936296	0.0013640045654028654	0.10174139589071274	0.0017823880771175027	0.0032578925602138042	0.0004506264813244343	0.0011406411649659276	0.003995954524725676	0.0015149170067161322	0.00362324807792902
0.192	0.256	0.0005723878275603056	0.001287183491513133	0.10174139589071274	0.0017823880771175027	0.0031037144362926483	0.0004506264813244343	0.0010705934837460518	0.003767657559365034	0.0015149170067161322	0.0033454529475420713
0.256	0.32	0.0005640528979711235	0.0012579046888276935	0.1472550332546234	0.0016456397715955973	0.003074462292715907	0.0004506264813244343	0.0010446237865835428	0.0033384140115231276	0.0015149170067161322	0.003074261825531721
0.32	0.384	0.0005640528979711235	0.0012579046888276935	0.2002580165863037	0.0016429424285888672	0.00292668747715652	0.00048665536451153457	0.0010244313161820173	0.0033384140115231276	0.001568108913488686	0.0023402604274451733
0.384	0.448	0.0005723878275603056	0.0012579046888276935	0.2147202044725418	0.0016429424285888672	0.00292668747715652	0.00048665536451153457	0.000991700915619731	0.0033384140115231276	0.0016231562476605177	0.0019093069713562727
0.448	0.512	0.0005806066910736263	0.00120618287473917	0.21528632938861847	0.0016429424285888672	0.00292668747715652	0.00048665536451153457	0.0009811247000470757	0.003087014192715287	0.0016464564250782132	0.0016843746416270733
0.512	0.576	0.0005806924891658127	0.001141284592449665	0.2224390208721161	0.0014240789460018277	0.00292668747715652	0.00048665536451153457	0.0009058451978489757	0.0029459414072334766	0.001689019612967968	0.0015964023768901825
