onset	offset	Alarm_bell_ringing	Blender	Cat	Dishes	Dog	Electric_shaver_toothbrush	Frying	Running_water	Speech	Vacuum_cleaner
0.0	0.064	0.016537433490157127	0.011190549470484257	0.02401158958673477	0.744099497795105	0.004005684982985258	0.0007691452628932893	0.12163777649402618	0.2428133338689804	0.030137479305267334	0.07139495015144348
0.064	0.128	0.016537433490157127	0.011190549470484257	0.023748882114887238	0.744099497795105	0.004005684982985258	0.0007691452628932893	0.12163777649402618	0.2428133338689804	0.030137479305267334	0.07139495015144348
0.128	0.192	0.015139378607273102	0.009567199274897575	0.023748882114887238	0.6819851994514465	0.003809483489021659	0.0005704576033167541	0.09641241282224655	0.22825302183628082	0.028586041182279587	0.0782935842871666
0.192	0.256	0.014768899418413639	0.007472506724298	0.02094830386340618	0.6819851994514465	0.0037281338591128588	0.0004084264801349491	0.07895118743181229	0.22382903099060059	0.025657769292593002	0.0782935842871666
0.256	0.32	0.013120770454406738	0.005675784777849913	0.01733662188053131	0.6488885283470154	0.003641238436102867	0.0003324990102555603	0.061484090983867645	0.22382903099060059	0.019847862422466278	0.0782935842871666
0.32	0.384	0.013120770454406738	0.004359028302133083	0.01733662188053131	0.5044891238212585	0.003418820444494486	0.0003324990102555603	0.05178209766745567	0.22382903099060059	0.016115495935082436	0.08738569915294647
0.384	0.448	0.013120770454406738	0.004073065239936113	0.01733662188053131	0.4803816080093384	0.0032388868276029825	0.0003324990102555603	0.04948149248957634	0.22382903099060059	0.015032614581286907	0.09565997868776321
0.448	0.512	0.011773020029067993	0.003899957984685898	0.01733662188053131	0.44833269715309143	0.0030767268035560846	0.00031346100149676204	0.04916137456893921	0.22620007395744324	0.014081589877605438	0.10757896304130554
0.512	0.576	0.010835959576070309	0.003890952095389366	0.01733662188053131	0.402141273021698	0.003069445723667741	0.00025968183763325214	0.047448817640542984	0.2300015687942505	0.012618934735655785	0.12146195769309998
