onset	offset	Alarm_bell_ringing	Blender	Cat	Dishes	Dog	Electric_shaver_toothbrush	Frying	Running_water	Speech	Vacuum_cleaner
0.0	0.064	0.0033371765166521072	0.0011199824512004852	0.0013941547367721796	0.003888671053573489	0.0014960762346163392	0.025990502908825874	0.011993425898253918	0.0028948518447577953	0.010094254277646542	0.06430214643478394
0.064	0.128	0.0033371765166521072	0.0011199824512004852	0.0013941547367721796	0.003888671053573489	0.0014960762346163392	0.025990502908825874	0.011993425898253918	0.0028948518447577953	0.010094254277646542	0.06430214643478394
0.128	0.192	0.002394843613728881	0.001056340173818171	0.0012866074685007334	0.0028460596222430468	0.0009613081929273903	0.0233564842492342	0.012009421363472939	0.0026839335914701223	0.006171933840960264	0.05968562886118889
0.192	0.256	0.0018953814869746566	0.0009307789150625467	0.0011146648321300745	0.00223039323464036	0.0007780081359669566	0.020471077412366867	0.011993425898253918	0.0025410105008631945	0.0042449599131941795	0.055711131542921066
0.256	0.32	0.0015239532804116607	0.0007472442812286317	0.000995925278402865	0.0017227008938789368	0.0007060861680656672	0.01729155145585537	0.011920980177819729	0.0023818418849259615	0.0035385971423238516	0.05389516428112984
0.32	0.384	0.0013088712003082037	0.0006371162016876042	0.000919019803404808	0.0014263903722167015	0.0006881704903207719	0.01603670045733452	0.011920980177819729	0.0022606204729527235	0.0034489643294364214	0.05378612503409386
0.384	0.448	0.0011961670825257897	0.0005794623284600675	0.0008993718074634671	0.001355277025140822	0.0006833235966041684	0.014988952316343784	0.01075063832104206	0.0019215727224946022	0.0033229126129299402	0.05213973671197891
0.448	0.512	0.0011087587336078286	0.0005209091468714178	0.0008989910129457712	0.0013551570009440184	0.000660232559312135	0.014988952316343784	0.009633884765207767	0.0017401899676769972	0.003162963315844536	0.05205012857913971
0.512	0.576	0.0010439755860716105	0.0004706417676061392	0.0008845009142532945	0.0013246521120890975	0.0006583099020645022	0.014988952316343784	0.009115053340792656	0.001678342348895967	0.0030079027637839317	0.05205012857913971
