onset	offset	Alarm_bell_ringing	Blender	Cat	Dishes	Dog	Electric_shaver_toothbrush	Frying	Running_water	Speech	Vacuum_cleaner
0.0	0.064	0.018020199611783028	0.015263127163052559	0.005338691174983978	0.02848939411342144	0.014303342439234257	0.007066745311021805	0.13148006796836853	0.007071796339005232	0.984941840171814	0.14441756904125214
0.064	0.128	0.018020199611783028	0.015263127163052559	0.005338691174983978	0.02848939411342144	0.014303342439234257	0.007066745311021805	0.13148006796836853	0.007071796339005232	0.984941840171814	0.14441756904125214
0.128	0.192	0.017996234819293022	0.01499959360808134	0.005100059788674116	0.02701902575790882	0.013831728138029575	0.007177530322223902	0.13344447314739227	0.006334192585200071	0.984941840171814	0.1196911633014679
0.192	0.256	0.017669515684247017	0.01390881184488535	0.004930977709591389	0.024727800861001015	0.013745746575295925	0.007177530322223902	0.13519418239593506	0.005787460599094629	0.9850103259086609	0.11156894266605377
0.256	0.32	0.01679714024066925	0.011926839128136635	0.0047383676283061504	0.024727800861001015	0.013745746575295925	0.007177530322223902	0.14489464461803436	0.0056028664112091064	0.9850211143493652	0.11156894266605377
0.32	0.384	0.016251666471362114	0.011629550717771053	0.0047383676283061504	0.024727800861001015	0.013745746575295925	0.007177530322223902	0.14902198314666748	0.005548019893467426	0.9853112697601318	0.11090560257434845
0.384	0.448	0.016251666471362114	0.011576320976018906	0.0047383676283061504	0.024727800861001015	0.013745746575295925	0.00704997219145298	0.14902198314666748	0.005538832861930132	0.9853112697601318	0.11024101078510284
0.448	0.512	0.016251666471362114	0.011477758176624775	0.0047383676283061504	0.026970379054546356	0.013745746575295925	0.006948120426386595	0.14902198314666748	0.0052236528135836124	0.9853535294532776	0.11024101078510284
0.512	0.576	0.016251666471362114	0.011351135559380054	0.004659617319703102	0.030594777315855026	0.013745746575295925	0.006830984260886908	0.14902198314666748	0.004736397881060839	0.9857869148254395	0.1091340035200119
