onset	offset	Alarm_bell_ringing	Blender	Cat	Dishes	Dog	Electric_shaver_toothbrush	Frying	Running_water	Speech	Vacuum_cleaner
0.0	0.064	0.00513361906632781	0.0009145762305706739	0.0011278727324679494	0.0038342371117323637	0.0011857632780447602	0.0017042778199538589	0.0037383954040706158	0.0025947503745555878	0.06869986653327942	0.0023712588008493185
0.064	0.128	0.00513361906632781	0.0010097702033817768	0.0011278727324679494	0.003893213113769889	0.0011857632780447602	0.0018420919077470899	0.004376460798084736	0.0025947503745555878	0.06869986653327942	0.0026209349744021893
0.128	0.192	0.00574313011020422	0.0010097702033817768	0.0013775411061942577	0.003893213113769889	0.0013215407961979508	0.0018420919077470899	0.004376460798084736	0.002686709864065051	0.28193747997283936	0.0029239351861178875
0.192	0.256	0.00574313011020422	0.0011145762400701642	0.001870619016699493	0.004324199166148901	0.0013215407961979508	0.001901407027617097	0.004873381927609444	0.0035389570984989405	0.49878397583961487	0.0029239351861178875
0.256	0.32	0.00574313011020422	0.001124626724049449	0.0019078871700912714	0.005068193189799786	0.001298038405366242	0.002015627920627594	0.005162851884961128	0.0035389570984989405	0.6383174061775208	0.002767756348475814
0.32	0.384	0.0069139511324465275	0.001124626724049449	0.002049393253400922	0.005383040755987167	0.001298038405366242	0.002182131865993142	0.005162851884961128	0.0035389570984989405	0.6668292284011841	0.002767756348475814
0.384	0.448	0.006925701163709164	0.001124626724049449	0.0021029887720942497	0.005438678897917271	0.001298038405366242	0.002280206885188818	0.005162851884961128	0.0035389570984989405	0.6668292284011841	0.002767756348475814
0.448	0.512	0.006962783169001341	0.0011145762400701642	0.0021029887720942497	0.005438678897917271	0.001298038405366242	0.0025489863473922014	0.005190402269363403	0.003349797800183296	0.6668292284011841	0.002767756348475814
0.512	0.576	0.007042179349809885	0.0010834571439772844	0.0021029887720942497	0.005438678897917271	0.0012674749596044421	0.00295703811571002	0.005190402269363403	0.003221251768991351	0.6668292284011841	0.0025631324388086796
