onset	offset	Alarm_bell_ringing	Blender	Cat	Dishes	Dog	Electric_shaver_toothbrush	Frying	Running_water	Speech	Vacuum_cleaner
0.0	0.064	0.0034729987382888794	0.039025358855724335	0.003785928711295128	0.003351863007992506	0.009139868430793285	0.018172932788729668	0.002381781581789255	0.1781533658504486	0.009264607913792133	0.0633024126291275
0.064	0.128	0.0034729987382888794	0.03802031651139259	0.003785928711295128	0.003351863007992506	0.009139868430793285	0.018172932788729668	0.002381781581789255	0.1781533658504486	0.009264607913792133	0.0633024126291275
0.128	0.192	0.002671564929187298	0.03802031651139259	0.0032885686960071325	0.0027413838542997837	0.007381925825029612	0.015925712883472443	0.0020025221165269613	0.17033718526363373	0.008134782314300537	0.0593564435839653
0.192	0.256	0.0021255132742226124	0.037066273391246796	0.0030668466351926327	0.002379377605393529	0.006804727949202061	0.014633742161095142	0.001872410299256444	0.16384388506412506	0.007634326815605164	0.05696018785238266
0.256	0.32	0.0017828461714088917	0.03417690470814705	0.002824492286890745	0.0021646246314048767	0.006352824624627829	0.013901338912546635	0.0017697418807074428	0.15802434086799622	0.007178112398833036	0.0553121492266655
0.32	0.384	0.0015232132282108068	0.03159667178988457	0.0026953546330332756	0.0020268845837563276	0.006139293313026428	0.01342124491930008	0.00170887412969023	0.15405969321727753	0.006858290638774633	0.05452612042427063
0.384	0.448	0.0013176653301343322	0.029967205598950386	0.002562150126323104	0.0019118713680654764	0.005847104825079441	0.013123649172484875	0.0017021544044837356	0.1506395936012268	0.006858290638774633	0.054309844970703125
0.448	0.512	0.0011680179741233587	0.02898186445236206	0.002562150126323104	0.001822012010961771	0.005589127540588379	0.012967115268111229	0.0016976787010207772	0.1506395936012268	0.006858290638774633	0.0535639263689518
0.512	0.576	0.0010752318194136024	0.028166141360998154	0.002562150126323104	0.0017412604065611959	0.005589127540588379	0.012783855199813843	0.0016596318455412984	0.1506395936012268	0.006858290638774633	0.05214264616370201
