onset	offset	Alarm_bell_ringing	Blender	Cat	Dishes	Dog	Electric_shaver_toothbrush	Frying	Running_water	Speech	Vacuum_cleaner
0.0	0.064	0.030815767124295235	0.0031464023049920797	0.0036588588263839483	0.010335295461118221	0.008332554250955582	0.005279943346977234	0.026836639270186424	0.0053479792550206184	0.9813883304595947	0.002513260580599308
0.064	0.128	0.031288743019104004	0.0031464023049920797	0.0036588588263839483	0.010335295461118221	0.008332554250955582	0.005279943346977234	0.026836639270186424	0.0053479792550206184	0.9813883304595947	0.002513260580599308
0.128	0.192	0.031288743019104004	0.002684981795027852	0.0035873979795724154	0.010109703987836838	0.008330435492098331	0.00538537697866559	0.026474498212337494	0.004659486934542656	0.9839417338371277	0.002091214759275317
0.192	0.256	0.03104706108570099	0.0024288322310894728	0.0035280657466500998	0.009944945573806763	0.00805433839559555	0.00538537697866559	0.026474498212337494	0.004344186279922724	0.9848810434341431	0.0019067269749939442
0.256	0.32	0.03088267520070076	0.0022871915716677904	0.0034319323021918535	0.009686678647994995	0.007859822362661362	0.005422559101134539	0.026474498212337494	0.004231874831020832	0.9852810502052307	0.001825538114644587
0.32	0.384	0.03088267520070076	0.0021735974587500095	0.003374432446435094	0.00952334888279438	0.007623875513672829	0.005536926444619894	0.026474498212337494	0.004036515019834042	0.9855802059173584	0.0017451746389269829
0.384	0.448	0.03088267520070076	0.0020950264297425747	0.003365993034094572	0.00947446096688509	0.0074264355935156345	0.005536926444619894	0.02652265504002571	0.00383897521533072	0.9858910441398621	0.0016707399627193809
0.448	0.512	0.03025902435183525	0.002012044657021761	0.0033567219506949186	0.009300240315496922	0.007185020484030247	0.005536926444619894	0.026736851781606674	0.0035945228300988674	0.9859119057655334	0.0016204185085371137
0.512	0.576	0.029671773314476013	0.0019498668843880296	0.0032896583434194326	0.009093184024095535	0.006927249487489462	0.005536926444619894	0.02675723470747471	0.0034142369404435158	0.9859119057655334	0.0015949172666296363
