onset	offset	Alarm_bell_ringing	Blender	Cat	Dishes	Dog	Electric_shaver_toothbrush	Frying	Running_water	Speech	Vacuum_cleaner
0.0	0.064	0.00034251785837113857	0.00039598080911673605	0.0002928583708126098	0.0010941342916339636	0.00016450247494503856	0.00026132658240385354	0.0008428044966422021	0.00025153931346721947	0.0018876626854762435	0.0007394978892989457
0.064	0.128	0.00034251785837113857	0.00039598080911673605	0.0002928583708126098	0.0010941342916339636	0.00016450247494503856	0.00026132658240385354	0.0008428044966422021	0.00025153931346721947	0.0018876626854762435	0.0007394978892989457
0.128	0.192	0.0002935653319582343	0.00029510760214179754	0.00025418473524041474	0.0009119096794165671	0.0001519796933280304	0.00022726970200892538	0.0007426869124174118	0.0002224670461146161	0.0014958505053073168	0.0006443553138524294
0.192	0.256	0.0002764421224128455	0.0002584448957350105	0.00024587157531641424	0.0009119096794165671	0.0001519796933280304	0.00021520268637686968	0.0006970452377572656	0.00020990589109715074	0.0013936057221144438	0.0006002539885230362
0.256	0.32	0.0002665861393325031	0.00024009124899748713	0.00024101577582769096	0.0009119096794165671	0.0001519796933280304	0.00021139660384505987	0.0006686803535558283	0.00020084860443603247	0.0013633936177939177	0.0005707985837943852
0.32	0.384	0.0002665861393325031	0.00024009124899748713	0.0002376733609708026	0.0009119096794165671	0.0001519796933280304	0.00021139660384505987	0.0006686803535558283	0.00020084860443603247	0.0013525969116017222	0.0005411435849964619
0.384	0.448	0.0002665861393325031	0.00024009124899748713	0.00023464781406801194	0.0009468929492868483	0.00015370170876849443	0.00021139660384505987	0.0006600447231903672	0.00020084860443603247	0.0013525969116017222	0.0004957126220688224
0.448	0.512	0.0002665861393325031	0.00024009124899748713	0.00022273596550803632	0.0010152714094147086	0.00016341047012247145	0.00021139660384505987	0.0006455993861891329	0.00019417055591475219	0.0013525969116017222	0.0004590277385432273
0.512	0.576	0.0002665861393325031	0.00023203638556879014	0.0001962301612365991	0.0010238219983875751	0.0001737038983264938	0.00021139660384505987	0.0006382922874763608	0.00019163530669175088	0.0013525969116017222	0.00044058842468075454
