onset	offset	Alarm_bell_ringing	Blender	Cat	Dishes	Dog	Electric_shaver_toothbrush	Frying	Running_water	Speech	Vacuum_cleaner
0.0	0.064	0.0034130546264350414	0.0016777649288997054	0.0022324007004499435	0.014770488254725933	0.015110256150364876	0.07176131010055542	0.0020435103215277195	0.0022574628237634897	0.9699190855026245	0.0030818134546279907
0.064	0.128	0.0034130546264350414	0.0016777649288997054	0.0022324007004499435	0.014770488254725933	0.015110256150364876	0.07229650765657425	0.0022484527435153723	0.0022574628237634897	0.9699190855026245	0.0030818134546279907
0.128	0.192	0.0027960326988250017	0.0016777649288997054	0.0022324007004499435	0.013809630647301674	0.03087586909532547	0.07229650765657425	0.0022484527435153723	0.002197310561314225	0.9542555809020996	0.0030644612852483988
0.192	0.256	0.0027960326988250017	0.0016777649288997054	0.002413451438769698	0.013722816482186317	0.057576123625040054	0.0726894661784172	0.0020435103215277195	0.0019947942346334457	0.9542555809020996	0.0029804292134940624
0.256	0.32	0.0027960326988250017	0.0016313205705955625	0.002413451438769698	0.013513096608221531	0.057576123625040054	0.07325658947229385	0.0019125865073874593	0.0017975741066038609	0.9542555809020996	0.002745148492977023
0.32	0.384	0.0027676403988152742	0.0012272186577320099	0.002413451438769698	0.012627915479242802	0.057576123625040054	0.07345562428236008	0.0019125865073874593	0.0015845939051359892	0.901924729347229	0.002305117668583989
0.384	0.448	0.0025769327767193317	0.000792581879068166	0.0022236397489905357	0.010778088122606277	0.057576123625040054	0.07710248976945877	0.0018762373365461826	0.0013999829534441233	0.7957263588905334	0.00184442731551826
0.448	0.512	0.0025769327767193317	0.0006296982755884528	0.0011348433326929808	0.006901883520185947	0.03870933875441551	0.07919546961784363	0.001820723875425756	0.0007856423617340624	0.5408481359481812	0.001384772825986147
0.512	0.576	0.002195874461904168	0.00044631047057919204	0.0009035931434482336	0.005142922978848219	0.014376463368535042	0.07919546961784363	0.001731590717099607	0.0006915415287949145	0.41794276237487793	0.0011276029981672764
