onset	offset	Alarm_bell_ringing	Blender	Cat	Dishes	Dog	Electric_shaver_toothbrush	Frying	Running_water	Speech	Vacuum_cleaner
0.0	0.064	0.016531292349100113	0.0091165816411376	0.007791321724653244	0.00146327237598598	0.005951430182904005	0.00484915915876627	0.0007110598962754011	0.03522396832704544	0.013173641636967659	0.9655722975730896
0.064	0.128	0.016531292349100113	0.0091165816411376	0.007791321724653244	0.00146327237598598	0.005951430182904005	0.00484915915876627	0.0007110598962754011	0.03522396832704544	0.013173641636967659	0.9655722975730896
0.128	0.192	0.008583391085267067	0.00667812954634428	0.005607153754681349	0.0009333573398180306	0.004217784386128187	0.003575156908482313	0.0005719616310670972	0.02465343289077282	0.008193531073629856	0.9655722975730896
0.192	0.256	0.0064564840868115425	0.0051833209581673145	0.005050742998719215	0.0006834981613792479	0.003435747232288122	0.002882362110540271	0.0005117469117976725	0.01656908169388771	0.005433419719338417	0.9655722975730896
0.256	0.32	0.005779977887868881	0.004451700486242771	0.00488836457952857	0.0006244260002858937	0.0030986936762928963	0.0026235838886350393	0.0004757989663630724	0.013333055190742016	0.004893037956207991	0.9655722975730896
0.32	0.384	0.005267529282718897	0.0037648093421012163	0.004686085972934961	0.0006134447176009417	0.002910661045461893	0.0024807872250676155	0.0004349917289800942	0.0112450011074543	0.0047032758593559265	0.9644947052001953
0.384	0.448	0.00490649975836277	0.003250769805163145	0.00414307089522481	0.0006029328214935958	0.0027821471448987722	0.002355782315135002	0.00041180665721185505	0.00944958534091711	0.004523194395005703	0.9620028138160706
0.448	0.512	0.00490649975836277	0.002883028006181121	0.003765564179047942	0.0006029328214935958	0.0027163063641637564	0.0022521622013300657	0.00040197084308601916	0.007991226390004158	0.004128659144043922	0.959290623664856
0.512	0.576	0.00490649975836277	0.002736819675192237	0.003765564179047942	0.0006029328214935958	0.0025953303556889296	0.002103569218888879	0.0003982789639849216	0.007327133323997259	0.004002039320766926	0.9576746225357056
