onset	offset	Alarm_bell_ringing	Blender	Cat	Dishes	Dog	Electric_shaver_toothbrush	Frying	Running_water	Speech	Vacuum_cleaner
0.0	0.064	0.0024615933652967215	0.0008323784568347037	0.0026407886762171984	0.002554728649556637	0.005820793099701405	0.0004815863794647157	0.0016522989608347416	0.002206495264545083	0.002839965745806694	0.002054887358099222
0.064	0.128	0.0024615933652967215	0.0008323784568347037	0.0032414663583040237	0.002554728649556637	0.008458330295979977	0.0004815863794647157	0.0016522989608347416	0.002206495264545083	0.002839965745806694	0.002054887358099222
0.128	0.192	0.0024615933652967215	0.0006703163380734622	0.00344360270537436	0.0021137502044439316	0.01233332883566618	0.0004698439151979983	0.0014472984476014972	0.0019858728628605604	0.0026186758186668158	0.0017688535153865814
0.192	0.256	0.002377390628680587	0.0006277059437707067	0.0032414663583040237	0.0021057052072137594	0.0097085265442729	0.0004329586517997086	0.001403818721882999	0.0018339081434533	0.0025490447878837585	0.0017354384763166308
0.256	0.32	0.002202108269557357	0.0006093892152421176	0.002827185206115246	0.0019548481795936823	0.00859028846025467	0.0004293938400223851	0.001386184012517333	0.0017396565526723862	0.0025478119496256113	0.0017347537213936448
0.32	0.384	0.002048533409833908	0.0005247436347417533	0.002827185206115246	0.0018101335735991597	0.00859028846025467	0.0004277242114767432	0.0013733068481087685	0.0016578788636252284	0.0025478119496256113	0.001588784041814506
0.384	0.448	0.002048533409833908	0.00045332571608014405	0.003085541073232889	0.0018101335735991597	0.009015011601150036	0.00039240260957740247	0.001345293247140944	0.001596843940205872	0.0025490447878837585	0.0014112540520727634
0.448	0.512	0.002048533409833908	0.0004157407965976745	0.003085541073232889	0.0018101335735991597	0.0097085265442729	0.00039148403448052704	0.0012958896113559604	0.0015614340081810951	0.0026062759570777416	0.0013890311820432544
0.512	0.576	0.002048533409833908	0.0004157407965976745	0.003085541073232889	0.0017532685305923223	0.0097085265442729	0.00039148403448052704	0.0012496844865381718	0.001540211378596723	0.0026062759570777416	0.0013890311820432544
