onset	offset	Alarm_bell_ringing	Blender	Cat	Dishes	Dog	Electric_shaver_toothbrush	Frying	Running_water	Speech	Vacuum_cleaner
0.0	0.064	0.0004196076770313084	0.0012366310693323612	0.0009302172693423927	0.0004162006080150604	0.0008961537969298661	0.00046965674846433103	0.0005033533088862896	0.0010731177171692252	0.0024654415901750326	0.2772679030895233
0.064	0.128	0.0004196076770313084	0.001244625193066895	0.0009302172693423927	0.0004162006080150604	0.0008961537969298661	0.00046965674846433103	0.0005033533088862896	0.0010731177171692252	0.0024654415901750326	0.2869221270084381
0.128	0.192	0.0003628715348895639	0.001295215217396617	0.0009302172693423927	0.0003636652836576104	0.0009060734882950783	0.00046965674846433103	0.0004880438791587949	0.001005893456749618	0.0021711087319999933	0.30114051699638367
0.192	0.256	0.0003502128238324076	0.001295215217396617	0.0009302172693423927	0.00035120482789352536	0.0009060734882950783	0.00046965674846433103	0.0004647445457521826	0.001005893456749618	0.0020496558863669634	0.30114051699638367
0.256	0.32	0.0003502128238324076	0.001295215217396617	0.0009302172693423927	0.00035120482789352536	0.0009060734882950783	0.00046965674846433103	0.00045406026765704155	0.001005893456749618	0.0019663479179143906	0.30114051699638367
0.32	0.384	0.0003502128238324076	0.001368144410662353	0.0009481352171860635	0.00035120482789352536	0.0009402605355717242	0.0004767521168105304	0.0004474492743611336	0.001005893456749618	0.0019027295056730509	0.32388606667518616
0.384	0.448	0.0003502128238324076	0.0014552652137354016	0.000998015864752233	0.00035120482789352536	0.0009842963190749288	0.0004914988530799747	0.0004442367935553193	0.0010378066217526793	0.001849849009886384	0.35472139716148376
0.448	0.512	0.00035425813985057175	0.0015451213112100959	0.0010774898109957576	0.00036308818380348384	0.0010391956893727183	0.0005158396670594811	0.00043959979666396976	0.0011035900097340345	0.0018073045648634434	0.39852848649024963
0.512	0.576	0.00036985764745622873	0.0016485645901411772	0.0011293331626802683	0.0003833113587461412	0.0011195968836545944	0.0005665173521265388	0.00043628489947877824	0.0012126126093789935	0.001763683627359569	0.4638172388076782
