onset	offset	Alarm_bell_ringing	Blender	Cat	Dishes	Dog	Electric_shaver_toothbrush	Frying	Running_water	Speech	Vacuum_cleaner
0.0	0.064	0.0013033392606303096	0.019410215318202972	0.004472414031624794	0.08124235272407532	0.023436570540070534	0.0002914372889790684	0.09830496460199356	0.0036249267868697643	0.011781678535044193	0.12397050112485886
0.064	0.128	0.0013033392606303096	0.019410215318202972	0.004472414031624794	0.08124235272407532	0.023436570540070534	0.0002914372889790684	0.09830496460199356	0.0033847494050860405	0.011781678535044193	0.12397050112485886
0.128	0.192	0.001114399405196309	0.019410215318202972	0.004472414031624794	0.0721573680639267	0.03022860363125801	0.0002898713282775134	0.11468683183193207	0.0033177591394633055	0.011781678535044193	0.12397050112485886
0.192	0.256	0.0009006002801470459	0.02129370905458927	0.004167876671999693	0.0721573680639267	0.03022860363125801	0.00024092916282825172	0.11468683183193207	0.0033177591394633055	0.011781678535044193	0.12397050112485886
0.256	0.32	0.000759475864470005	0.02129370905458927	0.0036220711190253496	0.0721573680639267	0.03022860363125801	0.00018205873493570834	0.11468683183193207	0.0029644109308719635	0.010781916789710522	0.12397050112485886
0.32	0.384	0.0006557394517585635	0.02129370905458927	0.002770262071862817	0.038541220128536224	0.03022860363125801	0.00017350442067254335	0.11468683183193207	0.0022906523663550615	0.009264017455279827	0.12559746205806732
0.384	0.448	0.0005435833591036499	0.019715147092938423	0.002770262071862817	0.022174911573529243	0.014164486899971962	0.00017114508955273777	0.09447362273931503	0.0022641292307525873	0.0071787843480706215	0.13577760756015778
0.448	0.512	0.0005100746056996286	0.019071102142333984	0.002770262071862817	0.014834088273346424	0.008283838629722595	0.00016130182484630495	0.08228306472301483	0.0022155947517603636	0.006002739537507296	0.14355725049972534
0.512	0.576	0.0005067936144769192	0.017077263444662094	0.002770262071862817	0.014017689973115921	0.005088780540972948	0.0001502365485066548	0.07595831900835037	0.0022155947517603636	0.005109318532049656	0.14355725049972534
