onset	offset	Alarm_bell_ringing	Blender	Cat	Dishes	Dog	Electric_shaver_toothbrush	Frying	Running_water	Speech	Vacuum_cleaner
0.0	0.064	0.0017827156698331237	0.00028940578340552747	0.004044180735945702	0.002621363615617156	0.0038949078880250454	0.0003294807975180447	0.004422453232109547	0.0018506840569898486	0.0021708421409130096	0.0033666749950498343
0.064	0.128	0.0017827156698331237	0.00028940578340552747	0.004196941386908293	0.002621363615617156	0.0038949078880250454	0.0003294807975180447	0.004422453232109547	0.0018506840569898486	0.0021708421409130096	0.0033666749950498343
0.128	0.192	0.001552770845592022	0.00023521474213339388	0.004196941386908293	0.0020288070663809776	0.0038949078880250454	0.00028921791817992926	0.0036207118537276983	0.0017196922563016415	0.0018218446057289839	0.0027449161279946566
0.192	0.256	0.0014310721307992935	0.00020662194583564997	0.004044180735945702	0.0018003089353442192	0.0038093985058367252	0.00027400549151934683	0.0031609884463250637	0.0016288202023133636	0.0017149834893643856	0.0023382885847240686
0.256	0.32	0.0013604083796963096	0.00020662194583564997	0.0039039053954184055	0.0016589297447353601	0.003758001606911421	0.0002593799727037549	0.002891360782086849	0.0015235614264383912	0.0017149834893643856	0.0020199487917125225
0.32	0.384	0.0013340736040845513	0.00020662194583564997	0.003848261432722211	0.001556371571496129	0.0036287507973611355	0.00024560446036048234	0.002692843321710825	0.0014242695178836584	0.0017149834893643856	0.0017852135933935642
0.384	0.448	0.0013258972903713584	0.00020662194583564997	0.0036686952225863934	0.0014639447908848524	0.0035473243333399296	0.00023707245418336242	0.0026056887581944466	0.001403909525834024	0.0017149834893643856	0.0016301615396514535
0.448	0.512	0.0013257527025416493	0.0002085748128592968	0.003456117119640112	0.001396091771312058	0.0034586028195917606	0.0002285341324750334	0.0024872098583728075	0.0013917237520217896	0.0017779826885089278	0.0014832428423687816
0.512	0.576	0.001325296238064766	0.00021110133093316108	0.003252966096624732	0.001349320518784225	0.003361983923241496	0.00022260792320594192	0.0023751615080982447	0.0013759118737652898	0.0018151779659092426	0.0013701290590688586
