onset	offset	Alarm_bell_ringing	Blender	Cat	Dishes	Dog	Electric_shaver_toothbrush	Frying	Running_water	Speech	Vacuum_cleaner
0.0	0.064	0.0029833123553544283	0.23380647599697113	0.009011230431497097	0.0165884867310524	0.004611390642821789	0.009613855741918087	0.05353141203522682	0.1551249772310257	0.0665336549282074	0.02188681624829769
0.064	0.128	0.0029833123553544283	0.23380647599697113	0.009011230431497097	0.0165884867310524	0.004635410849004984	0.009613855741918087	0.05353141203522682	0.1551249772310257	0.0665336549282074	0.02188681624829769
0.128	0.192	0.002688740845769644	0.26055818796157837	0.008784637786448002	0.015203735791146755	0.004657244775444269	0.009182758629322052	0.05734808370471001	0.16132639348506927	0.06563498079776764	0.017938164994120598
0.192	0.256	0.0024834154173731804	0.27395063638687134	0.008182247169315815	0.014322193339467049	0.004657244775444269	0.0088195214048028	0.06093873456120491	0.16390205919742584	0.06269794702529907	0.015686707571148872
0.256	0.32	0.0022988501004874706	0.27758949995040894	0.007232784293591976	0.013552111573517323	0.004657244775444269	0.00850357674062252	0.06357105076313019	0.16466699540615082	0.059162259101867676	0.014298536814749241
0.32	0.384	0.0020981209818273783	0.28339704871177673	0.00668451888486743	0.013243780471384525	0.00467583816498518	0.008425373584032059	0.06750129163265228	0.1694299876689911	0.05374417081475258	0.01348226610571146
0.384	0.448	0.0019293350633233786	0.29750633239746094	0.006512733176350594	0.013081954792141914	0.00487871328368783	0.008409048430621624	0.07235392928123474	0.16981923580169678	0.04517616331577301	0.01301647163927555
0.448	0.512	0.0018606599187478423	0.31584665179252625	0.006413276307284832	0.012588439509272575	0.00487871328368783	0.008293244987726212	0.07235392928123474	0.16981923580169678	0.035237640142440796	0.012674040161073208
0.512	0.576	0.0018284710822626948	0.32768985629081726	0.005976572632789612	0.012055352330207825	0.00487871328368783	0.007967269979417324	0.07235392928123474	0.1738961637020111	0.028098907321691513	0.012530344538390636
