onset	offset	Alarm_bell_ringing	Blender	Cat	Dishes	Dog	Electric_shaver_toothbrush	Frying	Running_water	Speech	Vacuum_cleaner
0.0	0.064	0.01167439203709364	0.003553339745849371	0.02371383272111416	0.025099577382206917	0.005649778991937637	0.026737181469798088	0.6621170043945312	0.006146189756691456	0.7543394565582275	0.01754997856914997
0.064	0.128	0.01167439203709364	0.003553339745849371	0.02371383272111416	0.025099577382206917	0.005772296339273453	0.02743573673069477	0.6675031185150146	0.006146189756691456	0.7543394565582275	0.01754997856914997
0.128	0.192	0.009252386167645454	0.0030207280069589615	0.021043987944722176	0.024842653423547745	0.005882685538381338	0.02771880105137825	0.6675031185150146	0.006523719988763332	0.7543394565582275	0.01754997856914997
0.192	0.256	0.007974931038916111	0.002974534872919321	0.020026488229632378	0.024701261892914772	0.005882685538381338	0.02743573673069477	0.6783192157745361	0.006523719988763332	0.7543394565582275	0.01754997856914997
0.256	0.32	0.006984490901231766	0.0029428882990032434	0.01701880618929863	0.02403450943529606	0.005772296339273453	0.026737181469798088	0.7184363603591919	0.006178412586450577	0.7543394565582275	0.017233852297067642
0.32	0.384	0.006140375975519419	0.002756290603429079	0.01345783844590187	0.022678280249238014	0.005772296339273453	0.02663099579513073	0.7504103779792786	0.006178412586450577	0.6709233522415161	0.0164073184132576
0.384	0.448	0.005426937714219093	0.0025876788422465324	0.010350787080824375	0.021040743216872215	0.005772296339273453	0.02350875362753868	0.7578744292259216	0.006178412586450577	0.525398313999176	0.0156362634152174
0.448	0.512	0.0044428627006709576	0.001974320039153099	0.007458461914211512	0.014778045937418938	0.005268211010843515	0.019039848819375038	0.7646461129188538	0.006178412586450577	0.33012673258781433	0.015245885588228703
0.512	0.576	0.0036637606099247932	0.0014333240687847137	0.005809010937809944	0.010234053246676922	0.004425270017236471	0.014192606322467327	0.7693101167678833	0.004898871760815382	0.20936328172683716	0.01472336333245039
