onset	offset	Alarm_bell_ringing	Blender	Cat	Dishes	Dog	Electric_shaver_toothbrush	Frying	Running_water	Speech	Vacuum_cleaner
0.0	0.064	0.005831957329064608	0.0043786680325865746	0.002938478719443083	0.0077650174498558044	0.005377460271120071	0.0011290502734482288	0.0036713106092065573	0.002596944337710738	0.9544681906700134	0.002557529602199793
0.064	0.128	0.006479858420789242	0.0043786680325865746	0.002952445764094591	0.0077650174498558044	0.005926140118390322	0.0011290502734482288	0.0036713106092065573	0.002495434833690524	0.9544681906700134	0.002557529602199793
0.128	0.192	0.0075683570466935635	0.004183316137641668	0.002952445764094591	0.0077650174498558044	0.005926140118390322	0.0011281557381153107	0.0032291370443999767	0.002495434833690524	0.9639169573783875	0.0019489717669785023
0.192	0.256	0.0075683570466935635	0.00346311554312706	0.002938478719443083	0.0077650174498558044	0.005987693089991808	0.0010802272008731961	0.0029699238948524	0.002387081040069461	0.9675679206848145	0.001535638701170683
0.256	0.32	0.008156711235642433	0.0032096514478325844	0.0029333694837987423	0.0077650174498558044	0.007210648152977228	0.0010142168030142784	0.002794019179418683	0.00230405293405056	0.9760503172874451	0.0012089204974472523
0.32	0.384	0.008156711235642433	0.0025320479180663824	0.0029333694837987423	0.007733718957751989	0.007210648152977228	0.0008906988659873605	0.002779030706733465	0.0022508190013468266	0.9760503172874451	0.0009683934040367603
0.384	0.448	0.008156711235642433	0.0022676358930766582	0.002814333187416196	0.007733718957751989	0.007210648152977228	0.0008807589765638113	0.0027201855555176735	0.0022350503131747246	0.9760503172874451	0.0008286048541776836
0.448	0.512	0.008156711235642433	0.002222922397777438	0.002759403781965375	0.007733718957751989	0.007210648152977228	0.0008707738597877324	0.0026682803872972727	0.0021239493507891893	0.9760503172874451	0.0008090853225439787
0.512	0.576	0.0076385303400456905	0.002189044840633869	0.0027451745700091124	0.007633116561919451	0.006561939604580402	0.0008125682943500578	0.0026408853009343147	0.0019974939059466124	0.9664158821105957	0.0008084364235401154
