onset	offset	Alarm_bell_ringing	Blender	Cat	Dishes	Dog	Electric_shaver_toothbrush	Frying	Running_water	Speech	Vacuum_cleaner
0.0	0.064	0.0031206300482153893	0.0037317699752748013	0.00795138068497181	0.004911875817924738	0.009352058172225952	0.004529022611677647	0.012928886339068413	0.7840468287467957	0.060569021850824356	0.007142413407564163
0.064	0.128	0.0031206300482153893	0.0037317699752748013	0.008682869374752045	0.004911875817924738	0.013018223457038403	0.004529022611677647	0.012928886339068413	0.7840468287467957	0.061620306223630905	0.007142413407564163
0.128	0.192	0.003070461330935359	0.003431162564083934	0.008682869374752045	0.004859888926148415	0.013018223457038403	0.004388986621052027	0.012186328880488873	0.8218117356300354	0.06688278913497925	0.00658209715038538
0.192	0.256	0.0028073391877114773	0.0033642358612269163	0.00795138068497181	0.004699828568845987	0.01215564738959074	0.004388986621052027	0.011208155192434788	0.8759209513664246	0.06688278913497925	0.006250484846532345
0.256	0.32	0.0027081125881522894	0.003156851278617978	0.0075043425895273685	0.004298351239413023	0.011647636070847511	0.004388986621052027	0.010806386359035969	0.9194288849830627	0.06688278913497925	0.005354525055736303
0.32	0.384	0.002577879000455141	0.002791796112433076	0.006903210189193487	0.004165217280387878	0.011647636070847511	0.004388986621052027	0.008448295295238495	0.9447541236877441	0.06688278913497925	0.004493626765906811
0.384	0.448	0.002577879000455141	0.0023710590321570635	0.006077596917748451	0.003838027361780405	0.011647636070847511	0.004562740679830313	0.006935060955584049	0.9563698768615723	0.06688278913497925	0.004239595495164394
0.448	0.512	0.002381447469815612	0.001999243861064315	0.004741883836686611	0.0032076172064989805	0.00944136269390583	0.004562740679830313	0.006164480000734329	0.9609714150428772	0.06688278913497925	0.003733764635398984
0.512	0.576	0.0021721613593399525	0.00162483099848032	0.0038952038157731295	0.002731866901740432	0.007592771667987108	0.004562740679830313	0.005308094900101423	0.9637953639030457	0.06339190155267715	0.0031402972526848316
