onset	offset	Alarm_bell_ringing	Blender	Cat	Dishes	Dog	Electric_shaver_toothbrush	Frying	Running_water	Speech	Vacuum_cleaner
0.0	0.064	0.0012221222277730703	0.001325450255535543	0.005073668900877237	0.0091251190751791	0.0029314961284399033	0.001763700507581234	0.001301206648349762	0.93476802110672	0.006803954020142555	0.004084633197635412
0.064	0.128	0.0012221222277730703	0.001325450255535543	0.005073668900877237	0.0091251190751791	0.0029314961284399033	0.001763700507581234	0.001301206648349762	0.9337902069091797	0.006803954020142555	0.004084633197635412
0.128	0.192	0.0009410344064235687	0.0010733267990872264	0.003710660384967923	0.0068705095909535885	0.002717261202633381	0.0013723628362640738	0.00119435612577945	0.9337902069091797	0.00600914191454649	0.0036861959379166365
0.192	0.256	0.0006704060942865908	0.0008612374076619744	0.00261614634655416	0.004705249331891537	0.002239788416773081	0.0010858656605705619	0.00119435612577945	0.9170078635215759	0.005555960349738598	0.0034229836892336607
0.256	0.32	0.00046927970834076405	0.0007568967994302511	0.0019450633553788066	0.003579557640478015	0.0018165670335292816	0.0008918474777601659	0.00119435612577945	0.8937184810638428	0.005224287044256926	0.003256316529586911
0.32	0.384	0.0003503657935652882	0.0006608922849409282	0.0017684308113530278	0.002908474300056696	0.0014107627794146538	0.0007606216822750866	0.00117372942622751	0.8581926822662354	0.004743506200611591	0.002987608779221773
0.384	0.448	0.00029350793920457363	0.0006423009908758104	0.0017684308113530278	0.0023315618745982647	0.0011656753486022353	0.0006550716934725642	0.00117372942622751	0.8330210447311401	0.004263582173734903	0.002909271977841854
0.448	0.512	0.000267824245383963	0.0006256188498809934	0.0017684308113530278	0.0021794463973492384	0.0010302131995558739	0.000585236179176718	0.00117372942622751	0.8205909729003906	0.004263582173734903	0.0029035124462097883
0.512	0.576	0.0002601589076220989	0.0005669781239703298	0.0017684308113530278	0.0021794463973492384	0.0009774761274456978	0.0005528207984752953	0.00117372942622751	0.806159257888794	0.004263582173734903	0.002878837753087282
