onset	offset	Alarm_bell_ringing	Blender	Cat	Dishes	Dog	Electric_shaver_toothbrush	Frying	Running_water	Speech	Vacuum_cleaner
0.0	0.064	0.0010788404615595937	0.001426774775609374	0.0014659627340734005	0.0045173619873821735	0.0441538468003273	0.0012350736651569605	0.006267365533858538	0.015247511677443981	0.02116972766816616	0.005828778725117445
0.064	0.128	0.0010788404615595937	0.001426774775609374	0.0014659627340734005	0.0045173619873821735	0.0441538468003273	0.0012350736651569605	0.006267365533858538	0.015247511677443981	0.02116972766816616	0.005828778725117445
0.128	0.192	0.0009334609494544566	0.001358000678010285	0.0014659627340734005	0.002849450334906578	0.03082997351884842	0.0009148489916697145	0.005991574376821518	0.012617015279829502	0.019290072843432426	0.005479718558490276
0.192	0.256	0.0007980669615790248	0.0012928821379318833	0.0014145614113658667	0.0020273737609386444	0.023241255432367325	0.0007428118260577321	0.005991574376821518	0.011161403730511665	0.017990117892622948	0.005361179821193218
0.256	0.32	0.0006438040290959179	0.001153857447206974	0.0013656222727149725	0.0017657661810517311	0.017873940989375114	0.000684586470015347	0.005991574376821518	0.011161403730511665	0.017990117892622948	0.005281428340822458
0.32	0.384	0.0005964222946204245	0.0011012292234227061	0.0014118904946371913	0.0017657661810517311	0.017873940989375114	0.0006478584255091846	0.005991574376821518	0.011161403730511665	0.017990117892622948	0.0052740867249667645
0.384	0.448	0.0005964222946204245	0.0011012292234227061	0.0013702717842534184	0.0017657661810517311	0.017873940989375114	0.000625642656814307	0.005995812360197306	0.011161403730511665	0.017990117892622948	0.005172837525606155
0.448	0.512	0.0005964222946204245	0.0011012292234227061	0.0013656222727149725	0.0017657661810517311	0.017873940989375114	0.0006116552976891398	0.006009249482303858	0.011240643449127674	0.018626434728503227	0.005106783472001553
0.512	0.576	0.0005789538845419884	0.0011012292234227061	0.0013222539564594626	0.00204027583822608	0.01839769072830677	0.0006044290494173765	0.006009249482303858	0.01157548651099205	0.021269965916872025	0.005073663778603077
