onset	offset	Alarm_bell_ringing	Blender	Cat	Dishes	Dog	Electric_shaver_toothbrush	Frying	Running_water	Speech	Vacuum_cleaner
0.0	0.064	0.0067541347816586494	0.03375497832894325	0.009382984600961208	0.00555403484031558	0.003792347153648734	0.11712673306465149	0.06201683729887009	0.02810106985270977	0.00638604536652565	0.1813054233789444
0.064	0.128	0.0067541347816586494	0.03372952714562416	0.009382984600961208	0.00555403484031558	0.003792347153648734	0.11712673306465149	0.06329971551895142	0.02810106985270977	0.00638604536652565	0.1813054233789444
0.128	0.192	0.0057447501458227634	0.03375497832894325	0.00936841033399105	0.004937279969453812	0.002995019545778632	0.11659262329339981	0.06563141196966171	0.027201294898986816	0.0055819847621023655	0.1787407398223877
0.192	0.256	0.005300542339682579	0.03372952714562416	0.009041214361786842	0.0044517298229038715	0.0026729372330009937	0.11611301451921463	0.06563141196966171	0.025594165548682213	0.0052229491993784904	0.17453448474407196
0.256	0.32	0.005082004237920046	0.03357191011309624	0.008371510542929173	0.0043003372848033905	0.0025581244844943285	0.1157003790140152	0.06726139783859253	0.02417139522731304	0.005047669168561697	0.17063334584236145
0.32	0.384	0.004900566767901182	0.03357191011309624	0.008022593334317207	0.0043003372848033905	0.002555930521339178	0.1157003790140152	0.06986843049526215	0.023180583491921425	0.005047669168561697	0.16929064691066742
0.384	0.448	0.00476038409397006	0.03322238102555275	0.007888464257121086	0.004282193724066019	0.002540051005780697	0.1157003790140152	0.07036342471837997	0.022403404116630554	0.005047669168561697	0.16729551553726196
0.448	0.512	0.004634609911590815	0.032750941812992096	0.007720429450273514	0.004282193724066019	0.002520335605368018	0.1157003790140152	0.07057745009660721	0.02198631316423416	0.004971039481461048	0.16729551553726196
0.512	0.576	0.004399068653583527	0.031125344336032867	0.007510851137340069	0.0043003372848033905	0.002520335605368018	0.1157003790140152	0.07123300433158875	0.021781345829367638	0.0049542891792953014	0.16729551553726196
