onset	offset	Alarm_bell_ringing	Blender	Cat	Dishes	Dog	Electric_shaver_toothbrush	Frying	Running_water	Speech	Vacuum_cleaner
0.0	0.064	0.0022235496435314417	0.0018739463994279504	0.0016803337493911386	0.05818597599864006	0.0031962196808308363	0.008174344897270203	0.7240024209022522	0.012714906595647335	0.9447203278541565	0.003341993549838662
0.064	0.128	0.0024000885896384716	0.0018739463994279504	0.00185033876914531	0.059952571988105774	0.003123030997812748	0.008174344897270203	0.7240024209022522	0.012714906595647335	0.9447203278541565	0.003341993549838662
0.128	0.192	0.0024000885896384716	0.0018610318657010794	0.00185033876914531	0.059952571988105774	0.003123030997812748	0.008174344897270203	0.7145004868507385	0.010763217695057392	0.9631629586219788	0.002856217324733734
0.192	0.256	0.0023429584689438343	0.0017472250619903207	0.0018530356464907527	0.059201110154390335	0.0031034755520522594	0.008218813687562943	0.7145004868507385	0.010314129292964935	0.9694571495056152	0.0025455469731241465
0.256	0.32	0.0022235496435314417	0.0013962985249236226	0.0018734087934717536	0.059201110154390335	0.002930432790890336	0.008323272690176964	0.7145004868507385	0.010126955807209015	0.9694571495056152	0.002364958170801401
0.32	0.384	0.002238112734630704	0.0011704788776114583	0.0018850286724045873	0.05997423082590103	0.0026446846313774586	0.008528582751750946	0.7145004868507385	0.010126955807209015	0.9694571495056152	0.0021581673063337803
0.384	0.448	0.0023429584689438343	0.0009885046165436506	0.0020030539017170668	0.06016503646969795	0.002426661318168044	0.008528582751750946	0.7188577651977539	0.010126955807209015	0.9694571495056152	0.0019649870228022337
0.448	0.512	0.0023429584689438343	0.0009075700072571635	0.0020030539017170668	0.06631334871053696	0.0020100236870348454	0.008323272690176964	0.7453250288963318	0.010082758963108063	0.9613215327262878	0.0018121997127309442
0.512	0.576	0.0023429584689438343	0.0008542303694412112	0.0020030539017170668	0.06631334871053696	0.0016524310922250152	0.008323272690176964	0.7824891209602356	0.009921812452375889	0.9471421837806702	0.001732890959829092
