onset	offset	Alarm_bell_ringing	Blender	Cat	Dishes	Dog	Electric_shaver_toothbrush	Frying	Running_water	Speech	Vacuum_cleaner
0.0	0.064	0.0007614713395014405	0.007634829264134169	0.0002291964046889916	0.0007388163357973099	0.0005738061154261231	0.000178351896465756	0.0027341360691934824	0.0006738699739798903	0.008056452497839928	0.011077727191150188
0.064	0.128	0.0007614713395014405	0.007634829264134169	0.0002291964046889916	0.0007388163357973099	0.0005738061154261231	0.000178351896465756	0.0027341360691934824	0.0006738699739798903	0.008056452497839928	0.011077727191150188
0.128	0.192	0.0007013354334048927	0.006190337240695953	0.00019675005751196295	0.0006158298347145319	0.0005727179814130068	0.0001572865148773417	0.0027341360691934824	0.0005837721400894225	0.008141834288835526	0.009226493537425995
0.192	0.256	0.0006630211719311774	0.005356373731046915	0.00019675005751196295	0.0005914450739510357	0.0005727179814130068	0.00014439583173952997	0.0027341360691934824	0.0005837721400894225	0.008141834288835526	0.008065126836299896
0.256	0.32	0.0006630211719311774	0.0053445156663656235	0.00019675005751196295	0.0005914450739510357	0.0005727179814130068	0.00013615546049550176	0.0027341360691934824	0.0005837721400894225	0.008141834288835526	0.007197050843387842
0.32	0.384	0.0006630211719311774	0.0053445156663656235	0.00019675005751196295	0.0005914450739510357	0.0005727179814130068	0.00013158784713596106	0.0027865071315318346	0.0005837721400894225	0.0104929618537426	0.007197050843387842
0.384	0.448	0.0006630211719311774	0.0053445156663656235	0.00022772520605940372	0.0005914450739510357	0.0005727179814130068	0.00013158784713596106	0.0028065594378858805	0.0006311279721558094	0.022636139765381813	0.007197050843387842
0.448	0.512	0.0007021178607828915	0.0053445156663656235	0.0003188091213814914	0.000751021783798933	0.0005727179814130068	0.00013158784713596106	0.0029179160483181477	0.0009613237343728542	0.07910343259572983	0.007197050843387842
0.512	0.576	0.0007154266932047904	0.006802394054830074	0.00038608055911026895	0.0009047820931300521	0.0005727179814130068	0.00013158784713596106	0.0032871561124920845	0.0014198038261383772	0.16359633207321167	0.007358337286859751
