onset	offset	Alarm_bell_ringing	Blender	Cat	Dishes	Dog	Electric_shaver_toothbrush	Frying	Running_water	Speech	Vacuum_cleaner
0.0	0.064	0.0008076301892288029	0.0004568194563034922	0.0036398943047970533	0.0012168596731498837	0.0011044587008655071	0.00032231907243840396	0.00037300819531083107	0.005197288002818823	0.0020898678340017796	0.0010922648943960667
0.064	0.128	0.0008076301892288029	0.0004568194563034922	0.0036398943047970533	0.0012168596731498837	0.0011378043564036489	0.00032231907243840396	0.00037300819531083107	0.005197288002818823	0.0020898678340017796	0.0010922648943960667
0.128	0.192	0.00062147545395419	0.00038830903940834105	0.0033270069397985935	0.0009881797013804317	0.001168159767985344	0.00031349388882517815	0.0003588426625356078	0.0044107018038630486	0.001821952173486352	0.0010124692926183343
0.192	0.256	0.0005753905279561877	0.00036110743531025946	0.0033170634415000677	0.0009245036635547876	0.001168159767985344	0.00031349388882517815	0.0003376663662493229	0.00403248704969883	0.0017447195714339614	0.0009478660067543387
0.256	0.32	0.0005580257857218385	0.00033706845715641975	0.003302284050732851	0.0009079999290406704	0.0011420208029448986	0.0003130414115730673	0.00032391046988777816	0.003855401650071144	0.001694770297035575	0.000867583672516048
0.32	0.384	0.000548367912415415	0.0003163994988426566	0.003300084499642253	0.0009059259318746626	0.0011420208029448986	0.0003122194029856473	0.00031422878964804113	0.0037755172234028578	0.0016467635286971927	0.0007982878014445305
0.384	0.448	0.0005434248596429825	0.0003034223336726427	0.0032603058498352766	0.0009051692904904485	0.0011420208029448986	0.0003098042798228562	0.00030514929676428437	0.0037260798271745443	0.0016054834704846144	0.0007481299107894301
0.448	0.512	0.0005395724438130856	0.0002980004937853664	0.0032603058498352766	0.0009033082169480622	0.0011420208029448986	0.0003098042798228562	0.00029490256565622985	0.0037039380986243486	0.0015713035827502608	0.0007152365287765861
0.512	0.576	0.0005395724438130856	0.0002980004937853664	0.0032603058498352766	0.000901137653272599	0.0011089436011388898	0.0003078642475884408	0.00028406313504092395	0.003700195113196969	0.0015463768504559994	0.0006923364126123488
