onset	offset	Alarm_bell_ringing	Blender	Cat	Dishes	Dog	Electric_shaver_toothbrush	Frying	Running_water	Speech	Vacuum_cleaner
0.0	0.064	0.037444572895765305	0.01725916564464569	0.007580598350614309	0.005114132072776556	0.007154142949730158	0.011636574752628803	0.030912529677152634	0.0218040831387043	0.007763205096125603	0.5331194996833801
0.064	0.128	0.037444572895765305	0.01725916564464569	0.007580598350614309	0.005114132072776556	0.007154142949730158	0.011636574752628803	0.030912529677152634	0.0218040831387043	0.007763205096125603	0.5331194996833801
0.128	0.192	0.029558448120951653	0.014493045397102833	0.00751351797953248	0.0045631565153598785	0.00579556031152606	0.010419115424156189	0.02952761761844158	0.020708486437797546	0.006913508754223585	0.5475412607192993
0.192	0.256	0.027896178886294365	0.013255476951599121	0.00751351797953248	0.004448448773473501	0.005532493349164724	0.009842455387115479	0.029046397656202316	0.020235560834407806	0.006913508754223585	0.5519315600395203
0.256	0.32	0.02724083513021469	0.012424850836396217	0.00751351797953248	0.004428304266184568	0.005495567340403795	0.009766231290996075	0.02800709195435047	0.020235560834407806	0.006913508754223585	0.5520784854888916
0.32	0.384	0.02635073848068714	0.012424850836396217	0.00751351797953248	0.004428304266184568	0.0053525567054748535	0.009766231290996075	0.026674719527363777	0.020235560834407806	0.006913508754223585	0.5520784854888916
0.384	0.448	0.02613549865782261	0.012424850836396217	0.007518355268985033	0.004428304266184568	0.005156060680747032	0.009700154885649681	0.02550136111676693	0.020235560834407806	0.007171212695538998	0.5520784854888916
0.448	0.512	0.02603507600724697	0.012424850836396217	0.007518355268985033	0.004428304266184568	0.004928697366267443	0.00959495548158884	0.024330710992217064	0.020461898297071457	0.007672429084777832	0.5520784854888916
0.512	0.576	0.025879938155412674	0.012441935017704964	0.007518355268985033	0.004428304266184568	0.004782942123711109	0.00959495548158884	0.02334432862699032	0.020543362945318222	0.008182726800441742	0.5458551049232483
