onset	offset	Alarm_bell_ringing	Blender	Cat	Dishes	Dog	Electric_shaver_toothbrush	Frying	Running_water	Speech	Vacuum_cleaner
0.0	0.064	0.0043432991951704025	0.003234748262912035	0.0008896988583728671	0.002029363065958023	0.0014621579321101308	0.9811338186264038	0.0034489103127270937	0.0042148130014538765	0.00606722803786397	0.005228457041084766
0.064	0.128	0.0043432991951704025	0.003234748262912035	0.0008896988583728671	0.002029363065958023	0.0014621579321101308	0.9811338186264038	0.0034489103127270937	0.0042148130014538765	0.006298369262367487	0.005228457041084766
0.128	0.192	0.0032931342720985413	0.0014549632323905826	0.0008132976363413036	0.0012263614917173982	0.0009019974968396127	0.9845467209815979	0.0018180417828261852	0.002706848317757249	0.006600900087505579	0.002439789939671755
0.192	0.256	0.0028451369144022465	0.0008748743566684425	0.0007703951559960842	0.0009185121161863208	0.0007046271930448711	0.985503077507019	0.0013411656254902482	0.002110307104885578	0.006600900087505579	0.0016428735107183456
0.256	0.32	0.0026128117460757494	0.0006768199964426458	0.0007472374709323049	0.0007717939442954957	0.0006071219104342163	0.9859750866889954	0.0011596378171816468	0.0018799181561917067	0.006600900087505579	0.00130179850384593
0.32	0.384	0.0024727312847971916	0.0005837290082126856	0.0007242619758471847	0.0006801548879593611	0.0005542849539779127	0.9861745834350586	0.0010728335473686457	0.0017553979996591806	0.0068404399789869785	0.0011049191234633327
0.384	0.448	0.002388065680861473	0.0005242636543698609	0.0006843594601377845	0.0006185323582030833	0.0005313650472089648	0.9862527251243591	0.001048725564032793	0.001646092627197504	0.007147995289415121	0.0009790597250685096
0.448	0.512	0.002361575374379754	0.00048778223572298884	0.00064482307061553	0.0006044353940524161	0.0005295584560371935	0.9863910675048828	0.001048725564032793	0.0015478808199986815	0.007945869117975235	0.0008886847645044327
0.512	0.576	0.0023575578816235065	0.0004696426331065595	0.0005980089772492647	0.0006044353940524161	0.0005295584560371935	0.9863910675048828	0.001048725564032793	0.001440473017282784	0.009289373643696308	0.0008237420115619898
