onset	offset	Alarm_bell_ringing	Blender	Cat	Dishes	Dog	Electric_shaver_toothbrush	Frying	Running_water	Speech	Vacuum_cleaner
0.0	0.064	0.011934022419154644	0.0017352020367980003	0.002508703153580427	0.0025291978381574154	0.01202341541647911	0.0006111617549322546	0.0012471498921513557	0.004096647724509239	0.008122576400637627	0.0035717629361897707
0.064	0.128	0.011934022419154644	0.0017352020367980003	0.002508703153580427	0.0025291978381574154	0.01202341541647911	0.0006111617549322546	0.0012471498921513557	0.004096647724509239	0.008122576400637627	0.0035717629361897707
0.128	0.192	0.011532333679497242	0.001533268834464252	0.002508703153580427	0.0019640501122921705	0.01202341541647911	0.0005934337386861444	0.001026968122459948	0.0036621198523789644	0.00789834838360548	0.003309388644993305
0.192	0.256	0.011513124220073223	0.0014524891739711165	0.002417556010186672	0.0018285554833710194	0.011274070478975773	0.0005361601361073554	0.0008968350593931973	0.0034146313555538654	0.00785517506301403	0.0030470716301351786
0.256	0.32	0.010688018053770065	0.0013675178634002805	0.0019737668335437775	0.001784583437256515	0.008922150358557701	0.00044799374882131815	0.0007978099165484309	0.003355380380526185	0.007692803628742695	0.0028196482453495264
0.32	0.384	0.009287201799452305	0.001275863847695291	0.0013673758367076516	0.0016269966727122664	0.005562479607760906	0.00036693428410217166	0.0007595420465804636	0.003284670179709792	0.007647125981748104	0.0027411882765591145
0.384	0.448	0.00812055915594101	0.0011551501229405403	0.001086101634427905	0.0014392574084922671	0.003296695649623871	0.00031343617592938244	0.0007459546905010939	0.0032781213521957397	0.00735189625993371	0.002621253952383995
0.448	0.512	0.007584265433251858	0.0010497436160221696	0.001086101634427905	0.0013193318154662848	0.0023903376422822475	0.0002877884544432163	0.0007311890367418528	0.0032781213521957397	0.006596052087843418	0.0024931556545197964
0.512	0.576	0.007131621707230806	0.0009396439418196678	0.001086101634427905	0.0011665272759273648	0.002234494313597679	0.0002719992189668119	0.0007075752364471555	0.0032781213521957397	0.005828394554555416	0.0024109925143420696
