onset	offset	Alarm_bell_ringing	Blender	Cat	Dishes	Dog	Electric_shaver_toothbrush	Frying	Running_water	Speech	Vacuum_cleaner
0.0	0.064	0.006019871681928635	0.0006935905548743904	0.00042354624019935727	0.004558532033115625	0.0007423270726576447	0.0005122168804518878	0.0024974108673632145	0.0006801565759815276	0.0124757569283247	0.0009362060809507966
0.064	0.128	0.006019871681928635	0.0006935905548743904	0.00042354624019935727	0.004558532033115625	0.0007423270726576447	0.0005122168804518878	0.0024974108673632145	0.0006801565759815276	0.0124757569283247	0.0009362060809507966
0.128	0.192	0.004721930716186762	0.000519566994626075	0.0003826548927463591	0.003126087598502636	0.0006813918589614332	0.0004328079812694341	0.0018983813934028149	0.0005340477800928056	0.010426093824207783	0.0006674108444713056
0.192	0.256	0.004028067924082279	0.00038507540011778474	0.00035059195943176746	0.002266846364364028	0.0006804457516409457	0.0003820126876235008	0.0013944940874353051	0.000442209595348686	0.009792819619178772	0.0005300285993143916
0.256	0.32	0.0036405171267688274	0.0002760781499091536	0.0003504549677018076	0.001520622055977583	0.000647300505079329	0.00034225653507746756	0.0011702290503308177	0.00039222699706442654	0.008391400799155235	0.0004549139703158289
0.32	0.384	0.0035846089012920856	0.0002760781499091536	0.00034000069717876613	0.0015086024068295956	0.000647300505079329	0.000336568511556834	0.001061500166542828	0.00035889039281755686	0.008391400799155235	0.000397631578380242
0.384	0.448	0.003561445977538824	0.00026411341968923807	0.0003277904761489481	0.0014995920937508345	0.000647300505079329	0.0003325246798340231	0.001057252287864685	0.00033552999957464635	0.008280709385871887	0.00035726954229176044
0.448	0.512	0.0033515284303575754	0.0002602102467790246	0.0003195275494363159	0.0013177960645407438	0.000647300505079329	0.00032151408959180117	0.0010383926564827561	0.00033552999957464635	0.008280709385871887	0.0003543743514455855
0.512	0.576	0.0033406163565814495	0.0002602102467790246	0.0003181693609803915	0.0012846848694607615	0.0006774766370654106	0.0003211630100850016	0.0010383926564827561	0.00033552999957464635	0.008280709385871887	0.0003425376198720187
