onset	offset	Alarm_bell_ringing	Blender	Cat	Dishes	Dog	Electric_shaver_toothbrush	Frying	Running_water	Speech	Vacuum_cleaner
0.0	0.064	0.007265638560056686	0.0005353497108444571	0.0011368532432243228	0.0014238673029467463	0.0019674785435199738	0.00022582162637263536	0.001150620519183576	0.0035341158509254456	0.014543257653713226	0.0027165738865733147
0.064	0.128	0.007265638560056686	0.0005353497108444571	0.0011368532432243228	0.0014238673029467463	0.0019674785435199738	0.00022582162637263536	0.001150620519183576	0.0035341158509254456	0.014543257653713226	0.0027165738865733147
0.128	0.192	0.006029997020959854	0.0004269251658115536	0.0011368532432243228	0.001177244819700718	0.0016371695091947913	0.00019615702331066132	0.0010554755572229624	0.0031737613026052713	0.014543257653713226	0.0023803478106856346
0.192	0.256	0.006029997020959854	0.00037188531132414937	0.0011368532432243228	0.001177244819700718	0.0016371695091947913	0.00019593906472437084	0.000999723095446825	0.003140142187476158	0.014543257653713226	0.0021859558764845133
0.256	0.32	0.006029997020959854	0.0003429267380852252	0.0011368532432243228	0.001177244819700718	0.0016371695091947913	0.00018586280930321664	0.0009689494036138058	0.0030412960331887007	0.014543257653713226	0.0020167198963463306
0.32	0.384	0.006029997020959854	0.0003324980498291552	0.0011998688569292426	0.001177244819700718	0.0015471382066607475	0.00018359873502049595	0.0009202425135299563	0.0029161893762648106	0.01544131152331829	0.0019718841649591923
0.384	0.448	0.006623231340199709	0.0003246988635510206	0.0011998688569292426	0.0012371623888611794	0.0015471382066607475	0.00018270303553435951	0.0008295690058730543	0.0028959696646779776	0.01544131152331829	0.001967792399227619
0.448	0.512	0.006790352985262871	0.00031848164508119226	0.0011998688569292426	0.0012371623888611794	0.0015471382066607475	0.00018230175192002207	0.0008295690058730543	0.0028959696646779776	0.01544131152331829	0.001756251323968172
0.512	0.576	0.007655840367078781	0.0002984986931551248	0.0011998688569292426	0.001292464672587812	0.0012704693945124745	0.00016920798225328326	0.0008295690058730543	0.0025533135049045086	0.01544131152331829	0.0016205188585445285
