onset	offset	Alarm_bell_ringing	Blender	Cat	Dishes	Dog	Electric_shaver_toothbrush	Frying	Running_water	Speech	Vacuum_cleaner
0.0	0.064	0.0024979906156659126	0.002654308918863535	0.004708763677626848	0.024265708401799202	0.0021459106355905533	0.026570042595267296	0.4587717354297638	0.010632723569869995	0.12546944618225098	0.0014097723178565502
0.064	0.128	0.0024979906156659126	0.002654308918863535	0.005183126777410507	0.024265708401799202	0.0021459106355905533	0.026570042595267296	0.4587717354297638	0.011364221572875977	0.1480560004711151	0.0014097723178565502
0.128	0.192	0.0022913555148988962	0.00209485599771142	0.0054077100940048695	0.020771779119968414	0.0019242586567997932	0.024276362732052803	0.4522080719470978	0.011364221572875977	0.1480560004711151	0.0013603169936686754
0.192	0.256	0.0022913555148988962	0.0018233305308967829	0.0054077100940048695	0.020771779119968414	0.0019242586567997932	0.022126929834485054	0.43787655234336853	0.011498654261231422	0.15564152598381042	0.0013600689126178622
0.256	0.32	0.0022913555148988962	0.0018233305308967829	0.006348846945911646	0.020771779119968414	0.0019242586567997932	0.020295357331633568	0.419560968875885	0.011498654261231422	0.19642843306064606	0.0012282284442335367
0.32	0.384	0.0022913555148988962	0.0018233305308967829	0.007818048819899559	0.020771779119968414	0.0019242586567997932	0.018628787249326706	0.41074317693710327	0.011498654261231422	0.24549703299999237	0.0010179693344980478
0.384	0.448	0.0028384027536958456	0.0018233305308967829	0.011450625024735928	0.021064123138785362	0.0020605127792805433	0.01849285699427128	0.41074317693710327	0.011498654261231422	0.2961941063404083	0.0008377091726288199
0.448	0.512	0.00389938335865736	0.002041449071839452	0.01721763424575329	0.021064123138785362	0.002133256057277322	0.01819298043847084	0.41074317693710327	0.010520629584789276	0.3663034439086914	0.0006949552334845066
0.512	0.576	0.00389938335865736	0.002041449071839452	0.01721763424575329	0.022903122007846832	0.002158411545678973	0.01787879690527916	0.41074317693710327	0.010520629584789276	0.401190847158432	0.0005738993640989065
