onset	offset	Alarm_bell_ringing	Blender	Cat	Dishes	Dog	Electric_shaver_toothbrush	Frying	Running_water	Speech	Vacuum_cleaner
0.0	0.064	0.0009151467238552868	0.0007130294688977301	0.0018300634110346437	0.0013102469965815544	0.002028827089816332	0.0005925761070102453	0.0010665867011994123	0.0025943813379853964	0.0040616667829453945	0.0026682638563215733
0.064	0.128	0.0009151467238552868	0.0007130294688977301	0.0018300634110346437	0.0013102469965815544	0.002043294720351696	0.0005925761070102453	0.0010665867011994123	0.0025943813379853964	0.004773803986608982	0.0026682638563215733
0.128	0.192	0.0007544135442003608	0.0005459225503727794	0.0018300634110346437	0.0010479805059731007	0.00249626231379807	0.0005925761070102453	0.0010665867011994123	0.0025943813379853964	0.004852867219597101	0.0025680535472929478
0.192	0.256	0.0007544135442003608	0.0004549269797280431	0.0018300634110346437	0.0010479805059731007	0.00249626231379807	0.0005925761070102453	0.0010665867011994123	0.0025943813379853964	0.004852867219597101	0.0025680535472929478
0.256	0.32	0.0007544135442003608	0.0004549269797280431	0.0018300634110346437	0.0010479805059731007	0.00249626231379807	0.0005925761070102453	0.0010665867011994123	0.0025943813379853964	0.006440900266170502	0.0025680535472929478
0.32	0.384	0.0007544135442003608	0.0004549269797280431	0.0019274253863841295	0.0010479805059731007	0.0033308241982012987	0.0006606095703318715	0.0010965524706989527	0.0029023957904428244	0.013336455449461937	0.0025680535472929478
0.384	0.448	0.0009065252379514277	0.0004549269797280431	0.0028809932991862297	0.0012304479023441672	0.004958757199347019	0.0008205952472053468	0.0010965524706989527	0.0037143626250326633	0.04848049581050873	0.002652469091117382
0.448	0.512	0.0013406772632151842	0.0006904599140398204	0.00487052695825696	0.0019416967406868935	0.009800729341804981	0.001171024632640183	0.0010965524706989527	0.00501038134098053	0.36645936965942383	0.002998851938173175
0.512	0.576	0.0020712949335575104	0.001082332688383758	0.005701926536858082	0.003640415146946907	0.014485344290733337	0.0014136609388515353	0.0010965524706989527	0.008138911798596382	0.8643221855163574	0.0033878537360578775
