onset	offset	Alarm_bell_ringing	Blender	Cat	Dishes	Dog	Electric_shaver_toothbrush	Frying	Running_water	Speech	Vacuum_cleaner
0.0	0.064	0.0006368463509716094	0.001199469086714089	0.00048345373943448067	0.0016212959308177233	0.0005051355110481381	0.0003928043879568577	0.0009753926424309611	0.0004932834999635816	0.002209861297160387	0.0006281509413383901
0.064	0.128	0.0006368463509716094	0.001199469086714089	0.00048345373943448067	0.0016212959308177233	0.0005051355110481381	0.0003928043879568577	0.0009753926424309611	0.0004932834999635816	0.002209861297160387	0.0006281509413383901
0.128	0.192	0.0005513710202649236	0.001041898038238287	0.0004366891516838223	0.001233645249158144	0.0005051355110481381	0.0003885762416757643	0.0009753926424309611	0.00043629342690110207	0.0024038362316787243	0.0005268232198432088
0.192	0.256	0.0005513710202649236	0.001041898038238287	0.00043099874164909124	0.001233645249158144	0.0005051355110481381	0.0003885762416757643	0.0009657595073804259	0.0003951967810280621	0.0024038362316787243	0.0004197129455860704
0.256	0.32	0.0005513710202649236	0.001041898038238287	0.00042385683627799153	0.001233645249158144	0.0005051355110481381	0.00038371022674255073	0.0008905011927708983	0.00037801521830260754	0.0024038362316787243	0.000409228348871693
0.32	0.384	0.0005513710202649236	0.001041898038238287	0.00042385683627799153	0.0012241650838404894	0.000536374282091856	0.00037464272463694215	0.0008905011927708983	0.0003677914501167834	0.0031557504553347826	0.00039385445415973663
0.384	0.448	0.0005694922292605042	0.0012672654120251536	0.00042385683627799153	0.0012241650838404894	0.000541690387763083	0.00037464272463694215	0.0009128637611865997	0.0003677914501167834	0.004289081785827875	0.00039385445415973663
0.448	0.512	0.0005788531852886081	0.0012731385650113225	0.00042385683627799153	0.0013212562771514058	0.0005458806408569217	0.00038371022674255073	0.0009657595073804259	0.0003677914501167834	0.005369414575397968	0.00039385445415973663
0.512	0.576	0.0005821954691782594	0.0013747266493737698	0.00044112486648373306	0.0013774256221950054	0.0005583838792517781	0.0003885762416757643	0.0009657595073804259	0.0003732694895006716	0.006994218099862337	0.00039836345240473747
