onset	offset	Alarm_bell_ringing	Blender	Cat	Dishes	Dog	Electric_shaver_toothbrush	Frying	Running_water	Speech	Vacuum_cleaner
0.0	0.064	0.0035001756623387337	0.029076820239424706	0.008627301082015038	0.002738824812695384	0.01406460627913475	0.0023709777742624283	0.004915258847177029	0.025791345164179802	0.010783077217638493	0.18840359151363373
0.064	0.128	0.0035001756623387337	0.029076820239424706	0.008627301082015038	0.002738824812695384	0.01406460627913475	0.0023709777742624283	0.004915258847177029	0.025791345164179802	0.010783077217638493	0.18840359151363373
0.128	0.192	0.002788764424622059	0.03367207571864128	0.00922776572406292	0.0026144711300730705	0.01003466546535492	0.00214474368840456	0.004401547834277153	0.025791345164179802	0.009305588901042938	0.16689491271972656
0.192	0.256	0.0023546707816421986	0.04002441465854645	0.00922776572406292	0.0025762144941836596	0.01003466546535492	0.0019875396974384785	0.004357865080237389	0.025791345164179802	0.008306012488901615	0.14879325032234192
0.256	0.32	0.002085362793877721	0.04839850962162018	0.010049503296613693	0.0024241944774985313	0.01003466546535492	0.0019686035811901093	0.004341911990195513	0.025232452899217606	0.007513371761888266	0.13766101002693176
0.32	0.384	0.001952942693606019	0.04839850962162018	0.010271234437823296	0.002187879988923669	0.01003466546535492	0.0019305419409647584	0.004200492519885302	0.024029286578297615	0.0068818447180092335	0.13380655646324158
0.384	0.448	0.0018504998879507184	0.04839850962162018	0.010382874868810177	0.0019836861174553633	0.01003466546535492	0.0018328347941860557	0.004063696600496769	0.023996196687221527	0.006423636805266142	0.13204553723335266
0.448	0.512	0.001755241653881967	0.04839850962162018	0.010382874868810177	0.0018432883080095053	0.01003466546535492	0.0017060075188055634	0.003872124943882227	0.0239274762570858	0.006128970999270678	0.12950660288333893
0.512	0.576	0.001650236314162612	0.04839850962162018	0.010382874868810177	0.0018086702330037951	0.01003466546535492	0.0016066120006144047	0.003872124943882227	0.02372797019779682	0.005945055279880762	0.12510530650615692
