onset	offset	Alarm_bell_ringing	Blender	Cat	Dishes	Dog	Electric_shaver_toothbrush	Frying	Running_water	Speech	Vacuum_cleaner
0.0	0.064	0.004536080174148083	0.00499963853508234	0.002026030095294118	0.012660156935453415	0.0037496595177799463	0.0006192552391439676	0.0014170475769788027	0.001746885827742517	0.02042834460735321	0.002478850306943059
0.064	0.128	0.004536080174148083	0.00499963853508234	0.0021552692633122206	0.012660156935453415	0.0037496595177799463	0.0006192552391439676	0.0014170475769788027	0.001746885827742517	0.02042834460735321	0.0023704569321125746
0.128	0.192	0.004572800360620022	0.006769442930817604	0.0021552692633122206	0.014323067851364613	0.0038032636512070894	0.0006192552391439676	0.0012677544727921486	0.002218435285612941	0.041496988385915756	0.0023704569321125746
0.192	0.256	0.0051915645599365234	0.012779703363776207	0.003110155463218689	0.020259035751223564	0.006683157756924629	0.0006182710058055818	0.0012677544727921486	0.0027267856057733297	0.08100677281618118	0.0023381528444588184
0.256	0.32	0.006343365181237459	0.016069041565060616	0.004111910704523325	0.02122359536588192	0.012171373702585697	0.0005732892313972116	0.0012677544727921486	0.002742161974310875	0.15585362911224365	0.002004480455070734
0.32	0.384	0.00692249508574605	0.02293984964489937	0.010317225940525532	0.02194920741021633	0.034771621227264404	0.0005732892313972116	0.0012677544727921486	0.0031337335240095854	0.4282430410385132	0.0018234356539323926
0.384	0.448	0.0071255299262702465	0.023564215749502182	0.01483161374926567	0.022928114980459213	0.06495775282382965	0.0005732892313972116	0.0012955699348822236	0.0031412721145898104	0.6660084128379822	0.0017915826756507158
0.448	0.512	0.0071939826011657715	0.02365121990442276	0.01483161374926567	0.022928114980459213	0.0836663469672203	0.0005732892313972116	0.0013286371249705553	0.0033533242531120777	0.666045069694519	0.0017766478704288602
0.512	0.576	0.007316822186112404	0.023949971422553062	0.01483161374926567	0.022928114980459213	0.09719274938106537	0.0005809621070511639	0.0013286371249705553	0.003454132005572319	0.6895542144775391	0.0017657005228102207
