onset	offset	Alarm_bell_ringing	Blender	Cat	Dishes	Dog	Electric_shaver_toothbrush	Frying	Running_water	Speech	Vacuum_cleaner
0.0	0.064	0.0024138428270816803	0.003103767754510045	0.0029144498985260725	0.01787559874355793	0.004058992024511099	0.004816284868866205	0.00487348809838295	0.010767746716737747	0.005092555657029152	0.002035878598690033
0.064	0.128	0.0024138428270816803	0.0030907350592315197	0.0029144498985260725	0.01787559874355793	0.004058992024511099	0.004816284868866205	0.00487348809838295	0.010767746716737747	0.005092555657029152	0.002035878598690033
0.128	0.192	0.0018019609851762652	0.0030907350592315197	0.002682370599359274	0.01074773259460926	0.002672606846317649	0.0037213126197457314	0.0039204079657793045	0.00988459587097168	0.0044165789149701595	0.0014835112961009145
0.192	0.256	0.001513916184194386	0.002751931780949235	0.002682370599359274	0.007511569187045097	0.002672606846317649	0.003138976637274027	0.0034252554178237915	0.008592139929533005	0.0044165789149701595	0.001203605206683278
0.256	0.32	0.0013867345405742526	0.0022711362689733505	0.002682370599359274	0.007511569187045097	0.002672606846317649	0.003138976637274027	0.003068220568820834	0.007886441424489021	0.0044165789149701595	0.001203605206683278
0.32	0.384	0.0013867345405742526	0.0022711362689733505	0.002682370599359274	0.007511569187045097	0.002672606846317649	0.003138976637274027	0.003068220568820834	0.007886441424489021	0.0044165789149701595	0.001203605206683278
0.384	0.448	0.0013867345405742526	0.0022711362689733505	0.002682370599359274	0.007511569187045097	0.0027469180058687925	0.003138976637274027	0.003068220568820834	0.007886441424489021	0.005449132528156042	0.001203605206683278
0.448	0.512	0.0013010726543143392	0.0021741765085607767	0.0025310246273875237	0.008033677004277706	0.003064663615077734	0.0032165395095944405	0.003068220568820834	0.007886441424489021	0.005943536292761564	0.0012782441917806864
0.512	0.576	0.0011335134040564299	0.0018372025806456804	0.0025310246273875237	0.008033677004277706	0.003064663615077734	0.0032884515821933746	0.0030869306065142155	0.008185524493455887	0.005943536292761564	0.0012782441917806864
