onset	offset	Alarm_bell_ringing	Blender	Cat	Dishes	Dog	Electric_shaver_toothbrush	Frying	Running_water	Speech	Vacuum_cleaner
0.0	0.064	0.001408868469297886	0.0005068787140771747	0.001591448555700481	0.0030352268368005753	0.0010579590452834964	0.0014447914436459541	0.030737629160284996	0.005501762963831425	0.0027381149120628834	0.002196494024246931
0.064	0.128	0.001408868469297886	0.0005068787140771747	0.001591448555700481	0.0030352268368005753	0.0010613150661811233	0.0014447914436459541	0.030737629160284996	0.005501762963831425	0.0027381149120628834	0.002196494024246931
0.128	0.192	0.001087697222828865	0.0004324005567468703	0.00132608728017658	0.0022838590666651726	0.0011923209531232715	0.0012373945210129023	0.030737629160284996	0.005728407762944698	0.002600115491077304	0.0018818366806954145
0.192	0.256	0.0009051946690306067	0.00041903546662069857	0.0013188192388042808	0.00208093598484993	0.0011923209531232715	0.0010755531257018447	0.03056333214044571	0.007344985380768776	0.002600115491077304	0.0018192320130765438
0.256	0.32	0.0008325005182996392	0.0004165743011981249	0.0013188192388042808	0.0020740653853863478	0.0011685759527608752	0.0010097966296598315	0.03034638799726963	0.008572827093303204	0.002600115491077304	0.0017799532506614923
0.32	0.384	0.0007883763173595071	0.00039742502849549055	0.0013188192388042808	0.002009507967159152	0.0011685759527608752	0.0009715756168588996	0.029302505776286125	0.008572827093303204	0.002600115491077304	0.00174509990029037
0.384	0.448	0.0007659383118152618	0.00037780535058118403	0.0013188192388042808	0.002001018961891532	0.0011685759527608752	0.0009362225537188351	0.029177913442254066	0.008572827093303204	0.002610985655337572	0.001599797047674656
0.448	0.512	0.0007494328892789781	0.00035126711009070277	0.0013275399105623364	0.0019771859515458345	0.0011685759527608752	0.0009066180209629238	0.02663836069405079	0.008572827093303204	0.002610985655337572	0.0014517673989757895
0.512	0.576	0.0007432926213368773	0.0003414284437894821	0.001381373149342835	0.001932589104399085	0.0011621796293184161	0.0008982366416603327	0.024070847779512405	0.007568006403744221	0.002610985655337572	0.0013136769412085414
