onset	offset	Alarm_bell_ringing	Blender	Cat	Dishes	Dog	Electric_shaver_toothbrush	Frying	Running_water	Speech	Vacuum_cleaner
0.0	0.064	0.002080056816339493	0.0007744325557723641	0.000813035701867193	0.03693617880344391	0.0012504297774285078	0.0004396327130962163	0.10311374068260193	0.0013352824607864022	0.003221498103812337	0.003988196142017841
0.064	0.128	0.002080056816339493	0.0007744325557723641	0.000813035701867193	0.03693617880344391	0.0012504297774285078	0.0004396327130962163	0.10311374068260193	0.0013352824607864022	0.003221498103812337	0.003988196142017841
0.128	0.192	0.0014265606878325343	0.0005713162827305496	0.0006996638257987797	0.023918356746435165	0.0009123280760832131	0.00038682454032823443	0.08495303243398666	0.0010540290968492627	0.002531033009290695	0.003169387811794877
0.192	0.256	0.00121163425501436	0.0004684526356868446	0.0006155308219604194	0.01876816898584366	0.00086369295604527	0.00035043893149122596	0.07244666665792465	0.0008600754081271589	0.002304496942088008	0.0026562626007944345
0.256	0.32	0.001036343863233924	0.00039563668542541564	0.0005473929340951145	0.016367143020033836	0.0008520756964571774	0.00032382120843976736	0.06418430060148239	0.000740721938200295	0.002134646289050579	0.0023269939702004194
0.32	0.384	0.0009195891325362027	0.00034892463008873165	0.0005353759624995291	0.015740759670734406	0.000841030792798847	0.0003116160223726183	0.05993790552020073	0.0006579601904377341	0.002134646289050579	0.0020741443149745464
0.384	0.448	0.0008196484996005893	0.00032064871629700065	0.0005216827848926187	0.015740759670734406	0.0008395310724154115	0.0003116160223726183	0.0581621378660202	0.0006052540265955031	0.002134646289050579	0.0019064550288021564
0.448	0.512	0.0007733797538094223	0.000300114625133574	0.000521423586178571	0.015740759670734406	0.0008331913850270212	0.0003116160223726183	0.057514384388923645	0.0006030293297953904	0.002134646289050579	0.001749273156747222
0.512	0.576	0.000745265802834183	0.00026673509273678064	0.0005058067035861313	0.015282297506928444	0.0008331913850270212	0.00030276348115876317	0.05458952859044075	0.0006030293297953904	0.0021416007075458765	0.0015409324551001191
