onset	offset	Alarm_bell_ringing	Blender	Cat	Dishes	Dog	Electric_shaver_toothbrush	Frying	Running_water	Speech	Vacuum_cleaner
0.0	0.064	0.005220348481088877	0.018330221995711327	0.0028115645982325077	0.09273386001586914	0.002139355055987835	0.0012488228967413306	0.014611364342272282	0.005137219559401274	0.7854750752449036	0.002610366092994809
0.064	0.128	0.005220348481088877	0.018330221995711327	0.0028115645982325077	0.09273386001586914	0.002139355055987835	0.0012488228967413306	0.014611364342272282	0.005137219559401274	0.6749441623687744	0.002610366092994809
0.128	0.192	0.0036963210441172123	0.011926917359232903	0.002164882142096758	0.04911504313349724	0.0015626884996891022	0.0009645003592595458	0.01355412695556879	0.004583781585097313	0.646618127822876	0.0018546228529885411
0.192	0.256	0.0024163289926946163	0.007186482660472393	0.001471882569603622	0.03375905379652977	0.0008277232991531491	0.0007347104256041348	0.011855555698275566	0.004040926229208708	0.646618127822876	0.0014642272144556046
0.256	0.32	0.0013160606613382697	0.0017205259064212441	0.0009036374976858497	0.01854732073843479	0.0004918081103824079	0.0004463538352865726	0.006849523168057203	0.002907008631154895	0.17222005128860474	0.0014010072918608785
0.32	0.384	0.0013160606613382697	0.0007785962661728263	0.0005843490944243968	0.008520119823515415	0.00037739102845080197	0.0002948604233097285	0.005830295849591494	0.001651053549721837	0.06307268887758255	0.001313565531745553
0.384	0.448	0.0013160606613382697	0.00077192293247208	0.0004923606757074594	0.008520119823515415	0.00037739102845080197	0.00026791312848217785	0.00565211521461606	0.0012239721836522222	0.03911518678069115	0.0012434331001713872
0.448	0.512	0.0011200710432603955	0.00077192293247208	0.0004923606757074594	0.008520119823515415	0.00037739102845080197	0.0002676261938177049	0.0055986493825912476	0.0012006217148154974	0.03911518678069115	0.0010989776346832514
0.512	0.576	0.0011200710432603955	0.00077192293247208	0.0004923606757074594	0.008520119823515415	0.00037739102845080197	0.00026541040278971195	0.0055986493825912476	0.0012006217148154974	0.03911518678069115	0.001053440268151462
