onset	offset	Alarm_bell_ringing	Blender	Cat	Dishes	Dog	Electric_shaver_toothbrush	Frying	Running_water	Speech	Vacuum_cleaner
0.0	0.064	0.010217745788395405	0.0022820744197815657	0.003151873592287302	0.00794257689267397	0.0065138875506818295	0.002031734213232994	0.0055234129540622234	0.0034165759570896626	0.9806256294250488	0.002097775461152196
0.064	0.128	0.010372462682425976	0.0022820744197815657	0.003073381958529353	0.00794257689267397	0.0065138875506818295	0.002031734213232994	0.0055234129540622234	0.0034165759570896626	0.9806256294250488	0.002097775461152196
0.128	0.192	0.01040361076593399	0.0022820744197815657	0.003073381958529353	0.00794257689267397	0.007574738468974829	0.0018440684070810676	0.005705901887267828	0.0034145533572882414	0.9829141497612	0.0019076174357905984
0.192	0.256	0.01040361076593399	0.0021376628428697586	0.003073381958529353	0.007504775654524565	0.007574738468974829	0.0018134501297026873	0.005705901887267828	0.003313180059194565	0.9829141497612	0.001859187032096088
0.256	0.32	0.01040361076593399	0.0020925316493958235	0.003073381958529353	0.007231996860355139	0.007574738468974829	0.0017324908403679729	0.005705901887267828	0.003216386307030916	0.9829141497612	0.0017752478597685695
0.32	0.384	0.010591031052172184	0.0020819937344640493	0.0030560975428670645	0.006811405066400766	0.007574738468974829	0.0016136681661009789	0.005705901887267828	0.003068359103053808	0.9829141497612	0.001683957758359611
0.384	0.448	0.010924496687948704	0.0017969382461160421	0.0030496639665216208	0.006190551444888115	0.005805371794849634	0.0015251727309077978	0.005284378305077553	0.0030163628980517387	0.9820965528488159	0.001533088623546064
0.448	0.512	0.010991410352289677	0.0017397599294781685	0.0028865323401987553	0.006139358039945364	0.005031907465308905	0.0013542514061555266	0.0048592109233140945	0.0030163628980517387	0.9820505380630493	0.0013450338738039136
0.512	0.576	0.011236553080379963	0.0017208803910762072	0.002856691600754857	0.006121713202446699	0.0047807819209992886	0.001315031899139285	0.004543583374470472	0.0030163628980517387	0.9816591143608093	0.001257105846889317
