onset	offset	Alarm_bell_ringing	Blender	Cat	Dishes	Dog	Electric_shaver_toothbrush	Frying	Running_water	Speech	Vacuum_cleaner
0.0	0.064	0.0018304155673831701	0.21677647531032562	0.003085425356402993	0.007800779305398464	0.0014790622517466545	0.009367847815155983	0.0029526548460125923	0.0051841591484844685	0.006400375626981258	0.07110282778739929
0.064	0.128	0.0018304155673831701	0.21677647531032562	0.003085425356402993	0.007800779305398464	0.0014790622517466545	0.009367847815155983	0.0029526548460125923	0.0051841591484844685	0.006400375626981258	0.07110282778739929
0.128	0.192	0.0013706391910091043	0.210349902510643	0.0027159072924405336	0.0066658202558755875	0.0011191271478310227	0.009064857847988605	0.002729755360633135	0.004542004782706499	0.005243898369371891	0.06862039864063263
0.192	0.256	0.0010947755072265863	0.19042719900608063	0.00234319269657135	0.0066658202558755875	0.0009707808494567871	0.008707736618816853	0.002647139597684145	0.003938133362680674	0.005243898369371891	0.06813981384038925
0.256	0.32	0.001027993974275887	0.17417491972446442	0.0021420768462121487	0.0066658202558755875	0.0009707808494567871	0.008531957864761353	0.002621069550514221	0.0035648199263960123	0.005243898369371891	0.06813981384038925
0.32	0.384	0.001027993974275887	0.17038662731647491	0.0021420768462121487	0.0066658202558755875	0.0009707808494567871	0.00843239575624466	0.0025725974701344967	0.0035648199263960123	0.005243898369371891	0.06813981384038925
0.384	0.448	0.001027993974275887	0.17038662731647491	0.0021420768462121487	0.007492854725569487	0.0009707808494567871	0.00830052699893713	0.002561896340921521	0.0035471422597765923	0.00585578428581357	0.06813981384038925
0.448	0.512	0.0009792508790269494	0.17038662731647491	0.0021420768462121487	0.014887896366417408	0.0013622636906802654	0.00829317793250084	0.002504137111827731	0.0033868029713630676	0.00787315983325243	0.06896966695785522
0.512	0.576	0.0009792508790269494	0.17038662731647491	0.002263445407152176	0.014887896366417408	0.0013622636906802654	0.00825449451804161	0.00245670136064291	0.0032965592108666897	0.008811546489596367	0.06896966695785522
