onset	offset	Alarm_bell_ringing	Blender	Cat	Dishes	Dog	Electric_shaver_toothbrush	Frying	Running_water	Speech	Vacuum_cleaner
0.0	0.064	0.020552949979901314	0.03627314418554306	0.007431977428495884	0.025828201323747635	0.007832146249711514	0.0074348547495901585	0.02648223005235195	0.00678423885256052	0.9757971167564392	0.012990523129701614
0.064	0.128	0.019469523802399635	0.03627314418554306	0.007217098958790302	0.025828201323747635	0.007832146249711514	0.0072931949980556965	0.02648223005235195	0.00678423885256052	0.9757971167564392	0.012990523129701614
0.128	0.192	0.019469523802399635	0.035704825073480606	0.007217098958790302	0.025828201323747635	0.007203817367553711	0.007198571227490902	0.02790554240345955	0.006619398947805166	0.9784926772117615	0.011510330252349377
0.192	0.256	0.01880849152803421	0.03498293086886406	0.006928427144885063	0.023552894592285156	0.007203817367553711	0.007198571227490902	0.029345428571105003	0.006619398947805166	0.9784926772117615	0.011216978542506695
0.256	0.32	0.014807818457484245	0.032176870852708817	0.0052009630016982555	0.022871844470500946	0.007165044080466032	0.007198571227490902	0.029345428571105003	0.006571694277226925	0.9784926772117615	0.010984844528138638
0.32	0.384	0.010094860568642616	0.02404855005443096	0.0037570002023130655	0.016658658161759377	0.0071509466506540775	0.006979198660701513	0.029345428571105003	0.006475989241153002	0.9784926772117615	0.010813280940055847
0.384	0.448	0.008086757734417915	0.019922060891985893	0.002957323333248496	0.011810142546892166	0.0071509466506540775	0.006560997571796179	0.029345428571105003	0.006475989241153002	0.9782010316848755	0.010391904041171074
0.448	0.512	0.007465030066668987	0.019165441393852234	0.002823792863637209	0.010616839863359928	0.0071509466506540775	0.0063931322656571865	0.029345428571105003	0.006475989241153002	0.9778669476509094	0.010391904041171074
0.512	0.576	0.006995688192546368	0.018556375056505203	0.002777677960693836	0.009817898273468018	0.00698640663176775	0.006157953757792711	0.029345428571105003	0.006620684638619423	0.9773158431053162	0.010382257401943207
