onset	offset	Alarm_bell_ringing	Blender	Cat	Dishes	Dog	Electric_shaver_toothbrush	Frying	Running_water	Speech	Vacuum_cleaner
0.0	0.064	0.0068602850660681725	0.00933176837861538	0.0031663791742175817	0.041401803493499756	0.003132290206849575	0.0232322346419096	0.7510266304016113	0.014483303762972355	0.9727498888969421	0.015970725566148758
0.064	0.128	0.0068602850660681725	0.00933176837861538	0.0031663791742175817	0.041401803493499756	0.003132290206849575	0.0232322346419096	0.7510266304016113	0.014483303762972355	0.9719940423965454	0.015970725566148758
0.128	0.192	0.00588153675198555	0.008055995218455791	0.002671590307727456	0.041401803493499756	0.003132290206849575	0.021028274670243263	0.7917562127113342	0.014483303762972355	0.9627922773361206	0.013897372409701347
0.192	0.256	0.00588153675198555	0.0069431415759027	0.00246112747117877	0.041401803493499756	0.0031298405956476927	0.018961269408464432	0.7950918078422546	0.014483303762972355	0.9627922773361206	0.01302094291895628
0.256	0.32	0.005850862246006727	0.005016149487346411	0.0020874657202512026	0.041401803493499756	0.0031262615229934454	0.017980704084038734	0.8169320821762085	0.013711443170905113	0.9549186825752258	0.011674046516418457
0.32	0.384	0.00562092661857605	0.0028954725712537766	0.0019322828156873584	0.038510728627443314	0.0021078113932162523	0.013380548916757107	0.8615722060203552	0.013511870987713337	0.7727385759353638	0.01052321121096611
0.384	0.448	0.004630869720131159	0.0024820452090352774	0.0018069295911118388	0.03778481110930443	0.0013971292646601796	0.007720838766545057	0.8804036378860474	0.013511870987713337	0.4580855965614319	0.007513801567256451
0.448	0.512	0.0029915827326476574	0.002449267776682973	0.0009441295987926424	0.03497161716222763	0.0009715427877381444	0.004895983263850212	0.9050719738006592	0.011660845018923283	0.2345871925354004	0.004393147770315409
0.512	0.576	0.0015916911652311683	0.001823908882215619	0.0005579019198194146	0.020837262272834778	0.0006942859035916626	0.0035987861920148134	0.918143093585968	0.008655802346765995	0.09372778981924057	0.0034428532235324383
