onset	offset	Alarm_bell_ringing	Blender	Cat	Dishes	Dog	Electric_shaver_toothbrush	Frying	Running_water	Speech	Vacuum_cleaner
0.0	0.064	0.0004991126479580998	0.00015627637912984937	0.0004208525351714343	0.0009761443943716586	0.00258470606058836	0.00020433208555914462	0.0002188046055380255	0.0005267094820737839	0.0021239938214421272	0.00029385011293925345
0.064	0.128	0.0004991126479580998	0.00015627637912984937	0.0004277757543604821	0.0009761443943716586	0.0032552783377468586	0.00020433208555914462	0.0002188046055380255	0.0005267094820737839	0.0021239938214421272	0.00029385011293925345
0.128	0.192	0.0004991126479580998	0.00015627637912984937	0.0005017222720198333	0.0009761443943716586	0.0043941824696958065	0.00019061386410612613	0.00021331993048079312	0.0005267094820737839	0.002206126693636179	0.000288385315798223
0.192	0.256	0.0004991126479580998	0.00015627637912984937	0.0005017222720198333	0.0009761443943716586	0.0043941824696958065	0.00019061386410612613	0.0002103133883792907	0.0005267094820737839	0.002206126693636179	0.000288385315798223
0.256	0.32	0.0004991126479580998	0.00015627637912984937	0.0005017222720198333	0.0009761443943716586	0.004511762410402298	0.00019061386410612613	0.00020773963478859514	0.0005267094820737839	0.002206126693636179	0.000288385315798223
0.32	0.384	0.0005824979161843657	0.00017407645646017045	0.0006735427887178957	0.0011008789297193289	0.007594557944685221	0.00019061386410612613	0.00019837440049741417	0.0005879667587578297	0.0026895874179899693	0.000288385315798223
0.384	0.448	0.0007435019942931831	0.00024079390277620405	0.0008567626937292516	0.0016353561077266932	0.013860199600458145	0.0001971848396351561	0.00019837440049741417	0.0006801516865380108	0.003735650796443224	0.0003518972371239215
0.448	0.512	0.0009683605167083442	0.00033268320839852095	0.0008567626937292516	0.0030121570453047752	0.02880030684173107	0.00026693736435845494	0.00019837440049741417	0.0008810980943962932	0.005974604282528162	0.0004085668479092419
0.512	0.576	0.0019150760490447283	0.0007801618776284158	0.0008625544141978025	0.006751119624823332	0.1456693410873413	0.00026693736435845494	0.00019837440049741417	0.0019165532430633903	0.011701475828886032	0.0006724611739628017
