onset	offset	Alarm_bell_ringing	Blender	Cat	Dishes	Dog	Electric_shaver_toothbrush	Frying	Running_water	Speech	Vacuum_cleaner
0.0	0.064	0.007518945261836052	0.0007614517235197127	0.0005918770330026746	0.0034328571055084467	0.0004968432476744056	0.0003059763403143734	0.0012439306592568755	0.0015788964228704572	0.002148974919691682	0.00042868914897553623
0.064	0.128	0.007518945261836052	0.0007614517235197127	0.0005981042049825191	0.0034328571055084467	0.0004968432476744056	0.0003059763403143734	0.0012439306592568755	0.0015788964228704572	0.002148974919691682	0.00042868914897553623
0.128	0.192	0.007518945261836052	0.000595400866586715	0.0006229862337931991	0.003109381068497896	0.0004968432476744056	0.00024845145526342094	0.0010595411295071244	0.0014503572601824999	0.0019229340832680464	0.0003394295636098832
0.192	0.256	0.007518945261836052	0.000595400866586715	0.0006229862337931991	0.003109381068497896	0.0004968432476744056	0.00024845145526342094	0.0009174554143100977	0.0014503572601824999	0.0019229340832680464	0.0003294345806352794
0.256	0.32	0.007518945261836052	0.000595400866586715	0.0006229862337931991	0.003109381068497896	0.0004968432476744056	0.00024845145526342094	0.0008768225670792162	0.0014503572601824999	0.0019229340832680464	0.0003294345806352794
0.32	0.384	0.008632809855043888	0.000595400866586715	0.0007016027811914682	0.003109381068497896	0.0005413349717855453	0.00024845145526342094	0.0008316732128150761	0.0014503572601824999	0.0019229340832680464	0.0003294345806352794
0.384	0.448	0.22033022344112396	0.0013567027635872364	0.0012829462066292763	0.02848852425813675	0.0012185025261715055	0.00042603781912475824	0.0008042024564929307	0.002526230877265334	0.0021115990821272135	0.0003294345806352794
0.448	0.512	0.6196662783622742	0.0018295157933607697	0.0017505299765616655	0.06516154855489731	0.002390720881521702	0.0004578139923978597	0.0007691317005082965	0.002526230877265334	0.002178627299144864	0.0003294345806352794
0.512	0.576	0.6223668456077576	0.0018295157933607697	0.0017505299765616655	0.11598682403564453	0.002390720881521702	0.000842369394376874	0.0006239590002223849	0.002526230877265334	0.002556072548031807	0.0003294345806352794
