onset	offset	Alarm_bell_ringing	Blender	Cat	Dishes	Dog	Electric_shaver_toothbrush	Frying	Running_water	Speech	Vacuum_cleaner
0.0	0.064	0.0014126437017694116	0.0006437895935960114	0.019681749865412712	0.003856247989460826	0.03405095636844635	0.00023768127721268684	0.0005754639860242605	0.0009104107739403844	0.0036322984378784895	0.002123942133039236
0.064	0.128	0.0013032115530222654	0.0006437895935960114	0.019681749865412712	0.003856247989460826	0.03405095636844635	0.00024774091434665024	0.0006861972506158054	0.0009104107739403844	0.004122869577258825	0.002123942133039236
0.128	0.192	0.0013032115530222654	0.0006576132727786899	0.020680615678429604	0.0047346316277980804	0.04938428848981857	0.00024774091434665024	0.0007593901245854795	0.0012050855439156294	0.004122869577258825	0.002123942133039236
0.192	0.256	0.0012089423835277557	0.0007514706812798977	0.045353665947914124	0.005022050812840462	0.09709420055150986	0.00023768127721268684	0.0007593901245854795	0.0012278102803975344	0.004315460100769997	0.001961188158020377
0.256	0.32	0.0011821098159998655	0.000784087460488081	0.06974685937166214	0.00511836726218462	0.1011398509144783	0.00023768127721268684	0.0007593901245854795	0.0012417815160006285	0.004769105464220047	0.001961188158020377
0.32	0.384	0.0011821098159998655	0.0008135177195072174	0.08273125439882278	0.005238963291049004	0.10775894671678543	0.000240857494645752	0.0008178981370292604	0.0012500480515882373	0.005862378049641848	0.0019800569862127304
0.384	0.448	0.0010055002057924867	0.0009080414311029017	0.13029132783412933	0.005488402675837278	0.13223399221897125	0.00024774091434665024	0.0009782935958355665	0.0012500480515882373	0.007759397849440575	0.001961188158020377
0.448	0.512	0.0009403890580870211	0.0013836107682436705	0.3038777709007263	0.005877760238945484	0.19612987339496613	0.00024774091434665024	0.0011443005641922355	0.0012500480515882373	0.012655925005674362	0.0019231747137382627
0.512	0.576	0.0009121265611611307	0.0016725987661629915	0.4186725914478302	0.005877760238945484	0.205264613032341	0.00026291602989658713	0.0011443005641922355	0.0012500480515882373	0.01792280748486519	0.0018752125324681401
