onset	offset	Alarm_bell_ringing	Blender	Cat	Dishes	Dog	Electric_shaver_toothbrush	Frying	Running_water	Speech	Vacuum_cleaner
0.0	0.064	0.060208406299352646	0.005621267482638359	0.0051661208271980286	0.8808624148368835	0.0028715161606669426	0.001218428835272789	0.041887231171131134	0.006924488116055727	0.011400037445127964	0.0004653450450859964
0.064	0.128	0.041638877242803574	0.005621267482638359	0.0051661208271980286	0.879774808883667	0.00407292228192091	0.001218428835272789	0.041887231171131134	0.006924488116055727	0.011400037445127964	0.0006142265629023314
0.128	0.192	0.041638877242803574	0.004105682950466871	0.003639666363596916	0.879774808883667	0.00407292228192091	0.0011173950042575598	0.030966171994805336	0.0052995639853179455	0.012896794825792313	0.0006142265629023314
0.192	0.256	0.03937765955924988	0.0035937135107815266	0.0021156794391572475	0.8188536763191223	0.004287165589630604	0.0011173950042575598	0.021049989387392998	0.0029369827825576067	0.012896794825792313	0.0006142265629023314
0.256	0.32	0.024914396926760674	0.0030794511549174786	0.0019158116774633527	0.75925213098526	0.0058449264615774155	0.0010489069391041994	0.020860247313976288	0.0027851148042827845	0.012896794825792313	0.0006142265629023314
0.32	0.384	0.024752559140324593	0.002965308725833893	0.0013450069818645716	0.7518675923347473	0.007147050462663174	0.0008273653802461922	0.0194091759622097	0.0025003596674650908	0.012896794825792313	0.0006142265629023314
0.384	0.448	0.018542060628533363	0.0019595555495470762	0.0013227092567831278	0.7154797315597534	0.007147050462663174	0.0007351792883127928	0.012293929234147072	0.001686507253907621	0.012896794825792313	0.0006142265629023314
0.448	0.512	0.011388950049877167	0.001509767840616405	0.0010312353260815144	0.5659818649291992	0.007147050462663174	0.0004117006901651621	0.010632619261741638	0.001578758005052805	0.012896794825792313	0.0005886337603442371
0.512	0.576	0.0055786604061722755	0.0010782398749142885	0.000660019286442548	0.25990408658981323	0.007147050462663174	0.0002458652597852051	0.009402613155543804	0.0010227749589830637	0.008211793377995491	0.00045941511052660644
