onset	offset	Alarm_bell_ringing	Blender	Cat	Dishes	Dog	Electric_shaver_toothbrush	Frying	Running_water	Speech	Vacuum_cleaner
0.0	0.064	0.0009343774290755391	0.0005708386306650937	0.001058695139363408	0.007271480746567249	0.014225260354578495	0.000533522164914757	0.0010201286058872938	0.0018935961415991187	0.014586169272661209	0.00042691806447692215
0.064	0.128	0.0009343774290755391	0.0005708386306650937	0.0015000012936070561	0.007271480746567249	0.019482901319861412	0.000533522164914757	0.0010201286058872938	0.0018935961415991187	0.014586169272661209	0.00042691806447692215
0.128	0.192	0.0009343774290755391	0.00042842235416173935	0.001573264948092401	0.008500557392835617	0.019482901319861412	0.0007181193795986474	0.0008959212573245168	0.0016504892846569419	0.030581913888454437	0.00031291041523218155
0.192	0.256	0.0008475467911921442	0.00042842235416173935	0.001573264948092401	0.008500557392835617	0.02143961191177368	0.0007181193795986474	0.0006909723160788417	0.0016493998700752854	0.12050950527191162	0.0003006166371051222
0.256	0.32	0.0007959729409776628	0.00042842235416173935	0.0022082291543483734	0.00764152267947793	0.04195575788617134	0.0008609240176156163	0.0006429131026379764	0.0015039888676255941	0.36883628368377686	0.00027676939498633146
0.32	0.384	0.0007410855032503605	0.00041345026693306863	0.0022082291543483734	0.00764152267947793	0.046459510922431946	0.0008609240176156163	0.0006429131026379764	0.0015039888676255941	0.4058728516101837	0.0001903428928926587
0.384	0.448	0.0007410855032503605	0.00041345026693306863	0.0022082291543483734	0.00764152267947793	0.047856491059064865	0.0008609240176156163	0.0006221193470992148	0.0015044872416183352	0.4058728516101837	0.0001903428928926587
0.448	0.512	0.0007321595912799239	0.00041345026693306863	0.0022082291543483734	0.00764152267947793	0.047856491059064865	0.0008609240176156163	0.0006091862451285124	0.0015044872416183352	0.4058728516101837	0.00018007264588959515
0.512	0.576	0.0007197188679128885	0.0003851049696095288	0.001984767382964492	0.006150802597403526	0.047856491059064865	0.000678498821798712	0.0005740763153880835	0.001479353872127831	0.4058728516101837	0.00018007264588959515
