onset	offset	Alarm_bell_ringing	Blender	Cat	Dishes	Dog	Electric_shaver_toothbrush	Frying	Running_water	Speech	Vacuum_cleaner
0.0	0.064	0.6566210389137268	0.0035088981967419386	0.0013876579469069839	0.00655461335554719	0.002092191018164158	0.00196502055041492	0.003249215893447399	0.005624469835311174	0.0053419433534145355	0.010172470472753048
0.064	0.128	0.6566210389137268	0.0034636291675269604	0.0013876579469069839	0.0064681582152843475	0.002092191018164158	0.0018774737836793065	0.0032262129243463278	0.005624469835311174	0.0053419433534145355	0.010172470472753048
0.128	0.192	0.7819555997848511	0.0034636291675269604	0.0018334252526983619	0.0064681582152843475	0.0019626906141638756	0.0018774737836793065	0.0032262129243463278	0.005320336669683456	0.004639940336346626	0.008972808718681335
0.192	0.256	0.8397194743156433	0.0032755578868091106	0.0018334252526983619	0.006430795416235924	0.0018238931661471725	0.001858241856098175	0.002958939177915454	0.004982510581612587	0.004346560686826706	0.00780725572258234
0.256	0.32	0.8397194743156433	0.0030570654198527336	0.0018334252526983619	0.006422160658985376	0.0016631039325147867	0.0017844022950157523	0.002735296031460166	0.00494931498542428	0.004040603991597891	0.006794468034058809
0.32	0.384	0.8397194743156433	0.0030570654198527336	0.0018334252526983619	0.006430795416235924	0.0014354630839079618	0.0016879705945029855	0.0025920059997588396	0.004912446718662977	0.003765515750274062	0.00601413007825613
0.384	0.448	0.8397194743156433	0.0030570654198527336	0.001518918783403933	0.006430795416235924	0.0014346691314131021	0.001601813593879342	0.002567347837612033	0.004875114653259516	0.003551278728991747	0.005403021350502968
0.448	0.512	0.8397194743156433	0.0030570654198527336	0.001368437660858035	0.006430795416235924	0.0014346691314131021	0.0015098785515874624	0.002527473494410515	0.004719650372862816	0.0032893007155507803	0.005064650438725948
0.512	0.576	0.8397194743156433	0.002847564872354269	0.001368437660858035	0.006494211032986641	0.0014346691314131021	0.0015098785515874624	0.0024681391660124063	0.0045860530808568	0.0032893007155507803	0.004853366874158382
