onset	offset	Alarm_bell_ringing	Blender	Cat	Dishes	Dog	Electric_shaver_toothbrush	Frying	Running_water	Speech	Vacuum_cleaner
0.0	0.064	0.00015172382700257003	0.00013151171151548624	0.004963966552168131	0.0005743551882915199	0.0005835521151311696	0.00013199653767514974	0.0006255345069803298	0.0012500992743298411	0.001672179321758449	0.0011886933352798223
0.064	0.128	0.00015172382700257003	0.00013151171151548624	0.0054228524677455425	0.0005743551882915199	0.0006303731934167445	0.00013199653767514974	0.0006255345069803298	0.0012500992743298411	0.001672179321758449	0.0011886933352798223
0.128	0.192	0.00014541651762556285	0.00011957360402448103	0.0056939381174743176	0.0005462212720885873	0.0006630379357375205	0.00012347933079581708	0.0005603023455478251	0.0011155290994793177	0.0015511978417634964	0.0010305512696504593
0.192	0.256	0.00014292217383626848	0.0001130446107708849	0.0056939381174743176	0.0005389823927544057	0.0006630379357375205	0.00012139431055402383	0.00052761344704777	0.0010186212603002787	0.0015296631027013063	0.0009320994140580297
0.256	0.32	0.0001402957714162767	0.00010683783330023289	0.0056939381174743176	0.0005210476811043918	0.0006630379357375205	0.00012000377319054678	0.0005048616440035403	0.0009415631066076458	0.0015178258763626218	0.0008564708987250924
0.32	0.384	0.0001402957714162767	0.0001016400201478973	0.006037515588104725	0.000506383425090462	0.0006952692056074739	0.00011956175148952752	0.00048580553266219795	0.0008794398745521903	0.0015178258763626218	0.0007885108352638781
0.384	0.448	0.0001392756967106834	9.770506585482508e-05	0.0062842597253620625	0.0004908903501927853	0.0007234603399410844	0.00011895913485204801	0.00047378361341543496	0.0008299722685478628	0.0015167933888733387	0.0007315448601730168
0.448	0.512	0.00013862013292964548	9.495500853518024e-05	0.006512051913887262	0.00047307737986557186	0.0007561524398624897	0.0001178185993921943	0.00047378361341543496	0.0007948765996843576	0.0015139312017709017	0.0006902966997586191
0.512	0.576	0.00013838717131875455	9.355567453894764e-05	0.006617467384785414	0.00045811175368726254	0.0007667698082514107	0.00011606236512307078	0.00047378361341543496	0.0007754760445095599	0.0015118301380425692	0.000663630897179246
