onset	offset	Alarm_bell_ringing	Blender	Cat	Dishes	Dog	Electric_shaver_toothbrush	Frying	Running_water	Speech	Vacuum_cleaner
0.0	0.064	0.000362411024980247	0.0005097513785585761	0.0019437159644439816	0.019382689148187637	0.0589786022901535	0.00027687946567311883	0.0007446471136063337	0.001641053706407547	0.01857469044625759	0.0004359202866908163
0.064	0.128	0.000362411024980247	0.0005097513785585761	0.0019437159644439816	0.017478061839938164	0.0589786022901535	0.00027687946567311883	0.0007446471136063337	0.001641053706407547	0.017679939046502113	0.0004359202866908163
0.128	0.192	0.0003086021461058408	0.0004746759368572384	0.0016191956819966435	0.017478061839938164	0.050633370876312256	0.0002457651717122644	0.0006046261405572295	0.001555712311528623	0.017679939046502113	0.0003313155611976981
0.192	0.256	0.0002888216986320913	0.000353561103111133	0.0015977253206074238	0.011347523890435696	0.03225715458393097	0.00021115929121151567	0.00045781052904203534	0.0015269649447873235	0.016430698335170746	0.0002985285536851734
0.256	0.32	0.00028645808924920857	0.000301252119243145	0.0015465726610273123	0.00607874384149909	0.019224438816308975	0.00017032166942954063	0.0004129132139496505	0.0014052498154342175	0.013266357593238354	0.0002751125139184296
0.32	0.384	0.0002722506469581276	0.00026788070681504905	0.0015465726610273123	0.00293298764154315	0.01135681476444006	0.0001448261900804937	0.0004112172464374453	0.0013671726919710636	0.007120542693883181	0.000255000835750252
0.384	0.448	0.00023589479678776115	0.0002357535995543003	0.0015465726610273123	0.0012071288656443357	0.007475166115909815	0.00013583386316895485	0.00036299575003795326	0.0010904683731496334	0.00438668904826045	0.00023549614707008004
0.448	0.512	0.00018899558926932514	0.00018894908134825528	0.0015977253206074238	0.0009486398193985224	0.007475166115909815	0.0001351097016595304	0.00034157693153247237	0.0010361202294006944	0.00330098788253963	0.0002343350206501782
0.512	0.576	0.00017408559506293386	0.0001438004692317918	0.0016430760733783245	0.0009486398193985224	0.007475166115909815	0.00013386245700530708	0.0003098483139183372	0.0010361202294006944	0.0029906430281698704	0.00023177347611635923
