onset	offset	Alarm_bell_ringing	Blender	Cat	Dishes	Dog	Electric_shaver_toothbrush	Frying	Running_water	Speech	Vacuum_cleaner
0.0	0.064	0.8060862421989441	0.005238187965005636	0.002299124374985695	0.039495378732681274	0.000980909215286374	0.0003960423346143216	0.010728156194090843	0.002165393205359578	0.019981468096375465	0.19807012379169464
0.064	0.128	0.8060862421989441	0.005238187965005636	0.002299124374985695	0.039495378732681274	0.0014063101261854172	0.0003960423346143216	0.010728156194090843	0.002165393205359578	0.019981468096375465	0.19807012379169464
0.128	0.192	0.8475652933120728	0.0045914785005152225	0.001989534590393305	0.020362911745905876	0.0017046290449798107	0.0004449723055586219	0.010728156194090843	0.001864236663095653	0.015357991680502892	0.2053637057542801
0.192	0.256	0.8475652933120728	0.004386083222925663	0.0017744385404512286	0.011864989064633846	0.001581793767400086	0.0004449723055586219	0.010728156194090843	0.0013890000991523266	0.013935855589807034	0.2053637057542801
0.256	0.32	0.8475652933120728	0.00405249185860157	0.0017104106955230236	0.008128305897116661	0.0014063101261854172	0.0004449723055586219	0.010728156194090843	0.0013205531286075711	0.01185510866343975	0.2053637057542801
0.32	0.384	0.8475652933120728	0.00397905008867383	0.0016222570557147264	0.006344615947455168	0.0014063101261854172	0.00045244721695780754	0.01083424873650074	0.0012658793712034822	0.010650476440787315	0.2618359923362732
0.384	0.448	0.8042923212051392	0.00397905008867383	0.0015511534875258803	0.005456116516143084	0.0014063101261854172	0.00045556185068562627	0.01083424873650074	0.0011938989628106356	0.010341443121433258	0.32983502745628357
0.448	0.512	0.7464953064918518	0.003356753848493099	0.001511944574303925	0.0048928107134997845	0.0013807655777782202	0.0004878854670096189	0.01083424873650074	0.0011238326551392674	0.010341443121433258	0.39431512355804443
0.512	0.576	0.6769313812255859	0.002778640715405345	0.0014899281086400151	0.004434112459421158	0.0011925306171178818	0.0005401420639827847	0.01083424873650074	0.0010431186528876424	0.010341443121433258	0.440669983625412
