onset	offset	Alarm_bell_ringing	Blender	Cat	Dishes	Dog	Electric_shaver_toothbrush	Frying	Running_water	Speech	Vacuum_cleaner
0.0	0.064	0.005444105714559555	0.012029766105115414	0.00816528033465147	0.043437305837869644	0.0017730293329805136	0.01056649535894394	0.02353709749877453	0.0011329066473990679	0.9854554533958435	0.0022512429859489202
0.064	0.128	0.005444105714559555	0.012029766105115414	0.00816528033465147	0.043437305837869644	0.0017730293329805136	0.01056649535894394	0.02353709749877453	0.0011329066473990679	0.983674943447113	0.0022512429859489202
0.128	0.192	0.004880961496382952	0.01194340456277132	0.007569965440779924	0.043437305837869644	0.0015820912085473537	0.011608676984906197	0.02471459098160267	0.0010627132141962647	0.9817906618118286	0.0018679099157452583
0.192	0.256	0.004613720346242189	0.010882276110351086	0.006729025859385729	0.043437305837869644	0.0012861081631854177	0.011926506645977497	0.02743270806968212	0.0010260429698973894	0.9817906618118286	0.0013547131093218923
0.256	0.32	0.004518432542681694	0.009687410667538643	0.006259290035814047	0.041472792625427246	0.0009667381527833641	0.013034334406256676	0.0345451757311821	0.0010260429698973894	0.9774468541145325	0.0011118212714791298
0.32	0.384	0.004385046195238829	0.0059993998147547245	0.0061678579077124596	0.035460423678159714	0.0005258714663796127	0.02606569044291973	0.042077597230672836	0.0010260429698973894	0.9382712244987488	0.0010733426315709949
0.384	0.448	0.003679459448903799	0.0030135263223201036	0.00578434718772769	0.0353960283100605	0.00031615947955287993	0.04059300571680069	0.050704147666692734	0.0010260429698973894	0.571566104888916	0.0008988454355858266
0.448	0.512	0.0026217924896627665	0.002438698196783662	0.0036229779943823814	0.01606263406574726	0.0002623210893943906	0.04059300571680069	0.050704147666692734	0.0011348292464390397	0.0871906504034996	0.0008458032971248031
0.512	0.576	0.0021006304305046797	0.0023000685032457113	0.002812484512105584	0.011085200123488903	0.00025634688790887594	0.04059300571680069	0.050704147666692734	0.0013297790428623557	0.024090655148029327	0.0007526865811087191
