onset	offset	Alarm_bell_ringing	Blender	Cat	Dishes	Dog	Electric_shaver_toothbrush	Frying	Running_water	Speech	Vacuum_cleaner
0.0	0.064	0.0057534207589924335	0.013711881823837757	0.004233826417475939	0.00939222238957882	0.004808321595191956	0.002781192073598504	0.0022884802892804146	0.002522621536627412	0.9839468002319336	0.3459937274456024
0.064	0.128	0.0060063679702579975	0.013711881823837757	0.004233826417475939	0.00939222238957882	0.004902731627225876	0.0028589866124093533	0.0022884802892804146	0.002522621536627412	0.9839468002319336	0.3459937274456024
0.128	0.192	0.0060063679702579975	0.011025939136743546	0.004233826417475939	0.009065821766853333	0.004902731627225876	0.0028589866124093533	0.0020621370058506727	0.0022963532246649265	0.9855436086654663	0.3205350339412689
0.192	0.256	0.0057534207589924335	0.009781613014638424	0.004233826417475939	0.008785326965153217	0.005126101430505514	0.0029465029947459698	0.0018744112458080053	0.0022672542836517096	0.9873985052108765	0.30991432070732117
0.256	0.32	0.005680307745933533	0.00918138399720192	0.004360878840088844	0.008751817978918552	0.005126101430505514	0.003217986086383462	0.0017772212158888578	0.0022510159760713577	0.9873985052108765	0.30991432070732117
0.32	0.384	0.005626134108752012	0.008807262405753136	0.004386251792311668	0.00813902448862791	0.005126101430505514	0.003217986086383462	0.0017772212158888578	0.002135820686817169	0.9873985052108765	0.30991432070732117
0.384	0.448	0.005396194290369749	0.007981482893228531	0.004487387370318174	0.007639541756361723	0.005126101430505514	0.003217986086383462	0.0017498743254691362	0.0020339281763881445	0.9873985052108765	0.30991432070732117
0.448	0.512	0.005207556299865246	0.007981482893228531	0.004487387370318174	0.007144310977309942	0.0049801357090473175	0.0032700407318770885	0.0017490740865468979	0.0020339281763881445	0.9869216680526733	0.32705241441726685
0.512	0.576	0.005122504197061062	0.007981482893228531	0.004675986710935831	0.006784746889024973	0.00465675862506032	0.0034457321744412184	0.001734930439852178	0.0020339281763881445	0.9647589325904846	0.34655946493148804
