onset	offset	Alarm_bell_ringing	Blender	Cat	Dishes	Dog	Electric_shaver_toothbrush	Frying	Running_water	Speech	Vacuum_cleaner
0.0	0.064	0.013450977392494678	0.0004655078228097409	0.0005041778204031289	0.0015708153368905187	0.0008486058213748038	0.0001955307088792324	0.0007123013492673635	0.0009068404324352741	0.014511180110275745	0.0005399282090365887
0.064	0.128	0.013450977392494678	0.0004655078228097409	0.0005041778204031289	0.0015708153368905187	0.0008486058213748038	0.0001955307088792324	0.0007123013492673635	0.0009068404324352741	0.014511180110275745	0.0005399282090365887
0.128	0.192	0.006467481143772602	0.00035390627454034984	0.00038387105450965464	0.000917200290132314	0.0005648383521474898	0.00017476231732871383	0.0006112420815043151	0.000738320464733988	0.00956722628325224	0.0005032132612541318
0.192	0.256	0.004649104084819555	0.00028251175535842776	0.00031848863000050187	0.0006900756852701306	0.00047448871191591024	0.0001654336811043322	0.000534229795448482	0.0006371702766045928	0.007774331606924534	0.00045606738422065973
0.256	0.32	0.0039963796734809875	0.00023498834343627095	0.0002818821812979877	0.0005623919423669577	0.000451225001597777	0.0001589561434229836	0.00047861196799203753	0.00054454046767205	0.006259186193346977	0.0004088606219738722
0.32	0.384	0.0038450011052191257	0.00020554220827762038	0.0002650887181516737	0.0005299578770063818	0.00043689730227924883	0.00015235722821671516	0.0004250502388458699	0.0005253569106571376	0.006143592763692141	0.00038274956750683486
0.384	0.448	0.003735349280759692	0.00018401550187263638	0.00025509033002890646	0.0004502943193074316	0.00043689730227924883	0.00014449169975705445	0.00038143424899317324	0.00045920565025880933	0.004898534622043371	0.00033877944224514067
0.448	0.512	0.003591989167034626	0.000170610670465976	0.0002499266411177814	0.0004178314411547035	0.00043689730227924883	0.00013405201025307178	0.00035157750244252384	0.00044999783858656883	0.004707056563347578	0.00030976414564065635
0.512	0.576	0.003342611249536276	0.00016374191909562796	0.0002425825223326683	0.0003289644664619118	0.0004353158874437213	0.00012369663454592228	0.00032944936538115144	0.00037402447196654975	0.002638924168422818	0.00025609112344682217
