onset	offset	Alarm_bell_ringing	Blender	Cat	Dishes	Dog	Electric_shaver_toothbrush	Frying	Running_water	Speech	Vacuum_cleaner
0.0	0.064	0.0021425976883620024	0.014787929132580757	0.003128623589873314	0.0009323463891632855	0.0013277996331453323	0.0020640522707253695	0.000503550807479769	0.007644976954907179	0.009224344976246357	0.8773140907287598
0.064	0.128	0.0021425976883620024	0.014787929132580757	0.003128623589873314	0.0009323463891632855	0.0013962805969640613	0.0020640522707253695	0.000503550807479769	0.007644976954907179	0.009224344976246357	0.8773140907287598
0.128	0.192	0.0016499848570674658	0.016468776389956474	0.002531620441004634	0.0008762425859458745	0.0013962805969640613	0.0019917814061045647	0.00040129086119122803	0.008740532211959362	0.00848261546343565	0.8818990588188171
0.192	0.256	0.0016293235821649432	0.016570869833230972	0.0024253525771200657	0.000834886624943465	0.0013625394785776734	0.001924213021993637	0.00036758219357579947	0.009498427622020245	0.00789293646812439	0.8961978554725647
0.256	0.32	0.0016293235821649432	0.017262157052755356	0.0024253525771200657	0.0008174555259756744	0.001328771933913231	0.001884331926703453	0.00036758219357579947	0.009498427622020245	0.007281294092535973	0.9115725755691528
0.32	0.384	0.0016293235821649432	0.017513485625386238	0.0024253525771200657	0.0007959884824231267	0.001328771933913231	0.001792727503925562	0.00036758219357579947	0.009498427622020245	0.006678515113890171	0.9202656745910645
0.384	0.448	0.0016293235821649432	0.017262157052755356	0.0024253525771200657	0.0007719575660303235	0.001328771933913231	0.0016973513411357999	0.00036758219357579947	0.009498427622020245	0.005898361559957266	0.9239643812179565
0.448	0.512	0.001700871274806559	0.016819939017295837	0.002801907481625676	0.0007551864837296307	0.0013208494056016207	0.001562420860864222	0.00036144768819212914	0.009406224824488163	0.005286077968776226	0.9261386394500732
0.512	0.576	0.0017124717123806477	0.016570869833230972	0.0032203681766986847	0.0007408292149193585	0.001310656312853098	0.0014344368828460574	0.00036144768819212914	0.008961042389273643	0.0048901415430009365	0.9276729822158813
