onset	offset	Alarm_bell_ringing	Blender	Cat	Dishes	Dog	Electric_shaver_toothbrush	Frying	Running_water	Speech	Vacuum_cleaner
0.0	0.064	0.0015816702507436275	0.0004890261916443706	0.003092545550316572	0.0044135963544249535	0.14883634448051453	0.0006152894929982722	0.0002948469191323966	0.0012932430254295468	0.004919822793453932	0.0006983228377066553
0.064	0.128	0.0015816702507436275	0.0006049947696737945	0.003092545550316572	0.0044135963544249535	0.14883634448051453	0.0006152894929982722	0.0005290047847665846	0.0012932430254295468	0.004919822793453932	0.0006983228377066553
0.128	0.192	0.0012068115174770355	0.0006049947696737945	0.003092545550316572	0.0044135963544249535	0.3581792414188385	0.0006152894929982722	0.0005291510606184602	0.0013729229103773832	0.006409704219549894	0.0006983228377066553
0.192	0.256	0.0011967973550781608	0.001658740104176104	0.002984915627166629	0.0044135963544249535	0.9121454954147339	0.0004212767817080021	0.0005290047847665846	0.0020439608488231897	0.009355421178042889	0.0006774388602934778
0.256	0.32	0.0010727685876190662	0.0017480961978435516	0.0029501672834157944	0.004327801987528801	0.9743991494178772	0.0003902895550709218	0.0005290047847665846	0.0020439608488231897	0.009623171761631966	0.0005788534763269126
0.32	0.384	0.0010600039968267083	0.0017480961978435516	0.0028146274853497744	0.004327801987528801	0.983242392539978	0.00031072009005583823	0.0005290047847665846	0.0020439608488231897	0.010121803730726242	0.00039192818803712726
0.384	0.448	0.0010600039968267083	0.0017480961978435516	0.0028146274853497744	0.00296490709297359	0.98711758852005	0.00024507861235179007	0.0005290047847665846	0.0020439608488231897	0.011063043028116226	0.0003553010756149888
0.448	0.512	0.0010006187949329615	0.0017480961978435516	0.0028146274853497744	0.002460270654410124	0.9895880222320557	0.0002176421257900074	0.0005127417971380055	0.001556889503262937	0.011063043028116226	0.00035035808105021715
0.512	0.576	0.000983537407591939	0.0016412429977208376	0.0028146274853497744	0.002460270654410124	0.9895880222320557	0.00021574177662841976	0.0005106240860186517	0.0014384167734533548	0.011063043028116226	0.0003495290584396571
