onset	offset	Alarm_bell_ringing	Blender	Cat	Dishes	Dog	Electric_shaver_toothbrush	Frying	Running_water	Speech	Vacuum_cleaner
0.0	0.064	0.0016737290425226092	0.0006555801373906434	0.001769239897839725	0.002669386798515916	0.0034292323980480433	0.0007722629234194756	0.0009461394511163235	0.0011850512819364667	0.0029807137325406075	0.00027731695445254445
0.064	0.128	0.0016737290425226092	0.0006555801373906434	0.001769239897839725	0.002669386798515916	0.0035847516264766455	0.0007722629234194756	0.0009461394511163235	0.0011850512819364667	0.0029807137325406075	0.00027731695445254445
0.128	0.192	0.0011381973745301366	0.0006555801373906434	0.0018004083540290594	0.0016427397495135665	0.005098108202219009	0.0007443935028277338	0.0005859318771399558	0.0010414455318823457	0.00292640901170671	0.00022455377620644867
0.192	0.256	0.0010348847135901451	0.0006555801373906434	0.0018004083540290594	0.0015094255795702338	0.005098108202219009	0.0007443935028277338	0.0004807337827514857	0.0009722507675178349	0.00292640901170671	0.00019761228759307414
0.256	0.32	0.0010160101810470223	0.0006555801373906434	0.0018004083540290594	0.001477490528486669	0.005098108202219009	0.0007443935028277338	0.00044382642954587936	0.0008675406570546329	0.00292640901170671	0.00018416857346892357
0.32	0.384	0.0009265317348763347	0.0007410170510411263	0.002628123154863715	0.001423159847036004	0.011957689188420773	0.0007443935028277338	0.00041731499368324876	0.0008624290931038558	0.00292640901170671	0.0001841373014030978
0.384	0.448	0.0009152753627859056	0.0007410170510411263	0.0030157333239912987	0.001390489749610424	0.012685185298323631	0.0007791499956510961	0.0003980421170126647	0.0008449901361018419	0.00292640901170671	0.00018211184942629188
0.448	0.512	0.0008758599287830293	0.0007410170510411263	0.0030157333239912987	0.001390489749610424	0.012685185298323631	0.0007791499956510961	0.0003427117189858109	0.0008131949580274522	0.00292640901170671	0.00018047176126856357
0.512	0.576	0.0009265317348763347	0.0007410170510411263	0.0030157333239912987	0.001423159847036004	0.016192225739359856	0.0007887884858064353	0.00030949016218073666	0.0007918426999822259	0.00292640901170671	0.00016864488134160638
