onset	offset	Alarm_bell_ringing	Blender	Cat	Dishes	Dog	Electric_shaver_toothbrush	Frying	Running_water	Speech	Vacuum_cleaner
0.0	0.064	0.007947025820612907	0.002836458617821336	0.005998717620968819	0.00622192956507206	0.0027129899244755507	0.0015808249590918422	0.009691460058093071	0.0036275596357882023	0.0193039458245039	0.008243859745562077
0.064	0.128	0.007947025820612907	0.002836458617821336	0.005998717620968819	0.00622192956507206	0.0027129899244755507	0.0015808249590918422	0.009691460058093071	0.0036275596357882023	0.0193039458245039	0.008243859745562077
0.128	0.192	0.007516313344240189	0.002588818781077862	0.005743672139942646	0.005688293371349573	0.0022945820819586515	0.0014917856315150857	0.009268390014767647	0.003642629599198699	0.01647406816482544	0.007705743424594402
0.192	0.256	0.007440860848873854	0.002500892383977771	0.005718679167330265	0.005355180241167545	0.0020471750758588314	0.0014533180510625243	0.008614101447165012	0.003642629599198699	0.01647406816482544	0.0070243035443127155
0.256	0.32	0.007131848018616438	0.002392022404819727	0.005624067038297653	0.005034328904002905	0.0020471750758588314	0.0013850940158590674	0.007805841043591499	0.003642629599198699	0.01647406816482544	0.0064706928096711636
0.32	0.384	0.0065010907128453255	0.002158721908926964	0.005508072674274445	0.00460486626252532	0.0020471750758588314	0.0013111633015796542	0.007026588544249535	0.003710239427164197	0.01647406816482544	0.0064706928096711636
0.384	0.448	0.00576780503615737	0.0019174106419086456	0.005451665725558996	0.004181183874607086	0.0020471750758588314	0.001239123521372676	0.006389679852873087	0.0038379235193133354	0.02428092621266842	0.0064706928096711636
0.448	0.512	0.004865650553256273	0.0016929816920310259	0.005398323759436607	0.003764868015423417	0.0021080863662064075	0.0011866427958011627	0.006313871126621962	0.0038384338840842247	0.028111567720770836	0.0064706928096711636
0.512	0.576	0.004373667296022177	0.0015670089051127434	0.0053711566142737865	0.003764868015423417	0.0021080863662064075	0.0011677559232339263	0.006160414777696133	0.0038384338840842247	0.028111567720770836	0.006566858384758234
