onset	offset	Alarm_bell_ringing	Blender	Cat	Dishes	Dog	Electric_shaver_toothbrush	Frying	Running_water	Speech	Vacuum_cleaner
0.0	0.064	0.3666936755180359	0.0032545803114771843	0.0011394270695745945	0.020471002906560898	0.009809053502976894	0.0017938347300514579	0.00019146800332237035	0.0028790037613362074	0.003251254791393876	0.0012528044171631336
0.064	0.128	0.3666936755180359	0.0032545803114771843	0.0010223527206107974	0.020471002906560898	0.009809053502976894	0.0017938347300514579	0.00019146800332237035	0.0028790037613362074	0.003251254791393876	0.0012528044171631336
0.128	0.192	0.5186969041824341	0.0029316130094230175	0.0010223527206107974	0.017276594415307045	0.009809053502976894	0.0016034028958529234	0.00016899402544368058	0.0025579894427210093	0.003251254791393876	0.0008344375528395176
0.192	0.256	0.5763017535209656	0.0026936964131891727	0.0009949143277481198	0.017276594415307045	0.009809053502976894	0.0016034028958529234	0.00013220374239608645	0.002418779768049717	0.0030048899352550507	0.0005329158739186823
0.256	0.32	0.6175796389579773	0.00216035358607769	0.000737057242076844	0.017276594415307045	0.009809053502976894	0.0015933477552607656	9.986839722841978e-05	0.0023831871803849936	0.002411533845588565	0.0004425965598784387
0.32	0.384	0.6764341592788696	0.0016741737490519881	0.0006401638383977115	0.009202293120324612	0.005640119314193726	0.0011894692433997989	8.240375609602779e-05	0.002280377084389329	0.002044422784820199	0.00038097327342256904
0.384	0.448	0.6764341592788696	0.0013588014990091324	0.0006337584345601499	0.006931213196367025	0.003495073178783059	0.001015951158478856	8.058334788074717e-05	0.002133831847459078	0.001963398652151227	0.00033106550108641386
0.448	0.512	0.6764341592788696	0.0012236637994647026	0.0006211154977791011	0.006476894021034241	0.0025023689959198236	0.0008550146012566984	7.951945735840127e-05	0.0018146425718441606	0.0018643642542883754	0.0002755448513198644
0.512	0.576	0.6764341592788696	0.0011655654525384307	0.0005591838853433728	0.005844627507030964	0.0018755811033770442	0.0006816516979597509	7.726220792392269e-05	0.0014972250210121274	0.0018011804204434156	0.00023589390912093222
