onset	offset	Alarm_bell_ringing	Blender	Cat	Dishes	Dog	Electric_shaver_toothbrush	Frying	Running_water	Speech	Vacuum_cleaner
0.0	0.064	0.0012894965475425124	0.001347899902611971	0.004561612382531166	0.003507772693410516	0.0012983091874048114	0.00026776015874929726	0.0005517271929420531	0.014009197242558002	0.96190345287323	0.0013270695926621556
0.064	0.128	0.0012894965475425124	0.001347899902611971	0.004561612382531166	0.003521043574437499	0.0012983091874048114	0.00026776015874929726	0.000614309508819133	0.014009197242558002	0.96190345287323	0.0013270695926621556
0.128	0.192	0.0016718950355425477	0.0012930150842294097	0.006563596427440643	0.003521043574437499	0.002794565400108695	0.0003984234353993088	0.0006334386998787522	0.012903601862490177	0.9822247624397278	0.001245004590600729
0.192	0.256	0.002188704442232847	0.0012032686499878764	0.006563596427440643	0.003769343951717019	0.0028896976727992296	0.0004441082710400224	0.000614309508819133	0.012223806232213974	0.9867931008338928	0.001095062238164246
0.256	0.32	0.0022177251521497965	0.0011985142482444644	0.006563596427440643	0.003769343951717019	0.0029345527291297913	0.00045587439672090113	0.0005517271929420531	0.011862769722938538	0.9876620769500732	0.0008841421222314239
0.32	0.384	0.0022177251521497965	0.0011434850748628378	0.006563596427440643	0.003769343951717019	0.003011502791196108	0.00045587439672090113	0.0005411944002844393	0.010469328612089157	0.9878165125846863	0.0007579178200103343
0.384	0.448	0.0022177251521497965	0.0009774556383490562	0.006356802303344011	0.003769343951717019	0.003011502791196108	0.00045587439672090113	0.0005307631799951196	0.01021466962993145	0.9878236055374146	0.0007410470279864967
0.448	0.512	0.0022177251521497965	0.0008721929625608027	0.00623222766444087	0.0033327799756079912	0.0029345527291297913	0.00045587439672090113	0.0004615495272446424	0.010044201277196407	0.9878236055374146	0.0007310162181966007
0.512	0.576	0.0019682664424180984	0.0008510881452821195	0.005918582901358604	0.003174162469804287	0.0029052968602627516	0.0004441671189852059	0.00043857560376636684	0.010030455887317657	0.9878236055374146	0.0007258550031110644
