onset	offset	Alarm_bell_ringing	Blender	Cat	Dishes	Dog	Electric_shaver_toothbrush	Frying	Running_water	Speech	Vacuum_cleaner
0.0	0.064	0.0019411719404160976	0.004616221413016319	0.0013050100533291698	0.006755533162504435	0.0006238204659894109	0.007345392368733883	0.5754027366638184	0.2016787827014923	0.004894410725682974	0.022707246243953705
0.064	0.128	0.0019411719404160976	0.004616221413016319	0.0013050100533291698	0.006755533162504435	0.0006238204659894109	0.007345392368733883	0.5754027366638184	0.2016787827014923	0.004894410725682974	0.022707246243953705
0.128	0.192	0.0011534146033227444	0.003638371592387557	0.0011493146885186434	0.005566030275076628	0.0005275958101265132	0.005884035490453243	0.5909864902496338	0.16998180747032166	0.003948419354856014	0.01652527041733265
0.192	0.256	0.0008833967731334269	0.0032003072556108236	0.0011051817564293742	0.005270790308713913	0.0004949371796101332	0.005154392682015896	0.5929980278015137	0.15196648240089417	0.003553429152816534	0.013658159412443638
0.256	0.32	0.0007892159628681839	0.0028562271036207676	0.0010600655805319548	0.005177553743124008	0.0004678734112530947	0.00461465073749423	0.5951180458068848	0.14026109874248505	0.00337627693079412	0.012373612262308598
0.32	0.384	0.0007497993065044284	0.0025374877732247114	0.0009962398326024413	0.005014502909034491	0.00043348828330636024	0.004171008709818125	0.6005620360374451	0.13324296474456787	0.0032917214557528496	0.011552218347787857
0.384	0.448	0.0007235720404423773	0.0022694014478474855	0.0009513561381027102	0.004959349986165762	0.0004086143453605473	0.0038221555296331644	0.602603554725647	0.12976324558258057	0.00322662852704525	0.010781322605907917
0.448	0.512	0.0006999318720772862	0.002049171132966876	0.0009217041078954935	0.004959349986165762	0.0003932524996344	0.003563893726095557	0.602603554725647	0.12823094427585602	0.0031639798544347286	0.009995869360864162
0.512	0.576	0.0006795089575462043	0.0018411260098218918	0.000895426666829735	0.004959349986165762	0.0003809133486356586	0.0033692901488393545	0.602603554725647	0.12596334517002106	0.00310061639174819	0.009274951182305813
