onset	offset	Alarm_bell_ringing	Blender	Cat	Dishes	Dog	Electric_shaver_toothbrush	Frying	Running_water	Speech	Vacuum_cleaner
0.0	0.064	0.0006998953176662326	0.0010340223088860512	0.0004579249070957303	0.008834877982735634	0.00042727531399577856	0.0024498095735907555	0.8604763150215149	0.0038089805748313665	0.005603334400802851	0.0037424913607537746
0.064	0.128	0.0006998953176662326	0.0010340223088860512	0.0004579249070957303	0.008834877982735634	0.00042727531399577856	0.0024498095735907555	0.8604763150215149	0.0038089805748313665	0.005603334400802851	0.0037424913607537746
0.128	0.192	0.0005063976859673858	0.0008571289945393801	0.00045687693636864424	0.007595982402563095	0.00038866145769134164	0.0022431069519370794	0.8618431687355042	0.003558266442269087	0.004791145212948322	0.003622847143560648
0.192	0.256	0.0004442486388143152	0.0007901449571363628	0.00045687693636864424	0.007595982402563095	0.00037131941644474864	0.002134146634489298	0.8618431687355042	0.003438213374465704	0.004502526484429836	0.003622847143560648
0.256	0.32	0.0004257664259057492	0.0007315284456126392	0.00045687693636864424	0.007595982402563095	0.0003643576055765152	0.002134146634489298	0.8618431687355042	0.003438213374465704	0.0043560899794101715	0.003619497176259756
0.32	0.384	0.0004257664259057492	0.00067815714282915	0.0004492573789320886	0.007595982402563095	0.00036377241485752165	0.0021278364583849907	0.8618431687355042	0.003385223913937807	0.004228671081364155	0.00359844951890409
0.384	0.448	0.00042432741611264646	0.0006223628297448158	0.0004492573789320886	0.008066117763519287	0.00036035876837559044	0.0021153290290385485	0.8568010330200195	0.003316155867651105	0.004083812702447176	0.003586022648960352
0.448	0.512	0.00042332749580964446	0.0005731278215534985	0.0004524092364590615	0.00819054339081049	0.00036035876837559044	0.0020835220348089933	0.8568010330200195	0.0033030344638973475	0.003940161317586899	0.003559619188308716
0.512	0.576	0.00042332749580964446	0.0005426919087767601	0.00045687693636864424	0.008326453156769276	0.00036245991941541433	0.0020835220348089933	0.8568010330200195	0.0033030344638973475	0.0038609770126640797	0.0034444471821188927
