onset	offset	Alarm_bell_ringing	Blender	Cat	Dishes	Dog	Electric_shaver_toothbrush	Frying	Running_water	Speech	Vacuum_cleaner
0.0	0.064	0.0008081102278083563	0.0007570169400423765	0.001373007893562317	0.0022995106410235167	0.0006256882916204631	0.00017333394498564303	0.0006283227121457458	0.007961558178067207	0.0032184692099690437	0.0019326818874105811
0.064	0.128	0.0008081102278083563	0.0007570169400423765	0.001373007893562317	0.0022995106410235167	0.0006256882916204631	0.00017333394498564303	0.0006283227121457458	0.007961558178067207	0.0032184692099690437	0.0019326818874105811
0.128	0.192	0.0006414011004380882	0.0006936060963198543	0.0010883937356993556	0.00210444419644773	0.0004668769834097475	0.00015361174882855266	0.0005882332916371524	0.006793817039579153	0.003128692042082548	0.001805744832381606
0.192	0.256	0.0005080090486444533	0.000633096497040242	0.0009748255251906812	0.0011670425301417708	0.00040762111893855035	0.00011784557136707008	0.0005523199215531349	0.004422736819833517	0.001989066833630204	0.0014485159190371633
0.256	0.32	0.0003984109207522124	0.0005314010195434093	0.0009748255251906812	0.0010294188978150487	0.00040762111893855035	0.00011784557136707008	0.0005076409433968365	0.0036511628422886133	0.0016056066378951073	0.0012874237727373838
0.32	0.384	0.0003268031869083643	0.00044242190779186785	0.0009748255251906812	0.0010294188978150487	0.00040762111893855035	0.00011784557136707008	0.00048290498671121895	0.0030731281731277704	0.0016056066378951073	0.0011592761147767305
0.384	0.448	0.0003261443052906543	0.00041079154470935464	0.0009748255251906812	0.0010294188978150487	0.00040762111893855035	0.00011784557136707008	0.0004507416160777211	0.0030731281731277704	0.0016056066378951073	0.0009935314301401377
0.448	0.512	0.0003240485384594649	0.00041079154470935464	0.0010265205055475235	0.0010294188978150487	0.00047673212247900665	0.00011975777306361124	0.00042420142563059926	0.0030731281731277704	0.0016056066378951073	0.0009935314301401377
0.512	0.576	0.0003133985446766019	0.00041079154470935464	0.0013055395102128386	0.0013591703027486801	0.0005767821567133069	0.00013793095422443002	0.0003818006080109626	0.0030731281731277704	0.0016159920487552881	0.0009935314301401377
