onset	offset	Alarm_bell_ringing	Blender	Cat	Dishes	Dog	Electric_shaver_toothbrush	Frying	Running_water	Speech	Vacuum_cleaner
0.0	0.064	0.003427231917157769	0.0027872929349541664	0.007620377466082573	0.014566758647561073	0.922813355922699	0.0014650067314505577	0.0028907805681228638	0.010518014430999756	0.03677240386605263	0.0025061045307666063
0.064	0.128	0.003427231917157769	0.002754571381956339	0.007620377466082573	0.014566758647561073	0.922813355922699	0.0014650067314505577	0.0028907805681228638	0.010518014430999756	0.03677240386605263	0.0025061045307666063
0.128	0.192	0.002872077515348792	0.002754571381956339	0.0078275753185153	0.009257830679416656	0.950619101524353	0.0014195977710187435	0.002186234574764967	0.008787034079432487	0.03063328191637993	0.001596200279891491
0.192	0.256	0.002502522664144635	0.002383631421253085	0.00826342310756445	0.006487648468464613	0.950619101524353	0.0013797107385471463	0.001708518830128014	0.007316880859434605	0.023641925305128098	0.0012490787776187062
0.256	0.32	0.0024224654771387577	0.0022342242300510406	0.00826342310756445	0.00503939762711525	0.950619101524353	0.0013114529429003596	0.0016123527893796563	0.007297933101654053	0.019690610468387604	0.0012490787776187062
0.32	0.384	0.002327162306755781	0.0020776488818228245	0.00826342310756445	0.004543622024357319	0.950619101524353	0.001249648630619049	0.0015319050289690495	0.006484332960098982	0.01967681013047695	0.0012490787776187062
0.384	0.448	0.002195536158978939	0.001840426935814321	0.00826342310756445	0.0043526156805455685	0.9389173984527588	0.001249648630619049	0.001443304237909615	0.00546688586473465	0.01967681013047695	0.0012490787776187062
0.448	0.512	0.002111435402184725	0.001740007777698338	0.007671869359910488	0.0043526156805455685	0.9389173984527588	0.0011713966960087419	0.0013663019053637981	0.004874571226537228	0.01967681013047695	0.0014135633828118443
0.512	0.576	0.0020779347978532314	0.001740007777698338	0.007671869359910488	0.0043526156805455685	0.9389173984527588	0.0010304624447599053	0.0013112606247887015	0.004821754526346922	0.01967681013047695	0.0014135633828118443
