onset	offset	Alarm_bell_ringing	Blender	Cat	Dishes	Dog	Electric_shaver_toothbrush	Frying	Running_water	Speech	Vacuum_cleaner
0.0	0.064	0.0013713417574763298	0.01175939291715622	0.004052657168358564	0.003153445664793253	0.0018275516340509057	0.0015224621165543795	0.0010470374254509807	0.0010996877681463957	0.0054318844340741634	0.006877345498651266
0.064	0.128	0.0013713417574763298	0.01175939291715622	0.004052657168358564	0.003153445664793253	0.0018275516340509057	0.0015224621165543795	0.0010470374254509807	0.0010996877681463957	0.0054318844340741634	0.006877345498651266
0.128	0.192	0.0010113553144037724	0.010744412429630756	0.0037059288006275892	0.0022812248207628727	0.0014888141304254532	0.0012662652879953384	0.0009279121295548975	0.0009801858104765415	0.005420846864581108	0.005989106837660074
0.192	0.256	0.0006903401226736605	0.00889147724956274	0.003266618587076664	0.0015945960767567158	0.0014645954361185431	0.0011446041753515601	0.0008146701147779822	0.000918789126444608	0.005403969436883926	0.005788974929600954
0.256	0.32	0.0005322876968421042	0.0067252120934426785	0.0026730261743068695	0.0013315025717020035	0.0014645954361185431	0.0010753864189609885	0.0007363752229139209	0.0008809074643068016	0.005219845566898584	0.005484070163220167
0.32	0.384	0.00047517556231468916	0.005264664068818092	0.0022551538422703743	0.001254154136404395	0.0014487552689388394	0.0010350581724196672	0.0007243413710966706	0.0008153869421221316	0.005089135374873877	0.005312436725944281
0.384	0.448	0.00045390016748569906	0.00441918196156621	0.0019885471556335688	0.001230742083862424	0.0014453544281423092	0.001002882607281208	0.0007142444374039769	0.0007667558966204524	0.004926083143800497	0.005208110436797142
0.448	0.512	0.0004303197201807052	0.003813499351963401	0.0019633006304502487	0.0011482686968520284	0.0014487552689388394	0.0009608055115677416	0.0006925634806975722	0.0007239396800287068	0.004926083143800497	0.005114369560033083
0.512	0.576	0.0003953395935241133	0.0033140620216727257	0.0019633006304502487	0.0010218472452834249	0.001451121992431581	0.0009012616937980056	0.0006683614337816834	0.0006822869763709605	0.004926083143800497	0.004983981605619192
