onset	offset	Alarm_bell_ringing	Blender	Cat	Dishes	Dog	Electric_shaver_toothbrush	Frying	Running_water	Speech	Vacuum_cleaner
0.0	0.064	0.0008111054194159806	0.006131628528237343	0.0016691937344148755	0.15417088568210602	0.005804738961160183	0.0005059884861111641	0.0008101881248876452	0.0023005600087344646	0.01378179993480444	0.0004893780569545925
0.064	0.128	0.0007660678820684552	0.005525825545191765	0.0016610253369435668	0.13144256174564362	0.005419641267508268	0.0005059884861111641	0.0008101881248876452	0.0023005600087344646	0.012929050251841545	0.0004893780569545925
0.128	0.192	0.0007660678820684552	0.004877690225839615	0.0016610253369435668	0.1041560024023056	0.005419641267508268	0.000460087409010157	0.000711596745532006	0.002131181536242366	0.012929050251841545	0.00047857960453256965
0.192	0.256	0.0007583559490740299	0.004877690225839615	0.0015773072373121977	0.1041560024023056	0.005140137858688831	0.0003813820658251643	0.0004840409383177757	0.002010552678257227	0.012803759425878525	0.0004552176396828145
0.256	0.32	0.0004900593194179237	0.0032050677109509706	0.0009172946447506547	0.028947491198778152	0.0031641556415706873	0.00028207007562741637	0.0003104550705756992	0.0016146756242960691	0.00845133513212204	0.00041678061825223267
0.32	0.384	0.0003107174125034362	0.0016104032984003425	0.0006613123114220798	0.005905976984649897	0.002056061988696456	0.00020049461454618722	0.0002960115671157837	0.001105091767385602	0.004304259084165096	0.00041208212496712804
0.384	0.448	0.00019005672947969288	0.000978280557319522	0.0004636123194359243	0.0022250651381909847	0.0015714953187853098	0.00018553028348833323	0.0002475222572684288	0.0008852779283188283	0.0029695299454033375	0.00041208212496712804
0.448	0.512	0.00016907815006561577	0.0007837198791094124	0.00044900525244884193	0.0017132422653958201	0.001553477719426155	0.00018080658628605306	0.00022182082466315478	0.0008264867356047034	0.0029695299454033375	0.00041208212496712804
0.512	0.576	0.00016226305160671473	0.0007181560504250228	0.00044900525244884193	0.0017132422653958201	0.001553477719426155	0.00018080658628605306	0.00021101922902744263	0.0007652664207853377	0.0029695299454033375	0.00039205243228934705
