onset	offset	Alarm_bell_ringing	Blender	Cat	Dishes	Dog	Electric_shaver_toothbrush	Frying	Running_water	Speech	Vacuum_cleaner
0.0	0.064	0.0017836806364357471	0.0010512457229197025	0.02599140629172325	0.007970986887812614	0.46710875630378723	0.002035551005974412	0.014829851686954498	0.007384505122900009	0.24280045926570892	0.004613914992660284
0.064	0.128	0.0017836806364357471	0.0010512457229197025	0.02599140629172325	0.008071156218647957	0.46710875630378723	0.002035551005974412	0.014829851686954498	0.0073175737634301186	0.24280045926570892	0.004613914992660284
0.128	0.192	0.0017836806364357471	0.0009960855823010206	0.02916007861495018	0.008071156218647957	0.4813925623893738	0.002071370603516698	0.014021136797964573	0.0073175737634301186	0.24280045926570892	0.004359560087323189
0.192	0.256	0.0017836806364357471	0.0009460313012823462	0.02916007861495018	0.007970986887812614	0.4891209304332733	0.002035551005974412	0.013855697587132454	0.007112314458936453	0.24280045926570892	0.004049880895763636
0.256	0.32	0.0017836806364357471	0.0009245106484740973	0.02916007861495018	0.007778231054544449	0.4891209304332733	0.0020116656087338924	0.013279953971505165	0.006502230651676655	0.24280045926570892	0.003909947816282511
0.32	0.384	0.0018043306190520525	0.0009131398983299732	0.02916007861495018	0.007667906116694212	0.4891209304332733	0.001987903844565153	0.012709256261587143	0.00530531071126461	0.2570139467716217	0.0035060164518654346
0.384	0.448	0.001825708313845098	0.0008145743049681187	0.025624413043260574	0.007231907919049263	0.4891209304332733	0.001847236999310553	0.011948543600738049	0.004761353135108948	0.2570139467716217	0.00295413751155138
0.448	0.512	0.0018372079357504845	0.0007945327670313418	0.024598145857453346	0.006506679579615593	0.44316256046295166	0.0018097148276865482	0.010562198236584663	0.004437984898686409	0.2570139467716217	0.002762926509603858
0.512	0.576	0.001877660513855517	0.000773746520280838	0.02340598776936531	0.006066684145480394	0.3897536098957062	0.0018000791314989328	0.009369383566081524	0.004104427061975002	0.26897308230400085	0.0026252400130033493
