onset	offset	Alarm_bell_ringing	Blender	Cat	Dishes	Dog	Electric_shaver_toothbrush	Frying	Running_water	Speech	Vacuum_cleaner
0.0	0.064	0.0034508956596255302	0.0007283141021616757	0.0030702000949531794	0.004715524148195982	0.07308752089738846	0.0012059853179380298	0.0018550227396190166	0.0028228075243532658	0.0038065658882260323	0.0018782137194648385
0.064	0.128	0.0034508956596255302	0.0007283141021616757	0.0030702000949531794	0.004715524148195982	0.07308752089738846	0.0012059853179380298	0.0018550227396190166	0.0028228075243532658	0.0038065658882260323	0.0018782137194648385
0.128	0.192	0.0035421617794781923	0.0006565104704350233	0.0027280787471681833	0.00432529766112566	0.06964845210313797	0.0011115686502307653	0.001741405576467514	0.002818585140630603	0.0031115396413952112	0.001719213556498289
0.192	0.256	0.003545531537383795	0.0006260575610212982	0.0024421201087534428	0.004292542580515146	0.06117156147956848	0.0010102459928020835	0.001727535156533122	0.0026888574939221144	0.0028109000995755196	0.0016172503819689155
0.256	0.32	0.0035687314812093973	0.0006038210121914744	0.0024421201087534428	0.0038322743494063616	0.058642324060201645	0.0009840084239840508	0.001658845110796392	0.002668343484401703	0.002699075499549508	0.0015388809842988849
0.32	0.384	0.003631429048255086	0.0006038210121914744	0.0024421201087534428	0.0038318319711834192	0.058642324060201645	0.0009840084239840508	0.0015926180640235543	0.0026447311975061893	0.0024981307797133923	0.001484876498579979
0.384	0.448	0.0036914898082613945	0.0006038210121914744	0.0024421201087534428	0.0038318319711834192	0.058642324060201645	0.0009840084239840508	0.0015483822207897902	0.0026133235078305006	0.0024675040040165186	0.0014426077250391245
0.448	0.512	0.0036993043031543493	0.0006038210121914744	0.002590365707874298	0.0038318319711834192	0.058642324060201645	0.0009840084239840508	0.0015046648913994431	0.0025345252361148596	0.0024675040040165186	0.0013981475494801998
0.512	0.576	0.0037026414647698402	0.000614594086073339	0.0029110515024513006	0.0038318319711834192	0.062467534095048904	0.0010332424426451325	0.0014465131098404527	0.002419017720967531	0.0024675040040165186	0.0013064680388197303
