onset	offset	Alarm_bell_ringing	Blender	Cat	Dishes	Dog	Electric_shaver_toothbrush	Frying	Running_water	Speech	Vacuum_cleaner
0.0	0.064	0.0007572327158413827	0.012799173593521118	0.005445965100079775	0.0313442163169384	0.8208425641059875	0.0032791714183986187	0.006639622151851654	0.005479204002767801	0.011163424700498581	0.018588021397590637
0.064	0.128	0.0007572327158413827	0.011806080117821693	0.005445965100079775	0.0313442163169384	0.8208425641059875	0.0032791714183986187	0.006639622151851654	0.0051213596016168594	0.011163424700498581	0.016824331134557724
0.128	0.192	0.000590234063565731	0.008339649997651577	0.005512707866728306	0.01885015144944191	0.9050042033195496	0.002797144465148449	0.00660736346617341	0.0051213596016168594	0.011163424700498581	0.016050836071372032
0.192	0.256	0.0005712062120437622	0.008339649997651577	0.005512707866728306	0.011736816726624966	0.9368539452552795	0.0027132455725222826	0.004944247659295797	0.003855150891467929	0.010812913998961449	0.016050836071372032
0.256	0.32	0.0005587725318036973	0.006225737277418375	0.005512707866728306	0.009717828594148159	0.9368539452552795	0.0022593396715819836	0.004310140386223793	0.0028970655985176563	0.010717568919062614	0.008791756816208363
0.32	0.384	0.0005404595867730677	0.0034481859765946865	0.005512707866728306	0.007773481775075197	0.9368539452552795	0.0020771597046405077	0.003068065969273448	0.0019390879897400737	0.01007290743291378	0.003942832816392183
0.384	0.448	0.00048173125833272934	0.001850535161793232	0.005227279383689165	0.0077488720417022705	0.9368539452552795	0.0016494248993694782	0.0024415196385234594	0.0013544118264690042	0.008252269588410854	0.0015777571825310588
0.448	0.512	0.00038354581920430064	0.0005565573810599744	0.002275248058140278	0.0058424947783350945	0.5715504884719849	0.0008345405803993344	0.0013796568382531404	0.0010566329583525658	0.004145194310694933	0.0006529655656777322
0.512	0.576	0.0002748398401308805	0.0003913280670531094	0.0018007836770266294	0.0018960112938657403	0.08068200945854187	0.00037911866093054414	0.000802850176114589	0.0006536993314512074	0.0029597117099910975	0.0004588868760038167
