onset	offset	Alarm_bell_ringing	Blender	Cat	Dishes	Dog	Electric_shaver_toothbrush	Frying	Running_water	Speech	Vacuum_cleaner
0.0	0.064	0.0023847385309636593	0.014014001004397869	0.005553421098738909	0.0005227380315773189	0.0033400151878595352	0.008575065061450005	0.0005383888492360711	0.007992488332092762	0.012695389799773693	0.9671634435653687
0.064	0.128	0.0023847385309636593	0.014014001004397869	0.005553421098738909	0.0005227380315773189	0.0033400151878595352	0.008575065061450005	0.0005383888492360711	0.007992488332092762	0.012695389799773693	0.9671634435653687
0.128	0.192	0.0013833754928782582	0.01070941798388958	0.003362602088600397	0.00042827354627661407	0.0024128281511366367	0.006091808434575796	0.0003760961117222905	0.006407851353287697	0.008986023254692554	0.9694696068763733
0.192	0.256	0.001075231353752315	0.009057707153260708	0.003362602088600397	0.0003883940225932747	0.002174137393012643	0.0048080203123390675	0.0003542066551744938	0.004877490922808647	0.006394337397068739	0.9705383777618408
0.256	0.32	0.0009292140020988882	0.009004190564155579	0.003362602088600397	0.00032709838706068695	0.0020981309935450554	0.0046404446475207806	0.0003253616741858423	0.004760671406984329	0.005227011162787676	0.9706274271011353
0.32	0.384	0.0008187523926608264	0.008966989815235138	0.003362602088600397	0.00030097569106146693	0.00207634549587965	0.004447298124432564	0.00031254880013875663	0.004710013046860695	0.005121386144310236	0.971204400062561
0.384	0.448	0.0008017217624001205	0.008674641139805317	0.003664799965918064	0.0002788759593386203	0.002067017834633589	0.004437669180333614	0.00031254880013875663	0.004297793842852116	0.00504231546074152	0.9713397026062012
0.448	0.512	0.0007547755958512425	0.008222989737987518	0.004217956680804491	0.00026894346228800714	0.001979653723537922	0.00404172670096159	0.00031254880013875663	0.0037589853163808584	0.004801832139492035	0.9725015759468079
0.512	0.576	0.0007074704044498503	0.007426189724355936	0.004669025540351868	0.00026118085952475667	0.0018674647435545921	0.003600137308239937	0.00031254880013875663	0.0034223347902297974	0.004516676068305969	0.97439044713974
