onset	offset	Alarm_bell_ringing	Blender	Cat	Dishes	Dog	Electric_shaver_toothbrush	Frying	Running_water	Speech	Vacuum_cleaner
0.0	0.064	0.00037473737029358745	0.00014251131506171077	0.0013677730457857251	0.0008262780611403286	0.0053049782291054726	0.00019685589359141886	0.0009753043996170163	0.000664612976834178	0.0022975082974880934	0.0004716583644039929
0.064	0.128	0.00037473737029358745	0.00014251131506171077	0.0016164237167686224	0.0008262780611403286	0.0057958075776696205	0.00019685589359141886	0.0009753043996170163	0.000664612976834178	0.0022975082974880934	0.0004716583644039929
0.128	0.192	0.00035126612056046724	0.0001347457291558385	0.001996359322220087	0.0007264958112500608	0.008238718844950199	0.00019810353114735335	0.0009015557589009404	0.0006282062968239188	0.002242905320599675	0.00041139661334455013
0.192	0.256	0.00034519427572377026	0.000124586935271509	0.001996359322220087	0.0007264958112500608	0.008238718844950199	0.00019810353114735335	0.0008340973872691393	0.0006034542457200587	0.002106535015627742	0.00039822826511226594
0.256	0.32	0.00034519427572377026	0.000124586935271509	0.001996359322220087	0.0007264958112500608	0.008238718844950199	0.00019810353114735335	0.0007845329237170517	0.0005926687153987586	0.002106535015627742	0.00039822826511226594
0.32	0.384	0.00034519427572377026	0.000124586935271509	0.0024593393318355083	0.0007264958112500608	0.011951004154980183	0.00020102504640817642	0.0007845329237170517	0.0005926687153987586	0.002106535015627742	0.00039822826511226594
0.384	0.448	0.00034519427572377026	0.000124586935271509	0.0028961747884750366	0.0008442504331469536	0.02067963406443596	0.0002039869432337582	0.0007845329237170517	0.0005926687153987586	0.002106535015627742	0.00039822826511226594
0.448	0.512	0.000460284820292145	0.00020937519730068743	0.0030896977987140417	0.0011780475033447146	0.06629462540149689	0.00020735393627546728	0.0007845329237170517	0.0006034542457200587	0.002589716576039791	0.0005227779038250446
0.512	0.576	0.00058746401919052	0.0005647056386806071	0.0030896977987140417	0.0013075742172077298	0.9469507932662964	0.00043289244058541954	0.0009546293294988573	0.0006034542457200587	0.006273956503719091	0.0005227779038250446
