onset	offset	Alarm_bell_ringing	Blender	Cat	Dishes	Dog	Electric_shaver_toothbrush	Frying	Running_water	Speech	Vacuum_cleaner
0.0	0.064	0.015190895646810532	0.00032880643266253173	0.009496319107711315	0.0054934099316596985	0.4580678641796112	0.0010655218502506614	0.0004249986377544701	0.010842825286090374	0.0057231467217206955	0.002041039988398552
0.064	0.128	0.015190895646810532	0.00044607356539927423	0.009496319107711315	0.0054934099316596985	0.4580678641796112	0.0010564180556684732	0.0004249986377544701	0.010842825286090374	0.0069662826135754585	0.00233059236779809
0.128	0.192	0.013919699937105179	0.00044607356539927423	0.008351927623152733	0.0054934099316596985	0.7016154527664185	0.0010564180556684732	0.0004249986377544701	0.010842825286090374	0.0069662826135754585	0.0025080516934394836
0.192	0.256	0.013919699937105179	0.0009231677977368236	0.008351927623152733	0.004497623536735773	0.9576742649078369	0.00105152721516788	0.0003866697079502046	0.009728669188916683	0.007456993218511343	0.0025080516934394836
0.256	0.32	0.013919699937105179	0.001539659220725298	0.007861231453716755	0.004126338288187981	0.9901213645935059	0.0005775355384685099	0.0003866697079502046	0.009708737954497337	0.007990771904587746	0.002616257406771183
0.32	0.384	0.008212271146476269	0.001539659220725298	0.005279159639030695	0.003078014124184847	0.9929512143135071	0.00045009050518274307	0.0003866697079502046	0.006413406692445278	0.007990771904587746	0.002616257406771183
0.384	0.448	0.0066949655301868916	0.001539659220725298	0.004557400476187468	0.002953319111838937	0.9929512143135071	0.0003935632121283561	0.0004183366254437715	0.00564836710691452	0.007990771904587746	0.002616257406771183
0.448	0.512	0.00587128009647131	0.001539659220725298	0.004274079110473394	0.0028826743364334106	0.993023157119751	0.0003433369565755129	0.0004183366254437715	0.005100633483380079	0.007990771904587746	0.0026173896621912718
0.512	0.576	0.004991203546524048	0.0014399155043065548	0.0041143330745399	0.002628139453008771	0.9932370781898499	0.0002868609153665602	0.00038818709435872734	0.004871463403105736	0.007802665699273348	0.002616257406771183
