onset	offset	Alarm_bell_ringing	Blender	Cat	Dishes	Dog	Electric_shaver_toothbrush	Frying	Running_water	Speech	Vacuum_cleaner
0.0	0.064	0.001811967813409865	0.0009616772877052426	0.0015933726681396365	0.0011119609698653221	0.0007094830507412553	0.0003060180461034179	0.0018304240657016635	0.0009473274694755673	0.004392428323626518	0.13774602115154266
0.064	0.128	0.001811967813409865	0.0009616772877052426	0.0015933726681396365	0.0011119609698653221	0.0007094830507412553	0.0003060180461034179	0.0018304240657016635	0.0009473274694755673	0.004392428323626518	0.13774602115154266
0.128	0.192	0.0014087884919717908	0.0007898494368419051	0.0014487828593701124	0.0008652398246340454	0.0006830689962953329	0.00032109901076182723	0.0015733300242573023	0.0007579217199236155	0.003309500403702259	0.11795531213283539
0.192	0.256	0.0011662851320579648	0.0007174470229074359	0.0013795563718304038	0.000785120006185025	0.0006830689962953329	0.000313519878545776	0.001390563789755106	0.0006398826371878386	0.002941364888101816	0.10221351683139801
0.256	0.32	0.0010750049259513617	0.0006727258441969752	0.001364090945571661	0.0007465303642675281	0.0006830689962953329	0.0003060180461034179	0.0011896362993866205	0.0005226867506280541	0.0027657882310450077	0.08287844806909561
0.32	0.384	0.0009843853767961264	0.0006457914132624865	0.0013345044571906328	0.0007446716190315783	0.0006830689962953329	0.0002845583367161453	0.0010212253546342254	0.00045046000741422176	0.002675370080396533	0.0687631294131279
0.384	0.448	0.0009604388615116477	0.0005399613874033093	0.0013133279280737042	0.0006425529718399048	0.000759226968511939	0.0002845583367161453	0.0009293030016124249	0.00044475580216385424	0.0025981771759688854	0.06655389815568924
0.448	0.512	0.0008352590375579894	0.00047975045163184404	0.001324656419456005	0.0005531404749490321	0.0008488722378388047	0.0002428171574138105	0.0009186118259094656	0.00036436819937080145	0.002137246774509549	0.0647100880742073
0.512	0.576	0.0007641036645509303	0.00044281448936089873	0.001324656419456005	0.0005001036333851516	0.0008677729638293386	0.00021020013082306832	0.0008304904331453145	0.0003443763416726142	0.002137246774509549	0.0647100880742073
