onset	offset	Alarm_bell_ringing	Blender	Cat	Dishes	Dog	Electric_shaver_toothbrush	Frying	Running_water	Speech	Vacuum_cleaner
0.0	0.064	0.0025724139995872974	0.0013155080378055573	0.021688325330615044	0.007243667263537645	0.07951562106609344	0.0035384255461394787	0.0036921075079590082	0.007473892532289028	0.3548947274684906	0.002129219938069582
0.064	0.128	0.0025724139995872974	0.0013155080378055573	0.024001171812415123	0.007243667263537645	0.07951562106609344	0.0035384255461394787	0.0036921075079590082	0.007473892532289028	0.35443875193595886	0.002129219938069582
0.128	0.192	0.0022037504240870476	0.0011664624325931072	0.024001171812415123	0.005376236047595739	0.07854408770799637	0.0034159186761826277	0.00365713844075799	0.006932894699275494	0.35443875193595886	0.002076211152598262
0.192	0.256	0.0019240654073655605	0.0011242529144510627	0.024030297994613647	0.004816575441509485	0.07921748608350754	0.0033931999932974577	0.0035496491473168135	0.005860688630491495	0.3446028530597687	0.0017535114893689752
0.256	0.32	0.001664650859311223	0.0009593542781658471	0.025775378569960594	0.0044201090931892395	0.07951562106609344	0.003226634580641985	0.003500476712360978	0.0055943080224096775	0.3126583695411682	0.0015599263133481145
0.32	0.384	0.0015408238396048546	0.0009341237600892782	0.029521286487579346	0.0038600764237344265	0.08252035081386566	0.003213032614439726	0.003497304394841194	0.004994052927941084	0.26113587617874146	0.0014844638062641025
0.384	0.448	0.0015372971538454294	0.0009183803922496736	0.03176868334412575	0.0036448922473937273	0.07921748608350754	0.0031419903971254826	0.003441991051658988	0.004630140028893948	0.23831002414226532	0.0014540295815095305
0.448	0.512	0.0015372971538454294	0.0008990750066004694	0.03176868334412575	0.0036028737667948008	0.07854408770799637	0.0031419903971254826	0.0034131065476685762	0.004363316111266613	0.21878479421138763	0.0013952326262369752
0.512	0.576	0.0015372971538454294	0.000888615264557302	0.03176868334412575	0.003570202039554715	0.07587320357561111	0.003213032614439726	0.0032200850546360016	0.004014670383185148	0.21878479421138763	0.0013085950631648302
