onset	offset	Alarm_bell_ringing	Blender	Cat	Dishes	Dog	Electric_shaver_toothbrush	Frying	Running_water	Speech	Vacuum_cleaner
0.0	0.064	0.0003620028728619218	0.00013737638073507696	0.0010486480314284563	0.0009004852618090808	0.0006451018271036446	0.00024093697720672935	0.000771626248024404	0.0005589528009295464	0.0016467415262013674	0.00024347995349671692
0.064	0.128	0.0003620028728619218	0.00013737638073507696	0.0010486480314284563	0.0009004852618090808	0.000682257057633251	0.00024093697720672935	0.000771626248024404	0.0005589528009295464	0.0016467415262013674	0.00024347995349671692
0.128	0.192	0.0003007135237567127	0.00010892838326981291	0.0009644819656386971	0.0006882413290441036	0.0007009892724454403	0.00023013977624941617	0.000627632369287312	0.0004997288924641907	0.0015132847474887967	0.00021223090880084783
0.192	0.256	0.00028367555933073163	9.703847899800166e-05	0.0009249542490579188	0.0006018809508532286	0.0007009892724454403	0.00022509654809255153	0.0005521656712517142	0.00045852764742448926	0.0014547561295330524	0.0001924899552250281
0.256	0.32	0.00027487153420224786	9.424335439689457e-05	0.0009105530334636569	0.0005829591536894441	0.0007009892724454403	0.0002228294179076329	0.0005197543068788946	0.00043573291623033583	0.0014547561295330524	0.00017801971989683807
0.32	0.384	0.00026298221200704575	9.366118320031092e-05	0.0009005161700770259	0.0005712312995456159	0.0007023327052593231	0.0002202253381256014	0.0004943091189488769	0.000412526453146711	0.0014547561295330524	0.00016311717627104372
0.384	0.448	0.0002533521910663694	9.313323243986815e-05	0.0008924148860387504	0.0005644008633680642	0.0007082444499246776	0.00021908727649133652	0.0004790152015630156	0.00039461362757720053	0.0014547561295330524	0.00015196693129837513
0.448	0.512	0.00024836169905029237	9.219921776093543e-05	0.0008911853074096143	0.0005583803867921233	0.0007211953052319586	0.00021857359388377517	0.0004683762963395566	0.00038227494223974645	0.0014696507714688778	0.00014433458272833377
0.512	0.576	0.00024356563517358154	9.044264152180403e-05	0.0008836241322569549	0.000550535274669528	0.0007333712419494987	0.00021668820409104228	0.00045579663128592074	0.0003715198254212737	0.0014902892289683223	0.00013762680464424193
