onset	offset	Alarm_bell_ringing	Blender	Cat	Dishes	Dog	Electric_shaver_toothbrush	Frying	Running_water	Speech	Vacuum_cleaner
0.0	0.064	0.7799486517906189	0.08957480639219284	0.0025228324811905622	0.005470952484756708	0.0017759078182280064	0.00025963829830288887	0.0032396952155977488	0.0051575894467532635	0.01687595434486866	0.6458721160888672
0.064	0.128	0.785321056842804	0.08957480639219284	0.002914691111072898	0.005470952484756708	0.0026642163284122944	0.00025963829830288887	0.0032396952155977488	0.0051575894467532635	0.01687595434486866	0.6458721160888672
0.128	0.192	0.785321056842804	0.055543724447488785	0.002914691111072898	0.0035796728916466236	0.003162719774991274	0.00018205386004410684	0.0028969901613891125	0.003960153553634882	0.01588449813425541	0.7100738286972046
0.192	0.256	0.788065493106842	0.03982289135456085	0.0028847353532910347	0.002764365402981639	0.003162719774991274	0.0001621171977603808	0.00227567576803267	0.003926596138626337	0.01588449813425541	0.7383993268013
0.256	0.32	0.7905334234237671	0.033443354070186615	0.0026792753487825394	0.0021644115913659334	0.003162719774991274	0.00013983419921714813	0.0021057643461972475	0.0038024000823497772	0.01588449813425541	0.7383993268013
0.32	0.384	0.7905334234237671	0.028635965660214424	0.0026792753487825394	0.0020436281338334084	0.003162719774991274	0.00012224276724737138	0.002017425373196602	0.003795949975028634	0.01588449813425541	0.7383993268013
0.384	0.448	0.7905334234237671	0.025259654968976974	0.0026792753487825394	0.0020436281338334084	0.003162719774991274	0.00011141326831420884	0.0019655227661132812	0.003671240760013461	0.017688369378447533	0.7383993268013
0.448	0.512	0.7905334234237671	0.023321881890296936	0.0026004358660429716	0.0020436281338334084	0.003162719774991274	0.00010957678750855848	0.001895774737931788	0.0035305607598274946	0.019451776519417763	0.7372876405715942
0.512	0.576	0.7891313433647156	0.022265268489718437	0.002521171234548092	0.0020436281338334084	0.003153636120259762	0.00010957678750855848	0.0018083449685946107	0.003444923320785165	0.021328866481781006	0.7298141717910767
