onset	offset	Alarm_bell_ringing	Blender	Cat	Dishes	Dog	Electric_shaver_toothbrush	Frying	Running_water	Speech	Vacuum_cleaner
0.0	0.064	0.00033534245449118316	0.00024916863185353577	0.0006580213666893542	0.0006224532844498754	0.0002741314237937331	9.773953206604347e-05	0.0003956091240979731	0.002701343037188053	0.0016853814013302326	0.0018353924388065934
0.064	0.128	0.00033534245449118316	0.00024916863185353577	0.0006580213666893542	0.0006224532844498754	0.0002741314237937331	9.773953206604347e-05	0.0003956091240979731	0.002701343037188053	0.0016853814013302326	0.0018353924388065934
0.128	0.192	0.0002821558737196028	0.00022196384088601917	0.0006242096424102783	0.0005095264641568065	0.0002741314237937331	9.524755296297371e-05	0.0003425939357839525	0.002438829280436039	0.0014971373602747917	0.0016233132919296622
0.192	0.256	0.0002590455987956375	0.00020377426699269563	0.0006242096424102783	0.0004786769568454474	0.0002741314237937331	9.472095553064719e-05	0.0003078607260249555	0.0022186392452567816	0.0014372310834005475	0.0013743828749284148
0.256	0.32	0.0002448649029247463	0.0001832003763411194	0.0006242096424102783	0.00045826047426089644	0.0002741314237937331	9.432947990717366e-05	0.0002813580504152924	0.002030805218964815	0.00140707241371274	0.0011776620522141457
0.32	0.384	0.00023530269390903413	0.0001689107302809134	0.0006242096424102783	0.00044372258707880974	0.00027742169913835824	9.401339775649831e-05	0.00026929090381599963	0.0018993004923686385	0.00140707241371274	0.0010692806681618094
0.384	0.448	0.00022978171182330698	0.00016060139751061797	0.0006251911981962621	0.0004275696992408484	0.00029149369220249355	9.15767450351268e-05	0.00026407340192236006	0.0018136451253667474	0.00140707241371274	0.0010363399051129818
0.448	0.512	0.0002285650698468089	0.0001549813459860161	0.0006355706136673689	0.0004142169782426208	0.0002918905229307711	8.858444198267534e-05	0.0002487155143171549	0.0017735654255375266	0.0014070094330236316	0.000978844240307808
0.512	0.576	0.00022839559824205935	0.00015204260125756264	0.0006617166800424457	0.0004095325421076268	0.0002949022746179253	8.705007348908111e-05	0.00023524166317656636	0.0017725627403706312	0.0014060945250093937	0.0009257826604880393
