onset	offset	Alarm_bell_ringing	Blender	Cat	Dishes	Dog	Electric_shaver_toothbrush	Frying	Running_water	Speech	Vacuum_cleaner
0.0	0.064	0.005512911826372147	0.003842951264232397	0.0013441246701404452	0.004320815205574036	0.004028289578855038	0.0013032350689172745	0.0011551539646461606	0.0005288643878884614	0.9929677248001099	0.0021544245537370443
0.064	0.128	0.005512911826372147	0.003842951264232397	0.0013441246701404452	0.004320815205574036	0.004028289578855038	0.0013032350689172745	0.0011551539646461606	0.0005288643878884614	0.9929677248001099	0.0021544245537370443
0.128	0.192	0.005785701796412468	0.0030576784629374743	0.0013236765516921878	0.004320815205574036	0.004004503600299358	0.0013214746722951531	0.0014552486827597022	0.00044859389890916646	0.9936091899871826	0.0019258444663137197
0.192	0.256	0.0058235530741512775	0.002716768765822053	0.0012865731259807944	0.004291206132620573	0.0036159739829599857	0.0013214746722951531	0.0016982167726382613	0.0004086870467290282	0.9936091899871826	0.001833743997849524
0.256	0.32	0.005845952313393354	0.002716768765822053	0.001248506479896605	0.004291206132620573	0.0032874250318855047	0.0013214746722951531	0.0016982167726382613	0.0003830412169918418	0.9936091899871826	0.0017493140185251832
0.32	0.384	0.0058514028787612915	0.002716768765822053	0.0011871136957779527	0.004333550576120615	0.0032874250318855047	0.0013214746722951531	0.0016982167726382613	0.00034905504435300827	0.9936091899871826	0.0017065402353182435
0.384	0.448	0.007735969498753548	0.002716768765822053	0.0011188319185748696	0.004333550576120615	0.003177229780703783	0.0012898944551125169	0.0016982167726382613	0.00034905504435300827	0.9936091899871826	0.0014588054036721587
0.448	0.512	0.007966688834130764	0.002632277086377144	0.0010262966388836503	0.004291206132620573	0.0030676487367600203	0.0012898944551125169	0.0013941368088126183	0.00034905504435300827	0.9936091899871826	0.0011695415014401078
0.512	0.576	0.007966688834130764	0.002632277086377144	0.0009688551654107869	0.004179502371698618	0.002932660048827529	0.0012850876664742827	0.0013497427571564913	0.00034733902430161834	0.993575394153595	0.001123477821238339
