onset	offset	Alarm_bell_ringing	Blender	Cat	Dishes	Dog	Electric_shaver_toothbrush	Frying	Running_water	Speech	Vacuum_cleaner
0.0	0.064	0.0006257416680455208	0.018309975042939186	0.0005071816849522293	0.010022101923823357	0.0006258561625145376	0.0004959588986821473	0.0006549762329086661	0.0011376672191545367	0.15619981288909912	0.005381656810641289
0.064	0.128	0.0006257416680455208	0.018309975042939186	0.0005071816849522293	0.010022101923823357	0.0006258561625145376	0.0004959588986821473	0.0006549762329086661	0.0011376672191545367	0.15619981288909912	0.005381656810641289
0.128	0.192	0.000427629187470302	0.013507843017578125	0.0003979734319727868	0.006003063637763262	0.0004754487599711865	0.00042409307206980884	0.0005162678426131606	0.0010970972944051027	0.12885281443595886	0.005381656810641289
0.192	0.256	0.00025245087454095483	0.00846841000020504	0.0003183419757988304	0.003011612920090556	0.0004357108846306801	0.0003431102086324245	0.0004190756008028984	0.0010211266344413161	0.08498819917440414	0.005374645348638296
0.256	0.32	0.0001987121213460341	0.00846841000020504	0.0003183419757988304	0.001735940808430314	0.0004357108846306801	0.0003431102086324245	0.0004190756008028984	0.0007528468850068748	0.06521661579608917	0.005374645348638296
0.32	0.384	0.0001987121213460341	0.00846841000020504	0.0003183419757988304	0.001735940808430314	0.0004357108846306801	0.0003431102086324245	0.0004190756008028984	0.0007528468850068748	0.06521661579608917	0.005374645348638296
0.384	0.448	0.0001987121213460341	0.00846841000020504	0.0003183419757988304	0.001735940808430314	0.0004357108846306801	0.0003431102086324245	0.0004190756008028984	0.0007528468850068748	0.06521661579608917	0.005393494851887226
0.448	0.512	0.0001987121213460341	0.015822719782590866	0.0004107286804355681	0.001735940808430314	0.0005533110816031694	0.0003580322954803705	0.0004564962873701006	0.0007528468850068748	0.06521661579608917	0.005526561755686998
0.512	0.576	0.0003094214480370283	0.03015259839594364	0.0008825730765238404	0.002467941725626588	0.0009063545148819685	0.0004220032715238631	0.0004697805270552635	0.0012816009111702442	0.6909540295600891	0.008176424540579319
