onset	offset	Alarm_bell_ringing	Blender	Cat	Dishes	Dog	Electric_shaver_toothbrush	Frying	Running_water	Speech	Vacuum_cleaner
0.0	0.064	0.006676564458757639	0.0016943240771070123	0.00111569429282099	0.001510238740593195	0.0008473283378407359	0.0014700390165671706	0.0008677729638293386	0.002586597576737404	0.002640289021655917	0.0028821974992752075
0.064	0.128	0.007133664097636938	0.0016943240771070123	0.00111569429282099	0.001510238740593195	0.0008473283378407359	0.0014700390165671706	0.0008677729638293386	0.002586597576737404	0.002640289021655917	0.0028821974992752075
0.128	0.192	0.008075173012912273	0.0018883133307099342	0.00111569429282099	0.0013428808888420463	0.0007808968075551093	0.0012266903650015593	0.0008152522495947778	0.0023788714315742254	0.0030042987782508135	0.0023774064611643553
0.192	0.256	0.008075173012912273	0.0018883133307099342	0.00111569429282099	0.0013428808888420463	0.0007808968075551093	0.0012266903650015593	0.0007722382433712482	0.002245378214865923	0.0030042987782508135	0.002081587677821517
0.256	0.32	0.008075173012912273	0.0018883133307099342	0.00111569429282099	0.0013428808888420463	0.0007808968075551093	0.0012266903650015593	0.0007722382433712482	0.002245378214865923	0.0030042987782508135	0.002081587677821517
0.32	0.384	0.009277217090129852	0.0022401430178433657	0.0011569384951144457	0.0013428808888420463	0.0007808968075551093	0.0012266903650015593	0.0007722382433712482	0.002245378214865923	0.004052278120070696	0.002081587677821517
0.384	0.448	0.01790504902601242	0.0037923187483102083	0.0015389029867947102	0.0022628186270594597	0.000880381790921092	0.0019575385376811028	0.0007722382433712482	0.002245378214865923	0.008062345907092094	0.002081587677821517
0.448	0.512	0.09274081140756607	0.01034123357385397	0.0022801461163908243	0.008132312446832657	0.0009027295745909214	0.002378059085458517	0.0008364262175746262	0.003076423890888691	0.01490031462162733	0.002928386675193906
0.512	0.576	0.19651935994625092	0.01953120343387127	0.0027925940230488777	0.017654666677117348	0.0010391169926151633	0.0026805726811289787	0.0009637888288125396	0.003801067592576146	0.01490031462162733	0.002928386675193906
