onset	offset	Alarm_bell_ringing	Blender	Cat	Dishes	Dog	Electric_shaver_toothbrush	Frying	Running_water	Speech	Vacuum_cleaner
0.0	0.064	0.000879105122294277	0.00039922716678120196	0.0014707384398207068	0.0008756466559134424	0.0015851702773943543	0.0003086077340412885	0.0009127194061875343	0.0008461338002234697	0.0023603823501616716	0.004184194374829531
0.064	0.128	0.000879105122294277	0.00039922716678120196	0.0014707384398207068	0.0008756466559134424	0.0016057932516559958	0.0003086077340412885	0.0009127194061875343	0.0008461338002234697	0.0023603823501616716	0.004184194374829531
0.128	0.192	0.0006991515983827412	0.00033731904113665223	0.001248744549229741	0.0008756466559134424	0.0019907241221517324	0.00029304827330634	0.0007110846345312893	0.0006874946411699057	0.001899083610624075	0.0031820405274629593
0.192	0.256	0.0006751463515684009	0.00033731904113665223	0.001228292123414576	0.0008756466559134424	0.0019907241221517324	0.00027689532726071775	0.0005974450032226741	0.0006747368024662137	0.0018307563150301576	0.0028735578525811434
0.256	0.32	0.0006412828806787729	0.00028817556449212134	0.001194073585793376	0.0007276303949765861	0.001910494058392942	0.00027459205011837184	0.0005338335176929832	0.0006111501134000719	0.0018210002453997731	0.0027545082848519087
0.32	0.384	0.0006340109393931925	0.00026509605231694877	0.0008740311022847891	0.0006994124851189554	0.001910494058392942	0.0002587419585324824	0.0003837510012090206	0.0005652291001752019	0.0017607060726732016	0.002240698551759124
0.384	0.448	0.000625782529823482	0.0002528172335587442	0.0008656913414597511	0.0006994124851189554	0.001910494058392942	0.00023624436289537698	0.0003551050031092018	0.0005642876494675875	0.0017497678054496646	0.001623988733626902
0.448	0.512	0.000625782529823482	0.0002528172335587442	0.0008656913414597511	0.0006994124851189554	0.001910494058392942	0.00023433571914210916	0.0003413285594433546	0.0005523496656678617	0.0016879683826118708	0.0014824881218373775
0.512	0.576	0.0004833281855098903	0.00023326658993028104	0.0008656913414597511	0.0004826066142413765	0.0014517984818667173	0.00021447119070217013	0.0003382022841833532	0.0005523496656678617	0.0016866116784512997	0.001418149215169251
