onset	offset	Alarm_bell_ringing	Blender	Cat	Dishes	Dog	Electric_shaver_toothbrush	Frying	Running_water	Speech	Vacuum_cleaner
0.0	0.064	0.0034785596653819084	0.015234056860208511	0.002828062977641821	0.0034014047123491764	0.008905809372663498	0.0006603891961276531	0.0010032133432105184	0.9710507988929749	0.014271633699536324	0.007288707885891199
0.064	0.128	0.0034785596653819084	0.012298613786697388	0.002828062977641821	0.0034014047123491764	0.008905809372663498	0.0006603891961276531	0.0010032133432105184	0.9710507988929749	0.014271633699536324	0.007288707885891199
0.128	0.192	0.0033060123678296804	0.011572550982236862	0.0016930445563048124	0.0023996513336896896	0.0077029005624353886	0.0005370956496335566	0.0005403220420703292	0.9808037877082825	0.013823607005178928	0.007060839328914881
0.192	0.256	0.00300896679982543	0.01158145535737276	0.0012538974406197667	0.002040343824774027	0.0077029005624353886	0.00046269947779364884	0.0004258634289726615	0.9831817746162415	0.013302904553711414	0.006686298176646233
0.256	0.32	0.002692035399377346	0.01158145535737276	0.0010877696331590414	0.001859618816524744	0.0077029005624353886	0.0004131250607315451	0.00041066508856602013	0.9845383167266846	0.011117063462734222	0.006193248555064201
0.32	0.384	0.002483483636751771	0.011572550982236862	0.0010877696331590414	0.0017122534336522222	0.0077029005624353886	0.00037417872226797044	0.0004074488242622465	0.9856428503990173	0.009852186776697636	0.0054147569462656975
0.384	0.448	0.002348642097786069	0.011538542807102203	0.0010877696331590414	0.001639577909372747	0.008020388893783092	0.00034678183146752417	0.00039924413431435823	0.9861306548118591	0.009852186776697636	0.004755308385938406
0.448	0.512	0.002348642097786069	0.011435882188379765	0.0010877696331590414	0.0016205923166126013	0.008826338686048985	0.00034443754702806473	0.00039457203820347786	0.9865228533744812	0.009852186776697636	0.004353051073849201
0.512	0.576	0.002295145532116294	0.011237983591854572	0.0011560978600755334	0.001600840943865478	0.010238932445645332	0.0003395041567273438	0.00039457203820347786	0.9869318604469299	0.009852186776697636	0.004121724516153336
