onset	offset	Alarm_bell_ringing	Blender	Cat	Dishes	Dog	Electric_shaver_toothbrush	Frying	Running_water	Speech	Vacuum_cleaner
0.0	0.064	0.013008723966777325	0.005708050448447466	0.0037299832329154015	0.005524979438632727	0.0014392293523997068	0.00902736559510231	0.024606825783848763	0.0008296307059936225	0.008641807362437248	0.5237364768981934
0.064	0.128	0.013008723966777325	0.005708050448447466	0.0037299832329154015	0.005524979438632727	0.0014392293523997068	0.00902736559510231	0.024606825783848763	0.0008296307059936225	0.008641807362437248	0.5237364768981934
0.128	0.192	0.010155881755053997	0.004445132799446583	0.0037159970961511135	0.004245558753609657	0.001219467376358807	0.008921758271753788	0.025323694571852684	0.000703328987583518	0.006821210961788893	0.5304831862449646
0.192	0.256	0.007630795240402222	0.0037381041329354048	0.0037159970961511135	0.003657303284853697	0.0010831134859472513	0.008837282657623291	0.025379018858075142	0.0006232250016182661	0.005900405813008547	0.5306508541107178
0.256	0.32	0.006138560362160206	0.00327495695091784	0.0037159970961511135	0.003294464899227023	0.0010252695064991713	0.008837282657623291	0.025379018858075142	0.0005722854984924197	0.005319269839674234	0.5346464514732361
0.32	0.384	0.005483641289174557	0.0030141882598400116	0.0037159970961511135	0.003122973022982478	0.0010030192788690329	0.008837282657623291	0.025379018858075142	0.0005480643012560904	0.005011056549847126	0.5465450286865234
0.384	0.448	0.005110874772071838	0.0028056898154318333	0.003815334988757968	0.003028502920642495	0.0009816240053623915	0.008837282657623291	0.025323694571852684	0.0005341862561181188	0.004840556066483259	0.5600831508636475
0.448	0.512	0.004868826363235712	0.002622583182528615	0.003925056662410498	0.0029975192155689	0.0009618615731596947	0.008870294317603111	0.025051269680261612	0.0005247871740721166	0.004748229403048754	0.5747309327125549
0.512	0.576	0.00470167538151145	0.0024671321734786034	0.00404580170288682	0.0029975192155689	0.0009441444999538362	0.008940057829022408	0.024580206722021103	0.000517600157763809	0.004748229403048754	0.5896987318992615
