onset	offset	Alarm_bell_ringing	Blender	Cat	Dishes	Dog	Electric_shaver_toothbrush	Frying	Running_water	Speech	Vacuum_cleaner
0.0	0.064	0.004404336679726839	0.0017599024577066302	0.0011111187050119042	0.030857525765895844	0.0032702800817787647	0.008001411333680153	0.941014289855957	0.004094640724360943	0.9648048877716064	0.0100543899461627
0.064	0.128	0.00458231708034873	0.001788026886060834	0.0011111187050119042	0.033049918711185455	0.003116828855127096	0.008001411333680153	0.941014289855957	0.004094640724360943	0.9648048877716064	0.0100543899461627
0.128	0.192	0.00458231708034873	0.001788026886060834	0.0011111187050119042	0.03683790937066078	0.003116828855127096	0.006948864087462425	0.9502370357513428	0.004606527741998434	0.9721813797950745	0.008439978584647179
0.192	0.256	0.004509298130869865	0.0017599024577066302	0.0010820301249623299	0.03523767739534378	0.002905940404161811	0.006137234158813953	0.9614787697792053	0.004606527741998434	0.9745371341705322	0.007540671620517969
0.256	0.32	0.004404336679726839	0.0017445269040763378	0.0010455456795170903	0.033672213554382324	0.0027181890327483416	0.0057535320520401	0.9663881659507751	0.004606527741998434	0.9769879579544067	0.007257869467139244
0.32	0.384	0.004404336679726839	0.0017445269040763378	0.0009844022570177913	0.033672213554382324	0.0027016052044928074	0.005740971304476261	0.9666031002998352	0.0046111587435007095	0.9771097302436829	0.007110681384801865
0.384	0.448	0.004340576473623514	0.0017271528486162424	0.0009678579517640173	0.033672213554382324	0.0026348987594246864	0.005625789985060692	0.9668857455253601	0.0046111587435007095	0.9807741045951843	0.006555722560733557
0.448	0.512	0.004220360890030861	0.0016829457599669695	0.0009618560434319079	0.033672213554382324	0.0025413744151592255	0.005551348906010389	0.9674484133720398	0.0046111587435007095	0.9807741045951843	0.006159220822155476
0.512	0.576	0.004116282798349857	0.0016198771772906184	0.0009545056382194161	0.032491523772478104	0.0024080125149339437	0.005517865065485239	0.9686022400856018	0.004606527741998434	0.9807741045951843	0.005929702892899513
