onset	offset	Alarm_bell_ringing	Blender	Cat	Dishes	Dog	Electric_shaver_toothbrush	Frying	Running_water	Speech	Vacuum_cleaner
0.0	0.064	0.0015886236215010285	0.0015879090642556548	0.001538492739200592	0.0015914032701402903	0.0031470858957618475	0.0008356334874406457	0.00020981846319045871	0.994176983833313	0.018472233787178993	0.0008986300090327859
0.064	0.128	0.0015886236215010285	0.0015879090642556548	0.001538492739200592	0.0015914032701402903	0.0031470858957618475	0.0008356334874406457	0.00021508186182472855	0.994176983833313	0.018472233787178993	0.0008986300090327859
0.128	0.192	0.0014326171949505806	0.0014620631700381637	0.0016034035943448544	0.0014457274228334427	0.0027801236137747765	0.0006481665768660605	0.00022455057478509843	0.9959326386451721	0.013677835464477539	0.0007358907605521381
0.192	0.256	0.0012542502954602242	0.0012550929095596075	0.0015920988516882062	0.0014316473389044404	0.0027298436034470797	0.0006245604599826038	0.00022404349874705076	0.9966212511062622	0.013362977653741837	0.000626704073511064
0.256	0.32	0.0011044429847970605	0.0010889101540669799	0.0015920988516882062	0.0013791522942483425	0.0027010939083993435	0.000623800209723413	0.00022404349874705076	0.9969034790992737	0.01326869148761034	0.0005775674362666905
0.32	0.384	0.0010157146025449038	0.0009695698972791433	0.0015989838866516948	0.0013224371941760182	0.0026935413479804993	0.0006232252926565707	0.00022455057478509843	0.9969504475593567	0.013184711337089539	0.0005413022008724511
0.384	0.448	0.0009702657116577029	0.0009008620399981737	0.0016034035943448544	0.001282883225940168	0.0026935413479804993	0.0006207789992913604	0.0002246507938252762	0.9969559907913208	0.013078826479613781	0.000515771796926856
0.448	0.512	0.0009490434895269573	0.0008633380057290196	0.001621857169084251	0.0012811811175197363	0.0026605557650327682	0.0006207789992913604	0.00022504139633383602	0.9969563484191895	0.012984000146389008	0.0005057961097918451
0.512	0.576	0.0009490434895269573	0.0008566895849071443	0.0016350866062566638	0.0012811811175197363	0.002587833907455206	0.0006160937482491136	0.0002253297425340861	0.9969640374183655	0.012633095495402813	0.0005057961097918451
