onset	offset	Alarm_bell_ringing	Blender	Cat	Dishes	Dog	Electric_shaver_toothbrush	Frying	Running_water	Speech	Vacuum_cleaner
0.0	0.064	0.0025329056661576033	0.0012630425626412034	0.031065987423062325	0.0024063040036708117	0.011711014434695244	0.0016796794952824712	0.0033267366234213114	0.004049452021718025	0.0058249798603355885	0.0028072672430425882
0.064	0.128	0.0025329056661576033	0.0013788522919639945	0.03199657052755356	0.0024063040036708117	0.016905812546610832	0.0016796794952824712	0.0033267366234213114	0.004049452021718025	0.008900612592697144	0.0028072672430425882
0.128	0.192	0.002149631269276142	0.001572260051034391	0.03199657052755356	0.0029885051771998405	0.017156733199954033	0.001879981835372746	0.0033267366234213114	0.0038509578444063663	0.008900612592697144	0.003034931141883135
0.192	0.256	0.002123285550624132	0.001572260051034391	0.05079891160130501	0.0029419942293316126	0.017156733199954033	0.0016796794952824712	0.0033042323775589466	0.003567337989807129	0.0095823397859931	0.003034931141883135
0.256	0.32	0.0019984962418675423	0.0018357489025220275	0.17141182720661163	0.0029419942293316126	0.04083224758505821	0.0016503006918355823	0.003236121730878949	0.0035210519563406706	0.022917238995432854	0.0028072672430425882
0.32	0.384	0.0019984962418675423	0.0018765259301289916	0.32165250182151794	0.0029885051771998405	0.05760820955038071	0.0016503006918355823	0.0031305518932640553	0.003444902366027236	0.028729582205414772	0.0027565748896449804
0.384	0.448	0.0019984962418675423	0.0021014262456446886	0.3987669050693512	0.0029885051771998405	0.05760820955038071	0.0016503006918355823	0.002855347003787756	0.002886849455535412	0.03422338888049126	0.0027565748896449804
0.448	0.512	0.0019091597059741616	0.0021014262456446886	0.5048729777336121	0.0029885051771998405	0.058015160262584686	0.0016503006918355823	0.002814979525282979	0.0024266852997243404	0.03422338888049126	0.0025451509281992912
0.512	0.576	0.0019042540807276964	0.0021014262456446886	0.5048729777336121	0.0029419942293316126	0.058015160262584686	0.0016072799917310476	0.002805278869345784	0.0021511169616132975	0.03422338888049126	0.0018247389234602451
