onset	offset	Alarm_bell_ringing	Blender	Cat	Dishes	Dog	Electric_shaver_toothbrush	Frying	Running_water	Speech	Vacuum_cleaner
0.0	0.064	0.0005120636196807027	0.00011375461326679215	0.0034513710997998714	0.0010562032693997025	0.0006799783441238105	0.00020204581960570067	0.0010904402006417513	0.0016046690288931131	0.002029943512752652	0.0025287624448537827
0.064	0.128	0.0006323140114545822	0.00011375461326679215	0.004174286033958197	0.0010562032693997025	0.0008161993464455009	0.00020204581960570067	0.0010904402006417513	0.0016046690288931131	0.002029943512752652	0.0025287624448537827
0.128	0.192	0.001301956013776362	0.00011375461326679215	0.005361395888030529	0.0020090509206056595	0.0008858824730850756	0.000181251933099702	0.0010740587022155523	0.0018131816759705544	0.0018715121550485492	0.0023577732499688864
0.192	0.256	0.001301956013776362	0.00011375461326679215	0.005361395888030529	0.0020090509206056595	0.0008858824730850756	0.00017172128718812019	0.001032146974466741	0.0018131816759705544	0.0017638467252254486	0.002355757402256131
0.256	0.32	0.0038268209900707006	0.00011375461326679215	0.005361395888030529	0.0020090509206056595	0.0008858824730850756	0.00016645187861286104	0.0009809191105887294	0.0018131816759705544	0.0016639813547953963	0.002350961323827505
0.32	0.384	0.022496415302157402	0.00012935879931319505	0.008363774977624416	0.0031286475714296103	0.0011048312298953533	0.00014684082998428494	0.0009739770321175456	0.0019420682219788432	0.0016531990841031075	0.0018698570784181356
0.384	0.448	0.038739658892154694	0.00013069076521787792	0.009301379323005676	0.0031286475714296103	0.0011064300779253244	0.00014684082998428494	0.000956196803599596	0.0021109108347445726	0.0016282877186313272	0.0016657274682074785
0.448	0.512	0.03978148475289345	0.000133371795527637	0.010129719041287899	0.0031286475714296103	0.0011064300779253244	0.00014684082998428494	0.0009014312527142465	0.0021109108347445726	0.0016048806719481945	0.0015774477506056428
0.512	0.576	0.03978148475289345	0.000133371795527637	0.010510536842048168	0.0031286475714296103	0.0011064300779253244	0.00014684082998428494	0.0008375032339245081	0.0021109108347445726	0.0016048806719481945	0.0015302771935239434
