onset	offset	Alarm_bell_ringing	Blender	Cat	Dishes	Dog	Electric_shaver_toothbrush	Frying	Running_water	Speech	Vacuum_cleaner
0.0	0.064	0.0006651838775724173	0.0020810249261558056	0.0005681092152372003	0.020580288022756577	0.0006527489749714732	0.0032254632096737623	0.9915205836296082	0.0047294506803154945	0.018315332010388374	0.006205255165696144
0.064	0.128	0.0006651838775724173	0.0020810249261558056	0.0005681092152372003	0.020580288022756577	0.0006527489749714732	0.0032254632096737623	0.9915205836296082	0.0047294506803154945	0.018315332010388374	0.006205255165696144
0.128	0.192	0.00043521696352399886	0.0011841682717204094	0.0004905661917291582	0.015904907137155533	0.0005105335148982704	0.0025482517667114735	0.9929975271224976	0.003149565774947405	0.01365076657384634	0.003957857843488455
0.192	0.256	0.00036971489316783845	0.0010315311374142766	0.00048592270468361676	0.01388383936136961	0.0005065386067144573	0.0023179783020168543	0.9934917092323303	0.002759394468739629	0.01066599227488041	0.0033584386110305786
0.256	0.32	0.00033139961306005716	0.0009670725557953119	0.0004808267985936254	0.012691009789705276	0.0005024998099543154	0.002168215811252594	0.9935374855995178	0.0025327117182314396	0.008481099270284176	0.002994290553033352
0.32	0.384	0.00031463615596294403	0.0009388363105244935	0.0004808267985936254	0.01213867124170065	0.0004901626380160451	0.0020910485181957483	0.9935708045959473	0.0024054867681115866	0.007637109607458115	0.0027744476683437824
0.384	0.448	0.00030887118191458285	0.0009257763740606606	0.0004808267985936254	0.011870608665049076	0.00048104888992384076	0.002054357435554266	0.9936332702636719	0.002335658296942711	0.007281742058694363	0.0026312924455851316
0.448	0.512	0.00030626935767941177	0.0009142050985246897	0.0004808267985936254	0.011731590144336224	0.00047227804316207767	0.002025644527748227	0.9936783909797668	0.0022803270258009434	0.0071230134926736355	0.002522930968552828
0.512	0.576	0.00030571449315175414	0.0009031791123561561	0.0004808267985936254	0.01166144385933876	0.00046510243555530906	0.0020037824288010597	0.9937050938606262	0.0022377122659236193	0.007052486762404442	0.002443568082526326
