onset	offset	Alarm_bell_ringing	Blender	Cat	Dishes	Dog	Electric_shaver_toothbrush	Frying	Running_water	Speech	Vacuum_cleaner
0.0	0.064	0.003760662628337741	0.0037720375694334507	0.0027087165508419275	0.00598966283723712	0.015137878246605396	0.0032090002205222845	0.0014807977713644505	0.0035468540154397488	0.9889195561408997	0.004705245140939951
0.064	0.128	0.003760662628337741	0.0036387606523931026	0.0027087165508419275	0.00598966283723712	0.015137878246605396	0.002726630074903369	0.0012939292937517166	0.0035468540154397488	0.9889195561408997	0.004705245140939951
0.128	0.192	0.003696511033922434	0.0036387606523931026	0.0023238887079060078	0.007169498596340418	0.02080066315829754	0.0023973030038177967	0.0012939292937517166	0.003136701649054885	0.9894806146621704	0.0037439989391714334
0.192	0.256	0.002987345913425088	0.00340810464695096	0.0019221663242205977	0.007624892983585596	0.02080066315829754	0.002414528513327241	0.0012026878539472818	0.002876193495467305	0.9900830388069153	0.00232727755792439
0.256	0.32	0.002740896074101329	0.0033582248724997044	0.0019221663242205977	0.007624892983585596	0.02080066315829754	0.002538038184866309	0.0009316306677646935	0.0026317290030419827	0.9902192950248718	0.0017522715497761965
0.32	0.384	0.002677993616089225	0.003229431575164199	0.0019221663242205977	0.007624892983585596	0.022905245423316956	0.0025062737986445427	0.0009316306677646935	0.0024792677722871304	0.9902192950248718	0.0015242404770106077
0.384	0.448	0.0026556081138551235	0.003229431575164199	0.0019221663242205977	0.007624892983585596	0.023050585761666298	0.0024358900263905525	0.0009316306677646935	0.0024792677722871304	0.9900830388069153	0.0015242404770106077
0.448	0.512	0.002647208981215954	0.003229431575164199	0.0020666420459747314	0.007252093404531479	0.023050585761666298	0.002414528513327241	0.0009316306677646935	0.0024792677722871304	0.9894806146621704	0.0015242404770106077
0.512	0.576	0.002620964776724577	0.003354673972353339	0.0023315607104450464	0.007227709051221609	0.023050585761666298	0.002414528513327241	0.0008761081262491643	0.0024792677722871304	0.9891433119773865	0.0015242404770106077
