onset	offset	Alarm_bell_ringing	Blender	Cat	Dishes	Dog	Electric_shaver_toothbrush	Frying	Running_water	Speech	Vacuum_cleaner
0.0	0.064	0.0037267261650413275	0.0011837685015052557	0.002449503168463707	0.015834925696253777	0.002077514538541436	0.004709022585302591	0.10148262977600098	0.006798455957323313	0.010943080298602581	0.005510376766324043
0.064	0.128	0.0037267261650413275	0.0011837685015052557	0.002449503168463707	0.015834925696253777	0.002077514538541436	0.004709022585302591	0.10609689354896545	0.006798455957323313	0.010943080298602581	0.005510376766324043
0.128	0.192	0.002877685707062483	0.0010111896554008126	0.002156196627765894	0.01299598254263401	0.0018097750144079328	0.003992344718426466	0.10609689354896545	0.006798455957323313	0.006672861985862255	0.004904486238956451
0.192	0.256	0.0024313521571457386	0.0009114748681895435	0.0021347752772271633	0.01200096495449543	0.0017238197615370154	0.0039122323505580425	0.10148262977600098	0.006664756219834089	0.006672861985862255	0.00454716058447957
0.256	0.32	0.002151310443878174	0.0008745676605030894	0.0020153468940407038	0.011348946951329708	0.0016416274011135101	0.0033682258799672127	0.08978597074747086	0.0066389706917107105	0.006672861985862255	0.004364443477243185
0.32	0.384	0.0018417483661323786	0.0008390552247874439	0.00186530954670161	0.011180023662745953	0.0015507732750847936	0.002560041379183531	0.08755311369895935	0.0053881690837442875	0.006672861985862255	0.0038042175583541393
0.384	0.448	0.0017786166863515973	0.0008116740500554442	0.00186530954670161	0.007136298809200525	0.001469318987801671	0.0019914554432034492	0.0694233775138855	0.004117070697247982	0.007188113406300545	0.003206557361409068
0.448	0.512	0.001652176957577467	0.0007734961691312492	0.0018056889530271292	0.005158433690667152	0.0012313536135479808	0.0018589036772027612	0.052306827157735825	0.0036418701056391	0.007301570847630501	0.0027140763122588396
0.512	0.576	0.001652176957577467	0.0007716089603491127	0.0018028650665655732	0.004913754761219025	0.0012313536135479808	0.0018589036772027612	0.042670782655477524	0.0035431094001978636	0.007724569644778967	0.0021335789933800697
