onset	offset	Alarm_bell_ringing	Blender	Cat	Dishes	Dog	Electric_shaver_toothbrush	Frying	Running_water	Speech	Vacuum_cleaner
0.0	0.064	0.0866725742816925	0.004090429283678532	0.009211371652781963	0.19296672940254211	0.004432239569723606	0.0015676902839913964	0.01007203757762909	0.005762461107224226	0.0055384282022714615	0.0015400677220895886
0.064	0.128	0.06545859575271606	0.004090429283678532	0.009201389737427235	0.19296672940254211	0.004432239569723606	0.0015676902839913964	0.00970491487532854	0.005762461107224226	0.0055384282022714615	0.0015400677220895886
0.128	0.192	0.05326605215668678	0.0031941269990056753	0.009201389737427235	0.15005195140838623	0.0032249607611447573	0.0013844207860529423	0.00970491487532854	0.004260042682290077	0.00441873911768198	0.0013696058886125684
0.192	0.256	0.05326605215668678	0.002630451461300254	0.0061010196805000305	0.07417624443769455	0.002948966808617115	0.0011020246893167496	0.008445670828223228	0.0033631743863224983	0.003895864123478532	0.0013226482551544905
0.256	0.32	0.026462025940418243	0.001385085517540574	0.003619036404415965	0.0285352673381567	0.002948966808617115	0.0008455176721327007	0.006511826068162918	0.002919688355177641	0.0038227199111133814	0.0012742140097543597
0.32	0.384	0.009009339846670628	0.0008418236975558102	0.003619036404415965	0.024360941722989082	0.002948966808617115	0.0008455176721327007	0.006511826068162918	0.0025958747137337923	0.0038227199111133814	0.0012693862663581967
0.384	0.448	0.009009339846670628	0.0008418236975558102	0.003619036404415965	0.024360941722989082	0.002948966808617115	0.0008455176721327007	0.006511826068162918	0.0025958747137337923	0.0038227199111133814	0.0012693862663581967
0.448	0.512	0.009009339846670628	0.0008418236975558102	0.003619036404415965	0.024360941722989082	0.0029864797834306955	0.0008455176721327007	0.006511826068162918	0.0025958747137337923	0.0038227199111133814	0.0012693862663581967
0.512	0.576	0.009009339846670628	0.0008418236975558102	0.004635604098439217	0.024360941722989082	0.006766138598322868	0.0009893878595903516	0.0070731062442064285	0.0025958747137337923	0.004145402926951647	0.0012693862663581967
