onset	offset	Alarm_bell_ringing	Blender	Cat	Dishes	Dog	Electric_shaver_toothbrush	Frying	Running_water	Speech	Vacuum_cleaner
0.0	0.064	0.0034851080272346735	0.0011472889455035329	0.01732095144689083	0.004836134146898985	0.17182490229606628	0.0006162172649055719	0.004900506231933832	0.003502504900097847	0.005266272462904453	0.011773786507546902
0.064	0.128	0.0034851080272346735	0.0011472889455035329	0.01732095144689083	0.004836134146898985	0.17182490229606628	0.0006162172649055719	0.004900506231933832	0.003521811682730913	0.005266272462904453	0.011773786507546902
0.128	0.192	0.003102016868069768	0.0009149239049293101	0.014940164051949978	0.003903515636920929	0.15130536258220673	0.0005462676635943353	0.003987334202975035	0.003521811682730913	0.0041252197697758675	0.011066204868257046
0.192	0.256	0.003064451040700078	0.0007951637380756438	0.013285771012306213	0.0035901996307075024	0.13596311211585999	0.0004984778934158385	0.0036941636353731155	0.003521811682730913	0.003554773284122348	0.009351197630167007
0.256	0.32	0.003016568021848798	0.0006891930243000388	0.010622866451740265	0.003252338618040085	0.10796041786670685	0.00047265796456485987	0.0035816107410937548	0.003521811682730913	0.003237678436562419	0.007321285083889961
0.32	0.384	0.003016568021848798	0.0006835662643425167	0.010622866451740265	0.003252338618040085	0.09781111776828766	0.00044945915578864515	0.003351468127220869	0.003527411725372076	0.0030525752808898687	0.0069670905359089375
0.384	0.448	0.003016568021848798	0.0006835662643425167	0.010622866451740265	0.003252338618040085	0.09781111776828766	0.0004337052523624152	0.003203485393896699	0.003561386838555336	0.002908631693571806	0.0069670905359089375
0.448	0.512	0.0030465717427432537	0.0006835662643425167	0.010622866451740265	0.003252338618040085	0.09781111776828766	0.00042840218520723283	0.0030937879346311092	0.0036885503213852644	0.0027386511210352182	0.0069670905359089375
0.512	0.576	0.002861191052943468	0.0006835662643425167	0.01081930659711361	0.003282202873378992	0.09781111776828766	0.00042190798558294773	0.003035150468349457	0.0038228670600801706	0.002642308594658971	0.0069670905359089375
