onset	offset	Alarm_bell_ringing	Blender	Cat	Dishes	Dog	Electric_shaver_toothbrush	Frying	Running_water	Speech	Vacuum_cleaner
0.0	0.064	0.0012405832530930638	0.0002100140118272975	0.0014085035072639585	0.006307559087872505	0.011481351219117641	0.00029321678448468447	0.0012724954867735505	0.0010656731901690364	0.0020087871234863997	0.0005365085089579225
0.064	0.128	0.0012551693944260478	0.00031609920552000403	0.0015495576662942767	0.013058727607131004	0.022201498970389366	0.0003466521156951785	0.0012724954867735505	0.0011813410092145205	0.00298107392154634	0.0006677407072857022
0.128	0.192	0.0013190291356295347	0.0003434134123381227	0.0015495576662942767	0.014813175424933434	0.022201498970389366	0.00056435726583004	0.0017095535295084119	0.0012715946650132537	0.0032668905332684517	0.0013041612692177296
0.192	0.256	0.0012551693944260478	0.0003434134123381227	0.0014085035072639585	0.014813175424933434	0.05193815752863884	0.0003982280904892832	0.0013242578133940697	0.0012715946650132537	0.0032668905332684517	0.0013041612692177296
0.256	0.32	0.0012405832530930638	0.0023132963106036186	0.0012415111996233463	0.018819399178028107	0.5161242485046387	0.00037767679896205664	0.0013242578133940697	0.0012249734718352556	0.004592956509441137	0.0010390675161033869
0.32	0.384	0.001157531631179154	0.0023132963106036186	0.0012415111996233463	0.018819399178028107	0.5161242485046387	0.00037767679896205664	0.0013242578133940697	0.0012249734718352556	0.004592956509441137	0.0010390675161033869
0.384	0.448	0.001157531631179154	0.0023132963106036186	0.0011917282827198505	0.018819399178028107	0.5161242485046387	0.00037767679896205664	0.0013242578133940697	0.0012249734718352556	0.004592956509441137	0.0010390675161033869
0.448	0.512	0.0009808134054765105	0.0023132963106036186	0.0010344997281208634	0.018819399178028107	0.5161242485046387	0.00037767679896205664	0.0013242578133940697	0.0012249734718352556	0.004592956509441137	0.0010390675161033869
0.512	0.576	0.0008108372567221522	0.0004692443471867591	0.0005324865924194455	0.01808343268930912	0.33236387372016907	0.0003273744659963995	0.0005264835781417787	0.0010048379190266132	0.0033704000525176525	0.0003272602625656873
