onset	offset	Alarm_bell_ringing	Blender	Cat	Dishes	Dog	Electric_shaver_toothbrush	Frying	Running_water	Speech	Vacuum_cleaner
0.0	0.064	0.007590882945805788	0.0025854818522930145	0.004768252372741699	0.09724590182304382	0.007002737373113632	0.00176659831777215	0.12537385523319244	0.005115080159157515	0.9911482334136963	0.0010526807745918632
0.064	0.128	0.007597196381539106	0.002717669354751706	0.004794654902070761	0.11479151993989944	0.007002737373113632	0.00176659831777215	0.12537385523319244	0.005115080159157515	0.9911482334136963	0.0010526807745918632
0.128	0.192	0.009415043517947197	0.0041655199602246284	0.00550503795966506	0.11479151993989944	0.006758912932127714	0.00176659831777215	0.12537385523319244	0.006133657414466143	0.9909772872924805	0.0009500242304056883
0.192	0.256	0.009415043517947197	0.0041655199602246284	0.00550503795966506	0.11822453886270523	0.006703974213451147	0.0017216596752405167	0.12537385523319244	0.006133657414466143	0.9909772872924805	0.0009491293458268046
0.256	0.32	0.010133023373782635	0.004231659695506096	0.0070343781262636185	0.22855359315872192	0.00642340537160635	0.0017204488394781947	0.12537385523319244	0.006133657414466143	0.9909772872924805	0.0009076141286641359
0.32	0.384	0.010133023373782635	0.004231659695506096	0.0070343781262636185	0.22855359315872192	0.0051753162406384945	0.0013068869011476636	0.08824972063302994	0.006133657414466143	0.9897485375404358	0.00070244784001261
0.384	0.448	0.010133023373782635	0.004231659695506096	0.0070343781262636185	0.22855359315872192	0.003579996293410659	0.0011894414201378822	0.07044696062803268	0.006133657414466143	0.9897485375404358	0.0006539869355037808
0.448	0.512	0.010133023373782635	0.004231659695506096	0.0070343781262636185	0.22855359315872192	0.003213790012523532	0.0011211428791284561	0.07044696062803268	0.006133657414466143	0.9897485375404358	0.000521643552929163
0.512	0.576	0.008689788170158863	0.003911851439625025	0.003560782643035054	0.1403983235359192	0.00316100032068789	0.0010327567579224706	0.07044696062803268	0.004288582596927881	0.9897485375404358	0.0003751838521566242
