onset	offset	Alarm_bell_ringing	Blender	Cat	Dishes	Dog	Electric_shaver_toothbrush	Frying	Running_water	Speech	Vacuum_cleaner
0.0	0.064	0.0009812054922804236	0.00023855511972215027	0.0010963210370391607	0.0014159029815346003	0.001886396436020732	0.0002686257066670805	0.0015673626912757754	0.0007760892622172832	0.002022296655923128	0.001492339768446982
0.064	0.128	0.0009812054922804236	0.00023855511972215027	0.0010963210370391607	0.0014159029815346003	0.001886396436020732	0.0002686257066670805	0.0015673626912757754	0.0007760892622172832	0.002022296655923128	0.001492339768446982
0.128	0.192	0.0009357507224194705	0.00020431826123967767	0.0010018073953688145	0.0010757232084870338	0.0018229505512863398	0.00023825597600080073	0.001372255035676062	0.000704577483702451	0.001686024945229292	0.0012656502658501267
0.192	0.256	0.0009357507224194705	0.0001939509529620409	0.0009764991700649261	0.0009446807089261711	0.0017545742448419333	0.00022644494310952723	0.001249483902938664	0.0006648669368587434	0.0015970097156241536	0.0011177692795172334
0.256	0.32	0.0009357507224194705	0.0001903947995742783	0.0009677965426817536	0.0008816779009066522	0.0017251940444111824	0.00022048753453418612	0.0011558380210772157	0.0006411029025912285	0.0015845592133700848	0.0010090488940477371
0.32	0.384	0.0009357507224194705	0.0001885538804344833	0.0009630558779463172	0.0008423291728831828	0.0017251940444111824	0.00021690235007554293	0.0010851320112124085	0.0006250363076105714	0.0015845592133700848	0.0009267374989576638
0.384	0.448	0.0009482571040280163	0.0001872684806585312	0.0009579759207554162	0.0008122687577269971	0.0017251940444111824	0.0002141017757821828	0.0010320339351892471	0.0006136873853392899	0.0015845592133700848	0.0008621225715614855
0.448	0.512	0.0009615962626412511	0.00018619753245729953	0.0009528801310807467	0.0007886298699304461	0.0017251940444111824	0.00021171389380469918	0.0009919361909851432	0.0006056674756109715	0.0015845592133700848	0.0008104877197183669
0.512	0.576	0.000975403469055891	0.00018523226026445627	0.0009477324201725423	0.0007697446853853762	0.0017337563913315535	0.00020954615320079029	0.0009609849657863379	0.0006000311695970595	0.0015931824455037713	0.0007683826261200011
