onset	offset	Alarm_bell_ringing	Blender	Cat	Dishes	Dog	Electric_shaver_toothbrush	Frying	Running_water	Speech	Vacuum_cleaner
0.0	0.064	0.003169461851939559	0.042548954486846924	0.012548116035759449	0.035115428268909454	0.008709984831511974	0.004925323650240898	0.00655797403305769	0.9041852951049805	0.40037354826927185	0.0023045726120471954
0.064	0.128	0.0031278179958462715	0.042548954486846924	0.011716462671756744	0.03431883081793785	0.008709984831511974	0.004741217475384474	0.00655797403305769	0.9041852951049805	0.40037354826927185	0.0021505614276975393
0.128	0.192	0.0031278179958462715	0.055479470640420914	0.011716462671756744	0.03431883081793785	0.008709984831511974	0.004741217475384474	0.00655797403305769	0.9383251667022705	0.4526470899581909	0.0021505614276975393
0.192	0.256	0.0030964966863393784	0.055479470640420914	0.010810434818267822	0.02510758303105831	0.008709984831511974	0.004689492285251617	0.006420588120818138	0.9544133543968201	0.6027370095252991	0.0018455145182088017
0.256	0.32	0.0028838971629738808	0.055479470640420914	0.008269920013844967	0.021244684234261513	0.008709984831511974	0.004412973765283823	0.00599165353924036	0.9573844075202942	0.7228996753692627	0.0018082252936437726
0.32	0.384	0.0025516380555927753	0.055479470640420914	0.007067237515002489	0.01977594941854477	0.008080330677330494	0.0043072826229035854	0.005600811447948217	0.9622837901115417	0.7228996753692627	0.0017502300906926394
0.384	0.448	0.0023270093370229006	0.05169570446014404	0.006950663402676582	0.01832687482237816	0.008032119832932949	0.0036629147361963987	0.005464003887027502	0.9704673290252686	0.7228996753692627	0.0013542853994295
0.448	0.512	0.0021718370262533426	0.040176112204790115	0.0067853606306016445	0.016521435230970383	0.006554467603564262	0.002975560026243329	0.00435125594958663	0.9778453707695007	0.7228996753692627	0.0009661819785833359
0.512	0.576	0.002139277756214142	0.030895592644810677	0.005723957903683186	0.01229436881840229	0.005200948100537062	0.0022980733774602413	0.003663403680548072	0.9841799736022949	0.4828405976295471	0.0006011734949424863
