onset	offset	Alarm_bell_ringing	Blender	Cat	Dishes	Dog	Electric_shaver_toothbrush	Frying	Running_water	Speech	Vacuum_cleaner
0.0	0.064	0.0014335750602185726	0.00436655106022954	0.002303965389728546	0.003147922223433852	0.0009991108672693372	0.03613211587071419	0.006463854573667049	0.009141393005847931	0.012451278045773506	0.9402155876159668
0.064	0.128	0.0014335750602185726	0.0041954549960792065	0.002303965389728546	0.0029472552705556154	0.0009991108672693372	0.03613211587071419	0.006463854573667049	0.00843140296638012	0.012451278045773506	0.9402155876159668
0.128	0.192	0.0011372615117579699	0.0041954549960792065	0.0020985782612115145	0.0029472552705556154	0.0009529804228805006	0.0330854207277298	0.0057481806725263596	0.00843140296638012	0.010715511627495289	0.9486279487609863
0.192	0.256	0.0008224376360885799	0.0039056320674717426	0.0018066304037347436	0.0028759296983480453	0.0008326834649778903	0.02935473434627056	0.0044508022256195545	0.00841973815113306	0.010014153085649014	0.9535790085792542
0.256	0.32	0.0006343754357658327	0.003516688011586666	0.0015973092522472143	0.0026878907810896635	0.0008156904368661344	0.023605046793818474	0.003732443554326892	0.007010869216173887	0.009227792732417583	0.9535790085792542
0.32	0.384	0.0005508547183126211	0.0029516585636883974	0.001434678677469492	0.0021655343007296324	0.0008112097275443375	0.020327912643551826	0.003254493698477745	0.005887776613235474	0.008127817884087563	0.9535790085792542
0.384	0.448	0.0005394917097873986	0.0026049662847071886	0.0012184869265183806	0.0015599888283759356	0.0007012064452283084	0.020327912643551826	0.00323029444552958	0.005221004597842693	0.005973403342068195	0.9535790085792542
0.448	0.512	0.0005290902918204665	0.002267698524519801	0.0011356787290424109	0.0015593011630699039	0.0007012064452283084	0.020327912643551826	0.003213466377928853	0.004347755573689938	0.004710974171757698	0.9497166872024536
0.512	0.576	0.0005117908585816622	0.00203604344278574	0.0011356787290424109	0.0015593011630699039	0.0007012064452283084	0.020327912643551826	0.003209856105968356	0.004122117999941111	0.004058250226080418	0.9497166872024536
