onset	offset	Alarm_bell_ringing	Blender	Cat	Dishes	Dog	Electric_shaver_toothbrush	Frying	Running_water	Speech	Vacuum_cleaner
0.0	0.064	0.002203186508268118	0.011978348717093468	0.0009913732064887881	0.05460892617702484	0.0017928741872310638	0.008762724697589874	0.971734881401062	0.0062247104942798615	0.9564689993858337	0.005757925566285849
0.064	0.128	0.002203186508268118	0.011978348717093468	0.0009913732064887881	0.05460892617702484	0.0017928741872310638	0.008762724697589874	0.971734881401062	0.0062247104942798615	0.9564689993858337	0.005757925566285849
0.128	0.192	0.0016197683289647102	0.008511343039572239	0.0009617104078643024	0.0479937344789505	0.0016318116104230285	0.007768500130623579	0.9743141531944275	0.005728467367589474	0.9523876905441284	0.005120652262121439
0.192	0.256	0.0010847104713320732	0.004371738526970148	0.0008469364256598055	0.03702849522233009	0.001231177244335413	0.006046922877430916	0.9798177480697632	0.004077926743775606	0.8772997856140137	0.00412063067778945
0.256	0.32	0.0008953016949817538	0.0022200318053364754	0.0005299253389239311	0.0246207807213068	0.0010047839023172855	0.0035245653707534075	0.9845898151397705	0.0031730507034808397	0.5666944980621338	0.003421611152589321
0.32	0.384	0.0006936916615813971	0.0017630273941904306	0.0003573698631953448	0.018071116879582405	0.000551530858501792	0.002459323965013027	0.9870007038116455	0.002625224879011512	0.16044850647449493	0.0024113617837429047
0.384	0.448	0.0005670354003086686	0.0014452359173446894	0.0002531655482016504	0.01351851411163807	0.0003605126985348761	0.0020275579299777746	0.9882990121841431	0.002197092166170478	0.05616810917854309	0.0018596079898998141
0.448	0.512	0.0004999268567189574	0.0012402276042848825	0.00021010813361499459	0.011508512310683727	0.00029305164935067296	0.0017455210909247398	0.9889561533927917	0.001991844968870282	0.031402476131916046	0.0015879386337473989
0.512	0.576	0.00045867825974710286	0.001080404268577695	0.0001850132248364389	0.010213338769972324	0.0002655630523804575	0.0015550339594483376	0.9893496036529541	0.0017841918161138892	0.019960371777415276	0.0013588668080046773
