onset	offset	Alarm_bell_ringing	Blender	Cat	Dishes	Dog	Electric_shaver_toothbrush	Frying	Running_water	Speech	Vacuum_cleaner
0.0	0.064	0.0010251738131046295	0.0023880864027887583	0.00047885632375255227	0.021177751943469048	0.0006002493901178241	0.010778967291116714	0.9866375923156738	0.0013134260661900043	0.01972273364663124	0.00665223877876997
0.064	0.128	0.0010251738131046295	0.0023880864027887583	0.00047885632375255227	0.021177751943469048	0.0006002493901178241	0.010778967291116714	0.9866375923156738	0.0013134260661900043	0.01972273364663124	0.00665223877876997
0.128	0.192	0.0007405274664051831	0.0017076934454962611	0.0004107944550924003	0.021177751943469048	0.0006002493901178241	0.00853843055665493	0.9884247779846191	0.001034594839438796	0.015516120940446854	0.005147057585418224
0.192	0.256	0.0006345362635329366	0.001392015372402966	0.00038906827103346586	0.021177751943469048	0.0006002493901178241	0.007377081550657749	0.9890822172164917	0.0009384758886881173	0.015516120940446854	0.004669431131333113
0.256	0.32	0.0006345362635329366	0.001248250948265195	0.0003759675892069936	0.021177751943469048	0.0006002493901178241	0.006750192027539015	0.9896965026855469	0.0008951938361860812	0.015516120940446854	0.004580681677907705
0.32	0.384	0.0006270293961279094	0.0012240001233294606	0.0003759675892069936	0.05119170993566513	0.0011856434866786003	0.0065176161006093025	0.990800678730011	0.0008951869676820934	0.015516120940446854	0.004536876454949379
0.384	0.448	0.000602856685873121	0.0012208190746605396	0.00036369735607877374	0.05119170993566513	0.0011856434866786003	0.005879133939743042	0.9913778305053711	0.0008948057075031102	0.017428932711482048	0.004383110906928778
0.448	0.512	0.000602856685873121	0.00118574860971421	0.0003634029417298734	0.05119170993566513	0.0011856434866786003	0.005204766057431698	0.9913778305053711	0.0008860707748681307	0.019086584448814392	0.004305708222091198
0.512	0.576	0.000602856685873121	0.0011855909833684564	0.00035200949059799314	0.05119170993566513	0.0011856434866786003	0.0043656411580741405	0.9913778305053711	0.0007711444632150233	0.02076115645468235	0.0036213689018040895
