onset	offset	Alarm_bell_ringing	Blender	Cat	Dishes	Dog	Electric_shaver_toothbrush	Frying	Running_water	Speech	Vacuum_cleaner
0.0	0.064	0.11170707643032074	0.0010543212993070483	0.0016205706633627415	0.00548395374789834	0.0020687642972916365	0.6877557635307312	0.003320688148960471	0.004789535887539387	0.004689098801463842	0.0031253937631845474
0.064	0.128	0.11170707643032074	0.0010543212993070483	0.0014539085095748305	0.00548395374789834	0.0020687642972916365	0.6877557635307312	0.003320688148960471	0.004789535887539387	0.004689098801463842	0.0031253937631845474
0.128	0.192	0.16037385165691376	0.0008477999363094568	0.0014539085095748305	0.0049980212934315205	0.0020687642972916365	0.7908298373222351	0.0029062251560389996	0.004551718942821026	0.004039406776428223	0.002160281641408801
0.192	0.256	0.2825526297092438	0.0007141141104511917	0.0014132289215922356	0.004301552195101976	0.0018891978543251753	0.7937704920768738	0.002502407180145383	0.0035630594938993454	0.004039406776428223	0.0017650291556492448
0.256	0.32	0.3083033859729767	0.0006314342026598752	0.001208364381454885	0.00362025061622262	0.0018717012135311961	0.7938740849494934	0.002418611664324999	0.0032861721701920033	0.004039406776428223	0.0012893608072772622
0.32	0.384	0.3083033859729767	0.0006035699043422937	0.0010543258395045996	0.003306800965219736	0.0017043475527316332	0.7978450059890747	0.0023655060213059187	0.0031913332641124725	0.004034034907817841	0.0009844168089330196
0.384	0.448	0.3083033859729767	0.0005331470165401697	0.0009942414471879601	0.003076372668147087	0.0014578341506421566	0.7978450059890747	0.002335951430723071	0.0031857676804065704	0.004010382574051619	0.0007049065898172557
0.448	0.512	0.3083033859729767	0.00044697633711621165	0.0009137758170254529	0.002838604850694537	0.001200429629534483	0.7938740849494934	0.0021782326512038708	0.0031102073844522238	0.004010382574051619	0.0004939657519571483
0.512	0.576	0.22420211136341095	0.00041293312096968293	0.0007870533736422658	0.0026554488576948643	0.0009578276658430696	0.7937704920768738	0.0019178970251232386	0.0030948088970035315	0.004010382574051619	0.00037665030686184764
