onset	offset	Alarm_bell_ringing	Blender	Cat	Dishes	Dog	Electric_shaver_toothbrush	Frying	Running_water	Speech	Vacuum_cleaner
0.0	0.064	0.0015655034221708775	0.0027384182903915644	0.0033374810591340065	0.000701319717336446	0.0012688719434663653	0.0016491038259118795	0.0012536854483187199	0.003856740891933441	0.010087485425174236	0.988713800907135
0.064	0.128	0.0015655034221708775	0.0027384182903915644	0.0033374810591340065	0.000701319717336446	0.0012688719434663653	0.0016491038259118795	0.0012536854483187199	0.003856740891933441	0.010087485425174236	0.988713800907135
0.128	0.192	0.0007430334226228297	0.0017237156862393022	0.0020949644967913628	0.0005094684311188757	0.0011258620070293546	0.001267403713427484	0.0007501581567339599	0.0026510439347475767	0.006371351424604654	0.9903734922409058
0.192	0.256	0.0005732777644880116	0.0012125878129154444	0.0015399833209812641	0.0005021416582167149	0.0011258620070293546	0.0010664621368050575	0.000630952650681138	0.002017697086557746	0.004585482645779848	0.9910056591033936
0.256	0.32	0.00048705979133956134	0.0010513062588870525	0.001430457690730691	0.0004998056101612747	0.0010975024197250605	0.0009603204089216888	0.0006056345300748944	0.001699365209788084	0.0040184929966926575	0.9916253685951233
0.32	0.384	0.0004596843500621617	0.0008880011737346649	0.0013625634601339698	0.00048374253674410284	0.0010616492945700884	0.0008755524177104235	0.0005695994477719069	0.0015055405674502254	0.0038769394159317017	0.9916253685951233
0.384	0.448	0.000447963597252965	0.0007881802739575505	0.0013274134835228324	0.0004813311970792711	0.0010616492945700884	0.0008085006847977638	0.0005465460126288235	0.0013995775952935219	0.0038732727989554405	0.9916253685951233
0.448	0.512	0.0004389157984405756	0.000708952487912029	0.0012724826810881495	0.0004813311970792711	0.0010616492945700884	0.0007539521320722997	0.00053167634177953	0.001339442445896566	0.003871488617733121	0.9916253685951233
0.512	0.576	0.00042922174907289445	0.0006427225889638066	0.0012520493473857641	0.0004714608076028526	0.0010616492945700884	0.0007147895521484315	0.0005220078164711595	0.0012662182562053204	0.003837960073724389	0.9915757775306702
