onset	offset	Alarm_bell_ringing	Blender	Cat	Dishes	Dog	Electric_shaver_toothbrush	Frying	Running_water	Speech	Vacuum_cleaner
0.0	0.064	0.001810163725167513	0.0006725979619659483	0.0009649819694459438	0.003586022648960352	0.00047652519424445927	0.0003411684592720121	0.0035768509842455387	0.09754914045333862	0.007325541228055954	0.0009507820359431207
0.064	0.128	0.001810163725167513	0.0006725979619659483	0.0011942373821511865	0.003586022648960352	0.00047652519424445927	0.0003411684592720121	0.0035768509842455387	0.09754914045333862	0.007325541228055954	0.0009654825553297997
0.128	0.192	0.0012978108134120703	0.000913183088414371	0.0012284232070669532	0.003586022648960352	0.0006612407742068172	0.0002787008124869317	0.0038245907053351402	0.12932486832141876	0.007077705580741167	0.0011263035703450441
0.192	0.256	0.0010231228079646826	0.000913183088414371	0.0011942373821511865	0.003586022648960352	0.0006612407742068172	0.00025831483071669936	0.0038245907053351402	0.17374469339847565	0.007077705580741167	0.0009654825553297997
0.256	0.32	0.0009249163558706641	0.00113231863360852	0.0010781894670799375	0.003586022648960352	0.0006612407742068172	0.0002514911175239831	0.0038245907053351402	0.3880179822444916	0.007077705580741167	0.0009507820359431207
0.32	0.384	0.0008870832389220595	0.0016159021761268377	0.0010781894670799375	0.005281348712742329	0.0008870139135979116	0.0002266985538881272	0.007888255640864372	0.8441094160079956	0.007077705580741167	0.0009252856834791601
0.384	0.448	0.0007617822848260403	0.0016159021761268377	0.0010781894670799375	0.005281348712742329	0.0008870139135979116	0.00015670433640480042	0.007888255640864372	0.9345394372940063	0.009273295290768147	0.0007585627026855946
0.448	0.512	0.0006748333689756691	0.0016159021761268377	0.0010401663603261113	0.005281348712742329	0.0008870139135979116	0.00015670433640480042	0.007888255640864372	0.9566206336021423	0.010310402140021324	0.0004124643455725163
0.512	0.576	0.0006137549644336104	0.0016159021761268377	0.0009993164567276835	0.005281348712742329	0.0008870139135979116	0.00015670433640480042	0.007888255640864372	0.9656477570533752	0.010711969807744026	0.0003206505498383194
