onset	offset	Alarm_bell_ringing	Blender	Cat	Dishes	Dog	Electric_shaver_toothbrush	Frying	Running_water	Speech	Vacuum_cleaner
0.0	0.064	0.0015510448720306158	0.021926674991846085	0.0030302051454782486	0.9618566632270813	0.003970468416810036	0.0008317853207699955	0.021628526970744133	0.0069427103735506535	0.022451648488640785	0.0004915159079246223
0.064	0.128	0.001332656480371952	0.021926674991846085	0.002588567789644003	0.9319084882736206	0.003970468416810036	0.0008317853207699955	0.021628526970744133	0.0067603406496346	0.022451648488640785	0.0004801182949449867
0.128	0.192	0.001332656480371952	0.014390882104635239	0.0017890945309773088	0.804500937461853	0.0031931886915117502	0.000733553955797106	0.012669654563069344	0.0067603406496346	0.022024473175406456	0.0004801182949449867
0.192	0.256	0.001328316400758922	0.014390882104635239	0.0017890945309773088	0.804500937461853	0.002551907440647483	0.0005030509200878441	0.0061640446074306965	0.0033970156218856573	0.013502436690032482	0.00045537776895798743
0.256	0.32	0.0012419996783137321	0.014390882104635239	0.0015703157987445593	0.7342251539230347	0.0022233910858631134	0.00047913051093928516	0.005783971399068832	0.0020181983709335327	0.0075419931672513485	0.0004087838751729578
0.32	0.384	0.0006104137282818556	0.005358953028917313	0.0007560443482361734	0.2121696174144745	0.0010222118580713868	0.0003661176888272166	0.0036145655903965235	0.0015355853829532862	0.004508615005761385	0.00039235735312104225
0.384	0.448	0.0003980753244832158	0.0027730560395866632	0.0005007144063711166	0.06568772345781326	0.0006413079099729657	0.0003028007340617478	0.0027168993838131428	0.0013254489749670029	0.002776095876470208	0.0003849166678264737
0.448	0.512	0.0002930256596300751	0.0017886839341372252	0.0003962356422562152	0.033388860523700714	0.0005032660556025803	0.00026638616691343486	0.0026356421876698732	0.0011045339051634073	0.0020250759553164244	0.0003529198875185102
0.512	0.576	0.0002603018074296415	0.001166202942840755	0.0003692400932777673	0.02346915937960148	0.00047831228584982455	0.00026033457834273577	0.0022731036879122257	0.0008754944428801537	0.0018339167581871152	0.00026085536228492856
