onset	offset	Alarm_bell_ringing	Blender	Cat	Dishes	Dog	Electric_shaver_toothbrush	Frying	Running_water	Speech	Vacuum_cleaner
0.0	0.064	0.005733730737119913	0.005138523876667023	0.006535003427416086	0.019294241443276405	0.011246277950704098	0.010729765519499779	0.07074739784002304	0.007232739590108395	0.9818929433822632	0.015576663427054882
0.064	0.128	0.005733730737119913	0.005138523876667023	0.006535003427416086	0.019294241443276405	0.011246277950704098	0.010729765519499779	0.07074739784002304	0.007232739590108395	0.9818929433822632	0.015576663427054882
0.128	0.192	0.00500141317024827	0.004812140483409166	0.006144186481833458	0.016890253871679306	0.010224687866866589	0.009687291458249092	0.06896219402551651	0.006476375740021467	0.9818929433822632	0.013255513273179531
0.192	0.256	0.004777942318469286	0.004402229096740484	0.005809732712805271	0.016831202432513237	0.009851373732089996	0.009306468069553375	0.06896219402551651	0.006211851257830858	0.9818929433822632	0.012579771690070629
0.256	0.32	0.004755071364343166	0.004314706195145845	0.005769483745098114	0.016733795404434204	0.009847578592598438	0.009305000305175781	0.06896219402551651	0.0061523448675870895	0.9818929433822632	0.01232128869742155
0.32	0.384	0.004680942744016647	0.0043006232008337975	0.00537896016612649	0.016140207648277283	0.008487481623888016	0.008795718662440777	0.06741499155759811	0.005832258611917496	0.9809637069702148	0.011310143396258354
0.384	0.448	0.004556373227387667	0.0032496682833880186	0.004356377758085728	0.01597774028778076	0.006081783678382635	0.008145800791680813	0.06688559055328369	0.004875167738646269	0.9764055013656616	0.011282774619758129
0.448	0.512	0.0045230030082166195	0.002065471140667796	0.0030111849773675203	0.015669384971261024	0.0035296701826155186	0.0070512983947992325	0.06688559055328369	0.003930569160729647	0.9573802351951599	0.011282774619758129
0.512	0.576	0.004123331978917122	0.0012064703041687608	0.001527952728793025	0.014806246384978294	0.001743849366903305	0.0056014880537986755	0.06595306843519211	0.0029710170347243547	0.7810471653938293	0.010264643467962742
