onset	offset	Alarm_bell_ringing	Blender	Cat	Dishes	Dog	Electric_shaver_toothbrush	Frying	Running_water	Speech	Vacuum_cleaner
0.0	0.064	0.001484568347223103	0.019991006702184677	0.004795688204467297	0.001061131595633924	0.00157944206148386	0.0026434198953211308	0.0017162682488560677	0.007005364168435335	0.007883081212639809	0.9743708372116089
0.064	0.128	0.001484568347223103	0.019991006702184677	0.004795688204467297	0.001061131595633924	0.00157944206148386	0.0026434198953211308	0.0017162682488560677	0.007005364168435335	0.007883081212639809	0.9743708372116089
0.128	0.192	0.0008908936870284379	0.014950511045753956	0.003237784607335925	0.0008015087223611772	0.0011541382409632206	0.002373003400862217	0.001297460519708693	0.005879894830286503	0.006829577032476664	0.9781408309936523
0.192	0.256	0.0006427091429941356	0.011233300901949406	0.0029145912267267704	0.0006525611388497055	0.0008689350797794759	0.0021408172324299812	0.0011694757267832756	0.004248502664268017	0.005402509123086929	0.9794073104858398
0.256	0.32	0.0005580313736572862	0.010527347214519978	0.002858126303181052	0.0006054804543964565	0.0008306119707413018	0.0019601003732532263	0.0011595456162467599	0.0036464545410126448	0.004670585971325636	0.9794073104858398
0.32	0.384	0.0005215952405706048	0.0105213588103652	0.002791172359138727	0.0005792409065179527	0.0008099288097582757	0.0018655244493857026	0.0011549328919500113	0.003394172526896	0.004301241599023342	0.9794073104858398
0.384	0.448	0.0004978497163392603	0.0105213588103652	0.00265662488527596	0.0005707333330065012	0.0007986511336639524	0.0018276575719937682	0.0011359995696693659	0.0033316174522042274	0.004257474560290575	0.9794073104858398
0.448	0.512	0.000478298868983984	0.010480004362761974	0.0025848117657005787	0.0005649648956023157	0.0007882159552536905	0.001796846860088408	0.001074930652976036	0.0032874923199415207	0.004126658197492361	0.9791389107704163
0.512	0.576	0.00046455077244900167	0.01044746208935976	0.0025468121748417616	0.0005466165603138506	0.0007782462053000927	0.0017632967792451382	0.001017533941194415	0.0030559247825294733	0.00405757175758481	0.9788483381271362
