onset	offset	Alarm_bell_ringing	Blender	Cat	Dishes	Dog	Electric_shaver_toothbrush	Frying	Running_water	Speech	Vacuum_cleaner
0.0	0.064	0.0003740635293070227	0.00022116213222034276	0.001997406594455242	0.0005848034634254873	0.0007223388529382646	0.00018955250561702996	0.00033284310484305024	0.0031982134096324444	0.002042884472757578	0.0025683175772428513
0.064	0.128	0.0003740635293070227	0.00022116213222034276	0.001997406594455242	0.0005848034634254873	0.0007375786080956459	0.00018955250561702996	0.00033284310484305024	0.0031982134096324444	0.002042884472757578	0.0025683175772428513
0.128	0.192	0.0003093589039053768	0.00019639394304249436	0.0018772592302411795	0.00048125049215741456	0.0007693365914747119	0.00017605401808395982	0.0003109020472038537	0.002865093993023038	0.0017582530854269862	0.002279840176925063
0.192	0.256	0.00029358157189562917	0.00018062102026306093	0.0018740587402135134	0.0004695278184954077	0.0007693365914747119	0.00016854680143296719	0.0002962038270197809	0.0025377266574651003	0.0016519096679985523	0.001981246517971158
0.256	0.32	0.0002922271960414946	0.00016044374206103384	0.0018229609122499824	0.00044944329420104623	0.0007679383270442486	0.00015726777201052755	0.00027199561009183526	0.0023662173189222813	0.0016028190730139613	0.0018107048235833645
0.32	0.384	0.0002908338501583785	0.00015162519412115216	0.001803521765395999	0.00042800887604244053	0.0007679383270442486	0.00014940925757400692	0.0002551253419369459	0.0023222200106829405	0.0016014371067285538	0.0016845648642629385
0.384	0.448	0.0002871742472052574	0.00015045201871544123	0.0017227304633706808	0.00039084505988284945	0.0007679383270442486	0.00014165698667056859	0.00023300985048990697	0.0023159258998930454	0.0016014371067285538	0.0016032021958380938
0.448	0.512	0.00028251309413462877	0.00014572702639270574	0.0016690912889316678	0.0003702453977894038	0.0007679383270442486	0.000137364593683742	0.00022076143068261445	0.002265991410240531	0.0016014371067285538	0.001509050722233951
0.512	0.576	0.0002807733544614166	0.00014017488865647465	0.001633390667848289	0.00036865781294181943	0.000758446694817394	0.0001348655205219984	0.00020966006559319794	0.0022411837708204985	0.0016014371067285538	0.0013514553429558873
