onset	offset	Alarm_bell_ringing	Blender	Cat	Dishes	Dog	Electric_shaver_toothbrush	Frying	Running_water	Speech	Vacuum_cleaner
0.0	0.064	0.005662909243255854	0.0022551172878593206	0.002475182758644223	0.03711039572954178	0.010327411815524101	0.011707499623298645	0.08176872134208679	0.01133298221975565	0.9851292371749878	0.0009024143218994141
0.064	0.128	0.005667959339916706	0.0022551172878593206	0.002475182758644223	0.03711039572954178	0.010327411815524101	0.011707499623298645	0.08176872134208679	0.01133298221975565	0.9851292371749878	0.0009024143218994141
0.128	0.192	0.005907449871301651	0.0017376537434756756	0.0023505263961851597	0.03618812561035156	0.009228258393704891	0.011303906328976154	0.09390410780906677	0.010478165000677109	0.9858072996139526	0.0008839668589644134
0.192	0.256	0.005907449871301651	0.0013258593389764428	0.0020792880095541477	0.032579462975263596	0.008010288700461388	0.00854762364178896	0.12790809571743011	0.008812929503619671	0.9858461022377014	0.0008191660162992775
0.256	0.32	0.005907449871301651	0.0012998192105442286	0.0019000020110979676	0.031981389969587326	0.007739935535937548	0.007825694046914577	0.13889791071414948	0.007641161326318979	0.9862130880355835	0.0008041898254305124
0.32	0.384	0.0062787774950265884	0.0012936507118865848	0.0018109021475538611	0.030489901080727577	0.007179519161581993	0.007624384481459856	0.14098384976387024	0.0071295686066150665	0.9862130880355835	0.0007449437980540097
0.384	0.448	0.006453243084251881	0.0012332574697211385	0.0017236015992239118	0.03006763942539692	0.0064577446319162846	0.007401261944323778	0.15062926709651947	0.006567340809851885	0.9862053990364075	0.0007310851942747831
0.448	0.512	0.006524702534079552	0.001169515890069306	0.0016403718618676066	0.030062537640333176	0.005726704839617014	0.007091175764799118	0.1615501344203949	0.006351491902023554	0.9859472513198853	0.000729972671251744
0.512	0.576	0.006524702534079552	0.0010434581199660897	0.0015553657431155443	0.02729666419327259	0.0052947900258004665	0.007091175764799118	0.16458994150161743	0.0060539343394339085	0.9859472513198853	0.0007243140717037022
