onset	offset	Alarm_bell_ringing	Blender	Cat	Dishes	Dog	Electric_shaver_toothbrush	Frying	Running_water	Speech	Vacuum_cleaner
0.0	0.064	0.026666080579161644	0.00447895796969533	0.0011816847836598754	0.008207131177186966	0.0021690609864890575	0.0017307683592662215	0.003621934913098812	0.0068887509405612946	0.003436756320297718	0.0046667903661727905
0.064	0.128	0.023310145363211632	0.00447895796969533	0.0011235178681090474	0.008534068241715431	0.0021690609864890575	0.0017101746052503586	0.003621934913098812	0.006922851782292128	0.003436756320297718	0.0046667903661727905
0.128	0.192	0.023310145363211632	0.004364399705082178	0.0011235178681090474	0.008534068241715431	0.0020624776370823383	0.0017101746052503586	0.003251795656979084	0.006922851782292128	0.0028689056634902954	0.004474221263080835
0.192	0.256	0.022555073723196983	0.004255146253854036	0.0010567171266302466	0.008207131177186966	0.002011932898312807	0.001448930473998189	0.0032242953311651945	0.007270872127264738	0.002648912835866213	0.004143496043980122
0.256	0.32	0.022412901744246483	0.004105511121451855	0.0009273412288166583	0.007969463244080544	0.0019029133254662156	0.0012956841383129358	0.0032215884421020746	0.0073292492888867855	0.002606147201731801	0.004118093755096197
0.32	0.384	0.021242106333374977	0.0038225927855819464	0.0008122597937472165	0.007813286036252975	0.0016461851773783565	0.00120627717114985	0.0032215884421020746	0.0073572080582380295	0.002603688044473529	0.004083399660885334
0.384	0.448	0.019941294565796852	0.0037227945867925882	0.0007662836578674614	0.006942716892808676	0.001454249839298427	0.0011450507445260882	0.0032242953311651945	0.00736705306917429	0.0025372656527906656	0.003999645356088877
0.448	0.512	0.019821656867861748	0.0037227945867925882	0.0007566051208414137	0.006865647155791521	0.0014144285814836621	0.0011283959029242396	0.0032242953311651945	0.0075029609724879265	0.0023835101164877415	0.003999645356088877
0.512	0.576	0.019616570323705673	0.0036332167219370604	0.0007549475412815809	0.006736965849995613	0.0013794959522783756	0.0011158770648762584	0.0035080593079328537	0.0075029609724879265	0.0023835101164877415	0.004020339343696833
