onset	offset	Alarm_bell_ringing	Blender	Cat	Dishes	Dog	Electric_shaver_toothbrush	Frying	Running_water	Speech	Vacuum_cleaner
0.0	0.064	0.0015426618047058582	0.9427676796913147	0.0031062858179211617	0.03195375204086304	0.010507225058972836	0.007809811271727085	0.008099772036075592	0.011523548513650894	0.24745787680149078	0.01132034882903099
0.064	0.128	0.0015426618047058582	0.9427676796913147	0.0031062858179211617	0.028904616832733154	0.011965861544013023	0.007809811271727085	0.008099772036075592	0.011425725184381008	0.24745787680149078	0.01132034882903099
0.128	0.192	0.0013495010789483786	0.9294445514678955	0.003988258540630341	0.028904616832733154	0.011965861544013023	0.007809811271727085	0.007722540758550167	0.011425725184381008	0.27251294255256653	0.01008677203208208
0.192	0.256	0.0009556135628372431	0.9294445514678955	0.004703728947788477	0.019531311467289925	0.016513820737600327	0.008386415429413319	0.007456781808286905	0.010861493647098541	0.35011231899261475	0.009022402577102184
0.256	0.32	0.0006838893750682473	0.9294445514678955	0.004810128826647997	0.015658151358366013	0.02047792449593544	0.008459426462650299	0.007229529321193695	0.010022995993494987	0.47134700417518616	0.007733404170721769
0.32	0.384	0.0005470513133332133	0.9072135090827942	0.004971588961780071	0.012916350737214088	0.02047792449593544	0.009297727607190609	0.0071675884537398815	0.008467413485050201	0.6150120496749878	0.007097375579178333
0.384	0.448	0.0005206969217397273	0.870939314365387	0.005126817151904106	0.011347983032464981	0.020717602223157883	0.010101819410920143	0.006454496178776026	0.006949795410037041	0.7610448598861694	0.007097375579178333
0.448	0.512	0.000512871309183538	0.8234529495239258	0.005277527496218681	0.011347983032464981	0.020779665559530258	0.010872569866478443	0.005064195953309536	0.005591852590441704	0.8716520667076111	0.007097375579178333
0.512	0.576	0.0005097275716252625	0.8234529495239258	0.005277527496218681	0.011347983032464981	0.021762657910585403	0.011227725073695183	0.004339403472840786	0.00493254791945219	0.8996144533157349	0.007097375579178333
