onset	offset	Alarm_bell_ringing	Blender	Cat	Dishes	Dog	Electric_shaver_toothbrush	Frying	Running_water	Speech	Vacuum_cleaner
0.0	0.064	0.004236971493810415	0.0003831368812825531	0.0005273632705211639	0.0006266625714488328	0.0007169070304371417	0.0001352790859527886	0.000694695336278528	0.0011560874991118908	0.002957358490675688	0.0009634923189878464
0.064	0.128	0.004236971493810415	0.0003831368812825531	0.0005273632705211639	0.0006266625714488328	0.0007169070304371417	0.0001352790859527886	0.000694695336278528	0.0011560874991118908	0.002957358490675688	0.0009634923189878464
0.128	0.192	0.00344484974630177	0.00030845479341223836	0.0005141208530403674	0.0004980633384548128	0.0007287546177394688	0.0001258670090464875	0.0005906014703214169	0.0009220295469276607	0.002498084446415305	0.0007243810687214136
0.192	0.256	0.0031680173706263304	0.00027790613239631057	0.0005141208530403674	0.0004507753474172205	0.0007287546177394688	0.00012224391684867442	0.0005317270988598466	0.0008013544138520956	0.0022237012162804604	0.0006145638762973249
0.256	0.32	0.003054951550439	0.00026908659492619336	0.0005141208530403674	0.00043782874126918614	0.0007287546177394688	0.00012108402734156698	0.0005009393207728863	0.0007526805275119841	0.0020942119881510735	0.000563224486541003
0.32	0.384	0.0029627231415361166	0.00025286039453931153	0.0005141208530403674	0.0004314591351430863	0.0007289223722182214	0.00012076934217475355	0.0004774256085511297	0.0007462078356184065	0.0020397701300680637	0.000528463744558394
0.384	0.448	0.0029627231415361166	0.0002456906659062952	0.0005141208530403674	0.00042194558773189783	0.0007289223722182214	0.00011745886149583384	0.0004591285833157599	0.0007462078356184065	0.0020397701300680637	0.0005027098814025521
0.448	0.512	0.0029627231415361166	0.00023810860875528306	0.0005141208530403674	0.000413230387493968	0.0007289223722182214	0.00011294397700112313	0.00043509065289981663	0.0007462078356184065	0.0020397701300680637	0.00048225384671241045
0.512	0.576	0.0029627231415361166	0.00023165989841800183	0.0005141208530403674	0.0004032087745144963	0.0007289223722182214	0.00010857464076252654	0.00040502496995031834	0.0007403845665976405	0.0020397701300680637	0.00046150796697475016
