onset	offset	Alarm_bell_ringing	Blender	Cat	Dishes	Dog	Electric_shaver_toothbrush	Frying	Running_water	Speech	Vacuum_cleaner
0.0	0.064	0.0010203496785834432	0.0027656909078359604	0.002918859710916877	0.007293477188795805	0.003368643345311284	0.0019721847493201494	0.05228303372859955	0.08399591594934464	0.022943444550037384	0.01025201752781868
0.064	0.128	0.0010208995081484318	0.003045184537768364	0.0035436146426945925	0.007539740763604641	0.003368643345311284	0.0019721847493201494	0.05228303372859955	0.08266598731279373	0.023586595430970192	0.01025201752781868
0.128	0.192	0.0011487368028610945	0.00404356187209487	0.004258394241333008	0.009644768200814724	0.0034496625885367393	0.001936292857863009	0.04838654398918152	0.08266598731279373	0.023586595430970192	0.00784796942025423
0.192	0.256	0.0011487368028610945	0.00404356187209487	0.004258394241333008	0.009644768200814724	0.0034496625885367393	0.001936292857863009	0.04605105146765709	0.0704784244298935	0.03779475390911102	0.005814289674162865
0.256	0.32	0.0011487368028610945	0.00404356187209487	0.0045724427327513695	0.009644768200814724	0.0034496625885367393	0.001936292857863009	0.04373457282781601	0.06048935651779175	0.11509297788143158	0.004918168298900127
0.32	0.384	0.0016175499185919762	0.0049958378076553345	0.006587977521121502	0.012508143670856953	0.003884553909301758	0.001936292857863009	0.042701296508312225	0.04580875486135483	0.7039198279380798	0.0046942466869950294
0.384	0.448	0.002589715411886573	0.006028573960065842	0.007797370199114084	0.01528982538729906	0.006898608990013599	0.0025497479364275932	0.03731321543455124	0.041288528591394424	0.9424933195114136	0.004581780172884464
0.448	0.512	0.004188764840364456	0.0067115831188857555	0.00895647332072258	0.01699208654463291	0.010792933404445648	0.003154872916638851	0.03227560967206955	0.035861123353242874	0.9693647027015686	0.003836044343188405
0.512	0.576	0.004754154942929745	0.006988679524511099	0.0113737927749753	0.01849546656012535	0.0138492276892066	0.0035332259722054005	0.028822189196944237	0.030946917831897736	0.9765288233757019	0.0031843509059399366
