onset	offset	Alarm_bell_ringing	Blender	Cat	Dishes	Dog	Electric_shaver_toothbrush	Frying	Running_water	Speech	Vacuum_cleaner
0.0	0.064	0.00020114777726121247	0.00014997961989138275	0.010103082284331322	0.0008974308148026466	0.0016107331030070782	0.00021581357577815652	0.0005312762223184109	0.0012836704263463616	0.0019541727378964424	0.0010800677118822932
0.064	0.128	0.00020114777726121247	0.00014997961989138275	0.01073061116039753	0.0008974308148026466	0.0017092166235670447	0.00021581357577815652	0.0005312762223184109	0.0012836704263463616	0.0019541727378964424	0.0010800677118822932
0.128	0.192	0.00017173112428281456	0.0001195330114569515	0.011805253103375435	0.0007552523165941238	0.0019142420496791601	0.00018711999291554093	0.000460751005448401	0.0012172601418569684	0.0019222312839701772	0.0008936034864746034
0.192	0.256	0.00015920856094453484	0.00010219104296993464	0.011805253103375435	0.0006950167589820921	0.0019142420496791601	0.00018014322267845273	0.00040699579403735697	0.0011743176728487015	0.0019222312839701772	0.0007850391557440162
0.256	0.32	0.00015115142741706222	9.72298439592123e-05	0.011805253103375435	0.000680860539432615	0.0019142420496791601	0.00017915433272719383	0.0003657583729363978	0.0011369046987965703	0.0019222312839701772	0.0007421233458444476
0.32	0.384	0.0001434185542166233	9.72298439592123e-05	0.012462493032217026	0.000680860539432615	0.0020807022228837013	0.00017906329594552517	0.00033034919761121273	0.001093474100343883	0.0019222312839701772	0.0006817604880779982
0.384	0.448	0.0001384175120620057	9.72298439592123e-05	0.012597150169312954	0.000680860539432615	0.0022689870093017817	0.00017906329594552517	0.00030562884057872	0.0010637342929840088	0.002015436301007867	0.0006357366219162941
0.448	0.512	0.00013445269723888487	9.72298439592123e-05	0.012871961109340191	0.000680860539432615	0.00244956836104393	0.00017906329594552517	0.00030562884057872	0.0010446920059621334	0.0021104728803038597	0.0006357366219162941
0.512	0.576	0.00012943801993969828	9.877647244138643e-05	0.014860479161143303	0.0006883121677674353	0.0027250938583165407	0.00018014322267845273	0.00030562884057872	0.0010426705703139305	0.0023339977487921715	0.0006357366219162941
