onset	offset	Alarm_bell_ringing	Blender	Cat	Dishes	Dog	Electric_shaver_toothbrush	Frying	Running_water	Speech	Vacuum_cleaner
0.0	0.064	0.0056318482384085655	0.010176572948694229	0.0022069434635341167	0.008140555582940578	0.003005191683769226	0.0048430003225803375	0.012046349234879017	0.002245878102257848	0.8768236041069031	0.10705350339412689
0.064	0.128	0.0056318482384085655	0.010176572948694229	0.0022069434635341167	0.008105942979454994	0.003005191683769226	0.0048430003225803375	0.012996673583984375	0.002245878102257848	0.8768236041069031	0.10705350339412689
0.128	0.192	0.00749555416405201	0.009182320907711983	0.0023153319489210844	0.008105942979454994	0.005572807043790817	0.005178098566830158	0.01650788076221943	0.0021500803995877504	0.9679985642433167	0.07560518383979797
0.192	0.256	0.008167202584445477	0.009182320907711983	0.0023234353866428137	0.008105942979454994	0.005699910223484039	0.0052140625193715096	0.01650788076221943	0.0020425247494131327	0.9816692471504211	0.07215919345617294
0.256	0.32	0.009171533398330212	0.008911846205592155	0.0023289143573492765	0.008105942979454994	0.005756468046456575	0.0052140625193715096	0.01650788076221943	0.0019885909277945757	0.9849120378494263	0.06801572442054749
0.32	0.384	0.009171533398330212	0.008623713627457619	0.0023289143573492765	0.00834718532860279	0.005902338773012161	0.0052140625193715096	0.01849236711859703	0.0017872515600174665	0.986374020576477	0.06801572442054749
0.384	0.448	0.009171533398330212	0.008268984965980053	0.0023289143573492765	0.00834718532860279	0.005902338773012161	0.005178098566830158	0.020073678344488144	0.0017872515600174665	0.9871520400047302	0.07215919345617294
0.448	0.512	0.009171533398330212	0.007459749933332205	0.0023234353866428137	0.008824778720736504	0.005902338773012161	0.005079988390207291	0.02233259379863739	0.0017872515600174665	0.987714409828186	0.07560518383979797
0.512	0.576	0.009147929958999157	0.0070233722217381	0.0021939571015536785	0.008824778720736504	0.00589767936617136	0.004621116444468498	0.026879658922553062	0.0017367100808769464	0.987714409828186	0.07215919345617294
