onset	offset	Alarm_bell_ringing	Blender	Cat	Dishes	Dog	Electric_shaver_toothbrush	Frying	Running_water	Speech	Vacuum_cleaner
0.0	0.064	0.0014500630786642432	0.0039705815725028515	0.0005232584662735462	0.019651301205158234	0.0012837578542530537	0.006132105365395546	0.9108248949050903	0.006385909393429756	0.05512577295303345	0.0077753434889018536
0.064	0.128	0.0014500630786642432	0.0039705815725028515	0.0005232584662735462	0.019651301205158234	0.0012837578542530537	0.006132105365395546	0.9122008085250854	0.006385909393429756	0.05512577295303345	0.0077753434889018536
0.128	0.192	0.0010542520321905613	0.0030378105584532022	0.00044391950359568	0.016195926815271378	0.0009569201502017677	0.005797486752271652	0.9108248949050903	0.005251547787338495	0.05909794569015503	0.006186765618622303
0.192	0.256	0.0009613722213543952	0.0025253056082874537	0.00039845213177613914	0.015614987351000309	0.0008549208869226277	0.005650781095027924	0.9108248949050903	0.004969094414263964	0.05909794569015503	0.00563562847673893
0.256	0.32	0.0009095926652662456	0.002177853137254715	0.0003722870605997741	0.015614987351000309	0.0007972782477736473	0.005425239447504282	0.9108248949050903	0.004969094414263964	0.05909794569015503	0.005530090536922216
0.32	0.384	0.000870901218149811	0.0018696390325203538	0.0003722870605997741	0.015614987351000309	0.0007602296536788344	0.005425239447504282	0.9087112545967102	0.004969094414263964	0.06691788136959076	0.005493485368788242
0.384	0.448	0.000870901218149811	0.001681249006651342	0.0003722870605997741	0.015614987351000309	0.0007602296536788344	0.005425239447504282	0.9051432609558105	0.004969094414263964	0.07889462262392044	0.0054241386242210865
0.448	0.512	0.000870901218149811	0.001681249006651342	0.0003722870605997741	0.016769366338849068	0.0007602296536788344	0.005425239447504282	0.9037179946899414	0.004969094414263964	0.10392698645591736	0.005282100290060043
0.512	0.576	0.000870901218149811	0.001681249006651342	0.00042546805343590677	0.019050713628530502	0.0007602296536788344	0.005546333733946085	0.8993980884552002	0.004984728526324034	0.18998467922210693	0.005211441777646542
