onset	offset	Alarm_bell_ringing	Blender	Cat	Dishes	Dog	Electric_shaver_toothbrush	Frying	Running_water	Speech	Vacuum_cleaner
0.0	0.064	0.0013791556702926755	0.0019560987129807472	0.0010895456653088331	0.009075336158275604	0.0014241494936868548	0.9343537092208862	0.016920821741223335	0.006302963942289352	0.31589359045028687	0.0054020993411540985
0.064	0.128	0.0013791556702926755	0.0019560987129807472	0.0010895456653088331	0.009075336158275604	0.0014241494936868548	0.9343537092208862	0.016920821741223335	0.006302963942289352	0.31589359045028687	0.0054020993411540985
0.128	0.192	0.001148885115981102	0.0015743692638352513	0.001061644172295928	0.007202682085335255	0.001219667843542993	0.9424905776977539	0.015332933515310287	0.005835771095007658	0.2497173696756363	0.004622823093086481
0.192	0.256	0.001148885115981102	0.0014698837185278535	0.0009434506646357477	0.006034886464476585	0.0009692652383819222	0.9529238939285278	0.01391409058123827	0.0057184468023478985	0.17297816276550293	0.004304457455873489
0.256	0.32	0.001148885115981102	0.0013935924507677555	0.0008682319894433022	0.004796502646058798	0.0008063248242251575	0.9623963236808777	0.01081999484449625	0.004996622446924448	0.11286848783493042	0.003987014293670654
0.32	0.384	0.001148885115981102	0.0013741289731115103	0.0008060821564868093	0.003425492672249675	0.0006455000839196146	0.9685123562812805	0.0077666183933615685	0.0034830120857805014	0.0618697814643383	0.003427345771342516
0.384	0.448	0.0011827618582174182	0.0013156809145584702	0.0007180461543612182	0.002640306483954191	0.0005489201284945011	0.9711077213287354	0.006489379331469536	0.0030837741214782	0.03743347153067589	0.0033076591789722443
0.448	0.512	0.0011827618582174182	0.0012588516110554338	0.0006708576693199575	0.0022124946117401123	0.0005032074986957014	0.9711077213287354	0.005901541095227003	0.002923834603279829	0.029073987156152725	0.0032350143883377314
0.512	0.576	0.0011827618582174182	0.0012094122357666492	0.0006422168225981295	0.0022124946117401123	0.0005032074986957014	0.9711077213287354	0.00540199875831604	0.0028852825053036213	0.029073987156152725	0.0031311544589698315
