onset	offset	Alarm_bell_ringing	Blender	Cat	Dishes	Dog	Electric_shaver_toothbrush	Frying	Running_water	Speech	Vacuum_cleaner
0.0	0.064	0.9852246046066284	0.0008629107614979148	0.0018800451653078198	0.008028093725442886	0.0023441268131136894	0.0005850624293088913	0.00027333543403074145	0.004998659249395132	0.006098784971982241	0.0005191059317439795
0.064	0.128	0.9852246046066284	0.0008629107614979148	0.0018800451653078198	0.008028093725442886	0.0023441268131136894	0.0005850624293088913	0.00027333543403074145	0.004998659249395132	0.006098784971982241	0.0005191059317439795
0.128	0.192	0.9910326600074768	0.0007093438762240112	0.0016004566568881273	0.003821062622591853	0.0016759464051574469	0.0003491206152830273	0.00022601614182349294	0.003086402313783765	0.005811500828713179	0.0003105799842160195
0.192	0.256	0.9922777414321899	0.000655476120300591	0.0014374987222254276	0.002688260283321142	0.0015248559648171067	0.00028847961220890284	0.00019109465938527137	0.0024583800695836544	0.0054741608910262585	0.00025051351985894144
0.256	0.32	0.9927393794059753	0.0006387481116689742	0.0013272041687741876	0.002262853318825364	0.0014766417443752289	0.0002713832363951951	0.00016788244829513133	0.0022304304875433445	0.00515988003462553	0.00022820709273219109
0.32	0.384	0.9930198788642883	0.0006311213364824653	0.0012380571570247412	0.002058935584500432	0.001440713764168322	0.00026488053845241666	0.00015664681268390268	0.0020791059359908104	0.0049272868782281876	0.00021694310999009758
0.384	0.448	0.9932218790054321	0.0006165536469779909	0.0011801875662058592	0.0019260966219007969	0.001435453537851572	0.00026131662889383733	0.00014939486572984606	0.0019755945540964603	0.004823553375899792	0.000207395656616427
0.448	0.512	0.9933598637580872	0.0006016503903083503	0.00112162996083498	0.0018091361271217465	0.001435453537851572	0.0002581415174063295	0.00014445738634094596	0.0018946741474792361	0.004716811235994101	0.00019906712986994535
0.512	0.576	0.9933598637580872	0.0005837175995111465	0.0010823089396581054	0.0017167421756312251	0.001435453537851572	0.0002549451601225883	0.0001398852764395997	0.0018408831674605608	0.004658650606870651	0.0001907456899061799
