onset	offset	Alarm_bell_ringing	Blender	Cat	Dishes	Dog	Electric_shaver_toothbrush	Frying	Running_water	Speech	Vacuum_cleaner
0.0	0.064	0.002275528386235237	0.015482192859053612	0.0039360481314361095	0.0018148153321817517	0.002246883697807789	0.7382640838623047	0.004414529073983431	0.022804580628871918	0.020969202741980553	0.2510145306587219
0.064	0.128	0.002275528386235237	0.015482192859053612	0.0039360481314361095	0.0018148153321817517	0.002246883697807789	0.7382640838623047	0.004414529073983431	0.022804580628871918	0.020969202741980553	0.2510145306587219
0.128	0.192	0.0019680021796375513	0.018417222425341606	0.0032918418291956186	0.0015809775795787573	0.0018713099416345358	0.7594320178031921	0.003388452809303999	0.025739122182130814	0.022523000836372375	0.23027902841567993
0.192	0.256	0.0019294572994112968	0.018417222425341606	0.0032134787179529667	0.0014989596093073487	0.0018375576473772526	0.7755647897720337	0.0027647465467453003	0.025739122182130814	0.020969202741980553	0.19819797575473785
0.256	0.32	0.001691594603471458	0.018417222425341606	0.0031280096154659986	0.0014783308142796159	0.0017593303928151727	0.7871871590614319	0.002442218828946352	0.025739122182130814	0.019842389971017838	0.16638007760047913
0.32	0.384	0.0013226118171587586	0.018417222425341606	0.0027875248342752457	0.0014530150219798088	0.0014195524854585528	0.8129871487617493	0.002176383277401328	0.025739122182130814	0.019723165780305862	0.13797542452812195
0.384	0.448	0.0011026705615222454	0.013350656256079674	0.002731735585257411	0.0013413401320576668	0.001151794451288879	0.8211724758148193	0.001991727389395237	0.020477212965488434	0.016544625163078308	0.12328321486711502
0.448	0.512	0.0009075397392734885	0.010239744558930397	0.0022238660603761673	0.0011041315738111734	0.0009561299229972064	0.822303056716919	0.0017985119484364986	0.016271712258458138	0.010523886419832706	0.11765968054533005
0.512	0.576	0.000759609043598175	0.008504693396389484	0.0018527692882344127	0.0009872462833300233	0.0008713913848623633	0.8237489461898804	0.0017346463864669204	0.014359129592776299	0.00816892646253109	0.11765968054533005
