onset	offset	Alarm_bell_ringing	Blender	Cat	Dishes	Dog	Electric_shaver_toothbrush	Frying	Running_water	Speech	Vacuum_cleaner
0.0	0.064	0.0008954270742833614	0.0011840114602819085	0.0055552092380821705	0.007007650099694729	0.001874519162811339	0.004570005927234888	0.1085449680685997	0.014559189788997173	0.002348341280594468	0.00700591504573822
0.064	0.128	0.0008954270742833614	0.0011840114602819085	0.0059321485459804535	0.007007650099694729	0.001874519162811339	0.004570005927234888	0.1085449680685997	0.014559189788997173	0.002348341280594468	0.00700591504573822
0.128	0.192	0.0006470374064520001	0.000979545759037137	0.006330382544547319	0.006109998095780611	0.001813496695831418	0.004205811303108931	0.1085449680685997	0.013019142672419548	0.0020877181086689234	0.0063741737976670265
0.192	0.256	0.0005815534386783838	0.000979545759037137	0.006330382544547319	0.005865377839654684	0.001813496695831418	0.004061167594045401	0.1085449680685997	0.012994148768484592	0.0020538910757750273	0.005827933084219694
0.256	0.32	0.000561244145501405	0.000979545759037137	0.006330382544547319	0.005865377839654684	0.001813496695831418	0.003982370253652334	0.1078416109085083	0.012994148768484592	0.0020538910757750273	0.005395114421844482
0.32	0.384	0.0005433948244899511	0.000979545759037137	0.006732596084475517	0.005865377839654684	0.001813496695831418	0.003982370253652334	0.10898474603891373	0.012994148768484592	0.0020538910757750273	0.004967342596501112
0.384	0.448	0.0005424191476777196	0.0009966533398255706	0.007241568528115749	0.005865377839654684	0.0018765426939353347	0.003982370253652334	0.10898474603891373	0.012994148768484592	0.0020538910757750273	0.004656117409467697
0.448	0.512	0.0005424191476777196	0.0010391679825261235	0.007773383054882288	0.00588260730728507	0.0019319502171128988	0.003982370253652334	0.10898474603891373	0.01335203181952238	0.002158266957849264	0.004613249562680721
0.512	0.576	0.0005424191476777196	0.0011215540580451488	0.008402105420827866	0.006345103029161692	0.001973054837435484	0.004019438289105892	0.1078416109085083	0.01338881067931652	0.002334159566089511	0.004509178455919027
