onset	offset	Alarm_bell_ringing	Blender	Cat	Dishes	Dog	Electric_shaver_toothbrush	Frying	Running_water	Speech	Vacuum_cleaner
0.0	0.064	0.002699414500966668	0.0012661314103752375	0.0017853804165497422	0.004270062316209078	0.0011275009019300342	0.9673495888710022	0.004439316689968109	0.00410170154646039	0.7098269462585449	0.0037884204648435116
0.064	0.128	0.002699414500966668	0.0012661314103752375	0.0019353493116796017	0.004270062316209078	0.0011275009019300342	0.9673495888710022	0.004439316689968109	0.00410170154646039	0.7098269462585449	0.0037884204648435116
0.128	0.192	0.002209179103374481	0.0010113674215972424	0.0019353493116796017	0.0036467767786234617	0.0010270316852256656	0.9725065231323242	0.0034368953201919794	0.004011478275060654	0.7216393947601318	0.0029412738513201475
0.192	0.256	0.002082633785903454	0.0009045071201398969	0.0018339506350457668	0.0035205718595534563	0.0010270316852256656	0.9752497673034668	0.002793655265122652	0.004011478275060654	0.782940149307251	0.002476631198078394
0.256	0.32	0.0017864835681393743	0.0008697722223587334	0.0017912739422172308	0.0034841359592974186	0.0010270316852256656	0.9755216240882874	0.002382258651778102	0.004009457305073738	0.8558333516120911	0.002199798123911023
0.32	0.384	0.0015865162713453174	0.000865644309669733	0.0017912739422172308	0.0034838311839848757	0.0009885309264063835	0.9758661389350891	0.0021603351924568415	0.003704374423250556	0.9000217914581299	0.002193259773775935
0.384	0.448	0.0015358508098870516	0.0008262734045274556	0.0017912739422172308	0.003276129486039281	0.0009708903380669653	0.9761170148849487	0.00215316703543067	0.003704374423250556	0.9000217914581299	0.002193259773775935
0.448	0.512	0.0015358508098870516	0.0007682251743972301	0.0017065192805603147	0.003075992688536644	0.0009708903380669653	0.9769799709320068	0.00215316703543067	0.003704374423250556	0.9000217914581299	0.0021417527459561825
0.512	0.576	0.0015321326209232211	0.0007294122478924692	0.0016775307012721896	0.002941631944850087	0.0009708903380669653	0.9785960912704468	0.0021117718424648046	0.003704374423250556	0.9000217914581299	0.0021018062252551317
