onset	offset	Alarm_bell_ringing	Blender	Cat	Dishes	Dog	Electric_shaver_toothbrush	Frying	Running_water	Speech	Vacuum_cleaner
0.0	0.064	0.00044775567948818207	0.0003042310709133744	0.0027069291099905968	0.002237884793430567	0.000502522278111428	0.0003429829957894981	0.009730006568133831	0.0016361899906769395	0.0036282194778323174	0.0014326799428090453
0.064	0.128	0.00044775567948818207	0.0003042310709133744	0.0027069291099905968	0.002237884793430567	0.000502522278111428	0.0003429829957894981	0.009730006568133831	0.0016361899906769395	0.0036282194778323174	0.0014326799428090453
0.128	0.192	0.00035526041756384075	0.00020057111396454275	0.0027069291099905968	0.0015245256945490837	0.00038996763760223985	0.000284903944702819	0.009699078276753426	0.0014158935518935323	0.0029466694686561823	0.001247684471309185
0.192	0.256	0.00030766386771574616	0.00016376470739487559	0.0027069291099905968	0.0015245256945490837	0.00038996763760223985	0.000284903944702819	0.009699078276753426	0.0012320874957367778	0.0026034615002572536	0.001093322061933577
0.256	0.32	0.0002900983381550759	0.00015731455641798675	0.0027069291099905968	0.0015245256945490837	0.00038996763760223985	0.000284903944702819	0.009699078276753426	0.0011035047937184572	0.002518742810934782	0.0009943562326952815
0.32	0.384	0.0002900983381550759	0.00015013258962426335	0.0027702751103788614	0.0015245256945490837	0.00038996763760223985	0.0002830663579516113	0.009699078276753426	0.0010591938626021147	0.002518742810934782	0.0009675176697783172
0.384	0.448	0.0002900983381550759	0.00015013258962426335	0.0030059688724577427	0.001715535414405167	0.0004475331224966794	0.0002830663579516113	0.00987190566956997	0.0010591938626021147	0.002518742810934782	0.0009572564740665257
0.448	0.512	0.0002900983381550759	0.00015731455641798675	0.003058103146031499	0.0017309519462287426	0.00046398083213716745	0.000288385315798223	0.009927229024469852	0.0010591938626021147	0.002518742810934782	0.0009403640287928283
0.512	0.576	0.00029395686578936875	0.00016376470739487559	0.0032108693849295378	0.0017389146378263831	0.0004658190009649843	0.000288385315798223	0.009927229024469852	0.0010591938626021147	0.0026077614165842533	0.0009355319780297577
