onset	offset	Alarm_bell_ringing	Blender	Cat	Dishes	Dog	Electric_shaver_toothbrush	Frying	Running_water	Speech	Vacuum_cleaner
0.0	0.064	0.0028786833863705397	0.0026841163635253906	0.004196136258542538	0.0031317153479903936	0.001420938759110868	0.8418737649917603	0.008166489191353321	0.006100845988839865	0.023132378235459328	0.010039878077805042
0.064	0.128	0.0028786833863705397	0.0026841163635253906	0.004196136258542538	0.0031317153479903936	0.001420938759110868	0.8418737649917603	0.008166489191353321	0.006100845988839865	0.023132378235459328	0.010039878077805042
0.128	0.192	0.0024446866009384394	0.0021787371952086687	0.003929514437913895	0.002477798843756318	0.0012146523222327232	0.8564387559890747	0.007258756086230278	0.004729165695607662	0.02042488008737564	0.008090438321232796
0.192	0.256	0.00220958492718637	0.001996071543544531	0.003929514437913895	0.0021748379804193974	0.0011990692000836134	0.8688345551490784	0.006802606862038374	0.004729165695607662	0.02042488008737564	0.007173644844442606
0.256	0.32	0.0021220683120191097	0.0019133668392896652	0.003929514437913895	0.0021748379804193974	0.001193592557683587	0.8800721168518066	0.006583964452147484	0.004729165695607662	0.02042488008737564	0.007173644844442606
0.32	0.384	0.0021220247726887465	0.0018784567946568131	0.003929514437913895	0.0021416007075458765	0.0011455111671239138	0.8902666568756104	0.00647628353908658	0.004729165695607662	0.02042488008737564	0.007117741741240025
0.384	0.448	0.002104370854794979	0.0018726018024608493	0.003929514437913895	0.0021405464503914118	0.001142084482125938	0.903380811214447	0.006312740501016378	0.004744855221360922	0.021922409534454346	0.007046001497656107
0.448	0.512	0.00210345396772027	0.001840369077399373	0.003929514437913895	0.002057595644146204	0.0011405553668737411	0.9127277731895447	0.006120802368968725	0.005339903756976128	0.023723313584923744	0.006832259241491556
0.512	0.576	0.0020837511401623487	0.0017328719841316342	0.003929514437913895	0.0020257430151104927	0.00108644412830472	0.9171605110168457	0.0059160809032619	0.005533553194254637	0.02427494525909424	0.006810588762164116
