onset	offset	Alarm_bell_ringing	Blender	Cat	Dishes	Dog	Electric_shaver_toothbrush	Frying	Running_water	Speech	Vacuum_cleaner
0.0	0.064	0.0011765137314796448	0.0015221518697217107	0.0005328226834535599	0.0028310699854046106	0.0010675335070118308	0.8986534476280212	0.007333586923778057	0.0013728818157687783	0.0049739135429263115	0.003740582149475813
0.064	0.128	0.0011765137314796448	0.0015221518697217107	0.0005357264308258891	0.0028310699854046106	0.0010675335070118308	0.8986534476280212	0.007333586923778057	0.0013728818157687783	0.0049739135429263115	0.003740582149475813
0.128	0.192	0.0011709326645359397	0.001189060159958899	0.0005419646040536463	0.0023677474819123745	0.0008836635970510542	0.9169595241546631	0.005614147521555424	0.001161253429017961	0.004663495346903801	0.002967215608805418
0.192	0.256	0.001158963656052947	0.000996657065115869	0.0005357264308258891	0.002179493196308613	0.0008429892477579415	0.9280830025672913	0.004468466620892286	0.0011174902319908142	0.004663495346903801	0.002563615096732974
0.256	0.32	0.0011479782406240702	0.0008975359378382564	0.0005328226834535599	0.002173040062189102	0.0008429892477579415	0.9349550008773804	0.004033770877867937	0.0011123896110802889	0.004663495346903801	0.0024451029021292925
0.32	0.384	0.0011351072462275624	0.0008301763446070254	0.0005230622482486069	0.002173040062189102	0.0008374640601687133	0.9382100105285645	0.003795495955273509	0.0011123896110802889	0.004663495346903801	0.0022922407370060682
0.384	0.448	0.00113092758692801	0.0007936069741845131	0.0005230622482486069	0.002173040062189102	0.0008322987123392522	0.9405654668807983	0.003688099794089794	0.0011123896110802889	0.00571619113907218	0.0021778594236820936
0.448	0.512	0.00113092758692801	0.0007936069741845131	0.0005011449102312326	0.002179493196308613	0.0008374640601687133	0.9421610236167908	0.003641134826466441	0.0011123896110802889	0.007381838746368885	0.002076938282698393
0.512	0.576	0.00113092758692801	0.0007936069741845131	0.0005011449102312326	0.002202034927904606	0.0008429892477579415	0.9425218105316162	0.003634527325630188	0.0011607700726017356	0.009667262434959412	0.0019606694113463163
