onset	offset	Alarm_bell_ringing	Blender	Cat	Dishes	Dog	Electric_shaver_toothbrush	Frying	Running_water	Speech	Vacuum_cleaner
0.0	0.064	0.0007051508291624486	0.011531497351825237	0.0008556796819902956	0.07743518054485321	0.0014978931285440922	0.0004031651187688112	0.0019000453175976872	0.001571900094859302	0.8837397694587708	0.0015656405594199896
0.064	0.128	0.0007051508291624486	0.010992907918989658	0.0008222284377552569	0.0770673006772995	0.0014978931285440922	0.0003934170526918024	0.0019000453175976872	0.001571900094859302	0.8027857542037964	0.001609388622455299
0.128	0.192	0.000616831355728209	0.010992907918989658	0.0008222284377552569	0.0770673006772995	0.0014331957791000605	0.0003405854804441333	0.0017677363939583302	0.0015257660998031497	0.8025692701339722	0.0016288000624626875
0.192	0.256	0.00043820528662763536	0.008328531868755817	0.0007897738250903785	0.06079210340976715	0.0011034407652914524	0.0003405854804441333	0.0015129484236240387	0.00140458345413208	0.8025692701339722	0.001609388622455299
0.256	0.32	0.0002800453803502023	0.0030781752429902554	0.000262949091847986	0.03427201882004738	0.0005566512700170279	0.00022646287106908858	0.0012419919949024916	0.0012316358042880893	0.461557537317276	0.0015656405594199896
0.32	0.384	0.00021226306853350252	0.0016714591765776277	0.00021939580619800836	0.022714518010616302	0.0005566512700170279	0.00017153914086520672	0.0012247890699654818	0.0009004917228594422	0.2031877189874649	0.0015123808989301324
0.384	0.448	0.00021226306853350252	0.0011098000686615705	0.00020372087601572275	0.022714518010616302	0.0005566512700170279	0.00014503237616736442	0.0012110082898288965	0.0006957305013202131	0.09791803359985352	0.0013914064038544893
0.448	0.512	0.00021226306853350252	0.0011098000686615705	0.0001964147377293557	0.022714518010616302	0.0005566512700170279	0.00013621988182421774	0.0011781809153035283	0.0006185501115396619	0.06961385160684586	0.0012881732545793056
0.512	0.576	0.00021226306853350252	0.0011098000686615705	0.0001964147377293557	0.022714518010616302	0.0005606375634670258	0.0001313665707129985	0.001094165025278926	0.0006185501115396619	0.06586922705173492	0.0012024237075820565
