onset	offset	Alarm_bell_ringing	Blender	Cat	Dishes	Dog	Electric_shaver_toothbrush	Frying	Running_water	Speech	Vacuum_cleaner
0.0	0.064	0.0015397378010675311	0.009296318516135216	0.0038643123116344213	0.004027443937957287	0.0016999744111672044	0.12462617456912994	0.00935395434498787	0.000620654784142971	0.5253757834434509	0.16443946957588196
0.064	0.128	0.0015397378010675311	0.009296318516135216	0.0038643123116344213	0.00410244707018137	0.0016999744111672044	0.12462617456912994	0.010562034323811531	0.000620654784142971	0.5253757834434509	0.16443946957588196
0.128	0.192	0.0015397378010675311	0.009296318516135216	0.004938460420817137	0.00410244707018137	0.0018312799511477351	0.14923088252544403	0.010562034323811531	0.0005905781290493906	0.8132829070091248	0.1700104922056198
0.192	0.256	0.0014182593440636992	0.009296318516135216	0.005261183716356754	0.004027443937957287	0.002560380147770047	0.1511775404214859	0.01068698987364769	0.0005499523249454796	0.9142655730247498	0.18840190768241882
0.256	0.32	0.0012544115306809545	0.008645264431834221	0.0060835424810647964	0.0038765801582485437	0.002636628458276391	0.15514937043190002	0.011784388683736324	0.0005117427790537477	0.9391708374023438	0.22476693987846375
0.32	0.384	0.0012128095841035247	0.008282702416181564	0.00729749072343111	0.003718636929988861	0.0026461503002792597	0.1563824862241745	0.012682796455919743	0.0004099850484635681	0.9443255066871643	0.2521934509277344
0.384	0.448	0.001146351103670895	0.007078506052494049	0.007776616141200066	0.003718636929988861	0.0026510641910135746	0.1563824862241745	0.012902586720883846	0.0003591378335841	0.9494019746780396	0.2719272971153259
0.448	0.512	0.0011432671453803778	0.007005482912063599	0.007776616141200066	0.003718636929988861	0.00269027566537261	0.15869329869747162	0.013033885508775711	0.0003591378335841	0.9557943940162659	0.2836305797100067
0.512	0.576	0.001126413932070136	0.006947837769985199	0.007776616141200066	0.003718636929988861	0.0026630964130163193	0.16160939633846283	0.01320248655974865	0.0003591378335841	0.9600654244422913	0.29253512620925903
