onset	offset	Alarm_bell_ringing	Blender	Cat	Dishes	Dog	Electric_shaver_toothbrush	Frying	Running_water	Speech	Vacuum_cleaner
0.0	0.064	0.0021568923257291317	0.01021881215274334	0.0004284930182620883	0.01375451497733593	0.00098307931330055	0.00039207300869747996	0.0018934204708784819	0.0005695818108506501	0.8419262766838074	0.004295592661947012
0.064	0.128	0.002165482845157385	0.01021881215274334	0.0004492045263759792	0.01375451497733593	0.00098307931330055	0.00039207300869747996	0.0018934204708784819	0.0005695818108506501	0.8419262766838074	0.004295592661947012
0.128	0.192	0.0022296993993222713	0.008962232619524002	0.0004492045263759792	0.010096079669892788	0.0011184961767867208	0.0005227345391176641	0.0014485717983916402	0.000527215248439461	0.9711417555809021	0.002298766979947686
0.192	0.256	0.0022296993993222713	0.008960013277828693	0.0005697884480468929	0.008024570532143116	0.002000981941819191	0.0005898645613342524	0.00130837585311383	0.0005192303797230124	0.9893319606781006	0.0018228830303996801
0.256	0.32	0.002299762098118663	0.00886447262018919	0.0006297117797657847	0.007514541503041983	0.0024761364329606295	0.0006232888554222882	0.00130837585311383	0.0005171247757971287	0.9914999604225159	0.0015446329489350319
0.32	0.384	0.002417350187897682	0.008397962898015976	0.00063400185899809	0.007275096140801907	0.0024761364329606295	0.0006653058808296919	0.00130837585311383	0.0005070485058240592	0.9921250939369202	0.0013174182968214154
0.384	0.448	0.0024594105780124664	0.008397962898015976	0.0006412614602595568	0.007029539905488491	0.0024761364329606295	0.0006920343148522079	0.00130837585311383	0.00048617637366987765	0.9924594759941101	0.001234636059962213
0.448	0.512	0.002476339926943183	0.008095192722976208	0.0006437847041524947	0.006721805315464735	0.0024761364329606295	0.0007105244440026581	0.0013513710582628846	0.0004752722743432969	0.9924834370613098	0.0011917896335944533
0.512	0.576	0.0024837034288793802	0.007841522805392742	0.0006473513785749674	0.00651729479432106	0.0024433054495602846	0.0007277198019437492	0.0014066108269616961	0.0004697876865975559	0.9924969673156738	0.0011917896335944533
