onset	offset	Alarm_bell_ringing	Blender	Cat	Dishes	Dog	Electric_shaver_toothbrush	Frying	Running_water	Speech	Vacuum_cleaner
0.0	0.064	0.028838183730840683	0.0038429892156273127	0.002478916198015213	0.005625507328659296	0.0031910615507513285	0.14162786304950714	0.06188150867819786	0.01205493789166212	0.06466538459062576	0.7638717889785767
0.064	0.128	0.028838183730840683	0.0038429892156273127	0.002478916198015213	0.005625507328659296	0.0035804519429802895	0.14162786304950714	0.06188150867819786	0.01205493789166212	0.06518638879060745	0.7638717889785767
0.128	0.192	0.028838183730840683	0.002337830374017358	0.0023576421663165092	0.005388831254094839	0.0036265032831579447	0.12021638453006744	0.05640001595020294	0.010233096778392792	0.09155050665140152	0.7658757567405701
0.192	0.256	0.02698567695915699	0.0016808720538392663	0.002298464998602867	0.005388831254094839	0.0035804519429802895	0.12021638453006744	0.05523574352264404	0.010233096778392792	0.09155050665140152	0.7669134140014648
0.256	0.32	0.025227155536413193	0.0016808720538392663	0.0021536846179515123	0.005388831254094839	0.003534918650984764	0.12021638453006744	0.05523574352264404	0.009998167864978313	0.09155050665140152	0.7669134140014648
0.32	0.384	0.01968245767056942	0.0016808720538392663	0.0021023463923484087	0.005388831254094839	0.0035804519429802895	0.12021638453006744	0.05523574352264404	0.009990382939577103	0.18128637969493866	0.7669134140014648
0.384	0.448	0.01651703380048275	0.0016808720538392663	0.0021023463923484087	0.0061948951333761215	0.0036265032831579447	0.12191998213529587	0.056150615215301514	0.00996318832039833	0.6499054431915283	0.7669134140014648
0.448	0.512	0.01470215618610382	0.0016595624620094895	0.0021023463923484087	0.006578892469406128	0.0037089355755597353	0.12204312533140182	0.05640001595020294	0.00996318832039833	0.8099185228347778	0.7678404450416565
0.512	0.576	0.014369720593094826	0.0016595624620094895	0.0019908470567315817	0.0067107598297297955	0.0037089355755597353	0.1223408579826355	0.05711469054222107	0.009788085706532001	0.8583236336708069	0.7678404450416565
