onset	offset	Alarm_bell_ringing	Blender	Cat	Dishes	Dog	Electric_shaver_toothbrush	Frying	Running_water	Speech	Vacuum_cleaner
0.0	0.064	0.0030319199431687593	0.003194567048922181	0.0018225169042125344	0.013810195960104465	0.0021631037816405296	0.001912344479933381	0.07102055102586746	0.0006171567947603762	0.9818763732910156	0.0022059441544115543
0.064	0.128	0.0030319199431687593	0.003194567048922181	0.0018225169042125344	0.013810195960104465	0.0021631037816405296	0.001912344479933381	0.07102055102586746	0.0006171567947603762	0.9818763732910156	0.0022059441544115543
0.128	0.192	0.00278104399330914	0.0030654766596853733	0.0015422446886077523	0.014273485168814659	0.0021631037816405296	0.001912344479933381	0.07783428579568863	0.0006171567947603762	0.9833105802536011	0.0019515118328854442
0.192	0.256	0.0026990703772753477	0.0030096606351435184	0.0013513652374967933	0.014273485168814659	0.0020877060014754534	0.0019040845800191164	0.07948224991559982	0.0006043959292583168	0.985191285610199	0.001666798023506999
0.256	0.32	0.002621857449412346	0.0030096606351435184	0.0011760735651478171	0.013810195960104465	0.0020418649073690176	0.0018641131464391947	0.07948224991559982	0.0005902767879888415	0.9866219162940979	0.0014837570488452911
0.32	0.384	0.0024377622175961733	0.0030096606351435184	0.0010851987171918154	0.013779758475720882	0.001958377193659544	0.0018641131464391947	0.07948224991559982	0.0005888871382921934	0.9870510101318359	0.0014242484467104077
0.384	0.448	0.002405712381005287	0.0030654766596853733	0.0010783476755023003	0.013779758475720882	0.00193741824477911	0.0018132912227883935	0.07948224991559982	0.0005888871382921934	0.9870510101318359	0.0013690503546968102
0.448	0.512	0.0023945632856339216	0.0030932100489735603	0.0010587485739961267	0.013779758475720882	0.0018744048429653049	0.0017958807293325663	0.07767842710018158	0.0005888871382921934	0.9870510101318359	0.0013022194616496563
0.512	0.576	0.00237365928478539	0.003104492323473096	0.0010513914749026299	0.013046017847955227	0.0017630099318921566	0.0017880661180242896	0.0774792730808258	0.0005902767879888415	0.9870510101318359	0.0012563427444547415
