onset	offset	Alarm_bell_ringing	Blender	Cat	Dishes	Dog	Electric_shaver_toothbrush	Frying	Running_water	Speech	Vacuum_cleaner
0.0	0.064	0.003991879988461733	0.005841337144374847	0.006663781125098467	0.025158124044537544	0.005535513628274202	0.0013377615250647068	0.01820102147758007	0.020094169303774834	0.8318426012992859	0.005108942277729511
0.064	0.128	0.0036921899300068617	0.0055085294879972935	0.006663781125098467	0.023329736664891243	0.005535513628274202	0.0013377615250647068	0.01820102147758007	0.020094169303774834	0.8318426012992859	0.005108942277729511
0.128	0.192	0.0036921899300068617	0.0055085294879972935	0.006663781125098467	0.023329736664891243	0.004552371334284544	0.0013377615250647068	0.014226430095732212	0.018415601924061775	0.87503582239151	0.0033251445274800062
0.192	0.256	0.003655930981040001	0.004700189922004938	0.006507348269224167	0.0206281878054142	0.004552371334284544	0.0013377615250647068	0.0119623439386487	0.014874559827148914	0.8848615884780884	0.002492216881364584
0.256	0.32	0.003655930981040001	0.004700189922004938	0.00644436152651906	0.0206281878054142	0.004552371334284544	0.0013377615250647068	0.011745978146791458	0.011676467023789883	0.8950547575950623	0.0023915080819278955
0.32	0.384	0.003655930981040001	0.004594749305397272	0.00644436152651906	0.0206281878054142	0.004552371334284544	0.001363342278636992	0.010746775195002556	0.008275894448161125	0.9181404113769531	0.0019263469148427248
0.384	0.448	0.003655930981040001	0.0044967979192733765	0.00644436152651906	0.0206281878054142	0.00703808618709445	0.0015579462051391602	0.010505648329854012	0.008096531964838505	0.9507654309272766	0.001869861618615687
0.448	0.512	0.004166386555880308	0.003912643063813448	0.00642798375338316	0.021439990028738976	0.012119409628212452	0.0022882474586367607	0.010426050052046776	0.008004890754818916	0.9794324636459351	0.0016660935943946242
0.512	0.576	0.004166386555880308	0.003912643063813448	0.006326565518975258	0.0232902429997921	0.012509911321103573	0.00252185738645494	0.010407641530036926	0.0075381104834377766	0.9837870001792908	0.0014152181101962924
