onset	offset	Alarm_bell_ringing	Blender	Cat	Dishes	Dog	Electric_shaver_toothbrush	Frying	Running_water	Speech	Vacuum_cleaner
0.0	0.064	0.003402439411729574	0.00383527553640306	0.0021706591360270977	0.010003989562392235	0.0029465898405760527	0.762657105922699	0.008871841244399548	0.008056463673710823	0.9789093732833862	0.01571652479469776
0.064	0.128	0.003402439411729574	0.00383527553640306	0.0021952372044324875	0.010003989562392235	0.0029314428102225065	0.762657105922699	0.008572952821850777	0.008056463673710823	0.9789093732833862	0.01571652479469776
0.128	0.192	0.0028451289981603622	0.0033206380903720856	0.0021952372044324875	0.008731295354664326	0.0029314428102225065	0.7741579413414001	0.00829029269516468	0.007824549451470375	0.9813454747200012	0.014909747056663036
0.192	0.256	0.0028449625242501497	0.003254482988268137	0.0021706591360270977	0.008455567993223667	0.002872185315936804	0.7865827679634094	0.00829029269516468	0.007734491489827633	0.9825562238693237	0.014165133237838745
0.256	0.32	0.0027240354102104902	0.003190436866134405	0.002165120095014572	0.008241201750934124	0.002633440773934126	0.8058090209960938	0.00829029269516468	0.007500003557652235	0.9825562238693237	0.013179730623960495
0.32	0.384	0.0024852007627487183	0.0031388108618557453	0.0021290862932801247	0.0078873410820961	0.002386095467954874	0.8236936330795288	0.008263977244496346	0.007500003557652235	0.9825562238693237	0.011748498305678368
0.384	0.448	0.0022536348551511765	0.0029938749503344297	0.0021290862932801247	0.007581990212202072	0.0021507497876882553	0.8379564881324768	0.00823709461838007	0.007500003557652235	0.9825562238693237	0.010564176365733147
0.448	0.512	0.0020623067393898964	0.002767401048913598	0.0021269682329148054	0.007392124738544226	0.001959634944796562	0.8504074811935425	0.008136141113936901	0.007500003557652235	0.9807913303375244	0.009578583762049675
0.512	0.576	0.0019207032164558768	0.0025877158623188734	0.002120155608281493	0.0072952560149133205	0.00185299851000309	0.8597017526626587	0.008050327189266682	0.007532921154052019	0.9785565137863159	0.008755297400057316
