onset	offset	Alarm_bell_ringing	Blender	Cat	Dishes	Dog	Electric_shaver_toothbrush	Frying	Running_water	Speech	Vacuum_cleaner
0.0	0.064	0.0006939423037692904	0.0001048567719408311	0.0016499574994668365	0.001888386090286076	0.0033009944017976522	0.00032591118360869586	0.0014779394259676337	0.0006840526475571096	0.001957777887582779	0.000384299986762926
0.064	0.128	0.0006939423037692904	0.0001048567719408311	0.0016499574994668365	0.001888386090286076	0.003643346019089222	0.00032591118360869586	0.0014779394259676337	0.0006840526475571096	0.001957777887582779	0.000384299986762926
0.128	0.192	0.0005264085484668612	8.992185030365363e-05	0.001479783677496016	0.0014592480147257447	0.0037225994747132063	0.00028820635634474456	0.0012122632469981909	0.0006089478847570717	0.0018555066781118512	0.00032516170176677406
0.192	0.256	0.0004772190877702087	8.48373310873285e-05	0.001479783677496016	0.0013140880037099123	0.0037225994747132063	0.0002856197825167328	0.0011210632510483265	0.00057070585899055	0.0018555066781118512	0.0002899614628404379
0.256	0.32	0.0004765637859236449	8.238717418862507e-05	0.001479783677496016	0.0011880594538524747	0.0037225994747132063	0.00027787990984506905	0.0010402713669463992	0.0005531884380616248	0.0018555066781118512	0.00026222981978207827
0.32	0.384	0.0004765637859236449	8.078639075392857e-05	0.001479783677496016	0.0011422678362578154	0.004116253927350044	0.00027350723394192755	0.0009715510532259941	0.0005531884380616248	0.0018555066781118512	0.0002400280791334808
0.384	0.448	0.0004765637859236449	8.06506141088903e-05	0.0015578527236357331	0.0011422678362578154	0.004626512993127108	0.00027350723394192755	0.000910206523258239	0.0005531884380616248	0.0019231992773711681	0.00022179291408974677
0.448	0.512	0.0004765637859236449	8.06506141088903e-05	0.001648136181756854	0.0011422678362578154	0.005244472995400429	0.00027350723394192755	0.000857957114931196	0.0005531884380616248	0.0019998822826892138	0.0002059669204754755
0.512	0.576	0.0004931864095851779	8.06506141088903e-05	0.0017888849833980203	0.0011422678362578154	0.0062126219272613525	0.00027350723394192755	0.0008159376448020339	0.0005821657250635326	0.0021062903106212616	0.00019230613543186337
