onset	offset	Alarm_bell_ringing	Blender	Cat	Dishes	Dog	Electric_shaver_toothbrush	Frying	Running_water	Speech	Vacuum_cleaner
0.0	0.064	0.004340001381933689	0.7622654438018799	0.003309366526082158	0.0019691658671945333	0.0010249154875054955	0.021073369309306145	0.0007237110403366387	0.00499341357499361	0.012797776609659195	0.12758754193782806
0.064	0.128	0.004340001381933689	0.7622654438018799	0.0031778356060385704	0.0019691658671945333	0.001071671606041491	0.021073369309306145	0.0007237110403366387	0.00499341357499361	0.012797776609659195	0.12758754193782806
0.128	0.192	0.004340001381933689	0.8350582718849182	0.0031778356060385704	0.0016546957194805145	0.001071671606041491	0.02104678563773632	0.0006591279525309801	0.004650501534342766	0.008642980828881264	0.13649895787239075
0.192	0.256	0.004172072745859623	0.8535286784172058	0.0031612617895007133	0.0012278417125344276	0.0010511286091059446	0.01923619583249092	0.0006102813640609384	0.004252023994922638	0.007042949087917805	0.1374000608921051
0.256	0.32	0.0038077791687101126	0.8535286784172058	0.0030495349783450365	0.0011203965405002236	0.0010249154875054955	0.018792681396007538	0.0005729778786189854	0.003879190655425191	0.006508917547762394	0.1378275603055954
0.32	0.384	0.0038077791687101126	0.8535286784172058	0.0030495349783450365	0.0010433949064463377	0.0010021147318184376	0.018531670793890953	0.0005398031789809465	0.0035905116237699986	0.006266397889703512	0.1378275603055954
0.384	0.448	0.0034192444290965796	0.8535286784172058	0.0030368445441126823	0.001003370969556272	0.0009837703546509147	0.018476461991667747	0.0005067426827736199	0.003324704011902213	0.006130560301244259	0.1374000608921051
0.448	0.512	0.003094530664384365	0.8424259424209595	0.0030368445441126823	0.0009805327281355858	0.0009280173690058291	0.018425431102514267	0.00048345050890929997	0.003110856283456087	0.006130560301244259	0.13649895787239075
0.512	0.576	0.002860961016267538	0.8340489864349365	0.0030368445441126823	0.0009755488717928529	0.0008945960435084999	0.018425431102514267	0.0004709898494184017	0.0029627373442053795	0.006130560301244259	0.13618673384189606
