onset	offset	Alarm_bell_ringing	Blender	Cat	Dishes	Dog	Electric_shaver_toothbrush	Frying	Running_water	Speech	Vacuum_cleaner
0.0	0.064	0.004422403406351805	0.04916214197874069	0.0034299902617931366	0.04274086654186249	0.008010129444301128	0.007342895958572626	0.011012053117156029	0.006993498653173447	0.7944754958152771	0.7164578437805176
0.064	0.128	0.005183192901313305	0.045708607882261276	0.0037743120919913054	0.04274086654186249	0.008010129444301128	0.007366830483078957	0.011588755063712597	0.006993498653173447	0.7944754958152771	0.7196242213249207
0.128	0.192	0.005688757169991732	0.042000092566013336	0.0037743120919913054	0.04274086654186249	0.010549095459282398	0.007366830483078957	0.01203999388962984	0.007138377521187067	0.9024564623832703	0.7431028485298157
0.192	0.256	0.005688757169991732	0.042000092566013336	0.0038103973492980003	0.04274086654186249	0.013043397106230259	0.007342895958572626	0.011588755063712597	0.007600307464599609	0.927501380443573	0.7431028485298157
0.256	0.32	0.005183192901313305	0.042000092566013336	0.004259259905666113	0.04274086654186249	0.014833404682576656	0.007110479287803173	0.011016354896128178	0.008367118425667286	0.927501380443573	0.7631857991218567
0.32	0.384	0.005183192901313305	0.0408148467540741	0.004648667294532061	0.041579075157642365	0.0185691025108099	0.0070716156624257565	0.011016354896128178	0.00949248019605875	0.927501380443573	0.7998236417770386
0.384	0.448	0.005183192901313305	0.03994971141219139	0.005803907755762339	0.041236307471990585	0.0185691025108099	0.0070716156624257565	0.011016354896128178	0.00949248019605875	0.927501380443573	0.821784257888794
0.448	0.512	0.005168138071894646	0.0376213937997818	0.005803907755762339	0.036300189793109894	0.0185691025108099	0.006885319482535124	0.010053308680653572	0.00949248019605875	0.9217330813407898	0.849439263343811
0.512	0.576	0.0032953263726085424	0.029034674167633057	0.005803907755762339	0.02463945373892784	0.0185691025108099	0.0060866051353514194	0.008080895990133286	0.00949248019605875	0.852586567401886	0.8758449554443359
