onset	offset	Alarm_bell_ringing	Blender	Cat	Dishes	Dog	Electric_shaver_toothbrush	Frying	Running_water	Speech	Vacuum_cleaner
0.0	0.064	0.0023512979969382286	0.0003565716906450689	0.00041847419925034046	0.0018566480139270425	0.0036920844577252865	0.0005319787887856364	0.00188627268653363	0.00124337337911129	0.002721016062423587	0.00036021863343194127
0.064	0.128	0.0023512979969382286	0.0003565716906450689	0.00041847419925034046	0.0018566480139270425	0.005381539463996887	0.0005319787887856364	0.00188627268653363	0.00124337337911129	0.002721016062423587	0.00036021863343194127
0.128	0.192	0.0015092202229425311	0.0002794479369185865	0.0004282198497094214	0.0013890060363337398	0.006103598978370428	0.0004307459166739136	0.0016523429658263922	0.00124337337911129	0.0030379057861864567	0.00031052049598656595
0.192	0.256	0.001256043673492968	0.0002794479369185865	0.00041847419925034046	0.0013890060363337398	0.006103598978370428	0.0004307459166739136	0.0015516704879701138	0.00124337337911129	0.0030379057861864567	0.00026962487027049065
0.256	0.32	0.0012074382975697517	0.0002794479369185865	0.0004178523668088019	0.0013890060363337398	0.006103598978370428	0.0004307459166739136	0.0015516704879701138	0.00124337337911129	0.0030379057861864567	0.00026481261011213064
0.32	0.384	0.001173154334537685	0.0002794479369185865	0.0004178523668088019	0.0013890060363337398	0.013949465937912464	0.0004307459166739136	0.0015516704879701138	0.00208801100961864	0.008507541380822659	0.0002502270508557558
0.384	0.448	0.001173154334537685	0.00034773029619827867	0.0004282198497094214	0.0026833927258849144	0.04714901000261307	0.0005101990536786616	0.0015516704879701138	0.0033435311634093523	0.011800830252468586	0.0002480881230439991
0.448	0.512	0.001173154334537685	0.00035176024539396167	0.0004558524233289063	0.002903675427660346	0.07507293671369553	0.0005316081806086004	0.0017336359014734626	0.003748010378330946	0.017868485301733017	0.0002480881230439991
0.512	0.576	0.0011917828815057874	0.0004119381483178586	0.000546799972653389	0.0029679026920348406	0.0901348665356636	0.0005663491901941597	0.0017798836342990398	0.003990794066339731	0.024774601683020592	0.0002502270508557558
