onset	offset	Alarm_bell_ringing	Blender	Cat	Dishes	Dog	Electric_shaver_toothbrush	Frying	Running_water	Speech	Vacuum_cleaner
0.0	0.064	0.0011798104969784617	0.007123610470443964	0.0005967709003016353	0.0036112796515226364	0.0009407376637682319	0.0006395878735929728	0.0017918855883181095	0.0010861869668588042	0.7260107398033142	0.003879908937960863
0.064	0.128	0.0011798104969784617	0.007123610470443964	0.0005967709003016353	0.0036112796515226364	0.0009407376637682319	0.0006395878735929728	0.0017918855883181095	0.0010861869668588042	0.6980513334274292	0.003879908937960863
0.128	0.192	0.0009755744249559939	0.005685898941010237	0.0005239297752268612	0.00277342414483428	0.0008427840657532215	0.0006260942318476737	0.001464505330659449	0.0010861869668588042	0.6980513334274292	0.0033601471222937107
0.192	0.256	0.0008172659436240792	0.003991712816059589	0.0004234358493704349	0.0025945468805730343	0.000738602364435792	0.000586166454013437	0.0012756906216964126	0.0010861869668588042	0.6574810147285461	0.0031666606664657593
0.256	0.32	0.0006643520318903029	0.002882725093513727	0.00033078124397434294	0.002291322685778141	0.000604783184826374	0.000479356647701934	0.0011804073583334684	0.0010824394412338734	0.4480302333831787	0.0030986375641077757
0.32	0.384	0.0006136856391094625	0.0024362748954445124	0.00030226079979911447	0.0017042964464053512	0.0004955687909387052	0.0003900734300259501	0.0010183040285483003	0.0009836668614298105	0.24431465566158295	0.003083609975874424
0.384	0.448	0.0005728975520469248	0.0021912395022809505	0.00025935450685210526	0.0011576826218515635	0.00045343153760768473	0.0003023045719601214	0.0010155215859413147	0.0006161194760352373	0.10863863676786423	0.0027579120360314846
0.448	0.512	0.0005362122901715338	0.0019522057846188545	0.00023549728211946785	0.001049876562319696	0.000438423827290535	0.0002597756974864751	0.000956839881837368	0.00047887390246614814	0.06713452935218811	0.002525145886465907
0.512	0.576	0.0004974796320311725	0.0018306593410670757	0.000225530267925933	0.0010186866857111454	0.00042125629261136055	0.00024103577015921474	0.0009070110972970724	0.0004082022642251104	0.04710067808628082	0.002364292275160551
