onset	offset	Alarm_bell_ringing	Blender	Cat	Dishes	Dog	Electric_shaver_toothbrush	Frying	Running_water	Speech	Vacuum_cleaner
0.0	0.064	0.0006025039474479854	0.01379102561622858	0.0776696503162384	0.006235468667000532	0.01986752077937126	0.0018685226095840335	0.0010466284584254026	0.08162009716033936	0.0056863571517169476	0.007782424800097942
0.064	0.128	0.0006025039474479854	0.01379102561622858	0.08186514675617218	0.0061737848445773125	0.01986752077937126	0.0018685226095840335	0.0010466284584254026	0.08162009716033936	0.0056863571517169476	0.007782424800097942
0.128	0.192	0.0005086864694021642	0.021806778386235237	0.08186514675617218	0.0061737848445773125	0.026559455320239067	0.0015076855197548866	0.0010846731020137668	0.08331125974655151	0.00537452008575201	0.008076689206063747
0.192	0.256	0.00045291511924006045	0.025210155174136162	0.07779733091592789	0.005212890449911356	0.026559455320239067	0.0013259187107905746	0.0011154748499393463	0.08331125974655151	0.005207791458815336	0.008076689206063747
0.256	0.32	0.00042766344267874956	0.025210155174136162	0.0776696503162384	0.004279289394617081	0.026559455320239067	0.0011836568592116237	0.0011547623435035348	0.08331125974655151	0.00478318938985467	0.008076689206063747
0.32	0.384	0.0004248175537213683	0.025210155174136162	0.0776696503162384	0.003267455380409956	0.026559455320239067	0.0009924528421834111	0.0011547623435035348	0.08331125974655151	0.004101230297237635	0.009148979559540749
0.384	0.448	0.00042075105011463165	0.025210155174136162	0.0759526714682579	0.002481937874108553	0.026374654844403267	0.0008752212743274868	0.0011547623435035348	0.07060344517230988	0.0037578283809125423	0.009877617470920086
0.448	0.512	0.00038179749390110373	0.023308495059609413	0.07183243334293365	0.0019689493346959352	0.021830817684531212	0.000801701215095818	0.0011480601970106363	0.06231001019477844	0.0036061154678463936	0.01040002703666687
0.512	0.576	0.0003499535087030381	0.02058599889278412	0.06482547521591187	0.0018152998527511954	0.01766129955649376	0.000801701215095818	0.0011154748499393463	0.051174990832805634	0.0035427119582891464	0.01040002703666687
