onset	offset	Alarm_bell_ringing	Blender	Cat	Dishes	Dog	Electric_shaver_toothbrush	Frying	Running_water	Speech	Vacuum_cleaner
0.0	0.064	0.0024894753005355597	0.0001883434597402811	0.0004635521909222007	0.0006764060235582292	0.0008896073559299111	0.00011965080921072513	0.000258327869232744	0.0009056082344613969	0.002820397727191448	0.00041397183667868376
0.064	0.128	0.0024894753005355597	0.0001883434597402811	0.0004635521909222007	0.0006764060235582292	0.0008896073559299111	0.00011965080921072513	0.000258327869232744	0.0009056082344613969	0.002820397727191448	0.00041397183667868376
0.128	0.192	0.0024580189492553473	0.00017349034897051752	0.00045012825285084546	0.0005924571887589991	0.0008820627699606121	0.00011508844181662425	0.00023516810324508697	0.0008095009834505618	0.002570356009528041	0.0003704946720972657
0.192	0.256	0.0024580189492553473	0.00016831715765874833	0.00043837158591486514	0.0005472121993079782	0.0008409410365857184	0.00011046371946576983	0.00021402219135779887	0.0007572493050247431	0.002444736659526825	0.0003311810432933271
0.256	0.32	0.0024580189492553473	0.00016400302411057055	0.00043332218774594367	0.0005214936099946499	0.0008228542865253985	0.00010701647988753393	0.0001975923078134656	0.0007270585629157722	0.0023733205161988735	0.0002985003811772913
0.32	0.384	0.0024580189492553473	0.00015992946282494813	0.00043142770300619304	0.000504781084600836	0.0008159127901308239	0.00010426809603814036	0.00018513940449338406	0.0007073075976222754	0.0023315248545259237	0.00027209625113755465
0.384	0.448	0.002481041941791773	0.0001565051352372393	0.0004294495447538793	0.0004930804134346545	0.0008107546018436551	0.0001019322662614286	0.00017537128587719053	0.0006922464235685766	0.00230411090888083	0.0002503108116798103
0.448	0.512	0.002504205098375678	0.00015365569561254233	0.0004274119564797729	0.00048490733024664223	0.0008054026402533054	9.992765262722969e-05	0.000167343852808699	0.000680350000038743	0.0022849556989967823	0.00023212509404402226
0.512	0.576	0.0025270262267440557	0.00015127586084418	0.00042540839058347046	0.00047924582031555474	0.0007999204099178314	9.819974366109818e-05	0.00016054336447268724	0.00067051564110443	0.002269778400659561	0.00021678225311916322
