onset	offset	Alarm_bell_ringing	Blender	Cat	Dishes	Dog	Electric_shaver_toothbrush	Frying	Running_water	Speech	Vacuum_cleaner
0.0	0.064	0.0009003659943118691	0.002340981038287282	0.0021993983536958694	0.3137912154197693	0.0012226920807734132	0.0002457351656630635	0.02323750965297222	0.002520087407901883	0.0599624328315258	0.0014077444793656468
0.064	0.128	0.0009003659943118691	0.002340981038287282	0.0021993983536958694	0.3137912154197693	0.0012226920807734132	0.0002457351656630635	0.02323750965297222	0.002520087407901883	0.0599624328315258	0.0014077444793656468
0.128	0.192	0.0007111019222065806	0.0020439287181943655	0.0017769192345440388	0.24181237816810608	0.0010173560585826635	0.00017196052067447454	0.021248135715723038	0.002188480459153652	0.0599624328315258	0.0012787848245352507
0.192	0.256	0.0005744323716498911	0.0011075912043452263	0.0010464001679793	0.09965728223323822	0.0008881027461029589	0.00013180145469959825	0.016602003946900368	0.00168127054348588	0.0599624328315258	0.001074384548701346
0.256	0.32	0.0005744323716498911	0.0011075912043452263	0.0010464001679793	0.03694313392043114	0.000794657738879323	0.00011519395775394514	0.012692509219050407	0.001410066382959485	0.0599624328315258	0.0007805951172485948
0.32	0.384	0.0005744323716498911	0.0011075912043452263	0.0010464001679793	0.03694313392043114	0.000794657738879323	0.00011519395775394514	0.011970152147114277	0.001410066382959485	0.06448711454868317	0.000675767834763974
0.384	0.448	0.0005744323716498911	0.0011075912043452263	0.0010464001679793	0.03694313392043114	0.000794657738879323	0.00011519395775394514	0.011428331956267357	0.001410066382959485	0.41078779101371765	0.0005591241642832756
0.448	0.512	0.0007387283840216696	0.0012972238473594189	0.001295246183872223	0.03694313392043114	0.000794657738879323	0.00011519395775394514	0.01113903895020485	0.001410066382959485	0.9067728519439697	0.0005585981416516006
0.512	0.576	0.0009006139589473605	0.0020092767663300037	0.0016665682196617126	0.053298741579055786	0.0013174520572647452	0.00017550929624121636	0.01106819324195385	0.0017274052370339632	0.975411593914032	0.0005490742623806
