onset	offset	Alarm_bell_ringing	Blender	Cat	Dishes	Dog	Electric_shaver_toothbrush	Frying	Running_water	Speech	Vacuum_cleaner
0.0	0.064	0.00047696579713374376	0.00047275074757635593	0.0007425853982567787	0.000682326324749738	0.0004815751744899899	0.0004130657762289047	0.0004946819972246885	0.004063985776156187	0.0020332015119493008	0.0026582779828459024
0.064	0.128	0.00047696579713374376	0.00047275074757635593	0.0007425853982567787	0.000682326324749738	0.0004815751744899899	0.0004130657762289047	0.0004946819972246885	0.004063985776156187	0.0020332015119493008	0.0026582779828459024
0.128	0.192	0.0003972361737396568	0.0004369427333585918	0.0007425853982567787	0.0005807990673929453	0.00048353621968999505	0.0003928015648853034	0.0004343120090197772	0.004232433624565601	0.00202294928021729	0.0022537303157150745
0.192	0.256	0.00036751420702785254	0.0004369427333585918	0.0007425853982567787	0.0005807990673929453	0.00048353621968999505	0.0003928015648853034	0.0004343120090197772	0.004232433624565601	0.00202294928021729	0.0019926992245018482
0.256	0.32	0.00036751420702785254	0.0004369427333585918	0.0007425853982567787	0.0005807990673929453	0.00048353621968999505	0.0003928015648853034	0.0004343120090197772	0.004232433624565601	0.00202294928021729	0.0019443579949438572
0.32	0.384	0.00036751420702785254	0.0004369427333585918	0.0008355121244676411	0.0005807990673929453	0.0005159208085387945	0.0003928015648853034	0.0004343120090197772	0.004827038384974003	0.00202294928021729	0.0019443579949438572
0.384	0.448	0.00036751420702785254	0.00044762552715837955	0.000989787164144218	0.0006106365472078323	0.0005733832367695868	0.0004153435002081096	0.0004343312466517091	0.006000966764986515	0.00211446569301188	0.0019443579949438572
0.448	0.512	0.0003819596895482391	0.0005108463228680193	0.001175220706500113	0.0006435316754505038	0.0006734657799825072	0.000448616745416075	0.0004817413573618978	0.008140809834003448	0.002244912553578615	0.0019443579949438572
0.512	0.576	0.0004191989137325436	0.0006938662263564765	0.001480907783843577	0.0006734876660630107	0.0008480035467073321	0.0005030526081100106	0.0005789215792901814	0.013572480529546738	0.0025057897437363863	0.002342113759368658
