onset	offset	Alarm_bell_ringing	Blender	Cat	Dishes	Dog	Electric_shaver_toothbrush	Frying	Running_water	Speech	Vacuum_cleaner
0.0	0.064	0.013985433615744114	0.0017541475826874375	0.002430342836305499	0.007745459675788879	0.004033244214951992	0.002699553035199642	0.0018642684444785118	0.0017957158852368593	0.9915209412574768	0.0004391210968606174
0.064	0.128	0.013985433615744114	0.0017541475826874375	0.002430342836305499	0.007745459675788879	0.004033244214951992	0.002699553035199642	0.0018706696573644876	0.0017957158852368593	0.9915209412574768	0.0004391210968606174
0.128	0.192	0.012475920841097832	0.0013562971726059914	0.0023804495576769114	0.006401661783456802	0.0033708103001117706	0.0025674174539744854	0.0018706696573644876	0.0015176588203758001	0.991575300693512	0.0003678922657854855
0.192	0.256	0.012406906113028526	0.0010965592227876186	0.0022556644398719072	0.005994604900479317	0.002877431223168969	0.002456601010635495	0.0018938890425488353	0.0013357843272387981	0.9916370511054993	0.000319168291753158
0.256	0.32	0.012385266833007336	0.0010506550315767527	0.002151133492588997	0.005994604900479317	0.0027421999257057905	0.002456601010635495	0.00192826462443918	0.0012070765951648355	0.9916370511054993	0.0002923835418187082
0.32	0.384	0.012385266833007336	0.0010506550315767527	0.002107027219608426	0.005994604900479317	0.0027421999257057905	0.0024253318551927805	0.0019427348161116242	0.0011624424951151013	0.9916370511054993	0.0002738751354627311
0.384	0.448	0.012385266833007336	0.0009718533838167787	0.002107027219608426	0.005994604900479317	0.0027421999257057905	0.002295914338901639	0.0019527197582647204	0.0011212859535589814	0.9915885329246521	0.0002693789720069617
0.448	0.512	0.012385266833007336	0.0009677011985331774	0.0020528933964669704	0.005994604900479317	0.002689966233447194	0.0022716831881552935	0.0019527197582647204	0.0010720641585066915	0.9915885329246521	0.0002686036750674248
0.512	0.576	0.012385266833007336	0.000946367159485817	0.00203470466658473	0.005994604900479317	0.0026639248244464397	0.002260415116325021	0.0019527197582647204	0.0010346091585233808	0.9905692338943481	0.00024903251323848963
