onset	offset	Alarm_bell_ringing	Blender	Cat	Dishes	Dog	Electric_shaver_toothbrush	Frying	Running_water	Speech	Vacuum_cleaner
0.0	0.064	0.0013455258449539542	0.0009760443936102092	0.0006703534163534641	0.002094641560688615	0.0006744427373632789	0.9742586016654968	0.0030320396181195974	0.003192916978150606	0.006345262285321951	0.0027220891788601875
0.064	0.128	0.0013455258449539542	0.0009760443936102092	0.0006703534163534641	0.002094641560688615	0.0006744427373632789	0.9742586016654968	0.0030320396181195974	0.003192916978150606	0.006345262285321951	0.0027220891788601875
0.128	0.192	0.001228049397468567	0.0007404068019241095	0.0005985071184113622	0.0017160108545795083	0.000560091168154031	0.9775492548942566	0.0024822955019772053	0.002610853873193264	0.005199179518967867	0.0020676273852586746
0.192	0.256	0.001164767425507307	0.0006340350955724716	0.0005985071184113622	0.0015093740075826645	0.000533717276994139	0.9787147045135498	0.0022074382286518812	0.0024465222377330065	0.005199179518967867	0.0018649366684257984
0.256	0.32	0.0011065044673159719	0.0005647145444527268	0.0005985071184113622	0.0013782313326373696	0.0005333658191375434	0.9793805480003357	0.0020290627144277096	0.0023464730475097895	0.005199179518967867	0.0017608779016882181
0.32	0.384	0.0010618888773024082	0.0005179004510864615	0.0005985071184113622	0.0012887812918052077	0.0005311830318532884	0.9798538088798523	0.0019066391978412867	0.0022676349617540836	0.005199179518967867	0.001670555560849607
0.384	0.448	0.0010101968655362725	0.00048004143172875047	0.0005985071184113622	0.0012218195479363203	0.000526295742020011	0.9801368713378906	0.0018009113846346736	0.002206583507359028	0.005612609442323446	0.0015867960173636675
0.448	0.512	0.0009451488149352372	0.0004449356347322464	0.0005993254017084837	0.0011715127620846033	0.0005152263911440969	0.9802260398864746	0.0017021389212459326	0.0021584578789770603	0.006106668617576361	0.001514809438958764
0.512	0.576	0.0008922065608203411	0.00041058362694457173	0.0006155886221677065	0.0011310891713947058	0.0005152263911440969	0.9802381992340088	0.0016086677787825465	0.0021323480177670717	0.006345135625451803	0.0014552035136148334
