onset	offset	Alarm_bell_ringing	Blender	Cat	Dishes	Dog	Electric_shaver_toothbrush	Frying	Running_water	Speech	Vacuum_cleaner
0.0	0.064	0.0026885862462222576	0.0012304935371503234	0.003444439033046365	0.0051881917752325535	0.039114098995923996	0.001214482355862856	0.003767763264477253	0.001886594109237194	0.9801918268203735	0.0008641363237984478
0.064	0.128	0.002931484952569008	0.0012241213116794825	0.003444439033046365	0.005288984626531601	0.039114098995923996	0.001214482355862856	0.003767763264477253	0.001886594109237194	0.9801918268203735	0.0008641363237984478
0.128	0.192	0.002953001530840993	0.0012241213116794825	0.00339180207811296	0.005288984626531601	0.03226887434720993	0.0012396294623613358	0.004011739045381546	0.001644501113332808	0.9835830330848694	0.0007013531867414713
0.192	0.256	0.002953001530840993	0.0011108577018603683	0.003351404331624508	0.005480841267853975	0.028336254879832268	0.0013138746144250035	0.00432598777115345	0.001428569434210658	0.9851234555244446	0.0006014562677592039
0.256	0.32	0.0030367348808795214	0.0009909685468301177	0.0031609658617526293	0.00556919863447547	0.0270101148635149	0.0013511343859136105	0.0046102614142000675	0.0012676470214501023	0.9858729839324951	0.0005532931536436081
0.32	0.384	0.0030367348808795214	0.0009005659376271069	0.0029971387702971697	0.00556919863447547	0.02620929479598999	0.0013764486648142338	0.00478849932551384	0.0011746627278625965	0.9863461852073669	0.0005139736458659172
0.384	0.448	0.0030367348808795214	0.000817743013612926	0.0028806424234062433	0.00556919863447547	0.02520495466887951	0.0013925955863669515	0.004896538332104683	0.001115754246711731	0.9863461852073669	0.0004867536772508174
0.448	0.512	0.0030367348808795214	0.0007753238314762712	0.002827460877597332	0.00556919863447547	0.024568628519773483	0.0014200046425685287	0.004964979365468025	0.0010631901677697897	0.9863461852073669	0.00046549501712433994
0.512	0.576	0.002976993564516306	0.0007711848593316972	0.0028079571202397346	0.00556919863447547	0.024568628519773483	0.0014594633830711246	0.004964979365468025	0.0010207074228674173	0.9863461852073669	0.0004441112687345594
