onset	offset	Alarm_bell_ringing	Blender	Cat	Dishes	Dog	Electric_shaver_toothbrush	Frying	Running_water	Speech	Vacuum_cleaner
0.0	0.064	0.002404045546427369	0.0027588880620896816	0.002676633885130286	0.000710733060259372	0.0013880017213523388	0.002419658936560154	0.0009730416932143271	0.004719603341072798	0.009956149384379387	0.9888823628425598
0.064	0.128	0.002404045546427369	0.0027588880620896816	0.002676633885130286	0.000710733060259372	0.0013880017213523388	0.002419658936560154	0.0009730416932143271	0.004719603341072798	0.009956149384379387	0.9888823628425598
0.128	0.192	0.0011441904352977872	0.0016461914638057351	0.0014720122562721372	0.0005221934989094734	0.001112984144128859	0.0018630914855748415	0.0004952254821546376	0.003914193250238895	0.007385364733636379	0.9906111359596252
0.192	0.256	0.0009317806106992066	0.0014589076163247228	0.0013504191301763058	0.0004801434406545013	0.001112984144128859	0.0016843249322846532	0.00043308513704687357	0.003524779574945569	0.005871149245649576	0.9913951754570007
0.256	0.32	0.000802893890067935	0.001303706201724708	0.0012904057512059808	0.0004739238938782364	0.001097987056709826	0.001561448210850358	0.00043306121369823813	0.0032353864517062902	0.0056090704165399075	0.9921470284461975
0.32	0.384	0.0007244832231663167	0.001264476217329502	0.0012904057512059808	0.0004639177641365677	0.001097987056709826	0.0014665742637589574	0.000432428001658991	0.003027603030204773	0.005381881725043058	0.9926087260246277
0.384	0.448	0.0007244832231663167	0.001264476217329502	0.0012904057512059808	0.0004639177641365677	0.001112984144128859	0.0014098951360210776	0.00042739688069559634	0.0029598763212561607	0.005155525170266628	0.9926087260246277
0.448	0.512	0.0007244832231663167	0.001264476217329502	0.0012904057512059808	0.0004639177641365677	0.0011158048873767257	0.001371686696074903	0.0004246784665156156	0.0028858764562755823	0.004693727474659681	0.9926087260246277
0.512	0.576	0.0007244832231663167	0.001264476217329502	0.0013018616009503603	0.0004639177641365677	0.0011214343830943108	0.001371686696074903	0.0004246784665156156	0.002791355364024639	0.004069111309945583	0.9926087260246277
