onset	offset	Alarm_bell_ringing	Blender	Cat	Dishes	Dog	Electric_shaver_toothbrush	Frying	Running_water	Speech	Vacuum_cleaner
0.0	0.064	0.0017945400904864073	0.003640316892415285	0.0035657028201967478	0.0007373245316557586	0.0012477267300710082	0.002138110576197505	0.0013967747800052166	0.0036321228835731745	0.006523890420794487	0.9779672622680664
0.064	0.128	0.0017945400904864073	0.003640316892415285	0.0035657028201967478	0.0007373245316557586	0.0012477267300710082	0.002138110576197505	0.0013967747800052166	0.0036321228835731745	0.006523890420794487	0.9779672622680664
0.128	0.192	0.001296553178690374	0.0027880603447556496	0.0029747074004262686	0.0005591667722910643	0.0012100206222385168	0.0017345183296129107	0.0010708057088777423	0.002951607806608081	0.0049271234311163425	0.9794304370880127
0.192	0.256	0.0009798607788980007	0.0025251617189496756	0.00269584939815104	0.0004801686154678464	0.0011866071727126837	0.0015052868984639645	0.0009337918600067496	0.002553251339122653	0.00437117600813508	0.9805640578269958
0.256	0.32	0.0008403502870351076	0.002407881896942854	0.002651971997693181	0.000452363514341414	0.0011662701144814491	0.0013737855479121208	0.00084156624507159	0.0023769396357238293	0.0042780074290931225	0.9819995164871216
0.32	0.384	0.0007295282557606697	0.0021677836775779724	0.002539107808843255	0.0004297967825550586	0.0011478699743747711	0.0012338826199993491	0.0007680397247895598	0.0021450009662657976	0.004259937442839146	0.9824386239051819
0.384	0.448	0.0006519830203615129	0.001969128381460905	0.0021097541321069	0.00040911012911237776	0.0011478699743747711	0.0011374868918210268	0.0007142106769606471	0.001992675708606839	0.004005178809165955	0.9824386239051819
0.448	0.512	0.0006118582678027451	0.0018524684710428119	0.0018627527169883251	0.00040892261313274503	0.0011478699743747711	0.0010994619224220514	0.0006864637834951282	0.0018923897296190262	0.004005178809165955	0.9824386239051819
0.512	0.576	0.0005867637228220701	0.0017504050629213452	0.0017484299605712295	0.0004049798008054495	0.0011193404207006097	0.0010669560870155692	0.0006578743341378868	0.0017831551376730204	0.004005178809165955	0.9824386239051819
