onset	offset	Alarm_bell_ringing	Blender	Cat	Dishes	Dog	Electric_shaver_toothbrush	Frying	Running_water	Speech	Vacuum_cleaner
0.0	0.064	0.9724154472351074	0.004474703222513199	0.003149246796965599	0.007854476571083069	0.0016374203842133284	0.0008897259831428528	0.003267670050263405	0.004767037462443113	0.005414549261331558	0.021719256415963173
0.064	0.128	0.9724154472351074	0.004474703222513199	0.003149246796965599	0.007854476571083069	0.0016374203842133284	0.0008897259831428528	0.003267670050263405	0.004767037462443113	0.005414549261331558	0.021719256415963173
0.128	0.192	0.9809316992759705	0.0033535168040543795	0.0028147255070507526	0.005931342486292124	0.0013363563921302557	0.0008486542501486838	0.0022206688299775124	0.003825642867013812	0.00391208752989769	0.011881139129400253
0.192	0.256	0.9837247133255005	0.0028596760239452124	0.0025066088419407606	0.004454439971596003	0.0012040679575875401	0.0007505907560698688	0.0014831532025709748	0.002945829415693879	0.0036337312776595354	0.007292539346963167
0.256	0.32	0.9852044582366943	0.0027169021777808666	0.0023166807368397713	0.0035826729144901037	0.0011193313403055072	0.0006835726671852171	0.0011379967909306288	0.0024163660127669573	0.003616633825004101	0.005389150697737932
0.32	0.384	0.9854090809822083	0.0025015706196427345	0.002172258682549	0.003103660186752677	0.0010450473055243492	0.0006023162277415395	0.0009482458117417991	0.0019656200893223286	0.003505070460960269	0.004208554048091173
0.384	0.448	0.9854090809822083	0.002226882614195347	0.0020278783049434423	0.002804010407999158	0.0009808102622628212	0.0005146572948433459	0.0008028620504774153	0.0015992800472304225	0.0033830225002020597	0.00335479574277997
0.448	0.512	0.9854090809822083	0.0019797517452389	0.0018921231385320425	0.0025776054244488478	0.0009268762078136206	0.00043666563578881323	0.00068997050402686	0.001353925559669733	0.0032780952751636505	0.0028190086595714092
0.512	0.576	0.9854090809822083	0.0017874744953587651	0.0017723155906423926	0.002392180496826768	0.000880622654221952	0.00037001477903686464	0.0006022883462719619	0.0011930009350180626	0.003141211112961173	0.00251615047454834
