onset	offset	Alarm_bell_ringing	Blender	Cat	Dishes	Dog	Electric_shaver_toothbrush	Frying	Running_water	Speech	Vacuum_cleaner
0.0	0.064	0.0007978380308486521	0.0008483672281727195	0.0005535816890187562	0.001712057855911553	0.0007027032552286983	0.9803513884544373	0.003589494852349162	0.0022297545801848173	0.006710992194712162	0.008479403331875801
0.064	0.128	0.0007978380308486521	0.0008483672281727195	0.0005535816890187562	0.001712057855911553	0.0007027032552286983	0.9803513884544373	0.003589494852349162	0.0022297545801848173	0.006710992194712162	0.008479403331875801
0.128	0.192	0.0006623330991715193	0.0006778137176297605	0.0005006297724321485	0.001352322637103498	0.0005586976767517626	0.9857419729232788	0.002716761315241456	0.0017802277579903603	0.00609068525955081	0.005514046642929316
0.192	0.256	0.0005829377914778888	0.0005431369645521045	0.00046960526378825307	0.0011622692691162229	0.0005217365105636418	0.9877026677131653	0.002169547136873007	0.0017080373363569379	0.005882867146283388	0.004557351116091013
0.256	0.32	0.0005394294857978821	0.00046386048779822886	0.0004197383241262287	0.0010350235970690846	0.00048107048496603966	0.9885364770889282	0.0018918592249974608	0.0016562853707000613	0.005855254363268614	0.003919072914868593
0.32	0.384	0.0005095094675198197	0.0004229245241731405	0.0003932303807232529	0.0009394724620506167	0.00044966122368350625	0.9889777302742004	0.0017217113636434078	0.0015546750510111451	0.005743143614381552	0.00336835696361959
0.384	0.448	0.0004918957711197436	0.000386588042601943	0.0003716948558576405	0.000856697850394994	0.00042841563117690384	0.9892265796661377	0.0015506948111578822	0.0014703016495332122	0.005855254363268614	0.002925898414105177
0.448	0.512	0.00047957649803720415	0.00036067841574549675	0.00035795889561995864	0.0007949444116093218	0.0004126249987166375	0.9894312620162964	0.0014155356911942363	0.0014000122901052237	0.005855254363268614	0.0025943503715097904
0.512	0.576	0.00047957649803720415	0.0003407384501770139	0.0003483806794974953	0.0007516687037423253	0.00040662565152160823	0.9896090030670166	0.001311281230300665	0.0013516800245270133	0.005855254363268614	0.002367168664932251
