onset	offset	Alarm_bell_ringing	Blender	Cat	Dishes	Dog	Electric_shaver_toothbrush	Frying	Running_water	Speech	Vacuum_cleaner
0.0	0.064	0.0062642632983624935	0.006598636507987976	0.0031894678249955177	0.013405903242528439	0.005846395622938871	0.0037156599573791027	0.010267036966979504	0.008019249886274338	0.9780375957489014	0.08609335869550705
0.064	0.128	0.0062642632983624935	0.006743242032825947	0.0031894678249955177	0.013405903242528439	0.005846395622938871	0.0036255833692848682	0.010267036966979504	0.008019249886274338	0.9780375957489014	0.08609335869550705
0.128	0.192	0.006834265310317278	0.006743242032825947	0.0032149299513548613	0.011502731591463089	0.0074756513349711895	0.0036255833692848682	0.010862999595701694	0.007754931226372719	0.9834802746772766	0.0788242369890213
0.192	0.256	0.006834265310317278	0.006744318641722202	0.003353315871208906	0.011502731591463089	0.0074756513349711895	0.003356367815285921	0.012248478829860687	0.007308494299650192	0.9867873191833496	0.07064448297023773
0.256	0.32	0.006834265310317278	0.007347725331783295	0.0034063351340591908	0.011502731591463089	0.0074756513349711895	0.003356367815285921	0.012842300347983837	0.0069905854761600494	0.987895131111145	0.06405595690011978
0.32	0.384	0.007320016622543335	0.007550423499196768	0.003651999169960618	0.011502731591463089	0.0076051997020840645	0.003356367815285921	0.01320628821849823	0.0069905854761600494	0.9880214929580688	0.05626716464757919
0.384	0.448	0.008426162414252758	0.00844076368957758	0.003651999169960618	0.012941366992890835	0.0076051997020840645	0.003356367815285921	0.013574447482824326	0.0069905854761600494	0.9880561828613281	0.04856885224580765
0.448	0.512	0.01605740375816822	0.012935088016092777	0.0034063351340591908	0.01914326846599579	0.00693383626639843	0.003442241810262203	0.013574447482824326	0.0069651370868086815	0.9882854223251343	0.041030965745449066
0.512	0.576	0.01605740375816822	0.01691640354692936	0.0034056163858622313	0.01914326846599579	0.006522094365209341	0.004509955644607544	0.01327380072325468	0.006920554209500551	0.9894587993621826	0.036188043653964996
