onset	offset	Alarm_bell_ringing	Blender	Cat	Dishes	Dog	Electric_shaver_toothbrush	Frying	Running_water	Speech	Vacuum_cleaner
0.0	0.064	0.002225900534540415	0.0015170585829764605	0.001832496142014861	0.025387022644281387	0.0015763299306854606	0.0008579672430641949	0.009954405948519707	0.0019485079683363438	0.9214709401130676	0.0007400576723739505
0.064	0.128	0.002225900534540415	0.0015170585829764605	0.001832496142014861	0.025387022644281387	0.0015763299306854606	0.0008579672430641949	0.012505341321229935	0.0019485079683363438	0.9214709401130676	0.0007400576723739505
0.128	0.192	0.0021116582211107016	0.0024828992318361998	0.0021321044769138098	0.025387022644281387	0.003356747329235077	0.0009194892481900752	0.013283883221447468	0.001852232264354825	0.974835991859436	0.0005345216486603022
0.192	0.256	0.0021116582211107016	0.0024828992318361998	0.0021321044769138098	0.024241559207439423	0.003661018330603838	0.0009194892481900752	0.013283883221447468	0.0017272926634177566	0.9814671874046326	0.00047843565698713064
0.256	0.32	0.0021116582211107016	0.0024828992318361998	0.0021321044769138098	0.024024255573749542	0.003661018330603838	0.0009194892481900752	0.014872736297547817	0.001725251437164843	0.9814671874046326	0.0004654772346839309
0.32	0.384	0.001925742719322443	0.0024828992318361998	0.0021321044769138098	0.023981604725122452	0.003661018330603838	0.0009194892481900752	0.015041613020002842	0.001725251437164843	0.9814671874046326	0.00041614068322815
0.384	0.448	0.00178542360663414	0.0019368772627785802	0.0021549779921770096	0.023981604725122452	0.003661018330603838	0.0008965634042397141	0.01504574529826641	0.001725251437164843	0.9814671874046326	0.0003837884869426489
0.448	0.512	0.00178542360663414	0.0014942012494429946	0.0021549779921770096	0.024241559207439423	0.002867832314223051	0.0008658844162710011	0.01504574529826641	0.0017272926634177566	0.97856605052948	0.0003557442396413535
0.512	0.576	0.00178542360663414	0.001374396146275103	0.0022131947334855795	0.024241559207439423	0.00248361611738801	0.0008451020112261176	0.01504574529826641	0.0017543247668072581	0.9743779897689819	0.00031033228151500225
