onset	offset	Alarm_bell_ringing	Blender	Cat	Dishes	Dog	Electric_shaver_toothbrush	Frying	Running_water	Speech	Vacuum_cleaner
0.0	0.064	0.9956604838371277	0.0021026802714914083	0.0011524924775585532	0.008907522074878216	0.0015595231670886278	0.0029266802594065666	0.0013824629131704569	0.002765845973044634	0.04646056517958641	0.0004570193705148995
0.064	0.128	0.9956604838371277	0.0021026802714914083	0.0011524924775585532	0.008907522074878216	0.001545299426652491	0.0029266802594065666	0.0013824629131704569	0.002765845973044634	0.04646056517958641	0.0004570193705148995
0.128	0.192	0.9964297413825989	0.0017010689480230212	0.0009424772579222918	0.00539526017382741	0.001545299426652491	0.0026021243538707495	0.0010698364349082112	0.0025876383297145367	0.055234771221876144	0.00027595681603997946
0.192	0.256	0.9965542554855347	0.001536927418783307	0.0008533980580978096	0.004443740472197533	0.0015068608336150646	0.0026021243538707495	0.0009743997361510992	0.0025876383297145367	0.08225096017122269	0.0002235001011285931
0.256	0.32	0.9965542554855347	0.0014390327269211411	0.0008245084318332374	0.004098217934370041	0.0014292880659922957	0.0026021243538707495	0.0008726639207452536	0.0025876383297145367	0.11644693464040756	0.00020038742513861507
0.32	0.384	0.9965542554855347	0.0013475328451022506	0.0008005056879483163	0.004098217934370041	0.0013330931542441249	0.0026021243538707495	0.0007780619198456407	0.0025876383297145367	0.1312776654958725	0.0001904251257656142
0.384	0.448	0.9965542554855347	0.0013346525374799967	0.0008005056879483163	0.004098217934370041	0.0013024340150877833	0.0026021243538707495	0.0007212317432276905	0.0026141242124140263	0.15182408690452576	0.0001874210429377854
0.448	0.512	0.9965014457702637	0.0013155712513253093	0.0007614404894411564	0.004098217934370041	0.0012476155534386635	0.0026021243538707495	0.0007192632183432579	0.002667451510205865	0.1630580574274063	0.00018680338689591736
0.512	0.576	0.9964136481285095	0.0012828862527385354	0.000746863370295614	0.0039879498071968555	0.0012391495984047651	0.002597941318526864	0.000707818369846791	0.002667451510205865	0.18475782871246338	0.000179727328941226
