onset	offset	Alarm_bell_ringing	Blender	Cat	Dishes	Dog	Electric_shaver_toothbrush	Frying	Running_water	Speech	Vacuum_cleaner
0.0	0.064	0.002101752208545804	0.002684643492102623	0.0020238938741385937	0.0033732971642166376	0.0032304401975125074	0.00531556224450469	0.0010101516963914037	0.9517419934272766	0.006886170245707035	0.018049826845526695
0.064	0.128	0.002101752208545804	0.002684643492102623	0.0020238938741385937	0.0033732971642166376	0.0032304401975125074	0.00531556224450469	0.0010101516963914037	0.9436124563217163	0.006886170245707035	0.018049826845526695
0.128	0.192	0.0018570272950455546	0.002370924921706319	0.0017499300884082913	0.0025405092164874077	0.0032304401975125074	0.004706826526671648	0.0007722096052020788	0.9436124563217163	0.006191689986735582	0.01782893016934395
0.192	0.256	0.0017010713927447796	0.0019028065726161003	0.0017212722450494766	0.002156065311282873	0.0032304401975125074	0.00469572376459837	0.0006220719078555703	0.9456904530525208	0.005627273116260767	0.017592303454875946
0.256	0.32	0.0016256896778941154	0.0017316549783572555	0.0017059220699593425	0.0020576652605086565	0.0032304401975125074	0.004669705871492624	0.0005719370674341917	0.9488014578819275	0.005480438936501741	0.01711116172373295
0.32	0.384	0.001603749580681324	0.0016802456229925156	0.0016646190779283643	0.002018098486587405	0.003334234468638897	0.004619028884917498	0.0005719370674341917	0.9488014578819275	0.0054646884091198444	0.0163899976760149
0.384	0.448	0.0015887606423348188	0.0016246004961431026	0.00165816699154675	0.0019656126387417316	0.003368057543411851	0.004592943470925093	0.0005719370674341917	0.9488014578819275	0.0053642550483345985	0.01598695106804371
0.448	0.512	0.0015170829137787223	0.0015720699448138475	0.0015223425580188632	0.0018479685531929135	0.0035113098565489054	0.004592943470925093	0.0005719370674341917	0.9488014578819275	0.005178152583539486	0.015474650077521801
0.512	0.576	0.001432887278497219	0.001475462457165122	0.0013448295649141073	0.0017203014576807618	0.0035778027959167957	0.004592943470925093	0.0005719370674341917	0.9488014578819275	0.0050574252381920815	0.014855614863336086
