onset	offset	Alarm_bell_ringing	Blender	Cat	Dishes	Dog	Electric_shaver_toothbrush	Frying	Running_water	Speech	Vacuum_cleaner
0.0	0.064	0.0015041285660117865	0.0005380207439884543	0.0005636127316392958	0.0021294550970196724	0.0013391267275437713	0.0001725101756164804	0.0011158016277477145	0.0006328521412797272	0.00461987778544426	0.00038507796125486493
0.064	0.128	0.0015041285660117865	0.0005380207439884543	0.0005636127316392958	0.0021294550970196724	0.0013391267275437713	0.0001725101756164804	0.0011158016277477145	0.0006328521412797272	0.004934373311698437	0.00038507796125486493
0.128	0.192	0.0010882341302931309	0.00043751849443651736	0.000538052583578974	0.001599341630935669	0.0013408669037744403	0.0001554340560687706	0.0009233420714735985	0.0005879715317860246	0.005392088089138269	0.0003404263989068568
0.192	0.256	0.0010882341302931309	0.0004008584364783019	0.000538052583578974	0.0013815416023135185	0.0013408669037744403	0.0001534700277261436	0.0007587838917970657	0.000540784967597574	0.005392088089138269	0.00030114760738797486
0.256	0.32	0.0010882341302931309	0.0004008584364783019	0.000538052583578974	0.0013815416023135185	0.0013408669037744403	0.0001534700277261436	0.0006689923466183245	0.000514838844537735	0.005392088089138269	0.00026192772202193737
0.32	0.384	0.0010882341302931309	0.0004008584364783019	0.000538052583578974	0.0013815416023135185	0.0015500622102990746	0.0001534700277261436	0.0006618179031647742	0.0005111982463859022	0.006187337450683117	0.00022747283219359815
0.384	0.448	0.0012419180711731315	0.0004008584364783019	0.0006268354482017457	0.0013815416023135185	0.002370824571698904	0.0001534700277261436	0.0006618179031647742	0.0005076220841147006	0.007499002385884523	0.0002052658674074337
0.448	0.512	0.001844824175350368	0.0004458361363504082	0.000636826385743916	0.0017926711589097977	0.004253770690411329	0.0001590587926330045	0.0006618179031647742	0.0005076220841147006	0.009017564356327057	0.00017845361435320228
0.512	0.576	0.0019002597546204925	0.0005418153596110642	0.0006633675075136125	0.0020157555118203163	0.004694763571023941	0.00016183918341994286	0.0006362939602695405	0.0005111982463859022	0.010507157072424889	0.00017845361435320228
