onset	offset	Alarm_bell_ringing	Blender	Cat	Dishes	Dog	Electric_shaver_toothbrush	Frying	Running_water	Speech	Vacuum_cleaner
0.0	0.064	0.000321323168464005	0.0002476691151969135	0.0009759620297700167	0.0005013078334741294	0.0003678459906950593	0.0001057598419720307	0.0002879440726246685	0.004026076756417751	0.001902917749248445	0.001427439390681684
0.064	0.128	0.000321323168464005	0.0002476691151969135	0.0009785681031644344	0.0005013078334741294	0.0003678459906950593	0.0001057598419720307	0.0002879440726246685	0.004026076756417751	0.001902917749248445	0.001427439390681684
0.128	0.192	0.0002760305069386959	0.0002379540674155578	0.0009785681031644344	0.0004533308674581349	0.00035937517532147467	0.0001057598419720307	0.0002757022448349744	0.003422406269237399	0.0016994137549772859	0.0013041009660810232
0.192	0.256	0.00026190400240011513	0.00022460109903477132	0.0009759620297700167	0.0004300914879422635	0.00034989745472557843	0.00010471847781445831	0.0002533705555833876	0.0031234987545758486	0.0016798609867691994	0.0011391730513423681
0.256	0.32	0.00025532927247695625	0.00021743139950558543	0.0009585611987859011	0.00040987212560139596	0.0003409537021070719	0.00010414230200694874	0.00024017231771722436	0.002878386527299881	0.0016432530246675014	0.0010340450098738074
0.32	0.384	0.0002490054757799953	0.0002146098850062117	0.0009468659409321845	0.0003953011182602495	0.00033837693626992404	0.00010212986671831459	0.00023083528503775597	0.0028157990891486406	0.0016432530246675014	0.0009709010482765734
0.384	0.448	0.00024389165628235787	0.00021427188767120242	0.0009360183612443507	0.0003848920459859073	0.00033837693626992404	0.00010099954670295119	0.0002214769774582237	0.0028157990891486406	0.0016432530246675014	0.000926357926800847
0.448	0.512	0.00023907015565782785	0.00021427188767120242	0.0009306814172305167	0.00037855541449971497	0.00033837693626992404	0.00010050686978502199	0.00021304163965396583	0.0028157990891486406	0.0016432530246675014	0.0008845001575537026
0.512	0.576	0.0002348940324736759	0.00021427188767120242	0.0009241363150067627	0.0003747827431652695	0.00033837693626992404	0.00010050686978502199	0.00020664400653913617	0.0028157990891486406	0.0016561102820560336	0.0008428221917711198
