onset	offset	Alarm_bell_ringing	Blender	Cat	Dishes	Dog	Electric_shaver_toothbrush	Frying	Running_water	Speech	Vacuum_cleaner
0.0	0.064	0.6228957176208496	0.004779112059623003	0.001246533589437604	0.009466082789003849	0.003070915350690484	0.02228698506951332	0.05737033486366272	0.025543922558426857	0.006976634729653597	0.020362798124551773
0.064	0.128	0.6228957176208496	0.004779112059623003	0.001355294487439096	0.009466082789003849	0.003070915350690484	0.0235181525349617	0.05737033486366272	0.027949463576078415	0.006976634729653597	0.020362798124551773
0.128	0.192	0.6228957176208496	0.00388918980024755	0.0013776276027783751	0.008081302046775818	0.0026850788854062557	0.025076741352677345	0.05134006217122078	0.030385738238692284	0.0055127679370343685	0.0180582944303751
0.192	0.256	0.6232527494430542	0.0036012320779263973	0.0013776276027783751	0.007328351028263569	0.0025768543127924204	0.025076741352677345	0.05121951177716255	0.030385738238692284	0.0049047283828258514	0.017663871869444847
0.256	0.32	0.6241651177406311	0.0033079576678574085	0.0013776276027783751	0.007031104061752558	0.0023646410554647446	0.025076741352677345	0.05119602009654045	0.030385738238692284	0.004635296296328306	0.017334744334220886
0.32	0.384	0.6793560981750488	0.0027950876392424107	0.0014268929371610284	0.00596299022436142	0.0019434939604252577	0.02719740942120552	0.051162801682949066	0.03041769377887249	0.004631878808140755	0.017261048778891563
0.384	0.448	0.6793560981750488	0.002551312791183591	0.0014268929371610284	0.005610230378806591	0.0018621535273268819	0.028845295310020447	0.050285693258047104	0.03041769377887249	0.0046257274225354195	0.016671715304255486
0.448	0.512	0.6793560981750488	0.002389495261013508	0.0014268929371610284	0.0053583914414048195	0.0017622965388000011	0.02922513149678707	0.049829769879579544	0.03041769377887249	0.004613928031176329	0.015915442258119583
0.512	0.576	0.6793560981750488	0.002234551589936018	0.0014268929371610284	0.004959265701472759	0.0015892500523477793	0.02922513149678707	0.0493185818195343	0.03041769377887249	0.004586732480674982	0.015075997449457645
