onset	offset	Alarm_bell_ringing	Blender	Cat	Dishes	Dog	Electric_shaver_toothbrush	Frying	Running_water	Speech	Vacuum_cleaner
0.0	0.064	0.0003615386667661369	0.000728265498764813	0.00243474543094635	0.0025968020781874657	0.0014059392269700766	0.00019097296171821654	0.0029003305826336145	0.15601228177547455	0.0042046126909554005	0.0012667110422626138
0.064	0.128	0.0003645024844445288	0.000728265498764813	0.0024945330806076527	0.0027414527721703053	0.0015384209109470248	0.00019097296171821654	0.0029003305826336145	0.15601228177547455	0.004744317382574081	0.0012667110422626138
0.128	0.192	0.00041919606155715883	0.0010214458452537656	0.0031821492593735456	0.0027414527721703053	0.0015384209109470248	0.0003002648882102221	0.0036103397142142057	0.3591809868812561	0.005680005997419357	0.001467124791815877
0.192	0.256	0.0003645024844445288	0.0015549702802672982	0.002727716928347945	0.0038035581819713116	0.0018153829732909799	0.0005880920216441154	0.004274785052984953	0.7560674548149109	0.005680005997419357	0.00154376239515841
0.256	0.32	0.0003615386667661369	0.00390910217538476	0.0027092278469353914	0.0038035581819713116	0.002473618136718869	0.0007374499691650271	0.004274785052984953	0.9562879800796509	0.0065210782922804356	0.00154376239515841
0.32	0.384	0.0003530062094796449	0.00390910217538476	0.0027092278469353914	0.0038035581819713116	0.002473618136718869	0.0007374499691650271	0.004274785052984953	0.9849430322647095	0.007854755036532879	0.00154376239515841
0.384	0.448	0.0003530062094796449	0.00390910217538476	0.0027092278469353914	0.0038035581819713116	0.002473618136718869	0.0007374499691650271	0.004274785052984953	0.9872992634773254	0.008006622083485126	0.00154376239515841
0.448	0.512	0.0003464565088506788	0.00390910217538476	0.0027092278469353914	0.0037137435283511877	0.002473618136718869	0.0007374499691650271	0.004193214699625969	0.9891027212142944	0.008258421905338764	0.0011310309637337923
0.512	0.576	0.0003464565088506788	0.0024640944320708513	0.0027001872658729553	0.003177155740559101	0.0020760924089699984	0.0005811650771647692	0.00357015966437757	0.9911085367202759	0.009296643547713757	0.0008149546338245273
