onset	offset	Alarm_bell_ringing	Blender	Cat	Dishes	Dog	Electric_shaver_toothbrush	Frying	Running_water	Speech	Vacuum_cleaner
0.0	0.064	0.0009275440243072808	0.00042578266584314406	0.0009461543522775173	0.00265399063937366	0.0008619869477115571	0.0002469713508617133	0.00021721549273934215	0.005704460199922323	0.0042683701030910015	0.0003633014566730708
0.064	0.128	0.0009006534819491208	0.00042578266584314406	0.0009461543522775173	0.00265399063937366	0.0008619869477115571	0.0002706114901229739	0.00021721549273934215	0.005704460199922323	0.004788717720657587	0.0003633014566730708
0.128	0.192	0.0009006534819491208	0.0003835046954918653	0.0009461543522775173	0.0026599119883030653	0.0008619869477115571	0.0002706114901229739	0.00016434882127214223	0.005704460199922323	0.004788717720657587	0.00032810564152896404
0.192	0.256	0.0008360432693734765	0.0003830728237517178	0.0009387558093294501	0.0026599119883030653	0.0008154289098456502	0.0002469713508617133	0.00013160580419935286	0.005704460199922323	0.0042683701030910015	0.00027792176115326583
0.256	0.32	0.0007134134648367763	0.00037819493445567787	0.0008965642773546278	0.0026599119883030653	0.0007206859299913049	0.00022082836949266493	0.0001307596976403147	0.0055577438324689865	0.00403076596558094	0.00024408056924585253
0.32	0.384	0.0005228082882240415	0.0003383771108929068	0.0007114822510629892	0.0026599119883030653	0.0006311604520305991	0.00020217610290274024	0.000129703403217718	0.005037215072661638	0.003452635370194912	0.0002415002090856433
0.384	0.448	0.00037340400740504265	0.00025147409178316593	0.0007114822510629892	0.0026599119883030653	0.0006311604520305991	0.00020217610290274024	0.00012673907622229308	0.00449657766148448	0.003452635370194912	0.00023953722848091274
0.448	0.512	0.00037340400740504265	0.00025147409178316593	0.0007114822510629892	0.0026599119883030653	0.0006311604520305991	0.00020217610290274024	0.00011154986714245752	0.004388292785733938	0.003452635370194912	0.00021008148905821145
0.512	0.576	0.00037340400740504265	0.00025147409178316593	0.0007114822510629892	0.0026599119883030653	0.0006311604520305991	0.00020217610290274024	0.00011104722216259688	0.004388292785733938	0.003452635370194912	0.00018982181791216135
