onset	offset	Alarm_bell_ringing	Blender	Cat	Dishes	Dog	Electric_shaver_toothbrush	Frying	Running_water	Speech	Vacuum_cleaner
0.0	0.064	0.0024198717437684536	0.0024492095690220594	0.003877692623063922	0.0023941872641444206	0.005057194735854864	0.004215267486870289	0.015359874814748764	0.9623562097549438	0.004723892081528902	0.0527985654771328
0.064	0.128	0.0024198717437684536	0.0024492095690220594	0.003877692623063922	0.0023941872641444206	0.005057194735854864	0.004215267486870289	0.014456179924309254	0.9623562097549438	0.004723892081528902	0.0527985654771328
0.128	0.192	0.0020053114276379347	0.002135307528078556	0.0037600835785269737	0.00212968816049397	0.0043982877396047115	0.004012015648186207	0.014456179924309254	0.9637067914009094	0.0044443439692258835	0.06039488688111305
0.192	0.256	0.0016811874229460955	0.0020891448948532343	0.003713004058226943	0.0019103813683614135	0.004336674697697163	0.0040049864910542965	0.014380078762769699	0.9677074551582336	0.0041883052326738834	0.0645347312092781
0.256	0.32	0.0016475478187203407	0.0018720609368756413	0.0036441527772694826	0.001741644344292581	0.004294905811548233	0.0038881348446011543	0.013291661627590656	0.9705498814582825	0.0040213013999164104	0.0645347312092781
0.32	0.384	0.0015779952518641949	0.0017231445526704192	0.0033723560627549887	0.001631889957934618	0.004065964836627245	0.0037981888744980097	0.01222019549459219	0.9705765843391418	0.004015772603452206	0.0645347312092781
0.384	0.448	0.0014325474621728063	0.0016229207394644618	0.0030290931463241577	0.0015707517741248012	0.003702570917084813	0.0037981888744980097	0.011490873992443085	0.9705765843391418	0.003998561296612024	0.0645347312092781
0.448	0.512	0.0013477394822984934	0.001559098600409925	0.0028010776732116938	0.0015248327981680632	0.0034524109214544296	0.003750803181901574	0.010955148376524448	0.9705765843391418	0.003998561296612024	0.06375733017921448
0.512	0.576	0.0012907418422400951	0.001506639993749559	0.0026294421404600143	0.0014939159154891968	0.0032536631915718317	0.0037363944575190544	0.010420634411275387	0.9707837104797363	0.004015772603452206	0.06324136257171631
