onset	offset	Alarm_bell_ringing	Blender	Cat	Dishes	Dog	Electric_shaver_toothbrush	Frying	Running_water	Speech	Vacuum_cleaner
0.0	0.064	0.002379045821726322	0.01287580281496048	0.002639344660565257	0.001451279385946691	0.0035960450768470764	0.10975641012191772	0.007810262497514486	0.34218829870224	0.01201796717941761	0.049928970634937286
0.064	0.128	0.002379045821726322	0.01287580281496048	0.0029726542998105288	0.001451279385946691	0.004192137625068426	0.10975641012191772	0.007866290397942066	0.34218829870224	0.01201796717941761	0.049928970634937286
0.128	0.192	0.0028063596691936255	0.014153771102428436	0.003326339880004525	0.0013192803598940372	0.004786774981766939	0.13406692445278168	0.007866290397942066	0.5399105548858643	0.014312214218080044	0.061014462262392044
0.192	0.256	0.0025750852655619383	0.01540579367429018	0.003326339880004525	0.0013192803598940372	0.0044643026776611805	0.164276584982872	0.008198092691600323	0.6844621896743774	0.017088256776332855	0.06900851428508759
0.256	0.32	0.002379045821726322	0.016109630465507507	0.0029726542998105288	0.0013192803598940372	0.004192137625068426	0.16827362775802612	0.00871558953076601	0.7908515930175781	0.020131777971982956	0.08198079466819763
0.32	0.384	0.002202468691393733	0.016109630465507507	0.0029726542998105288	0.0013192803598940372	0.004192137625068426	0.17361921072006226	0.010946967639029026	0.8412438035011292	0.020131777971982956	0.08198079466819763
0.384	0.448	0.002202468691393733	0.01540579367429018	0.0029726542998105288	0.0013518620980903506	0.004192137625068426	0.18061473965644836	0.010946967639029026	0.8480367064476013	0.020131777971982956	0.0819893330335617
0.448	0.512	0.002113131806254387	0.014153771102428436	0.0026130536571145058	0.0013781716115772724	0.0036473991349339485	0.19037888944149017	0.010946967639029026	0.851499080657959	0.020131777971982956	0.0819893330335617
0.512	0.576	0.0017147990874946117	0.013615359552204609	0.0019083732040598989	0.0013799703447148204	0.002922309096902609	0.19806790351867676	0.010946967639029026	0.8587296605110168	0.018096713349223137	0.08198079466819763
