onset	offset	Alarm_bell_ringing	Blender	Cat	Dishes	Dog	Electric_shaver_toothbrush	Frying	Running_water	Speech	Vacuum_cleaner
0.0	0.064	0.0008083100547082722	0.00034467061050236225	0.004986706655472517	0.0012020024005323648	0.0013643346028402448	0.000464723096229136	0.0010365763446316123	0.0015921179438009858	0.001940470770932734	0.0060765547677874565
0.064	0.128	0.0008083100547082722	0.00034467061050236225	0.004986706655472517	0.0012020024005323648	0.0013643346028402448	0.000464723096229136	0.0010365763446316123	0.0015921179438009858	0.001940470770932734	0.0060765547677874565
0.128	0.192	0.0006621109205298126	0.00034467061050236225	0.004648142494261265	0.0010141663951799273	0.0011868254514411092	0.00043287838343530893	0.001004350371658802	0.0015921179438009858	0.0017119584372267127	0.0060765547677874565
0.192	0.256	0.0006290879100561142	0.00033926343894563615	0.0033850055187940598	0.0009013960370793939	0.0010231462074443698	0.0004096692427992821	0.0009129816316999495	0.0015834642108529806	0.0016742325387895107	0.006057984195649624
0.256	0.32	0.0005999620188958943	0.0003364308795426041	0.0032434684690088034	0.0008888815646059811	0.0010060736676678061	0.0004096692427992821	0.0008937350939959288	0.0015240830834954977	0.0016655379440635443	0.005156197585165501
0.32	0.384	0.0005772672011516988	0.0003118861932307482	0.0032434684690088034	0.0008872505859471858	0.0010060736676678061	0.0004096692427992821	0.0008937350939959288	0.0015126552898436785	0.001659211702644825	0.004293989855796099
0.384	0.448	0.0005599865689873695	0.00030394576606340706	0.0032434684690088034	0.0008733727154321969	0.0010060736676678061	0.0004096692427992821	0.0008937350939959288	0.001520970487035811	0.001642861869186163	0.003984159789979458
0.448	0.512	0.0005450669559650123	0.0002966308093164116	0.0032434684690088034	0.0008718888275325298	0.0010060736676678061	0.00041069879080168903	0.0008937350939959288	0.001520970487035811	0.001642861869186163	0.0038949374575167894
0.512	0.576	0.000534286315087229	0.0002842918038368225	0.003578198840841651	0.0008665687055326998	0.0011531354393810034	0.0004178758535999805	0.0009155692532658577	0.001520970487035811	0.0016581725794821978	0.003715640166774392
