onset	offset	Alarm_bell_ringing	Blender	Cat	Dishes	Dog	Electric_shaver_toothbrush	Frying	Running_water	Speech	Vacuum_cleaner
0.0	0.064	0.002510634483769536	0.0012223963858559728	0.008936611004173756	0.00854073278605938	0.003905652090907097	0.0006802259013056755	0.3713470995426178	0.4461219608783722	0.010759242810308933	0.005290580447763205
0.064	0.128	0.002510634483769536	0.0012223963858559728	0.008936611004173756	0.00854073278605938	0.003925000317394733	0.0006802259013056755	0.3713470995426178	0.4461219608783722	0.010759242810308933	0.005290580447763205
0.128	0.192	0.0014338332694023848	0.0009663237724453211	0.008936611004173756	0.007657188456505537	0.004407838452607393	0.0005332352011464536	0.4317336082458496	0.36111316084861755	0.008643143810331821	0.003773190313950181
0.192	0.256	0.001108106691390276	0.000827174517326057	0.008936611004173756	0.0072821760550141335	0.004407838452607393	0.00046401284635066986	0.4671161472797394	0.33231428265571594	0.007992405444383621	0.003134099766612053
0.256	0.32	0.0009370377520099282	0.000735567242372781	0.008936611004173756	0.006458727177232504	0.004389649257063866	0.0004136465722694993	0.5012648105621338	0.3118923008441925	0.007778713945299387	0.0025753509253263474
0.32	0.384	0.0008399119833484292	0.0006491609965451062	0.009296011179685593	0.005559209734201431	0.004389649257063866	0.0003738421364687383	0.5306703448295593	0.29121625423431396	0.0076494282111525536	0.0022425244096666574
0.384	0.448	0.0007939506904222071	0.000571850745473057	0.009296011179685593	0.005156877916306257	0.004389649257063866	0.0003466659691184759	0.5595499873161316	0.2816416621208191	0.006923307199031115	0.002008686773478985
0.448	0.512	0.0007555283955298364	0.0005022869445383549	0.009808302856981754	0.004757956136018038	0.004389649257063866	0.0003230752772651613	0.5820164084434509	0.27877599000930786	0.006212545558810234	0.001814014744013548
0.512	0.576	0.00072539719985798	0.0004366868524812162	0.009845523163676262	0.004324653185904026	0.0037192939780652523	0.00029477328644134104	0.5954139828681946	0.2692132294178009	0.005566635634750128	0.0017358200857415795
