onset	offset	Alarm_bell_ringing	Blender	Cat	Dishes	Dog	Electric_shaver_toothbrush	Frying	Running_water	Speech	Vacuum_cleaner
0.0	0.064	0.0021560334134846926	0.0023835510946810246	0.0018942424794659019	0.003610140411183238	0.003000958589836955	0.0016452607233077288	0.0011140390997752547	0.9861987829208374	0.008863333612680435	0.0006479194853454828
0.064	0.128	0.0021560334134846926	0.0023835510946810246	0.0018942424794659019	0.003610140411183238	0.003000958589836955	0.0016452607233077288	0.0011140390997752547	0.9861987829208374	0.008863333612680435	0.0006479194853454828
0.128	0.192	0.0018491483060643077	0.0019070638809353113	0.0014421137748286128	0.0027559050358831882	0.002319291001185775	0.0013718694681301713	0.0007651037885807455	0.9899734258651733	0.00809783861041069	0.00045398971997201443
0.192	0.256	0.0015887583140283823	0.00168042560108006	0.0013692883076146245	0.0022279031109064817	0.00230284221470356	0.0012993779964745045	0.0006716243806295097	0.9916794896125793	0.007579619064927101	0.00039865099824965
0.256	0.32	0.0014103557914495468	0.0015307085122913122	0.0013067723484709859	0.0020825108513236046	0.002145075472071767	0.0012402458814904094	0.0006147320382297039	0.9922699928283691	0.007579619064927101	0.0003896144626196474
0.32	0.384	0.0012558844173327088	0.0014397084014490247	0.0012322982074692845	0.0019683234859257936	0.00197268882766366	0.0011592474766075611	0.0005850577144883573	0.9925321936607361	0.007579619064927101	0.00037910923128947616
0.384	0.448	0.0011352899018675089	0.0013571518938988447	0.0011848848080262542	0.0018864262383431196	0.0018431163625791669	0.0010917613981291652	0.00058319594245404	0.9927767515182495	0.007579619064927101	0.00036826281575486064
0.448	0.512	0.0010403046617284417	0.001280563184991479	0.0011580102145671844	0.0018166949739679694	0.0017803997034206986	0.0010367132490500808	0.00058319594245404	0.993073046207428	0.007872255519032478	0.0003577976895030588
0.512	0.576	0.0009632987203076482	0.001203437801450491	0.0011263663182035089	0.0018166949739679694	0.0017146741738542914	0.0009863118175417185	0.00058319594245404	0.9933456182479858	0.008180690929293633	0.00034859278821386397
