onset	offset	Alarm_bell_ringing	Blender	Cat	Dishes	Dog	Electric_shaver_toothbrush	Frying	Running_water	Speech	Vacuum_cleaner
0.0	0.064	0.004599112551659346	0.001167107606306672	0.01673363707959652	0.03039783611893654	0.0033886267337948084	0.0031679586973041296	0.011220734566450119	0.0038367565721273422	0.6386069655418396	0.015517664141952991
0.064	0.128	0.004599112551659346	0.001167107606306672	0.01673363707959652	0.028861669823527336	0.0033886267337948084	0.0031679586973041296	0.011220734566450119	0.0038367565721273422	0.6386069655418396	0.01687690243124962
0.128	0.192	0.004270585719496012	0.0008955661905929446	0.014928324148058891	0.028861669823527336	0.0034126832615584135	0.0030009655747562647	0.010532370768487453	0.003662572242319584	0.718132734298706	0.017837874591350555
0.192	0.256	0.0036724042147397995	0.0007541094673797488	0.010066475719213486	0.02360011823475361	0.0034126832615584135	0.0030009655747562647	0.010532370768487453	0.003662572242319584	0.7667999267578125	0.017837874591350555
0.256	0.32	0.003668330842629075	0.0007541094673797488	0.010066475719213486	0.02360011823475361	0.0034126832615584135	0.0030009655747562647	0.010532370768487453	0.003662572242319584	0.7667999267578125	0.01763083226978779
0.32	0.384	0.003668330842629075	0.0007541094673797488	0.010066475719213486	0.02360011823475361	0.003458166029304266	0.0030009655747562647	0.010532370768487453	0.003662572242319584	0.7667999267578125	0.01763083226978779
0.384	0.448	0.003668330842629075	0.0007541094673797488	0.010066475719213486	0.02360011823475361	0.003866484621539712	0.0029268404468894005	0.01170060969889164	0.004160923883318901	0.7667999267578125	0.01763083226978779
0.448	0.512	0.003668330842629075	0.0008226943900808692	0.012347562238574028	0.03064187429845333	0.004367133602499962	0.0029268404468894005	0.012005630880594254	0.005377919413149357	0.760134756565094	0.01763083226978779
0.512	0.576	0.00387458479963243	0.001068892190232873	0.019601408392190933	0.051790036261081696	0.004821469075977802	0.0029268404468894005	0.01200888305902481	0.006730466615408659	0.7407166957855225	0.016434581950306892
