onset	offset	Alarm_bell_ringing	Blender	Cat	Dishes	Dog	Electric_shaver_toothbrush	Frying	Running_water	Speech	Vacuum_cleaner
0.0	0.064	0.9270603060722351	0.0019462829222902656	0.0035236726980656385	0.005372550338506699	0.004222311079502106	0.00025187336723320186	0.0011517938692122698	0.005017960909754038	0.0029839351773262024	0.0017111948691308498
0.064	0.128	0.9270603060722351	0.0019462829222902656	0.003060258226469159	0.005372550338506699	0.004222311079502106	0.0002207334473496303	0.0011517938692122698	0.005017960909754038	0.0029839351773262024	0.0017111948691308498
0.128	0.192	0.9667327404022217	0.0013734055683016777	0.003060258226469159	0.0040753246285021305	0.004139835946261883	0.0002207334473496303	0.0006745121791027486	0.004263158887624741	0.0029839351773262024	0.0009598658652976155
0.192	0.256	0.9797835350036621	0.0008709601825103164	0.002536734798923135	0.0023864530958235264	0.0028463478665798903	0.00020075785869266838	0.00029936106875538826	0.002906371373683214	0.0029839351773262024	0.0004216964589431882
0.256	0.32	0.9844759106636047	0.0007223165011964738	0.0018280221847817302	0.0017798463813960552	0.002156648086383939	0.00016623997362330556	0.0002041544794337824	0.00208107172511518	0.0029839351773262024	0.0002705513616092503
0.32	0.384	0.9869829416275024	0.0007213097414933145	0.0015446932520717382	0.0015401886776089668	0.0018674395978450775	0.00015188855468295515	0.00018481150618754327	0.0017313582357019186	0.0030474900268018246	0.00022324430756270885
0.384	0.448	0.9877089262008667	0.0006874107639305294	0.0013137181522324681	0.00138793361838907	0.0017170404316857457	0.00013847653463017195	0.0001755829289322719	0.0015295540215447545	0.0031140788923949003	0.0002013442717725411
0.448	0.512	0.9881254434585571	0.0006773107452318072	0.0011795582249760628	0.0012977231526747346	0.0016686114249750972	0.000131030916236341	0.0001712526718620211	0.0014320394257083535	0.0032596737146377563	0.0001892927975859493
0.512	0.576	0.9883583188056946	0.0006108201923780143	0.001043530646711588	0.0012136936420574784	0.0016022559721022844	0.0001195949298562482	0.00016203513951040804	0.001315732253715396	0.0032603214494884014	0.00017888224101625383
