onset	offset	Alarm_bell_ringing	Blender	Cat	Dishes	Dog	Electric_shaver_toothbrush	Frying	Running_water	Speech	Vacuum_cleaner
0.0	0.064	0.0014123356668278575	0.41299235820770264	0.0013832018012180924	0.03369111567735672	0.0022216537036001682	0.006109578534960747	0.00675725843757391	0.0013882502680644393	0.008614549413323402	0.11556852608919144
0.064	0.128	0.0014123356668278575	0.41299235820770264	0.0013832018012180924	0.03369111567735672	0.0021084093023091555	0.006109578534960747	0.00675725843757391	0.001284061698243022	0.008141503669321537	0.11556852608919144
0.128	0.192	0.0009292796021327376	0.7131451964378357	0.0007257394609041512	0.03369111567735672	0.0021084093023091555	0.0031350089702755213	0.004084402229636908	0.001284061698243022	0.008141503669321537	0.08663428574800491
0.192	0.256	0.0008549058111384511	0.7441262006759644	0.0004949402064085007	0.03369111567735672	0.0014304262585937977	0.0020987160969525576	0.003742908826097846	0.00117788917850703	0.007818754762411118	0.05969439446926117
0.256	0.32	0.0007969383150339127	0.7441262006759644	0.00037198959034867585	0.03369111567735672	0.0008511506021022797	0.0011343704536557198	0.0035282401368021965	0.0007136170752346516	0.006479352246969938	0.04782344028353691
0.32	0.384	0.0007025288650766015	0.7441262006759644	0.00033480513957329094	0.013339009135961533	0.0005605159676633775	0.0006166344392113388	0.003526630811393261	0.0004407219821587205	0.005872034467756748	0.03335227072238922
0.384	0.448	0.00055651122238487	0.7441262006759644	0.00033480513957329094	0.008594040758907795	0.0004259136039763689	0.0005172815872356296	0.003526630811393261	0.0003842547012027353	0.00534435361623764	0.03335227072238922
0.448	0.512	0.00052731076721102	0.7244687676429749	0.00033480513957329094	0.007526308298110962	0.00038519801455549896	0.0004944672691635787	0.0035282401368021965	0.00037707010051235557	0.004908278584480286	0.03335227072238922
0.512	0.576	0.0005103243165649474	0.698363721370697	0.00033480513957329094	0.007526308298110962	0.0003663844836410135	0.0004932444426231086	0.0035584201104938984	0.00037707010051235557	0.004453972913324833	0.03335227072238922
