onset	offset	Alarm_bell_ringing	Blender	Cat	Dishes	Dog	Electric_shaver_toothbrush	Frying	Running_water	Speech	Vacuum_cleaner
0.0	0.064	0.008761966601014137	0.023610394448041916	0.0016745602479204535	0.006209708284586668	0.0028797113336622715	0.9204508662223816	0.013639464974403381	0.00669304421171546	0.005882810801267624	0.022073931992053986
0.064	0.128	0.008761966601014137	0.023610394448041916	0.0016745602479204535	0.006209708284586668	0.0028797113336622715	0.9204508662223816	0.013639464974403381	0.00669304421171546	0.005882810801267624	0.022073931992053986
0.128	0.192	0.008465823717415333	0.021762249991297722	0.0016124661779031157	0.005620175041258335	0.0028309596236795187	0.9367005825042725	0.011355052702128887	0.005946766585111618	0.005070234648883343	0.01870875060558319
0.192	0.256	0.008465823717415333	0.016757026314735413	0.0014522264245897532	0.005618043709546328	0.002693098271265626	0.9480426907539368	0.010444213636219501	0.0054741655476391315	0.004828898701816797	0.01665996015071869
0.256	0.32	0.008465823717415333	0.012355810962617397	0.0013622604310512543	0.005491104908287525	0.0025301531422883272	0.9570052027702332	0.00994714256376028	0.004839774686843157	0.004596033599227667	0.013451223261654377
0.32	0.384	0.008465823717415333	0.009800964966416359	0.001278865267522633	0.005396230146288872	0.0025301531422883272	0.9622125029563904	0.009617483243346214	0.004410827066749334	0.0045441375114023685	0.011131400242447853
0.384	0.448	0.008512255735695362	0.008451275527477264	0.0012222728691995144	0.005374925676733255	0.0025301531422883272	0.964883029460907	0.00937709677964449	0.004172708373516798	0.004529876168817282	0.009858217090368271
0.448	0.512	0.009057672694325447	0.007635816000401974	0.0012217281619086862	0.0052100177854299545	0.0025301531422883272	0.9668324589729309	0.009226384572684765	0.003965088166296482	0.004472528584301472	0.009039416909217834
0.512	0.576	0.009057672694325447	0.007168623618781567	0.0012118251761421561	0.004942328669130802	0.0024757664650678635	0.9682667255401611	0.009104125201702118	0.0038265897892415524	0.004317767918109894	0.008772497065365314
