onset	offset	Alarm_bell_ringing	Blender	Cat	Dishes	Dog	Electric_shaver_toothbrush	Frying	Running_water	Speech	Vacuum_cleaner
0.0	0.064	0.003157857106998563	0.0015981408068910241	0.0014829928986728191	0.003520016558468342	0.0015218259068205953	0.985438346862793	0.0027892349753528833	0.0053856708109378815	0.004404769279062748	0.0057700639590620995
0.064	0.128	0.003157857106998563	0.0015981408068910241	0.0015809505712240934	0.003520016558468342	0.0015218259068205953	0.985438346862793	0.0027892349753528833	0.0053856708109378815	0.004404769279062748	0.0057700639590620995
0.128	0.192	0.00285060191527009	0.0011279977625235915	0.0016387930372729897	0.0028627614956349134	0.0013247000752016902	0.9877977967262268	0.0023063207045197487	0.004498642403632402	0.003975727595388889	0.004413263406604528
0.192	0.256	0.0025517132598906755	0.0009362783166579902	0.0016387930372729897	0.0024780321400612593	0.001310933381319046	0.9888498187065125	0.0021071063820272684	0.0038955274503678083	0.003975727595388889	0.00381561741232872
0.256	0.32	0.002425816375762224	0.0008188507054001093	0.0015809505712240934	0.0022022579796612263	0.0012780659599229693	0.9894271492958069	0.0019630184397101402	0.003533346811309457	0.003975727595388889	0.003414564998820424
0.32	0.384	0.0023596438113600016	0.0007610045140609145	0.0015809505712240934	0.0020260128658264875	0.00124094367492944	0.9898931384086609	0.0018764302367344499	0.0033240497577935457	0.003975727595388889	0.0031127571128308773
0.384	0.448	0.002199576236307621	0.0007092808955349028	0.0015809505712240934	0.0018969011725857854	0.001179252634756267	0.9901256561279297	0.0017765065422281623	0.003196009900420904	0.003996031824499369	0.002807742217555642
0.448	0.512	0.0020569690968841314	0.0006658831262029707	0.001541360979899764	0.0017895543714985251	0.0011175855761393905	0.9902511835098267	0.001681172871030867	0.003095471067354083	0.004105444997549057	0.0025495225563645363
0.512	0.576	0.001979056280106306	0.0006302666151896119	0.0014702162006869912	0.0016807048814371228	0.0010720621794462204	0.9903329014778137	0.0015983027406036854	0.0029877875931560993	0.004157653544098139	0.002343944041058421
