onset	offset	Alarm_bell_ringing	Blender	Cat	Dishes	Dog	Electric_shaver_toothbrush	Frying	Running_water	Speech	Vacuum_cleaner
0.0	0.064	0.002171875210478902	0.002454775385558605	0.0017693418776616454	0.002850788878276944	0.0014704220229759812	0.0014266186626628041	0.0008268360979855061	0.0014579436974599957	0.021236492320895195	0.5466268658638
0.064	0.128	0.002171875210478902	0.002454775385558605	0.0017693418776616454	0.00270835985429585	0.0014704220229759812	0.0014266186626628041	0.0008268360979855061	0.0014579436974599957	0.021236492320895195	0.5466268658638
0.128	0.192	0.0017152954824268818	0.00224399846047163	0.0013194676721468568	0.002667786553502083	0.0009590842528268695	0.0010504418751224875	0.0006073896074667573	0.0014487628359347582	0.021236492320895195	0.4468402862548828
0.192	0.256	0.0014309256803244352	0.0018413186771795154	0.0013194676721468568	0.002667786553502083	0.0009590842528268695	0.0005828705616295338	0.0006073896074667573	0.001306045101955533	0.021236492320895195	0.37783753871917725
0.256	0.32	0.0011188649805262685	0.0018413186771795154	0.0013194676721468568	0.0026437111664563417	0.0009590842528268695	0.0003958400047849864	0.0006073896074667573	0.001306045101955533	0.021236492320895195	0.37783753871917725
0.32	0.384	0.0011188649805262685	0.0018413186771795154	0.0013194676721468568	0.0026437111664563417	0.0009590842528268695	0.0003958400047849864	0.0006073896074667573	0.001306045101955533	0.021433353424072266	0.37783753871917725
0.384	0.448	0.0011188649805262685	0.0018413186771795154	0.001335468259640038	0.0026437111664563417	0.001274868962354958	0.0003958400047849864	0.0006499484297819436	0.001306045101955533	0.06162117049098015	0.37783753871917725
0.448	0.512	0.0011188649805262685	0.0023531701881438494	0.001914442516863346	0.0026437111664563417	0.0016146224224939942	0.0003958400047849864	0.0007794262492097914	0.0016579924849793315	0.5632908344268799	0.3848104178905487
0.512	0.576	0.001709296484477818	0.005341259762644768	0.003935016691684723	0.005064399912953377	0.004061032086610794	0.000972315960098058	0.0009493477991782129	0.0017657661810517311	0.9539424180984497	0.4499172568321228
