onset	offset	Alarm_bell_ringing	Blender	Cat	Dishes	Dog	Electric_shaver_toothbrush	Frying	Running_water	Speech	Vacuum_cleaner
0.0	0.064	0.005671416874974966	0.04265385866165161	0.015057791024446487	0.03012518212199211	0.004994704853743315	0.008359109982848167	0.007024247199296951	0.015459083020687103	0.008308710530400276	0.12779560685157776
0.064	0.128	0.005671416874974966	0.04265385866165161	0.015057791024446487	0.03012518212199211	0.004994704853743315	0.008169547654688358	0.007024247199296951	0.015446873381733894	0.008308710530400276	0.12779560685157776
0.128	0.192	0.005117757711559534	0.04186100512742996	0.014610176905989647	0.024994324892759323	0.0043280236423015594	0.008169547654688358	0.006034140009433031	0.015446873381733894	0.006818084977567196	0.13004809617996216
0.192	0.256	0.004423207137733698	0.039921943098306656	0.01334034651517868	0.01925594173371792	0.003932133782655001	0.008079382590949535	0.005534623749554157	0.015188692137598991	0.0062102703377604485	0.13004809617996216
0.256	0.32	0.0038771843537688255	0.03655749931931496	0.011893670074641705	0.015224924311041832	0.0038221117574721575	0.007498069666326046	0.005128804128617048	0.014636884443461895	0.005862894933670759	0.12915486097335815
0.32	0.384	0.0034217736683785915	0.033847980201244354	0.011625988408923149	0.013074451126158237	0.0037319096736609936	0.007172038313001394	0.004800758790224791	0.01405933778733015	0.005862894933670759	0.12915486097335815
0.384	0.448	0.0030618824530392885	0.032343555241823196	0.011323411948978901	0.01193206012248993	0.0035810561385005713	0.0069660344161093235	0.00460436986759305	0.01353834941983223	0.005833690986037254	0.12915486097335815
0.448	0.512	0.0027774812187999487	0.0315655916929245	0.01076631061732769	0.011272497475147247	0.0033324442338198423	0.006927482318133116	0.00451982906088233	0.013050802052021027	0.005719018634408712	0.12915486097335815
0.512	0.576	0.0025631056632846594	0.031129417940974236	0.01001046970486641	0.010862784460186958	0.003077955450862646	0.006899859756231308	0.00451982906088233	0.012665504589676857	0.005719018634408712	0.1242484599351883
