onset	offset	Alarm_bell_ringing	Blender	Cat	Dishes	Dog	Electric_shaver_toothbrush	Frying	Running_water	Speech	Vacuum_cleaner
0.0	0.064	0.0004899313789792359	0.0018920628353953362	0.0002888418093789369	0.001837251358665526	0.0008348622941412032	0.00015431245265062898	0.0012862588046118617	0.00045738069457001984	0.046184420585632324	0.001778938458301127
0.064	0.128	0.0007490844000130892	0.0019182383548468351	0.0002888418093789369	0.001837251358665526	0.0010011952836066484	0.0002166729245800525	0.0012862588046118617	0.00045738069457001984	0.046184420585632324	0.0017503566341474652
0.128	0.192	0.0008182133897207677	0.0019182383548468351	0.0004836259176954627	0.0018697663908824325	0.0010011952836066484	0.0002166729245800525	0.0011008594883605838	0.0005405633710324764	0.4992159307003021	0.0017503566341474652
0.192	0.256	0.0007490844000130892	0.0020137133542448282	0.0006980181206017733	0.0028659754898399115	0.0018860973650589585	0.00027238900656811893	0.0008767382241785526	0.0005405633710324764	0.9259785413742065	0.0015236950712278485
0.256	0.32	0.0007490844000130892	0.0020137133542448282	0.0006980181206017733	0.0028765336610376835	0.0022594816982746124	0.0002725978847593069	0.0008120137499645352	0.0005405633710324764	0.9622957110404968	0.0014326279051601887
0.32	0.384	0.0007720568682998419	0.0020137133542448282	0.0006980181206017733	0.003039681352674961	0.0023491436149924994	0.0002725978847593069	0.0008120137499645352	0.0005405633710324764	0.9633992314338684	0.0013987128622829914
0.384	0.448	0.0008182133897207677	0.0020137133542448282	0.0006980181206017733	0.0030714659951627254	0.002365232678130269	0.0002725978847593069	0.0008120137499645352	0.0005238980520516634	0.9636290669441223	0.0013962812954559922
0.448	0.512	0.0008925981819629669	0.0018664516974240541	0.0006213843007571995	0.003081978764384985	0.0023916412610560656	0.0002725978847593069	0.0008120137499645352	0.0005143914604559541	0.9636290669441223	0.0013787471689283848
0.512	0.576	0.0008182133897207677	0.0017688678344711661	0.0006114282878115773	0.0030714659951627254	0.002365232678130269	0.0002419313823338598	0.0008552040089853108	0.0004968153079971671	0.9636290669441223	0.001317216781899333
