onset	offset	Alarm_bell_ringing	Blender	Cat	Dishes	Dog	Electric_shaver_toothbrush	Frying	Running_water	Speech	Vacuum_cleaner
0.0	0.064	0.012606280855834484	0.0007539191283285618	0.0007351716049015522	0.0010274461237713695	0.0008450102177448571	0.0009698604699224234	0.0009606796666048467	0.0021211637649685144	0.002572674537077546	0.005103555042296648
0.064	0.128	0.012606280855834484	0.0007539191283285618	0.0007351716049015522	0.0010274461237713695	0.0009383371798321605	0.0009698604699224234	0.0009606796666048467	0.0021211637649685144	0.002572674537077546	0.005103555042296648
0.128	0.192	0.010810032486915588	0.0006756393704563379	0.0006967599620111287	0.0009018291020765901	0.0009408757323399186	0.0009366924059577286	0.0008693611598573625	0.001989882905036211	0.002284708898514509	0.0046137613244354725
0.192	0.256	0.010607588104903698	0.0005966784665361047	0.0005816196789965034	0.0009018291020765901	0.0009408757323399186	0.0009366924059577286	0.0008586212061345577	0.0017125338781625032	0.0021426016464829445	0.0039206440560519695
0.256	0.32	0.010050788521766663	0.0005966784665361047	0.0005788661073893309	0.0009018291020765901	0.0009408757323399186	0.0009366924059577286	0.0008359835483133793	0.0014596669934689999	0.0021116191055625677	0.0038574885111302137
0.32	0.384	0.010050788521766663	0.0005966784665361047	0.0005574596580117941	0.0009018291020765901	0.0009712257888168097	0.0009366924059577286	0.0008224238990806043	0.0014596669934689999	0.002107742242515087	0.003677421947941184
0.384	0.448	0.010050788521766663	0.0005966784665361047	0.0005481803091242909	0.0010522848460823298	0.0009712257888168097	0.001033817883580923	0.0007494393503293395	0.0014596669934689999	0.002107742242515087	0.0036279403138905764
0.448	0.512	0.010050788521766663	0.000609567214269191	0.0004837196902371943	0.0010778228752315044	0.0009712257888168097	0.0010833673877641559	0.0006578135071322322	0.0014596669934689999	0.002107742242515087	0.0034009618684649467
0.512	0.576	0.011683507822453976	0.000609567214269191	0.0004483301308937371	0.001127160037867725	0.0009712257888168097	0.0010861088521778584	0.0005886127473786473	0.0014814056921750307	0.0021116191055625677	0.003508396213874221
