onset	offset	Alarm_bell_ringing	Blender	Cat	Dishes	Dog	Electric_shaver_toothbrush	Frying	Running_water	Speech	Vacuum_cleaner
0.0	0.064	0.0009544187923893332	0.0018760219682008028	0.016073429957032204	0.010156653821468353	0.8143681883811951	0.0016625071875751019	0.004862802568823099	0.006788472179323435	0.014343447051942348	0.00807757955044508
0.064	0.128	0.0009827689500525594	0.0018760219682008028	0.016073429957032204	0.009921030141413212	0.8143681883811951	0.0016045275842770934	0.004862802568823099	0.006788472179323435	0.014343447051942348	0.007758729159832001
0.128	0.192	0.0009827689500525594	0.0018760219682008028	0.017488732933998108	0.009921030141413212	0.8834039568901062	0.0016045275842770934	0.004970933310687542	0.00750909885391593	0.013961794786155224	0.007758729159832001
0.192	0.256	0.0010134256444871426	0.0018760219682008028	0.017488732933998108	0.009530751034617424	0.9019998908042908	0.0014868517173454165	0.005314294248819351	0.00750909885391593	0.013295338489115238	0.0073670316487550735
0.256	0.32	0.0010652762139216065	0.0016988468123599887	0.017488732933998108	0.009530052542686462	0.9033323526382446	0.001281639444641769	0.005314294248819351	0.00750909885391593	0.012470481917262077	0.006374757271260023
0.32	0.384	0.0010652762139216065	0.001641695387661457	0.017488732933998108	0.009186521172523499	0.9041945338249207	0.001028332393616438	0.005314294248819351	0.00750909885391593	0.012338308617472649	0.005361863877624273
0.384	0.448	0.0010914275189861655	0.0016415383433923125	0.01583276316523552	0.008977542631328106	0.9140153527259827	0.0009775664657354355	0.005314294248819351	0.007006306201219559	0.012259184382855892	0.005024104844778776
0.448	0.512	0.001096095540560782	0.001580954296514392	0.014826111495494843	0.008663994260132313	0.9303184747695923	0.0009775664657354355	0.004993610084056854	0.006415829062461853	0.012176615186035633	0.004926216322928667
0.512	0.576	0.001096095540560782	0.0015675940085202456	0.013739154674112797	0.008127295412123203	0.9429701566696167	0.0009775664657354355	0.004682477563619614	0.005842007230967283	0.011687478981912136	0.004846694879233837
