onset	offset	Alarm_bell_ringing	Blender	Cat	Dishes	Dog	Electric_shaver_toothbrush	Frying	Running_water	Speech	Vacuum_cleaner
0.0	0.064	0.002892060438171029	0.02583402954041958	0.012687938287854195	0.0013260981068015099	0.007088644430041313	0.009921249933540821	0.0020958848763257265	0.006363757885992527	0.011814355850219727	0.9059507846832275
0.064	0.128	0.002892060438171029	0.02583402954041958	0.012687938287854195	0.0013260981068015099	0.007088644430041313	0.009921249933540821	0.0020958848763257265	0.006363757885992527	0.011814355850219727	0.9059507846832275
0.128	0.192	0.0019753912929445505	0.024003926664590836	0.012687938287854195	0.001378295593895018	0.010348794981837273	0.009664793498814106	0.001898659742437303	0.006453502457588911	0.015550567768514156	0.9216575622558594
0.192	0.256	0.0014633169630542397	0.017708472907543182	0.012468709610402584	0.001378295593895018	0.010348794981837273	0.00794325303286314	0.00185055797919631	0.006363757885992527	0.015550567768514156	0.93375164270401
0.256	0.32	0.0013788515934720635	0.017122160643339157	0.010331599041819572	0.001378295593895018	0.009768974967300892	0.00792014691978693	0.0018315266352146864	0.006240099668502808	0.014009467326104641	0.9361612796783447
0.32	0.384	0.0012697960482910275	0.015159127302467823	0.009187501855194569	0.001378295593895018	0.009768974967300892	0.006932365242391825	0.0017201907467097044	0.005851178430020809	0.014009467326104641	0.9433191418647766
0.384	0.448	0.0012537367874756455	0.01262601837515831	0.0073125422932207584	0.001378295593895018	0.009768974967300892	0.004930638242512941	0.001707202522084117	0.0047904676757752895	0.014009467326104641	0.943759560585022
0.448	0.512	0.0012260216753929853	0.01176148746162653	0.005440392531454563	0.001378295593895018	0.009768974967300892	0.0038243907038122416	0.0016917726024985313	0.003870733082294464	0.014009467326104641	0.9443047046661377
0.512	0.576	0.0012259018840268254	0.01176148746162653	0.004246284253895283	0.0009210434509441257	0.005852540023624897	0.003161007771268487	0.0016109892167150974	0.0028126395773142576	0.0100406464189291	0.944820761680603
