onset	offset	Alarm_bell_ringing	Blender	Cat	Dishes	Dog	Electric_shaver_toothbrush	Frying	Running_water	Speech	Vacuum_cleaner
0.0	0.064	0.0017773472936823964	0.0028731946367770433	0.0023541185073554516	0.0008601729641668499	0.002379437442868948	0.0015542657347396016	0.00130518211517483	0.003119418164715171	0.008673266507685184	0.9796534776687622
0.064	0.128	0.0017773472936823964	0.0028731946367770433	0.0023541185073554516	0.0009387830505147576	0.002977480413392186	0.0015542657347396016	0.00130518211517483	0.003119418164715171	0.008673266507685184	0.9796534776687622
0.128	0.192	0.0011000963859260082	0.0027073463425040245	0.0019369869260117412	0.000940861355047673	0.0031773035880178213	0.0014256230788305402	0.001110592158511281	0.0027009283658117056	0.007723973598331213	0.9822439551353455
0.192	0.256	0.0008395411423407495	0.0024290692526847124	0.0016370386583730578	0.0009387830505147576	0.0031773035880178213	0.001329427002929151	0.0009651759173721075	0.002535645617172122	0.007135005202144384	0.983244776725769
0.256	0.32	0.00075518898665905	0.002379609504714608	0.0016370386583730578	0.0008601729641668499	0.003565428080037236	0.0012681258376687765	0.0009336894727312028	0.0025346640031784773	0.006750968750566244	0.983755350112915
0.32	0.384	0.00075518898665905	0.0022940647322684526	0.0016370386583730578	0.0008601729641668499	0.003872330766171217	0.0012037885608151555	0.0008921598782762885	0.002471674233675003	0.006569061428308487	0.9844402074813843
0.384	0.448	0.00075518898665905	0.0021843952126801014	0.0016370386583730578	0.0008500965195707977	0.003946293145418167	0.0011586938053369522	0.0008334260783158243	0.0024595872964709997	0.006113273557275534	0.9855029582977295
0.448	0.512	0.00075518898665905	0.002146155573427677	0.001729107229039073	0.000797955843154341	0.004144459962844849	0.0011243802728131413	0.0008247194346040487	0.0024335659109055996	0.005264738574624062	0.986268162727356
0.512	0.576	0.0007613845518790185	0.00213775341399014	0.001729107229039073	0.0007537560304626822	0.004307572729885578	0.0010827616788446903	0.0008160430006682873	0.0024263958912342787	0.004579075612127781	0.986271858215332
