onset	offset	Alarm_bell_ringing	Blender	Cat	Dishes	Dog	Electric_shaver_toothbrush	Frying	Running_water	Speech	Vacuum_cleaner
0.0	0.064	0.0016926819225773215	0.004785594064742327	0.0017589277122169733	0.21595406532287598	0.001073427964001894	0.0005421490641310811	0.24955643713474274	0.0016191246686503291	0.01604704186320305	0.0014791087014600635
0.064	0.128	0.0016926819225773215	0.004785594064742327	0.0017589277122169733	0.21595406532287598	0.001073427964001894	0.0005421490641310811	0.24529758095741272	0.0016191246686503291	0.01604704186320305	0.0014791087014600635
0.128	0.192	0.001375620486214757	0.003744495799764991	0.0015149364480748773	0.1715248078107834	0.0009041365701705217	0.0004993394250050187	0.24006317555904388	0.0013576644705608487	0.012872972525656223	0.0014791087014600635
0.192	0.256	0.0011592054506763816	0.0031564885284751654	0.0013832136755809188	0.10170719027519226	0.0006826921598985791	0.00044968840666115284	0.24006317555904388	0.0011674410197883844	0.008287752978503704	0.001468330156058073
0.256	0.32	0.0008284627110697329	0.002132292138412595	0.0013668733881786466	0.06569848954677582	0.0005517227109521627	0.00044326746137812734	0.23551079630851746	0.0010215002112090588	0.005887726787477732	0.0014492349000647664
0.32	0.384	0.0006153850699774921	0.0014834173489362001	0.0013668733881786466	0.04951554164290428	0.00047146351425908506	0.00043979010661132634	0.22813433408737183	0.0009911899687722325	0.004536335822194815	0.0014492349000647664
0.384	0.448	0.0005080334958620369	0.0013685731682926416	0.0013668733881786466	0.04754546657204628	0.00047146351425908506	0.00043279564124532044	0.22429963946342468	0.0009866796899586916	0.004442453850060701	0.001468330156058073
0.448	0.512	0.0005080334958620369	0.0013685731682926416	0.0013668733881786466	0.04754546657204628	0.00047146351425908506	0.0004281976434867829	0.21928292512893677	0.0009866796899586916	0.004300923086702824	0.0014696255093440413
0.512	0.576	0.0005080334958620369	0.0013685731682926416	0.0015600229380652308	0.04754546657204628	0.00047146351425908506	0.00042642789776436985	0.21172724664211273	0.0009782681008800864	0.004215718246996403	0.0014696255093440413
