onset	offset	Alarm_bell_ringing	Blender	Cat	Dishes	Dog	Electric_shaver_toothbrush	Frying	Running_water	Speech	Vacuum_cleaner
0.0	0.064	0.031493108719587326	0.0025007259100675583	0.0051314812153577805	0.012076565064489841	0.006160995457321405	0.0021749900188297033	0.08063708245754242	0.006468544248491526	0.8442786335945129	0.0039494154043495655
0.064	0.128	0.031493108719587326	0.0024631181731820107	0.005120754707604647	0.012076565064489841	0.006160995457321405	0.0021749900188297033	0.08063708245754242	0.006468544248491526	0.8442786335945129	0.0039494154043495655
0.128	0.192	0.031227072700858116	0.002344106789678335	0.005120754707604647	0.013380523771047592	0.007121826522052288	0.002278105355799198	0.09945471584796906	0.004799510817974806	0.9066213369369507	0.0031918443273752928
0.192	0.256	0.031227072700858116	0.0024631181731820107	0.0051314812153577805	0.013770818710327148	0.007121826522052288	0.002278105355799198	0.10635223984718323	0.004107545129954815	0.9324630498886108	0.002641485771164298
0.256	0.32	0.031227072700858116	0.0024631181731820107	0.005233245436102152	0.013959287665784359	0.007121826522052288	0.0022787058260291815	0.11238860338926315	0.004107545129954815	0.9409211277961731	0.002516461769118905
0.32	0.384	0.031227072700858116	0.0024448272306472063	0.005383017472922802	0.013975217938423157	0.007121826522052288	0.002314124023541808	0.11776465177536011	0.00406249612569809	0.9409211277961731	0.0023602310102432966
0.384	0.448	0.031365055590867996	0.002344106789678335	0.005466766655445099	0.013975217938423157	0.007077175658196211	0.0023441356606781483	0.12800776958465576	0.0038926268462091684	0.9409211277961731	0.0021932912059128284
0.448	0.512	0.031365055590867996	0.002311012940481305	0.005466766655445099	0.014172112569212914	0.005978929810225964	0.002438145922496915	0.13313348591327667	0.003845326602458954	0.9409211277961731	0.0019505324307829142
0.512	0.576	0.031365055590867996	0.002293960889801383	0.005466766655445099	0.01463280152529478	0.004320044070482254	0.0024775040801614523	0.13981525599956512	0.0035701424349099398	0.9262529611587524	0.0017953807255253196
