onset	offset	Alarm_bell_ringing	Blender	Cat	Dishes	Dog	Electric_shaver_toothbrush	Frying	Running_water	Speech	Vacuum_cleaner
0.0	0.064	0.005700164008885622	0.00037171770236454904	0.0004951048758812249	0.0006442502490244806	0.0007235072553157806	0.0001744754408719018	0.0002667732478585094	0.0012039737775921822	0.0036821789108216763	0.0008330259006470442
0.064	0.128	0.005700164008885622	0.00037171770236454904	0.0004951048758812249	0.0006442502490244806	0.0007235072553157806	0.0001744754408719018	0.0002667732478585094	0.0012039737775921822	0.0036821789108216763	0.0008330259006470442
0.128	0.192	0.005350564140826464	0.00032385363010689616	0.0004430431581567973	0.0005138354608789086	0.0007235072553157806	0.00015856498794164509	0.00025572709273546934	0.0011524156434461474	0.003149982076138258	0.0007650334155187011
0.192	0.256	0.004665766842663288	0.0002838622604031116	0.0004403381608426571	0.00044132466427981853	0.000717357499524951	0.00014864148397464305	0.00023104889260139316	0.0010693692602217197	0.00300207850523293	0.0006902552559040487
0.256	0.32	0.0031106462702155113	0.00024644352379254997	0.00043041491881012917	0.0003734684723895043	0.0006481335149146616	0.0001405233924742788	0.0001998182706302032	0.0009377794922329485	0.002987480955198407	0.0005874886410310864
0.32	0.384	0.0031106462702155113	0.0002196065615862608	0.00043014646507799625	0.0003734684723895043	0.0006481335149146616	0.0001405233924742788	0.00016944062372203916	0.0008312611607834697	0.002987480955198407	0.0004911616561003029
0.384	0.448	0.0031106462702155113	0.0002094964002026245	0.00043014646507799625	0.0003734684723895043	0.0006481335149146616	0.0001405233924742788	0.0001651906204642728	0.0007784954505041242	0.002987480955198407	0.0004334723635111004
0.448	0.512	0.0031106462702155113	0.0002094964002026245	0.00043014646507799625	0.0003734684723895043	0.0006481335149146616	0.0001405233924742788	0.00016506182146258652	0.0007781746098771691	0.002987480955198407	0.00039966509211808443
0.512	0.576	0.0037722422275692225	0.0002094964002026245	0.00043014646507799625	0.0003813994990196079	0.0007102170493453741	0.00014184472092892975	0.0001600276882527396	0.0007694044033996761	0.0030840879771858454	0.00038608716567978263
