onset	offset	Alarm_bell_ringing	Blender	Cat	Dishes	Dog	Electric_shaver_toothbrush	Frying	Running_water	Speech	Vacuum_cleaner
0.0	0.064	0.0001971667807083577	0.000165093457326293	0.0054288096725940704	0.0011010587913915515	0.0005553878145292401	0.0001360053283860907	0.001137852668762207	0.0010938758496195078	0.0015400955453515053	0.0012087845243513584
0.064	0.128	0.0001971667807083577	0.000165093457326293	0.0054288096725940704	0.0011010587913915515	0.0005553878145292401	0.0001360053283860907	0.001137852668762207	0.0010938758496195078	0.0015400955453515053	0.0012087845243513584
0.128	0.192	0.00018474069656804204	0.0001431020355084911	0.005282511003315449	0.0009762992267496884	0.0005274296272546053	0.00011935078509850428	0.0010782270692288876	0.0010215158108621836	0.0013722687726840377	0.0010732837254181504
0.192	0.256	0.00018395356892142445	0.00013631083129439503	0.005145861301571131	0.0009230130235664546	0.0005274296272546053	0.00011310941772535443	0.0010398790473118424	0.000986614846624434	0.00130856828764081	0.0009867883054539561
0.256	0.32	0.0001826650695875287	0.00013425796350929886	0.005099262110888958	0.0008766496321186423	0.0005274296272546053	0.00010989583824994043	0.0009867680491879582	0.0009373234934173524	0.00130856828764081	0.0009025029139593244
0.32	0.384	0.00018228647240903229	0.00013425796350929886	0.005099262110888958	0.0008478407398797572	0.0005274296272546053	0.0001065777541953139	0.0009241473744623363	0.0009030005312524736	0.00130856828764081	0.0008448137668892741
0.384	0.448	0.00018228647240903229	0.00013425796350929886	0.005145861301571131	0.0008478407398797572	0.0005291876150295138	0.00010226133599644527	0.0008776157628744841	0.0008675737190060318	0.00130856828764081	0.0007835160940885544
0.448	0.512	0.00018228647240903229	0.00013425796350929886	0.005145861301571131	0.0008478407398797572	0.0005531238857656717	0.00010226133599644527	0.000848655472509563	0.0008675737190060318	0.00132310192566365	0.0007313242531381547
0.512	0.576	0.00018228647240903229	0.0001425341615686193	0.00502770533785224	0.0008478407398797572	0.0006060257437638938	0.00010226133599644527	0.0008133673691190779	0.0008675737190060318	0.0014804410748183727	0.0006691358285024762
