onset	offset	Alarm_bell_ringing	Blender	Cat	Dishes	Dog	Electric_shaver_toothbrush	Frying	Running_water	Speech	Vacuum_cleaner
0.0	0.064	0.00037740363040938973	0.0005809089634567499	0.018760671839118004	0.0015240998473018408	0.48600834608078003	0.00040558655746281147	0.0011056404327973723	0.003864881582558155	0.12457465380430222	0.002280130749568343
0.064	0.128	0.00037740363040938973	0.0006066978676244617	0.018760671839118004	0.0015240998473018408	0.46346116065979004	0.00040558655746281147	0.0011056404327973723	0.003864881582558155	0.12457465380430222	0.002280130749568343
0.128	0.192	0.00036779060610570014	0.0006066978676244617	0.020302899181842804	0.001248523243702948	0.3651196360588074	0.0002878447121474892	0.0007180380052886903	0.0026221093721687794	0.13329358398914337	0.0013675021473318338
0.192	0.256	0.00035085645504295826	0.0005809089634567499	0.020302899181842804	0.0012194825103506446	0.3651196360588074	0.00023639691062271595	0.000598923594225198	0.001859226729720831	0.14094215631484985	0.0009545169887132943
0.256	0.32	0.00032831463613547385	0.0005269956891424954	0.020302899181842804	0.0011077779345214367	0.3651196360588074	0.000224015093408525	0.0004514022439252585	0.0015689176507294178	0.14175738394260406	0.000870951043907553
0.32	0.384	0.00032831463613547385	0.0005059643881395459	0.028176376596093178	0.0010417844168841839	0.25576215982437134	0.00020006857812404633	0.0003706818970385939	0.0013471845304593444	0.14175738394260406	0.0007826884393580258
0.384	0.448	0.00032831463613547385	0.00045089845662005246	0.03353293985128403	0.0007223006105050445	0.15974172949790955	0.0001608877064427361	0.00030322305974550545	0.0012292559258639812	0.14175738394260406	0.0006669514696113765
0.448	0.512	0.00032831463613547385	0.00045089845662005246	0.04120008274912834	0.0007181259570643306	0.14135685563087463	0.0001516918564448133	0.000295430509140715	0.0012224522652104497	0.14175738394260406	0.000628452398814261
0.512	0.576	0.00033997249556705356	0.00043855089461430907	0.047938164323568344	0.0007181259570643306	0.13011863827705383	0.0001516918564448133	0.000295430509140715	0.0012070821831002831	0.10831001400947571	0.000588014954701066
