onset	offset	Alarm_bell_ringing	Blender	Cat	Dishes	Dog	Electric_shaver_toothbrush	Frying	Running_water	Speech	Vacuum_cleaner
0.0	0.064	0.0030843240674585104	0.004815290682017803	0.00135002750903368	0.07050666958093643	0.009405989199876785	0.01416862290352583	0.8695040345191956	0.02009093202650547	0.8125792145729065	0.02521907165646553
0.064	0.128	0.0029175307136029005	0.004815290682017803	0.0013347541680559516	0.07411909103393555	0.009405989199876785	0.0155901238322258	0.8695040345191956	0.021132055670022964	0.8125792145729065	0.02521907165646553
0.128	0.192	0.0029175307136029005	0.005661580711603165	0.0013347541680559516	0.07411909103393555	0.016829490661621094	0.015978340059518814	0.8649873733520508	0.0216548889875412	0.877325177192688	0.0235233586281538
0.192	0.256	0.0028799071442335844	0.007227862719446421	0.001270966255106032	0.07050666958093643	0.018401773646473885	0.015978340059518814	0.8574138879776001	0.021132055670022964	0.9014600515365601	0.022328132763504982
0.256	0.32	0.0025302700232714415	0.007227862719446421	0.0011673315893858671	0.06791847944259644	0.018401773646473885	0.015978340059518814	0.8574138879776001	0.020627561956644058	0.911469578742981	0.01912660524249077
0.32	0.384	0.002297306200489402	0.007227862719446421	0.0010811022948473692	0.06321702897548676	0.018401773646473885	0.015978340059518814	0.8574138879776001	0.020691536366939545	0.911469578742981	0.015047356486320496
0.384	0.448	0.0022611450403928757	0.007227862719446421	0.0010163389379158616	0.05328167974948883	0.018401773646473885	0.015978340059518814	0.8574138879776001	0.020691536366939545	0.911469578742981	0.012079427018761635
0.448	0.512	0.002201339229941368	0.00573552493005991	0.000999431125819683	0.042735755443573	0.012549837119877338	0.015978340059518814	0.8661355972290039	0.020627561956644058	0.911469578742981	0.010288776829838753
0.512	0.576	0.0017818299820646644	0.0029844134114682674	0.0009620874770916998	0.03284607455134392	0.0075339870527386665	0.014676634222269058	0.8945057392120361	0.02053362876176834	0.8744322657585144	0.009861587546765804
