onset	offset	Alarm_bell_ringing	Blender	Cat	Dishes	Dog	Electric_shaver_toothbrush	Frying	Running_water	Speech	Vacuum_cleaner
0.0	0.064	0.0046755787916481495	0.013463404029607773	0.006985463667660952	0.02100020833313465	0.015592560172080994	0.005608004052191973	0.006068018265068531	0.004129606299102306	0.9856210350990295	0.003247066866606474
0.064	0.128	0.0046755787916481495	0.013463404029607773	0.006985463667660952	0.02100020833313465	0.015592560172080994	0.005608004052191973	0.006068018265068531	0.004129606299102306	0.9856210350990295	0.003247066866606474
0.128	0.192	0.0046755787916481495	0.012959389947354794	0.006985463667660952	0.02100020833313465	0.015281048603355885	0.005698467139154673	0.006068018265068531	0.003907907288521528	0.9865508079528809	0.002746835583820939
0.192	0.256	0.0046755787916481495	0.01211587619036436	0.006727795582264662	0.01996488682925701	0.014358602464199066	0.005698467139154673	0.006054685916751623	0.0036849370226264	0.9865508079528809	0.002351874252781272
0.256	0.32	0.0046755787916481495	0.009190184064209461	0.006342039909213781	0.018648581579327583	0.01252658013254404	0.005698467139154673	0.006054685916751623	0.003356445813551545	0.987014889717102	0.0020605558529496193
0.32	0.384	0.004674810450524092	0.006199914030730724	0.004932732786983252	0.016875945031642914	0.00828181765973568	0.005698467139154673	0.006068018265068531	0.002848363947123289	0.987014889717102	0.001638513756915927
0.384	0.448	0.004640740342438221	0.0032910145819187164	0.003568570129573345	0.013301150873303413	0.00520140677690506	0.004535477142781019	0.00608615530654788	0.00249286787584424	0.9868797063827515	0.0012020808644592762
0.448	0.512	0.004458488896489143	0.0022826141212135553	0.003568570129573345	0.0126946484670043	0.004236247390508652	0.0032738426234573126	0.00608615530654788	0.0024686146061867476	0.9865508079528809	0.001097526983357966
0.512	0.576	0.004458488896489143	0.002048195106908679	0.003431563498452306	0.011146903969347477	0.003895888105034828	0.0031577341724187136	0.006140897516161203	0.002444929676130414	0.9861540794372559	0.0010909250704571605
