onset	offset	Alarm_bell_ringing	Blender	Cat	Dishes	Dog	Electric_shaver_toothbrush	Frying	Running_water	Speech	Vacuum_cleaner
0.0	0.064	0.003292736830189824	0.00016562118253204972	0.00022413753322325647	0.0007599740056321025	0.00038635279634036124	0.0002421450917609036	0.0002495991939213127	0.000570566626265645	0.001776734832674265	0.00044036711915396154
0.064	0.128	0.003173618111759424	0.00016562118253204972	0.00022413753322325647	0.0007599740056321025	0.00039632953121326864	0.0002421450917609036	0.0002495991939213127	0.000570566626265645	0.001776734832674265	0.00044036711915396154
0.128	0.192	0.003173618111759424	0.00016326749755535275	0.00018753777840174735	0.0007566141430288553	0.00039863656274974346	0.00023245556803885847	0.0002448268642183393	0.000525604875292629	0.001695977640338242	0.000383391190553084
0.192	0.256	0.003134971484541893	0.00014838883362244815	0.00017320839106105268	0.000660398043692112	0.00039863656274974346	0.00021344015840440989	0.00020506280998233706	0.0005118198459967971	0.001695977640338242	0.0003612856089603156
0.256	0.32	0.0029249833896756172	0.00013576343189924955	0.0001718046551104635	0.0005738348118029535	0.00039863656274974346	0.00020308996317908168	0.00017627775378059596	0.0005078204558230937	0.001695977640338242	0.0003441739536356181
0.32	0.384	0.0029249833896756172	0.00013076618779450655	0.00016822120232973248	0.0005557995173148811	0.0004115089832339436	0.00020271464018151164	0.00017068763554561883	0.0005048520397394896	0.001695977640338242	0.0003207288100384176
0.384	0.448	0.0029249833896756172	0.00013076618779450655	0.00016683338617440313	0.0005517088575288653	0.0004128508153371513	0.00020271464018151164	0.00016543730453122407	0.0005048520397394896	0.0017128590261563659	0.00030065103783272207
0.448	0.512	0.0029249833896756172	0.00013076618779450655	0.00016574093024246395	0.0005517088575288653	0.0004129457229282707	0.00020271464018151164	0.00016095844330266118	0.0005001777899451554	0.001741266343742609	0.00028539440245367587
0.512	0.576	0.0030105826444923878	0.00013076618779450655	0.00016574093024246395	0.0005517088575288653	0.00041633789078332484	0.00020271464018151164	0.00015820690896362066	0.0005001777899451554	0.0017636938719078898	0.000274031626759097
