onset	offset	Alarm_bell_ringing	Blender	Cat	Dishes	Dog	Electric_shaver_toothbrush	Frying	Running_water	Speech	Vacuum_cleaner
0.0	0.064	0.0022094123996794224	0.0039028192404657602	0.0034168893471360207	0.046304915100336075	0.0016728328773751855	0.001072264974936843	0.025812331587076187	0.002463374985381961	0.5902091860771179	0.00277595198713243
0.064	0.128	0.0022094123996794224	0.0039028192404657602	0.0034168893471360207	0.046304915100336075	0.0016728328773751855	0.001072264974936843	0.025812331587076187	0.002463374985381961	0.5902091860771179	0.00277595198713243
0.128	0.192	0.0018157993908971548	0.002469246508553624	0.0031538670882582664	0.03349810093641281	0.0016728328773751855	0.0009740270324982703	0.024604571983218193	0.0019532896112650633	0.6849840879440308	0.0026517249643802643
0.192	0.256	0.0017452593892812729	0.0017771832644939423	0.0021227682009339333	0.02451654151082039	0.0016728328773751855	0.0008136442047543824	0.02304825559258461	0.0019296141108497977	0.8015583753585815	0.0016087497351691127
0.256	0.32	0.0017452593892812729	0.0017410400323569775	0.0020110318437218666	0.02064853347837925	0.0016728328773751855	0.0008116345852613449	0.021559804677963257	0.00191628304310143	0.9423443675041199	0.0011968400795012712
0.32	0.384	0.0017452593892812729	0.0017185629112645984	0.0019282676512375474	0.02064853347837925	0.0015801845584064722	0.0008109488990157843	0.020912863314151764	0.0019004506757482886	0.9627055525779724	0.0009424323798157275
0.384	0.448	0.0017452593892812729	0.0015348553424701095	0.0019282676512375474	0.02064853347837925	0.0015801845584064722	0.000809482007753104	0.020305709913372993	0.0018150797113776207	0.9627055525779724	0.0008650746312923729
0.448	0.512	0.0017452593892812729	0.0015348553424701095	0.0019282676512375474	0.02064853347837925	0.0015801845584064722	0.0008069436298683286	0.020305709913372993	0.0018150797113776207	0.9627055525779724	0.0008122295839712024
0.512	0.576	0.001753210905008018	0.0014913113554939628	0.0019282676512375474	0.022020146250724792	0.0015512073878198862	0.0007966175908222795	0.020305709913372993	0.0018150797113776207	0.9627055525779724	0.000811680278275162
