onset	offset	Alarm_bell_ringing	Blender	Cat	Dishes	Dog	Electric_shaver_toothbrush	Frying	Running_water	Speech	Vacuum_cleaner
0.0	0.064	0.0015565893845632672	0.9945145845413208	0.0011994404485449195	0.008045496419072151	0.002357066608965397	0.0013303003506734967	0.0026532006449997425	0.002927209250628948	0.028133628889918327	0.0217839814722538
0.064	0.128	0.0015565893845632672	0.9945145845413208	0.0011994404485449195	0.008045496419072151	0.002357066608965397	0.0013303003506734967	0.0026532006449997425	0.002927209250628948	0.028133628889918327	0.0217839814722538
0.128	0.192	0.001273529720492661	0.9943462014198303	0.0012946688802912831	0.0056627909652888775	0.0019257316598668694	0.0009598813485354185	0.001957520842552185	0.0023802085779607296	0.0210353285074234	0.017873186618089676
0.192	0.256	0.001172854914329946	0.9943462014198303	0.001252896967343986	0.003978517837822437	0.001582491211593151	0.0007756182458251715	0.0014986012829467654	0.0018942794995382428	0.01312637235969305	0.0143930334597826
0.256	0.32	0.001164248795248568	0.9943462014198303	0.0012277236673980951	0.0032501842360943556	0.0013783486792817712	0.0006632755976170301	0.0011980194831267	0.0016885936493054032	0.009918084368109703	0.01160370372235775
0.32	0.384	0.001164248795248568	0.9940280914306641	0.0012277236673980951	0.0028707380406558514	0.0012600073823705316	0.0006503304466605186	0.0010173701448366046	0.0015412545762956142	0.009331949055194855	0.01160370372235775
0.384	0.448	0.001164248795248568	0.993783712387085	0.0012277236673980951	0.0026700040325522423	0.0012019805144518614	0.0006503304466605186	0.0009321190300397575	0.0014224727638065815	0.009328118525445461	0.01160370372235775
0.448	0.512	0.001164248795248568	0.993530809879303	0.0012277236673980951	0.002582453889772296	0.0011753528378903866	0.0006503304466605186	0.0008877119398675859	0.001357814995571971	0.009293240495026112	0.01160370372235775
0.512	0.576	0.0013399961171671748	0.9930439591407776	0.0011942442506551743	0.002560533583164215	0.0011300579644739628	0.0006503304466605186	0.0008467160514555871	0.001323720091022551	0.009221207350492477	0.011845722794532776
