onset	offset	Alarm_bell_ringing	Blender	Cat	Dishes	Dog	Electric_shaver_toothbrush	Frying	Running_water	Speech	Vacuum_cleaner
0.0	0.064	0.009306727908551693	0.0014918020460754633	0.002147048246115446	0.00730417063459754	0.0027785510756075382	0.0010624839924275875	0.0030480811838060617	0.0016030487604439259	0.6942636370658875	0.002657509408891201
0.064	0.128	0.009306727908551693	0.0014918020460754633	0.0020719582680612803	0.008055816404521465	0.003504077671095729	0.0010624839924275875	0.0030480811838060617	0.0016211438924074173	0.6942636370658875	0.002657509408891201
0.128	0.192	0.009306727908551693	0.0014918020460754633	0.002147048246115446	0.008055816404521465	0.0035623684525489807	0.0010074806632474065	0.002637075027450919	0.0016211438924074173	0.6942636370658875	0.0021675617899745703
0.192	0.256	0.008485475555062294	0.0014484213897958398	0.002147048246115446	0.008055816404521465	0.0035623684525489807	0.0009397926041856408	0.002240036614239216	0.0016133892349898815	0.7353193759918213	0.0018160450272262096
0.256	0.32	0.007554126903414726	0.0013005177024751902	0.002147048246115446	0.00730417063459754	0.004082794301211834	0.0008201751043088734	0.0016197121003642678	0.0016030487604439259	0.7385613322257996	0.0017733755521476269
0.32	0.384	0.007554126903414726	0.0009846450993791223	0.0025885626673698425	0.00730417063459754	0.004885219968855381	0.000759021146222949	0.0016081295907497406	0.0016030487604439259	0.773391842842102	0.0015391242923215032
0.384	0.448	0.007554126903414726	0.0009846450993791223	0.003784937784075737	0.00668603228405118	0.00600362429395318	0.000759021146222949	0.001534868380986154	0.0012765438295900822	0.773391842842102	0.0015132164116948843
0.448	0.512	0.007554126903414726	0.0009846450993791223	0.0041000209748744965	0.00668603228405118	0.008196534588932991	0.000759021146222949	0.0013940782519057393	0.0012765438295900822	0.773391842842102	0.0008667837246321142
0.512	0.576	0.008294959552586079	0.0009846450993791223	0.004374190233647823	0.00668603228405118	0.008294899947941303	0.000759021146222949	0.0013940782519057393	0.0012765438295900822	0.862113356590271	0.0008155665127560496
