onset	offset	Alarm_bell_ringing	Blender	Cat	Dishes	Dog	Electric_shaver_toothbrush	Frying	Running_water	Speech	Vacuum_cleaner
0.0	0.064	0.009841791354119778	0.001924284384585917	0.0012991540133953094	0.0037129726260900497	0.000804467243142426	0.885918140411377	0.00683239521458745	0.004481007810682058	0.005893160123378038	0.016366390511393547
0.064	0.128	0.011265208013355732	0.001924284384585917	0.0012991540133953094	0.0037129726260900497	0.000804467243142426	0.885918140411377	0.00683239521458745	0.004481007810682058	0.005893160123378038	0.016366390511393547
0.128	0.192	0.011265208013355732	0.0014030353631824255	0.0012991540133953094	0.003041786141693592	0.000804467243142426	0.9189144372940063	0.00587126612663269	0.0040594241581857204	0.0047425273805856705	0.011351044289767742
0.192	0.256	0.01097496971487999	0.0011751020792871714	0.0012076384155079722	0.0029792161658406258	0.0007559104124084115	0.950312614440918	0.005138221196830273	0.004022957291454077	0.004148524254560471	0.008167385123670101
0.256	0.32	0.010761359706521034	0.0009686909033916891	0.001142157823778689	0.0027923763263970613	0.0007487725233659148	0.9584307074546814	0.004706011153757572	0.0038245725445449352	0.0040802420116961	0.006415363866835833
0.32	0.384	0.01097496971487999	0.0008358238846994936	0.0009407995385117829	0.002509748563170433	0.0007428804528899491	0.9584307074546814	0.0045126513577997684	0.0036330129951238632	0.0040802420116961	0.00545045081526041
0.384	0.448	0.011265208013355732	0.0008358238846994936	0.0008391016162931919	0.002509748563170433	0.0007428804528899491	0.9584307074546814	0.004441650118678808	0.0038245725445449352	0.004079191479831934	0.004923201631754637
0.448	0.512	0.011785109527409077	0.0008358238846994936	0.0008391016162931919	0.002509748563170433	0.0007428804528899491	0.9584307074546814	0.004431639797985554	0.0038245725445449352	0.004079191479831934	0.004571880213916302
0.512	0.576	0.014026676304638386	0.0008358238846994936	0.0008391016162931919	0.002509748563170433	0.0007428804528899491	0.9583969712257385	0.004402488470077515	0.0038245725445449352	0.0040802420116961	0.004327678587287664
