onset	offset	Alarm_bell_ringing	Blender	Cat	Dishes	Dog	Electric_shaver_toothbrush	Frying	Running_water	Speech	Vacuum_cleaner
0.0	0.064	0.02239806018769741	0.0012670723954215646	0.0008122544386424124	0.03632666915655136	0.006876195315271616	0.0008720862097106874	0.018173400312662125	0.0016982582164928317	0.009998366236686707	0.0033586733043193817
0.064	0.128	0.02239806018769741	0.0012670723954215646	0.0008122544386424124	0.036828164011240005	0.008214675821363926	0.0008720862097106874	0.018173400312662125	0.0016982582164928317	0.009998366236686707	0.0033586733043193817
0.128	0.192	0.024342089891433716	0.0012670723954215646	0.0006857546977698803	0.042073678225278854	0.009540464729070663	0.0007729472126811743	0.018173400312662125	0.001461853738874197	0.009324404411017895	0.003316486719995737
0.192	0.256	0.024342089891433716	0.0012670723954215646	0.0006815720698796213	0.042073678225278854	0.009540464729070663	0.000667609041556716	0.017107779160141945	0.0013352730311453342	0.009144672192633152	0.0031439519952982664
0.256	0.32	0.024342089891433716	0.0012670723954215646	0.0006815720698796213	0.0758097916841507	0.011750839650630951	0.0005350522696971893	0.01654655672609806	0.0013285953318700194	0.008768484927713871	0.0023079626262187958
0.32	0.384	0.03597177565097809	0.001184757798910141	0.0006460791919380426	0.0758097916841507	0.01232970505952835	0.0004370551905594766	0.01604502461850643	0.0011938585666939616	0.008543946780264378	0.002072502626106143
0.384	0.448	0.03597177565097809	0.001184757798910141	0.0006229726132005453	0.0758097916841507	0.01232970505952835	0.00043526195804588497	0.015766791999340057	0.0010158137883991003	0.008486266247928143	0.002072502626106143
0.448	0.512	0.03597177565097809	0.001184757798910141	0.0006229726132005453	0.0758097916841507	0.01232970505952835	0.0004140689270570874	0.015766791999340057	0.0008706278167665005	0.008486266247928143	0.002072502626106143
0.512	0.576	0.03597177565097809	0.0007662585121579468	0.0006229726132005453	0.042279716581106186	0.01232970505952835	0.00041149332537315786	0.013081436976790428	0.0008606066112406552	0.007981679402291775	0.002072502626106143
