onset	offset	Alarm_bell_ringing	Blender	Cat	Dishes	Dog	Electric_shaver_toothbrush	Frying	Running_water	Speech	Vacuum_cleaner
0.0	0.064	0.0042255837470293045	0.0015435941750183702	0.0023568538017570972	0.03201505169272423	0.006029282696545124	0.029499787837266922	0.7821807861328125	0.005593332462012768	0.5743175745010376	0.02453666552901268
0.064	0.128	0.0042255837470293045	0.0015666575636714697	0.0023568538017570972	0.03201505169272423	0.006029282696545124	0.030041789636015892	0.7821807861328125	0.005593332462012768	0.5743175745010376	0.02453666552901268
0.128	0.192	0.005269498098641634	0.0022401122841984034	0.002677150536328554	0.027704564854502678	0.0075982604175806046	0.03322187066078186	0.7797257900238037	0.004813967738300562	0.757569432258606	0.021449849009513855
0.192	0.256	0.005269498098641634	0.0022401122841984034	0.0026412156876176596	0.02617941051721573	0.0075982604175806046	0.03322187066078186	0.7498013973236084	0.004813967738300562	0.8824142217636108	0.01936921663582325
0.256	0.32	0.005269498098641634	0.0022569363936781883	0.00253448192961514	0.02617941051721573	0.007291020359843969	0.03322187066078186	0.7381953001022339	0.004813967738300562	0.9395662546157837	0.017306404188275337
0.32	0.384	0.005269498098641634	0.0022569363936781883	0.00253448192961514	0.025448516011238098	0.007291020359843969	0.03322187066078186	0.7381953001022339	0.004813967738300562	0.9557210206985474	0.016865244135260582
0.384	0.448	0.005269498098641634	0.0022569363936781883	0.00253448192961514	0.024855582043528557	0.007291020359843969	0.03322187066078186	0.7381953001022339	0.0048229629173874855	0.9614620208740234	0.015807000920176506
0.448	0.512	0.005269498098641634	0.0022569363936781883	0.00253448192961514	0.024855582043528557	0.007291020359843969	0.03322187066078186	0.7381953001022339	0.0049126893281936646	0.9614620208740234	0.014585210010409355
0.512	0.576	0.005151596385985613	0.0020816291216760874	0.0025174818001687527	0.024855582043528557	0.006861759349703789	0.033044058829545975	0.7386119961738586	0.004947886802256107	0.9621515870094299	0.013451083563268185
