onset	offset	Alarm_bell_ringing	Blender	Cat	Dishes	Dog	Electric_shaver_toothbrush	Frying	Running_water	Speech	Vacuum_cleaner
0.0	0.064	0.0013428368838503957	0.0016102201770991087	0.004076910205185413	0.0027707137633115053	0.004694798961281776	0.0008596976986154914	0.001260287594050169	0.9841874837875366	0.006876026280224323	0.0012529679806903005
0.064	0.128	0.0013428368838503957	0.0016102201770991087	0.004076910205185413	0.0027707137633115053	0.004694798961281776	0.0008596976986154914	0.001260287594050169	0.9841874837875366	0.006876026280224323	0.0012529679806903005
0.128	0.192	0.0012718961806967854	0.0016032967250794172	0.003139891428872943	0.002340286038815975	0.003822663798928261	0.0006974117131903768	0.0007604089914821088	0.9879493713378906	0.0064823864959180355	0.0010705654276534915
0.192	0.256	0.0011910275788977742	0.0015687780687585473	0.002603269414976239	0.002128142397850752	0.003336165100336075	0.0006092103431001306	0.0005547169712372124	0.9879493713378906	0.00609242869541049	0.0009574918658472598
0.256	0.32	0.001086917705833912	0.0014662176836282015	0.00217906991019845	0.0020029901061207056	0.0029786271043121815	0.000545680639334023	0.0004883603542111814	0.9879493713378906	0.005774954333901405	0.000868694216478616
0.32	0.384	0.0009929295629262924	0.0013921089703217149	0.001871408079750836	0.0019269695039838552	0.0027278182096779346	0.0004806430370081216	0.0004665168817155063	0.9883147478103638	0.0055395495146512985	0.0007979858783073723
0.384	0.448	0.000930025358684361	0.00135989545378834	0.001726647256873548	0.0018552233232185245	0.002599436556920409	0.00042554797255434096	0.0004665168817155063	0.9883147478103638	0.005378844682127237	0.0007461690693162382
0.448	0.512	0.00087785127107054	0.0013456891756504774	0.0016893533756956458	0.0017627849010750651	0.002548587741330266	0.00040635629557073116	0.0004665168817155063	0.9883147478103638	0.005240203347057104	0.0007406347431242466
0.512	0.576	0.0008254325366578996	0.001321192947216332	0.0016606441931799054	0.0016624951967969537	0.0025413634721189737	0.00039910158375278115	0.0004665168817155063	0.9883147478103638	0.0051441555842757225	0.0007358122384175658
