onset	offset	Alarm_bell_ringing	Blender	Cat	Dishes	Dog	Electric_shaver_toothbrush	Frying	Running_water	Speech	Vacuum_cleaner
0.0	0.064	0.010999120771884918	0.004450981505215168	0.008756754919886589	0.0190275851637125	0.006673275958746672	0.005423359107226133	0.03068939968943596	0.0012423634761944413	0.9848955869674683	0.0012254874454811215
0.064	0.128	0.011521234177052975	0.004450981505215168	0.008756754919886589	0.02159893326461315	0.0068186079151928425	0.005421769805252552	0.03079698607325554	0.0012423634761944413	0.9848955869674683	0.0012254874454811215
0.128	0.192	0.011677347123622894	0.00450319517403841	0.00802554190158844	0.02159893326461315	0.008028768934309483	0.005343785509467125	0.03356953710317612	0.0011586342006921768	0.9861272573471069	0.0010920340428128839
0.192	0.256	0.011521234177052975	0.00450319517403841	0.007697697263211012	0.02159893326461315	0.008028768934309483	0.005343785509467125	0.03313610330224037	0.0011509285541251302	0.9871009588241577	0.0010317964479327202
0.256	0.32	0.010999120771884918	0.004450981505215168	0.0076390281319618225	0.02053886465728283	0.007108184043318033	0.004749058745801449	0.03214245289564133	0.0011503881542012095	0.9871009588241577	0.0009652564185671508
0.32	0.384	0.010896086692810059	0.003857061266899109	0.006884504575282335	0.02053886465728283	0.007108184043318033	0.004665589891374111	0.03214245289564133	0.0011360114440321922	0.9871009588241577	0.0009553194395266473
0.384	0.448	0.010249816812574863	0.003684455528855324	0.006645291578024626	0.02053886465728283	0.007108184043318033	0.004318907856941223	0.03214245289564133	0.0010229031322523952	0.9871009588241577	0.0007215513614937663
0.448	0.512	0.009281566366553307	0.003684455528855324	0.006377941928803921	0.015592582523822784	0.007108184043318033	0.0038470167201012373	0.03214245289564133	0.0009981495095416903	0.9862287044525146	0.0006670664879493415
0.512	0.576	0.008777723647654057	0.002516271313652396	0.005266889464110136	0.01245643850415945	0.004601195454597473	0.0033209961839020252	0.03076990321278572	0.0009981495095416903	0.9855722784996033	0.0005595474503934383
