onset	offset	Alarm_bell_ringing	Blender	Cat	Dishes	Dog	Electric_shaver_toothbrush	Frying	Running_water	Speech	Vacuum_cleaner
0.0	0.064	0.004556429572403431	0.9005313515663147	0.009698396548628807	0.6703142523765564	0.002142005367204547	0.001358928275294602	0.020520444959402084	0.004888181108981371	0.11531167477369308	0.002216051099821925
0.064	0.128	0.004556429572403431	0.9005313515663147	0.009698396548628807	0.656784176826477	0.002142005367204547	0.001358928275294602	0.020520444959402084	0.004888181108981371	0.11531167477369308	0.002216051099821925
0.128	0.192	0.005157763138413429	0.9043132662773132	0.009110583923757076	0.5781518816947937	0.0016727566253393888	0.0010480693308636546	0.018000416457653046	0.00516918022185564	0.11241906136274338	0.0014802634250372648
0.192	0.256	0.006589571945369244	0.9043132662773132	0.009110583923757076	0.5781518816947937	0.001417781226336956	0.0008091172785498202	0.017685165628790855	0.00516918022185564	0.07211530208587646	0.000718617404345423
0.256	0.32	0.00740794138982892	0.9043132662773132	0.008266635239124298	0.5781518816947937	0.0011958713876083493	0.0007589845918118954	0.015282648615539074	0.00516918022185564	0.041564974933862686	0.00043832609662786126
0.32	0.384	0.00740794138982892	0.9043132662773132	0.008235450834035873	0.4658399224281311	0.0009057602728717029	0.0007549719884991646	0.011952823027968407	0.00516918022185564	0.023202138021588326	0.00041434314334765077
0.384	0.448	0.00740794138982892	0.8840713500976562	0.007854153402149677	0.35380882024765015	0.0007105714757926762	0.0006999729084782302	0.00868268497288227	0.0044912658631801605	0.014362551271915436	0.00039578526047989726
0.448	0.512	0.00740794138982892	0.8527300953865051	0.007665413897484541	0.3035435974597931	0.000550258788280189	0.0006177991745062172	0.005751113407313824	0.003776744706556201	0.010565975680947304	0.0003874875546898693
0.512	0.576	0.005552962888032198	0.7936294674873352	0.0056028058752417564	0.3035435974597931	0.0004506780533120036	0.0005466369329951704	0.004002332221716642	0.002988925902172923	0.009141492657363415	0.0003829023044090718
