onset	offset	Alarm_bell_ringing	Blender	Cat	Dishes	Dog	Electric_shaver_toothbrush	Frying	Running_water	Speech	Vacuum_cleaner
0.0	0.064	0.016144994646310806	0.03839808702468872	0.01885061152279377	0.04497960954904556	0.032978709787130356	0.007340133655816317	0.015442891046404839	0.014271820895373821	0.05520007014274597	0.3843364119529724
0.064	0.128	0.016144994646310806	0.03839808702468872	0.016773665323853493	0.03444111347198486	0.030917247757315636	0.007340133655816317	0.015442891046404839	0.013087310828268528	0.05385761708021164	0.3843364119529724
0.128	0.192	0.011923816055059433	0.030519403517246246	0.016773665323853493	0.028739605098962784	0.030917247757315636	0.005962306633591652	0.01517938170582056	0.013087310828268528	0.05385761708021164	0.36881089210510254
0.192	0.256	0.009865909814834595	0.024404803290963173	0.014502768404781818	0.028739605098962784	0.03053884766995907	0.005463726818561554	0.01517938170582056	0.012393930926918983	0.05174819752573967	0.34618687629699707
0.256	0.32	0.00983468908816576	0.022538553923368454	0.013981975615024567	0.02531888149678707	0.025971191003918648	0.005368632730096579	0.01517938170582056	0.011563777923583984	0.04685570299625397	0.3319203853607178
0.32	0.384	0.009530003182590008	0.019942544400691986	0.013981975615024567	0.018469523638486862	0.020928500220179558	0.0051328446716070175	0.01517938170582056	0.010816025547683239	0.041231535375118256	0.3319203853607178
0.384	0.448	0.009530003182590008	0.018994413316249847	0.013981975615024567	0.016955042257905006	0.020617814734578133	0.00458001671358943	0.015217926353216171	0.010816025547683239	0.041231535375118256	0.3319203853607178
0.448	0.512	0.009530003182590008	0.018297532573342323	0.013981975615024567	0.016955042257905006	0.020617814734578133	0.00458001671358943	0.017215874046087265	0.010816025547683239	0.041231535375118256	0.3319203853607178
0.512	0.576	0.009865909814834595	0.017844192683696747	0.01480502262711525	0.016955042257905006	0.020016368478536606	0.00458001671358943	0.017809385433793068	0.010816025547683239	0.039387959986925125	0.3327298164367676
