onset	offset	Alarm_bell_ringing	Blender	Cat	Dishes	Dog	Electric_shaver_toothbrush	Frying	Running_water	Speech	Vacuum_cleaner
0.0	0.064	0.0005109422490932047	0.0003923893382307142	0.0025773493107408285	0.0033381760586053133	0.002633401658385992	0.00046562901115976274	0.014140477403998375	0.0046412330120801926	0.00316566601395607	0.0005363594391383231
0.064	0.128	0.0005109422490932047	0.0003923893382307142	0.0026137486565858126	0.003721637651324272	0.003104992676526308	0.00046562901115976274	0.014140477403998375	0.0046412330120801926	0.0033598884474486113	0.0005363594391383231
0.128	0.192	0.00046357407700270414	0.00040001122397370636	0.0028992444276809692	0.004101999569684267	0.0035877577029168606	0.00044201890705153346	0.013994280248880386	0.004735914990305901	0.003971251193434	0.0005374033935368061
0.192	0.256	0.00044838807662017643	0.00040001122397370636	0.0028992444276809692	0.004101999569684267	0.0035877577029168606	0.0004354966222308576	0.013636591844260693	0.005120377987623215	0.003971251193434	0.0005374033935368061
0.256	0.32	0.00044500286458060145	0.00040001122397370636	0.0028992444276809692	0.004101999569684267	0.0035877577029168606	0.00042748861596919596	0.013241050764918327	0.005120377987623215	0.003971251193434	0.0005374033935368061
0.32	0.384	0.0004422163183335215	0.0004470217099878937	0.003280964447185397	0.00454690121114254	0.0037616880144923925	0.0003787196474149823	0.010978867299854755	0.005125083029270172	0.004456989001482725	0.0005429397569969296
0.384	0.448	0.00042985970503650606	0.0004711288202088326	0.003305580001324415	0.0054627577774226665	0.0039389231242239475	0.0003606013779062778	0.009587015025317669	0.005125083029270172	0.005018599331378937	0.0005538962432183325
0.448	0.512	0.00042985970503650606	0.0004938855418004096	0.003374414751306176	0.005735188256949186	0.004373116884380579	0.0003606013779062778	0.00947947334498167	0.005120377987623215	0.005018599331378937	0.0005561161669902503
0.512	0.576	0.0004101201193407178	0.0005300366901792586	0.004034205339848995	0.006089773029088974	0.006025522947311401	0.00036014567012898624	0.009084710851311684	0.005120377987623215	0.005135952960699797	0.0005996652762405574
