onset	offset	Alarm_bell_ringing	Blender	Cat	Dishes	Dog	Electric_shaver_toothbrush	Frying	Running_water	Speech	Vacuum_cleaner
0.0	0.064	0.00031263817800208926	0.38937652111053467	0.001547861727885902	0.00644261809065938	0.002167471218854189	0.00039040567935444415	0.0016165198758244514	0.09018994122743607	0.013540789484977722	0.0006478590075857937
0.064	0.128	0.00031263817800208926	0.38937652111053467	0.001547861727885902	0.00644261809065938	0.002167471218854189	0.00039040567935444415	0.0016165198758244514	0.09008368849754333	0.013540789484977722	0.0006478590075857937
0.128	0.192	0.00026455067563802004	0.47328102588653564	0.0011315419105812907	0.005761770065873861	0.002012674929574132	0.00034455841523595154	0.0010746574262157083	0.08966924250125885	0.011026750318706036	0.0005929170292802155
0.192	0.256	0.00026455067563802004	0.5327874422073364	0.0011315419105812907	0.004785916302353144	0.001971183344721794	0.00030451398924924433	0.0008940238039940596	0.08966924250125885	0.011026750318706036	0.0005267406231723726
0.256	0.32	0.00026027002604678273	0.6135942935943604	0.0011137711117044091	0.003683457849547267	0.001943599316291511	0.00030238760518841445	0.0007818748708814383	0.08100096881389618	0.011026750318706036	0.0004931467119604349
0.32	0.384	0.0002594462421257049	0.6602452993392944	0.0010537373600527644	0.0030429803300648928	0.0018687706906348467	0.00028647499857470393	0.0006995605072006583	0.07030406594276428	0.011026750318706036	0.0004890180425718427
0.384	0.448	0.00025628702132962644	0.6784850358963013	0.000995923881419003	0.0026312784757465124	0.0018687706906348467	0.00028457355801947415	0.0006219385541044176	0.06328263878822327	0.01105617918074131	0.00044591521145775914
0.448	0.512	0.0002579466381575912	0.6911518573760986	0.0010967185953631997	0.0022983055096119642	0.0017104815924540162	0.00025946603273041546	0.0005616751732304692	0.05506071448326111	0.011467904783785343	0.0003829041088465601
0.512	0.576	0.0002589056093711406	0.6911518573760986	0.0011137711117044091	0.0020810409914702177	0.0017104815924540162	0.00023932491603773087	0.0005508103058673441	0.05290631577372551	0.011568143963813782	0.000343538005836308
