onset	offset	Alarm_bell_ringing	Blender	Cat	Dishes	Dog	Electric_shaver_toothbrush	Frying	Running_water	Speech	Vacuum_cleaner
0.0	0.064	0.0028718342073261738	0.002690355060622096	0.013350329361855984	0.004290904849767685	0.002237087581306696	0.004894898738712072	0.023432129994034767	0.015811562538146973	0.008991447277367115	0.026412924751639366
0.064	0.128	0.0028718342073261738	0.002690355060622096	0.013350329361855984	0.004290904849767685	0.002237087581306696	0.004894898738712072	0.023924969136714935	0.015368162654340267	0.008991447277367115	0.02698357403278351
0.128	0.192	0.002611864823848009	0.002602101070806384	0.013350329361855984	0.003767535788938403	0.0019838446751236916	0.004392905626446009	0.025793202221393585	0.015368162654340267	0.008991447277367115	0.02698357403278351
0.192	0.256	0.0022547717671841383	0.0025970616843551397	0.013350329361855984	0.0031632231548428535	0.0019838446751236916	0.004392905626446009	0.025793202221393585	0.015236610546708107	0.008991447277367115	0.026621073484420776
0.256	0.32	0.0020190109498798847	0.002508416771888733	0.013350329361855984	0.002959814155474305	0.0019838446751236916	0.004392905626446009	0.025793202221393585	0.01473399717360735	0.008991447277367115	0.026412924751639366
0.32	0.384	0.0019936184398829937	0.0023357183672487736	0.01625983975827694	0.0029538441449403763	0.0019838446751236916	0.004392905626446009	0.027008799836039543	0.01473399717360735	0.011461149901151657	0.026412924751639366
0.384	0.448	0.0019150021253153682	0.002326425164937973	0.01916649006307125	0.00293629989027977	0.0022903080098330975	0.004932676441967487	0.027321022003889084	0.01473399717360735	0.025879882276058197	0.025325164198875427
0.448	0.512	0.0019150021253153682	0.0022776720579713583	0.01916649006307125	0.0027809939347207546	0.0024633468128740788	0.005576518829911947	0.027321022003889084	0.01473399717360735	0.035455841571092606	0.024359330534934998
0.512	0.576	0.0019150021253153682	0.00218680570833385	0.01916649006307125	0.0027809939347207546	0.0024633468128740788	0.005576518829911947	0.027321022003889084	0.014959404245018959	0.035455841571092606	0.023967834189534187
