onset	offset	Alarm_bell_ringing	Blender	Cat	Dishes	Dog	Electric_shaver_toothbrush	Frying	Running_water	Speech	Vacuum_cleaner
0.0	0.064	0.005056017078459263	0.0025204818230122328	0.0019965434912592173	0.007282641250640154	0.0015209754928946495	0.0033359809312969446	0.0020802735816687346	0.002440813696011901	0.004666110500693321	0.002289990894496441
0.064	0.128	0.005056017078459263	0.0025204818230122328	0.0019965434912592173	0.007282641250640154	0.0015209754928946495	0.0033359809312969446	0.0020802735816687346	0.002440813696011901	0.005163729190826416	0.002289990894496441
0.128	0.192	0.004305078648030758	0.0025204818230122328	0.0019965434912592173	0.007282641250640154	0.0013441963819786906	0.0033359809312969446	0.0015521914465352893	0.0022175204940140247	0.005861952900886536	0.0021317077334970236
0.192	0.256	0.004305078648030758	0.0025204818230122328	0.0019965434912592173	0.007282641250640154	0.0013441963819786906	0.0033359809312969446	0.0015517021529376507	0.00204759300686419	0.005861952900886536	0.001971200341358781
0.256	0.32	0.004305078648030758	0.0025204818230122328	0.0019965434912592173	0.007282641250640154	0.0013441963819786906	0.0033359809312969446	0.0014362747315317392	0.0020240528974682093	0.007207327522337437	0.0016188696026802063
0.32	0.384	0.004305078648030758	0.0023604612797498703	0.0023548186291009188	0.008400099352002144	0.0013441963819786906	0.004320954438298941	0.0013354269322007895	0.0019432627595961094	0.008881847374141216	0.0013636844232678413
0.384	0.448	0.006122400984168053	0.0023604612797498703	0.0026571087073534727	0.008400099352002144	0.0014345359522849321	0.006046155467629433	0.0013354269322007895	0.001752960728481412	0.008881847374141216	0.0012785857543349266
0.448	0.512	0.008474674075841904	0.0023604612797498703	0.0026571087073534727	0.008400099352002144	0.0014345359522849321	0.006621180567890406	0.0012099912855774164	0.0016023009084165096	0.008881847374141216	0.001056252047419548
0.512	0.576	0.008474674075841904	0.0023604612797498703	0.0026571087073534727	0.008400099352002144	0.0014345359522849321	0.006621180567890406	0.0011926612351089716	0.001212550327181816	0.008881847374141216	0.0009582584607414901
