onset	offset	Alarm_bell_ringing	Blender	Cat	Dishes	Dog	Electric_shaver_toothbrush	Frying	Running_water	Speech	Vacuum_cleaner
0.0	0.064	0.012607852928340435	0.011408589780330658	0.013416818343102932	0.006133276503533125	0.0027823850978165865	0.001865098369307816	0.002812231658026576	0.004741417709738016	0.009218881838023663	0.8545910716056824
0.064	0.128	0.012607852928340435	0.011408589780330658	0.013416818343102932	0.0058086528442800045	0.0027823850978165865	0.001865098369307816	0.002812231658026576	0.004741417709738016	0.009218881838023663	0.8545910716056824
0.128	0.192	0.012607852928340435	0.00972279068082571	0.014964941889047623	0.0058086528442800045	0.0024637687020003796	0.0017950475448742509	0.0027850817423313856	0.004510012920945883	0.0073641762137413025	0.8680054545402527
0.192	0.256	0.01087262760847807	0.00972279068082571	0.014964941889047623	0.005757207982242107	0.00240331026725471	0.0016433115815743804	0.002767757512629032	0.0038708304055035114	0.006681027356535196	0.8828838467597961
0.256	0.32	0.010415983386337757	0.009390922263264656	0.014964941889047623	0.004364600405097008	0.0023108073510229588	0.0014908498851582408	0.0027139049489051104	0.0029524920973926783	0.00644407793879509	0.9009915590286255
0.32	0.384	0.008807823993265629	0.007777267601341009	0.014964941889047623	0.003297667019069195	0.0021958034485578537	0.0013995004119351506	0.0026778648607432842	0.0024388001766055822	0.005695142317563295	0.9060448408126831
0.384	0.448	0.0072999740950763226	0.006917277816683054	0.011409321799874306	0.0026052487082779408	0.002125172410160303	0.0012658655177801847	0.002465205965563655	0.0022324305027723312	0.005459683481603861	0.9061076641082764
0.448	0.512	0.006600093096494675	0.00651536276564002	0.009822182357311249	0.0022929017432034016	0.0019324824679642916	0.0011748502729460597	0.0023509557358920574	0.002222558716312051	0.005224237218499184	0.9064236283302307
0.512	0.576	0.006275838240981102	0.006439256016165018	0.00936365406960249	0.0021684716921299696	0.0018372025806456804	0.0011320161866024137	0.00232299673371017	0.0022130084689706564	0.004989664535969496	0.9070537090301514
