onset	offset	Alarm_bell_ringing	Blender	Cat	Dishes	Dog	Electric_shaver_toothbrush	Frying	Running_water	Speech	Vacuum_cleaner
0.0	0.064	0.0037886295467615128	0.019366217777132988	0.0076207369565963745	0.00748121552169323	0.008535213768482208	0.013401747681200504	0.005290256347507238	0.003328868420794606	0.03124742954969406	0.04943583160638809
0.064	0.128	0.0037886295467615128	0.019366217777132988	0.008434788323938847	0.00748121552169323	0.008535213768482208	0.013401747681200504	0.005290256347507238	0.003328868420794606	0.03124742954969406	0.052308715879917145
0.128	0.192	0.003771011484786868	0.018123414367437363	0.009213129989802837	0.006265717092901468	0.008060931228101254	0.013401747681200504	0.004740331321954727	0.003365377662703395	0.03328033536672592	0.052308715879917145
0.192	0.256	0.003544699167832732	0.018123414367437363	0.009213129989802837	0.005793189629912376	0.008060931228101254	0.013058801181614399	0.004497002810239792	0.0035165841691195965	0.03328033536672592	0.05152364447712898
0.256	0.32	0.0035176556557416916	0.018123414367437363	0.009486470371484756	0.005614571273326874	0.008060931228101254	0.012983187101781368	0.004444839432835579	0.003555185627192259	0.03328033536672592	0.04980950430035591
0.32	0.384	0.0033691171556711197	0.018123414367437363	0.0097363805398345	0.005568169057369232	0.008060931228101254	0.012731029652059078	0.004295235965400934	0.003647076664492488	0.03496910631656647	0.04980950430035591
0.384	0.448	0.0033789947628974915	0.01741860620677471	0.009828723035752773	0.005372284911572933	0.009282981976866722	0.011783266440033913	0.004117043688893318	0.0037330605555325747	0.03497730568051338	0.04980950430035591
0.448	0.512	0.0033489747438579798	0.01741860620677471	0.01008613407611847	0.005298762582242489	0.009317333810031414	0.011188344098627567	0.0038664680905640125	0.003744943765923381	0.0384209007024765	0.0485360212624073
0.512	0.576	0.003340750001370907	0.018531180918216705	0.010248505510389805	0.00508924713358283	0.009986139833927155	0.011005793698132038	0.0038664680905640125	0.0038504567928612232	0.044245366007089615	0.04833514988422394
