onset	offset	Alarm_bell_ringing	Blender	Cat	Dishes	Dog	Electric_shaver_toothbrush	Frying	Running_water	Speech	Vacuum_cleaner
0.0	0.064	0.0027119789738208055	0.002411805558949709	0.006152073387056589	0.008388168178498745	0.003814802272245288	0.0020589004270732403	0.012495582923293114	0.003309877822175622	0.5067228674888611	0.009725021198391914
0.064	0.128	0.0032083962578326464	0.002411805558949709	0.007827493362128735	0.009456497617065907	0.003814802272245288	0.0025061341002583504	0.012495582923293114	0.003380643902346492	0.5067228674888611	0.009725021198391914
0.128	0.192	0.003478250466287136	0.0024520817678421736	0.007827493362128735	0.01022708136588335	0.004014085046947002	0.0025061341002583504	0.012495582923293114	0.0034809771459549665	0.7903499603271484	0.007860744372010231
0.192	0.256	0.003478250466287136	0.004293855279684067	0.008325953036546707	0.01022708136588335	0.004025356378406286	0.0024530277587473392	0.012268917635083199	0.0034692822955548763	0.8508130311965942	0.007322143763303757
0.256	0.32	0.003217467339709401	0.004293855279684067	0.009368321858346462	0.009704649448394775	0.004025356378406286	0.0022939315531402826	0.012174040079116821	0.003380643902346492	0.8508130311965942	0.006770138628780842
0.32	0.384	0.003217467339709401	0.004293855279684067	0.009368321858346462	0.009704649448394775	0.004025356378406286	0.0022939315531402826	0.011644874699413776	0.003380643902346492	0.8508130311965942	0.006239780690521002
0.384	0.448	0.003217467339709401	0.004293855279684067	0.009368321858346462	0.009704649448394775	0.004025356378406286	0.0022939315531402826	0.011085555888712406	0.003380643902346492	0.8508130311965942	0.005822884850203991
0.448	0.512	0.003217467339709401	0.0032604625448584557	0.009368321858346462	0.009704649448394775	0.00293309660628438	0.002182145370170474	0.010567447170615196	0.0031878144945949316	0.8243409395217896	0.005822884850203991
0.512	0.576	0.0028651172760874033	0.0021079257130622864	0.006680021528154612	0.007963599637150764	0.0019224461866542697	0.0019362873863428831	0.009295729920268059	0.0030138101428747177	0.7024927735328674	0.005473456811159849
