onset	offset	Alarm_bell_ringing	Blender	Cat	Dishes	Dog	Electric_shaver_toothbrush	Frying	Running_water	Speech	Vacuum_cleaner
0.0	0.064	0.01537631917744875	0.014247664250433445	0.010527834296226501	0.020724093541502953	0.017266159877181053	0.05704845115542412	0.2630384564399719	0.03301966190338135	0.9687615633010864	0.040809452533721924
0.064	0.128	0.01537631917744875	0.014247664250433445	0.010262317955493927	0.020904993638396263	0.017266159877181053	0.05704845115542412	0.2630384564399719	0.03308635950088501	0.9687615633010864	0.040809452533721924
0.128	0.192	0.01405566930770874	0.011104254983365536	0.010262317955493927	0.021206406876444817	0.017298970371484756	0.05078005790710449	0.29505786299705505	0.03728720545768738	0.9747006297111511	0.03468281403183937
0.192	0.256	0.013293436728417873	0.010660015977919102	0.010100685060024261	0.021206406876444817	0.017298970371484756	0.04622212052345276	0.3279399573802948	0.03728720545768738	0.9778748154640198	0.02832399308681488
0.256	0.32	0.013266763649880886	0.00965986866503954	0.008851687423884869	0.021206406876444817	0.017266159877181053	0.04302807152271271	0.3279399573802948	0.03638472408056259	0.9797632098197937	0.026774613186717033
0.32	0.384	0.01296629011631012	0.009281455539166927	0.008851687423884869	0.021502386778593063	0.017266159877181053	0.04302807152271271	0.3279399573802948	0.03638472408056259	0.9797632098197937	0.026342373341321945
0.384	0.448	0.012424938380718231	0.009026086889207363	0.008851687423884869	0.021677790209650993	0.017182691022753716	0.04302807152271271	0.33174237608909607	0.03638472408056259	0.9797632098197937	0.025568541139364243
0.448	0.512	0.0117481155321002	0.009026086889207363	0.008851687423884869	0.021677790209650993	0.017182691022753716	0.04302807152271271	0.33334195613861084	0.03638472408056259	0.9797632098197937	0.024311237037181854
0.512	0.576	0.01123893167823553	0.008921690285205841	0.009493287652730942	0.021677790209650993	0.01611551083624363	0.04341614991426468	0.33334195613861084	0.03553794324398041	0.979739248752594	0.023577988147735596
