onset	offset	Alarm_bell_ringing	Blender	Cat	Dishes	Dog	Electric_shaver_toothbrush	Frying	Running_water	Speech	Vacuum_cleaner
0.0	0.064	0.008229549042880535	0.007209063973277807	0.03993777185678482	0.0024466479662805796	0.006857669912278652	0.0810810849070549	0.0028370008803904057	0.003854326903820038	0.020216170698404312	0.029924584552645683
0.064	0.128	0.008229549042880535	0.007209063973277807	0.03993777185678482	0.0024466479662805796	0.007569306995719671	0.0810810849070549	0.0028370008803904057	0.003854326903820038	0.02057885006070137	0.03018730878829956
0.128	0.192	0.006695856340229511	0.006676279474049807	0.045537069439888	0.0021837842650711536	0.007911362685263157	0.08722490072250366	0.0026594691444188356	0.0037783628795295954	0.02057885006070137	0.03018730878829956
0.192	0.256	0.0060006603598594666	0.005976141896098852	0.045537069439888	0.0018922474700957537	0.007569306995719671	0.08722490072250366	0.0025888741947710514	0.0034168679267168045	0.020216170698404312	0.03018730878829956
0.256	0.32	0.005389058962464333	0.005686063785105944	0.045537069439888	0.0017320779152214527	0.007559912744909525	0.08722490072250366	0.002371686277911067	0.003014529589563608	0.01932799629867077	0.029924584552645683
0.32	0.384	0.004701345227658749	0.005656881723552942	0.045537069439888	0.001584849669598043	0.007559912744909525	0.08722490072250366	0.0019996329210698605	0.0027388439048081636	0.017092935740947723	0.0299221221357584
0.384	0.448	0.00426145875826478	0.005235366057604551	0.027681903913617134	0.0013324908213689923	0.007559912744909525	0.08004778623580933	0.0017123332945629954	0.0026682165917009115	0.014303861185908318	0.0299221221357584
0.448	0.512	0.0038832591380923986	0.0049141463823616505	0.024471957236528397	0.0011798643972724676	0.0070833442732691765	0.08004778623580933	0.0016141666565090418	0.002628193236887455	0.012857015244662762	0.029907992109656334
0.512	0.576	0.003873639041557908	0.004908022470772266	0.024081574752926826	0.001130870427004993	0.007031767163425684	0.08004778623580933	0.0015935995616018772	0.002620988292619586	0.012223921716213226	0.028888940811157227
