onset	offset	Alarm_bell_ringing	Blender	Cat	Dishes	Dog	Electric_shaver_toothbrush	Frying	Running_water	Speech	Vacuum_cleaner
0.0	0.064	0.0039756386540830135	0.04460621252655983	0.002873476129025221	0.004530919250100851	0.005656335037201643	0.0006715366034768522	0.0030395931098610163	0.8922297954559326	0.010460138320922852	0.016582001000642776
0.064	0.128	0.0039756386540830135	0.04460621252655983	0.002873476129025221	0.004530919250100851	0.005656335037201643	0.0006715366034768522	0.0030395931098610163	0.870995819568634	0.010460138320922852	0.016582001000642776
0.128	0.192	0.002540451241657138	0.0558679960668087	0.0028488487005233765	0.002851732773706317	0.005303242709487677	0.00046083051711320877	0.00252182362601161	0.8450156450271606	0.009478775784373283	0.016582001000642776
0.192	0.256	0.002090604742988944	0.057843226939439774	0.0027091996744275093	0.00209164060652256	0.005236578173935413	0.00039759647916071117	0.00252182362601161	0.8450156450271606	0.007847883738577366	0.015154737047851086
0.256	0.32	0.001685242517851293	0.06277770549058914	0.0026625937316566706	0.0017800836358219385	0.004977572243660688	0.000320453749736771	0.002393759321421385	0.8519487977027893	0.006374385207891464	0.014061166904866695
0.32	0.384	0.001391212921589613	0.06277770549058914	0.002630924340337515	0.00176173634827137	0.004896987229585648	0.00026002945378422737	0.0022607515566051006	0.8519487977027893	0.006374385207891464	0.013198858126997948
0.384	0.448	0.001261447207070887	0.06316118687391281	0.0026625937316566706	0.0017568040639162064	0.004977572243660688	0.00022476112644653767	0.0022607515566051006	0.8431543707847595	0.006374385207891464	0.011918109841644764
0.448	0.512	0.001261447207070887	0.06426657736301422	0.0027091996744275093	0.0017553979996591806	0.005070220213383436	0.00022476112644653767	0.0022607515566051006	0.8404421806335449	0.006374385207891464	0.01102431770414114
0.512	0.576	0.001261447207070887	0.06547978520393372	0.0028488487005233765	0.0016841606702655554	0.0051378291100263596	0.00022476112644653767	0.002221132628619671	0.8404421806335449	0.006188973318785429	0.010172595269978046
