onset	offset	Alarm_bell_ringing	Blender	Cat	Dishes	Dog	Electric_shaver_toothbrush	Frying	Running_water	Speech	Vacuum_cleaner
0.0	0.064	0.017747143283486366	0.41013967990875244	0.007105300202965736	0.014892912469804287	0.11113818734884262	0.01892523281276226	0.006183766759932041	0.01204916276037693	0.04240061342716217	0.005819876678287983
0.064	0.128	0.017747143283486366	0.41013967990875244	0.007105300202965736	0.014892912469804287	0.11113818734884262	0.01892523281276226	0.006183766759932041	0.01204916276037693	0.04240061342716217	0.005819876678287983
0.128	0.192	0.014762787148356438	0.4331575930118561	0.007149460259824991	0.011085336096584797	0.10604407638311386	0.017831269651651382	0.005625872407108545	0.00936812162399292	0.037887368351221085	0.004783582407981157
0.192	0.256	0.012236357666552067	0.45659753680229187	0.00732159661129117	0.009946884587407112	0.10422329604625702	0.017437729984521866	0.004894454497843981	0.008192039094865322	0.033969007432460785	0.004239845089614391
0.256	0.32	0.010666430927813053	0.45659753680229187	0.007332704961299896	0.008831930346786976	0.10123599320650101	0.01692451722919941	0.00416580680757761	0.007480552885681391	0.02804064005613327	0.0037731921765953302
0.32	0.384	0.01029208954423666	0.45659753680229187	0.007478085812181234	0.007536448538303375	0.10123599320650101	0.015082215890288353	0.003558605909347534	0.00695771723985672	0.022106334567070007	0.003257571952417493
0.384	0.448	0.010203934274613857	0.45659753680229187	0.007631694432348013	0.006649642717093229	0.10123599320650101	0.01363618765026331	0.0030131926760077477	0.006645679008215666	0.022106334567070007	0.0028201015666127205
0.448	0.512	0.01017999742180109	0.4309961795806885	0.007631694432348013	0.006649642717093229	0.10123599320650101	0.01363618765026331	0.0025856737047433853	0.006331972312182188	0.022106334567070007	0.0024745678529143333
0.512	0.576	0.010153945535421371	0.4309961795806885	0.008254850283265114	0.006649642717093229	0.10178414732217789	0.01363618765026331	0.0025856737047433853	0.006121681537479162	0.022106334567070007	0.002143754158169031
