onset	offset	Alarm_bell_ringing	Blender	Cat	Dishes	Dog	Electric_shaver_toothbrush	Frying	Running_water	Speech	Vacuum_cleaner
0.0	0.064	0.012017372064292431	0.014377051964402199	0.010060789994895458	0.028301890939474106	0.7098790407180786	0.016585104167461395	0.01251316349953413	0.025650694966316223	0.5429061651229858	0.008311218582093716
0.064	0.128	0.012017372064292431	0.014377051964402199	0.010060789994895458	0.028301890939474106	0.7098790407180786	0.016585104167461395	0.01251316349953413	0.025650694966316223	0.5429061651229858	0.008311218582093716
0.128	0.192	0.01043674536049366	0.013610838912427425	0.011518648825585842	0.02282000333070755	0.7220220565795898	0.013363530859351158	0.00841530505567789	0.019971400499343872	0.5759997367858887	0.005822680424898863
0.192	0.256	0.009341070428490639	0.0117338290438056	0.011518648825585842	0.016592593863606453	0.7220220565795898	0.009464741684496403	0.006218059454113245	0.012866241857409477	0.6199653148651123	0.0040898737497627735
0.256	0.32	0.008587665855884552	0.010294605977833271	0.011518648825585842	0.011659685522317886	0.7618558406829834	0.008567515760660172	0.0043557328172028065	0.00802651047706604	0.6500007510185242	0.0028455834835767746
0.32	0.384	0.007627354469150305	0.007487084250897169	0.011518648825585842	0.008745496161282063	0.7729384899139404	0.00855771079659462	0.0032511341851204634	0.005258081015199423	0.6500007510185242	0.0022990992292761803
0.384	0.448	0.007483701221644878	0.0060530249029397964	0.01098750252276659	0.00851358100771904	0.7692267298698425	0.007567651569843292	0.003134180326014757	0.004142108839005232	0.6665731072425842	0.001910716062411666
0.448	0.512	0.007105404045432806	0.005926917772740126	0.010707062669098377	0.008336767554283142	0.7618558406829834	0.006702412385493517	0.0029800976626574993	0.0037198171485215425	0.6717882752418518	0.0015703151002526283
0.512	0.576	0.0069338297471404076	0.005239659454673529	0.010509942658245564	0.00818595476448536	0.7220220565795898	0.00603320449590683	0.002955968026071787	0.0033738678321242332	0.689226508140564	0.0014582144794985652
