onset	offset	Alarm_bell_ringing	Blender	Cat	Dishes	Dog	Electric_shaver_toothbrush	Frying	Running_water	Speech	Vacuum_cleaner
0.0	0.064	0.0008703438215889037	0.0013190743047744036	0.012038462795317173	0.001551013090647757	0.0015514843398705125	0.0009953266708180308	0.0017591235227882862	0.003359246300533414	0.005178207065910101	0.007518984377384186
0.064	0.128	0.0008703438215889037	0.0013190743047744036	0.012675346806645393	0.001551013090647757	0.0015514843398705125	0.0009953266708180308	0.0017591235227882862	0.003359246300533414	0.005178207065910101	0.007518984377384186
0.128	0.192	0.0006936731515452266	0.0012284156400710344	0.0130133843049407	0.0013996115885674953	0.0013015418080613017	0.0009270111913792789	0.0016331241931766272	0.0030808334704488516	0.004411671310663223	0.006920482497662306
0.192	0.256	0.0006075585843063891	0.0011742226779460907	0.012952701188623905	0.0013111563166603446	0.0012809901963919401	0.0009209381532855332	0.0015417608665302396	0.002875367645174265	0.00400199182331562	0.006598468404263258
0.256	0.32	0.0005531349452212453	0.0011204893235117197	0.012830825522542	0.0012630809796974063	0.0012809901963919401	0.0009197915205731988	0.0015001727733761072	0.002629488240927458	0.003755181562155485	0.006368773523718119
0.32	0.384	0.0005206440109759569	0.0010559613583609462	0.012830825522542	0.001246806001290679	0.0012809901963919401	0.0009184936643578112	0.0014613367384299636	0.0024536021519452333	0.003620830364525318	0.00619679456576705
0.384	0.448	0.0005017648218199611	0.0009906814666464925	0.012830825522542	0.0012433106312528253	0.0012809901963919401	0.0009147932287305593	0.0014285709476098418	0.0023358415346592665	0.0035444111563265324	0.006044052075594664
0.448	0.512	0.00049190892605111	0.0009355221991427243	0.012830825522542	0.001241976162418723	0.001291592256166041	0.0009147932287305593	0.0014047179138287902	0.002250820165500045	0.0034987935796380043	0.005912431050091982
0.512	0.576	0.0004874201840721071	0.000888251350261271	0.01265441719442606	0.0012415526434779167	0.0012973794946447015	0.0009147932287305593	0.0013728138292208314	0.0022167968563735485	0.0034987935796380043	0.005851722322404385
