onset	offset	Alarm_bell_ringing	Blender	Cat	Dishes	Dog	Electric_shaver_toothbrush	Frying	Running_water	Speech	Vacuum_cleaner
0.0	0.064	0.00411241827532649	0.005881032440811396	0.006490289233624935	0.001624504686333239	0.0018786044092848897	0.001598068280145526	0.0010202457197010517	0.012116254307329655	0.011586074717342854	0.9367069602012634
0.064	0.128	0.00411241827532649	0.005881032440811396	0.006490289233624935	0.001624504686333239	0.0018786044092848897	0.001598068280145526	0.0010202457197010517	0.012116254307329655	0.011586074717342854	0.9383887648582458
0.128	0.192	0.0026608696207404137	0.00579235190525651	0.004616822116076946	0.0013474866282194853	0.0015815693186596036	0.001414470374584198	0.0007050140993669629	0.012099548242986202	0.009862225502729416	0.9383887648582458
0.192	0.256	0.0019233194179832935	0.004957500379532576	0.004616822116076946	0.0011574168456718326	0.0014470346504822373	0.0012052583042532206	0.0006840217392891645	0.011205153539776802	0.008492804132401943	0.9398133754730225
0.256	0.32	0.0015129642561078072	0.004957500379532576	0.004616822116076946	0.0010671700583770871	0.0013312799856066704	0.0009743881528265774	0.0006806591409258544	0.011205153539776802	0.006903815548866987	0.9423184990882874
0.32	0.384	0.0013623615959659219	0.004957500379532576	0.004616822116076946	0.0010652305791154504	0.0013312799856066704	0.0009478913270868361	0.0006663954700343311	0.011205153539776802	0.0057476297952234745	0.9423184990882874
0.384	0.448	0.0013623615959659219	0.004957500379532576	0.005606541875749826	0.0010652305791154504	0.0013312799856066704	0.0009432858787477016	0.0006602492067031562	0.011205153539776802	0.005393617786467075	0.9426288604736328
0.448	0.512	0.0013623615959659219	0.004737470299005508	0.006814633961766958	0.0010652305791154504	0.0013312799856066704	0.0008825605036690831	0.0006602492067031562	0.01127820648252964	0.005393617786467075	0.9428865313529968
0.512	0.576	0.0013623615959659219	0.004737470299005508	0.007718549109995365	0.0010652305791154504	0.0015353492926806211	0.0008775289170444012	0.0006602492067031562	0.012703321874141693	0.005393617786467075	0.94294673204422
