onset	offset	Alarm_bell_ringing	Blender	Cat	Dishes	Dog	Electric_shaver_toothbrush	Frying	Running_water	Speech	Vacuum_cleaner
0.0	0.064	0.0017283238703384995	0.00036146683851256967	0.007308252155780792	0.00424256781116128	0.004728972911834717	0.0006996151059865952	0.003830716712400317	0.0016357492422685027	0.0024221509229391813	0.00224513141438365
0.064	0.128	0.0017283238703384995	0.00036146683851256967	0.007308252155780792	0.00424256781116128	0.004728972911834717	0.0006996151059865952	0.003830716712400317	0.0016357492422685027	0.0024221509229391813	0.00224513141438365
0.128	0.192	0.0008960368577390909	0.00026806158712133765	0.005366901867091656	0.0027897432446479797	0.0038541697431355715	0.0004802157636731863	0.0031606999691575766	0.0013290984788909554	0.0018411295022815466	0.0015939280856400728
0.192	0.256	0.0006671234150417149	0.0002558582928031683	0.005117927677929401	0.002750346204265952	0.003595747984945774	0.000384017446776852	0.002534466329962015	0.0011444194242358208	0.0017391995061188936	0.001382900052703917
0.256	0.32	0.0006569513934664428	0.00025435685529373586	0.004932372365146875	0.002515908796340227	0.0032705175690352917	0.0003574804577510804	0.002235501306131482	0.0011444194242358208	0.0017391995061188936	0.0012996750883758068
0.32	0.384	0.0006556164007633924	0.0002494842919986695	0.004744069650769234	0.0023668184876441956	0.003128051059320569	0.00035005659447051585	0.0019745794124901295	0.001131800003349781	0.0017391995061188936	0.0012882781447842717
0.384	0.448	0.0006170124979689717	0.00024906150065362453	0.004744069650769234	0.00227539986371994	0.0032337603624910116	0.00033769436413422227	0.001895354362204671	0.001131800003349781	0.0017391995061188936	0.0012159754987806082
0.448	0.512	0.0006099626771174371	0.00023199831775855273	0.004744069650769234	0.00227539986371994	0.0032705175690352917	0.00033528715721331537	0.0018815079238265753	0.001131800003349781	0.0017402777448296547	0.0011147805489599705
0.512	0.576	0.000599929946474731	0.00021821126574650407	0.004744069650769234	0.001994285499677062	0.0033591887913644314	0.00033170144888572395	0.001805426669307053	0.001161717576906085	0.0017488602316007018	0.001049213227815926
