onset	offset	Alarm_bell_ringing	Blender	Cat	Dishes	Dog	Electric_shaver_toothbrush	Frying	Running_water	Speech	Vacuum_cleaner
0.0	0.064	0.010933599434792995	0.021275531500577927	0.042886730283498764	0.018201064318418503	0.1905454397201538	0.008124769665300846	0.016030937433242798	0.01695157028734684	0.9661511182785034	0.011461311019957066
0.064	0.128	0.010933599434792995	0.02117653749883175	0.03839022293686867	0.018201064318418503	0.18275856971740723	0.008124769665300846	0.016030937433242798	0.01579243876039982	0.9638774394989014	0.011461311019957066
0.128	0.192	0.008917765691876411	0.02117653749883175	0.03839022293686867	0.01732042245566845	0.14393016695976257	0.007467513903975487	0.01738695241510868	0.01579243876039982	0.9603807330131531	0.010741828009486198
0.192	0.256	0.008523004129529	0.020695731043815613	0.037473730742931366	0.01591400057077408	0.14393016695976257	0.006800461560487747	0.01738695241510868	0.015606222674250603	0.9603807330131531	0.00892262626439333
0.256	0.32	0.008469939231872559	0.017702486366033554	0.033211372792720795	0.014664502814412117	0.13738195598125458	0.006736507173627615	0.01738695241510868	0.014592908322811127	0.9603807330131531	0.0062997895292937756
0.32	0.384	0.007989544421434402	0.012076616287231445	0.028231333941221237	0.013243911787867546	0.0994700938463211	0.006081013940274715	0.01738695241510868	0.013867735862731934	0.9462329745292664	0.004791834391653538
0.384	0.448	0.007989544421434402	0.0031024771742522717	0.019721219316124916	0.010943395085632801	0.04340648651123047	0.004630333743989468	0.015250131487846375	0.008978908881545067	0.8982524275779724	0.0029417299665510654
0.448	0.512	0.007989544421434402	0.0019712811335921288	0.013498537242412567	0.008688428439199924	0.014572187326848507	0.0038968133740127087	0.011585894040763378	0.0031268454622477293	0.8982524275779724	0.0017146196914836764
0.512	0.576	0.007989544421434402	0.0019712811335921288	0.012757398188114166	0.008688428439199924	0.014572187326848507	0.0038968133740127087	0.009433161467313766	0.0031268454622477293	0.8982524275779724	0.0013594150077551603
