onset	offset	Alarm_bell_ringing	Blender	Cat	Dishes	Dog	Electric_shaver_toothbrush	Frying	Running_water	Speech	Vacuum_cleaner
0.0	0.064	0.00118601496797055	0.0012781900586560369	0.9537090063095093	0.004816810600459576	0.003957053180783987	0.0007442031055688858	0.0012892454396933317	0.003238372504711151	0.015696251764893532	0.0022354640532284975
0.064	0.128	0.00118601496797055	0.0012778996024280787	0.9537090063095093	0.004816810600459576	0.003957053180783987	0.0007442031055688858	0.0012892454396933317	0.003238372504711151	0.015696251764893532	0.0022354640532284975
0.128	0.192	0.00118601496797055	0.0012778996024280787	0.9537090063095093	0.003851852612569928	0.003957053180783987	0.0006896815611980855	0.0011394493049010634	0.002787005389109254	0.014866058714687824	0.001680049579590559
0.192	0.256	0.0011470818426460028	0.00119093619287014	0.9537090063095093	0.003310364205390215	0.003991612698882818	0.0006725204293616116	0.0011373860761523247	0.0025293987710028887	0.014057386666536331	0.0013225739821791649
0.256	0.32	0.000979032600298524	0.0010513062588870525	0.9537090063095093	0.0027311239391565323	0.004114680457860231	0.00057887879665941	0.0011174168903380632	0.0022026582155376673	0.01146708894520998	0.0012624147348105907
0.32	0.384	0.0006145393708720803	0.000856935337651521	0.9327755570411682	0.0022562763188034296	0.004795328713953495	0.00046486020437441766	0.0011033609043806791	0.0018710436997935176	0.009097125381231308	0.0012624147348105907
0.384	0.448	0.0003669243596959859	0.0006593434372916818	0.8245074152946472	0.0017047085566446185	0.00536836264654994	0.0003022895834874362	0.0009063364705070853	0.0017062982078641653	0.005884629208594561	0.0012624147348105907
0.448	0.512	0.00024369594757445157	0.0004917483893223107	0.731593132019043	0.0013948684791103005	0.00536836264654994	0.00023248746583703905	0.0007238551625050604	0.0017062982078641653	0.005608106032013893	0.001247792155481875
0.512	0.576	0.00023180661082733423	0.0004917483893223107	0.731593132019043	0.0013948684791103005	0.00536836264654994	0.00021349717280827463	0.0006161735509522259	0.0017062982078641653	0.005528242327272892	0.001247792155481875
