onset	offset	Alarm_bell_ringing	Blender	Cat	Dishes	Dog	Electric_shaver_toothbrush	Frying	Running_water	Speech	Vacuum_cleaner
0.0	0.064	0.00023705822241026908	0.0002826036070473492	0.0051360647194087505	0.0005905311554670334	0.00043187494156882167	0.00014038302469998598	0.000927972374483943	0.0011054486967623234	0.001523498329333961	0.002796817570924759
0.064	0.128	0.00023705822241026908	0.0002826036070473492	0.0051360647194087505	0.0005905311554670334	0.00043187494156882167	0.00014038302469998598	0.000927972374483943	0.0011054486967623234	0.001523498329333961	0.002796817570924759
0.128	0.192	0.00019526988035067916	0.00022162674576975405	0.0051360647194087505	0.0004990469897165895	0.00045113987289369106	0.00011726425145752728	0.0008281757473014295	0.0009496359270997345	0.0013214136706665158	0.002407538238912821
0.192	0.256	0.0001788237423170358	0.0001925400720210746	0.0051360647194087505	0.0004861031484324485	0.00045113987289369106	0.00010805008059833199	0.0007838860619813204	0.0008704378851689398	0.0012258447241038084	0.0022166564594954252
0.256	0.32	0.0001706939801806584	0.0001737118436722085	0.0051360647194087505	0.00047915909090079367	0.00045113987289369106	0.00010352228855481371	0.0007520742365159094	0.0008105020388029516	0.0011941350530833006	0.002061539562419057
0.32	0.384	0.00015841341519262642	0.00015886055189184844	0.005373235326260328	0.00047527183778584003	0.0004868416581302881	9.881454752758145e-05	0.0007214107899926603	0.0007431403500959277	0.0011891592293977737	0.001910894294269383
0.384	0.448	0.00015067827189341187	0.00014909003220964223	0.005598450545221567	0.00046703944099135697	0.0005110761849209666	9.430753561900929e-05	0.0006782046984881163	0.0006977790617384017	0.0011822606902569532	0.0017758843023329973
0.448	0.512	0.00014922984701115638	0.00014518943498842418	0.005686958786100149	0.0004601426771841943	0.0005148925702087581	9.139371832134202e-05	0.0006478084251284599	0.000672080204822123	0.001180419698357582	0.0016730542993173003
0.512	0.576	0.00014840795483905822	0.00014387919509317726	0.005719935055822134	0.0004601426771841943	0.0005156020051799715	8.950146002462134e-05	0.0006319709355011582	0.0006510457606054842	0.001180419698357582	0.0016056837048381567
