onset	offset	Alarm_bell_ringing	Blender	Cat	Dishes	Dog	Electric_shaver_toothbrush	Frying	Running_water	Speech	Vacuum_cleaner
0.0	0.064	0.00019242720736656338	0.00023446105478797108	0.0013068420812487602	0.0005313311121426523	0.0003500432940199971	8.384103421121836e-05	0.0007390103419311345	0.005238441750407219	0.002207056852057576	0.0013960094656795263
0.064	0.128	0.00019242720736656338	0.00023446105478797108	0.0013448328245431185	0.0005313311121426523	0.0003970380057580769	8.384103421121836e-05	0.0007390103419311345	0.005189124494791031	0.002207056852057576	0.0013960094656795263
0.128	0.192	0.00016803348262328655	0.00022520753554999828	0.0013448328245431185	0.0004897327162325382	0.0003970380057580769	8.34225065773353e-05	0.0006914558471180499	0.005189124494791031	0.0019430380780249834	0.0013033964205533266
0.192	0.256	0.00015588065434712917	0.00021199790353421122	0.0013068420812487602	0.00046753924107179046	0.0003779552353080362	8.289373363368213e-05	0.0006559719913639128	0.005042470991611481	0.0018111219396814704	0.0011924691498279572
0.256	0.32	0.00014670996461063623	0.00019152405729983002	0.0012270859442651272	0.00043073028791695833	0.00036880894913338125	8.12784637673758e-05	0.0006369948387145996	0.00459897518157959	0.0017290612449869514	0.0010781557066366076
0.32	0.384	0.00014026928693056107	0.00017567671602591872	0.0012270859442651272	0.0003993977443315089	0.00036880894913338125	7.946897676447406e-05	0.0006137288874015212	0.004036229103803635	0.0016775946132838726	0.0009692799067124724
0.384	0.448	0.00013705360470339656	0.00016488516121171415	0.0011824921239167452	0.00038117016083560884	0.00036880894913338125	7.781201566103846e-05	0.0006058262661099434	0.0038099579978734255	0.0016775946132838726	0.0009065441554412246
0.448	0.512	0.0001351384271401912	0.0001559270458528772	0.0011669702362269163	0.00037365168100222945	0.0003662432136479765	7.676875247852877e-05	0.0006026088376529515	0.003793617943301797	0.0016775946132838726	0.000852008699439466
0.512	0.576	0.00013475946616381407	0.00014742052007932216	0.001166668487712741	0.0003700537490658462	0.00036252368590794504	7.651361374882981e-05	0.0006026088376529515	0.0037179216742515564	0.0016775946132838726	0.000805350486189127
