onset	offset	Alarm_bell_ringing	Blender	Cat	Dishes	Dog	Electric_shaver_toothbrush	Frying	Running_water	Speech	Vacuum_cleaner
0.0	0.064	0.0005076818051747978	0.0006492748507298529	0.000924176478292793	0.0006540019530802965	0.00043514478602446616	0.00019194050400983542	0.00040044079651124775	0.00725985923781991	0.0027604522183537483	0.0011160228168591857
0.064	0.128	0.0005076818051747978	0.0006492748507298529	0.000924176478292793	0.0006540019530802965	0.00043514478602446616	0.00019194050400983542	0.00040044079651124775	0.00725985923781991	0.0027604522183537483	0.0011160228168591857
0.128	0.192	0.00041353286360390484	0.00060603441670537	0.0008576370892114937	0.0005526745808310807	0.0003953081031795591	0.00018270668806508183	0.00037582532968372107	0.006811885628849268	0.0025627007707953453	0.0010009048273786902
0.192	0.256	0.00038475560722872615	0.0005739267216995358	0.0008407030254602432	0.0005188820650801063	0.00039158351137302816	0.0001794429263100028	0.0003614978340920061	0.006687213201075792	0.002516354899853468	0.0009206595132127404
0.256	0.32	0.00037243260885588825	0.0005474784993566573	0.0008368355338461697	0.0004990253364667296	0.0003904447075910866	0.00017764871881809086	0.000342152314260602	0.006480783224105835	0.002462523290887475	0.0008601872250437737
0.32	0.384	0.0003644861571956426	0.0005275302100926638	0.0008368355338461697	0.0004769573570229113	0.0003901050367858261	0.00017491854669060558	0.0003188987902831286	0.006480783224105835	0.0024252557195723057	0.0008067329763434827
0.384	0.448	0.00035418791230767965	0.0005253454437479377	0.0008368355338461697	0.0004460627387743443	0.0003840212884824723	0.00016836401482578367	0.00029036341584287584	0.006480783224105835	0.0024231350980699062	0.0007712531951256096
0.448	0.512	0.00034946174127981067	0.0005248141824267805	0.0008368355338461697	0.00043651057058013976	0.0003772953641600907	0.00016563523968216032	0.0002632764808367938	0.006480783224105835	0.0024231350980699062	0.0007439868059009314
0.512	0.576	0.00034647880238480866	0.0005226439097896218	0.0008513752836734056	0.00043651057058013976	0.0003772953641600907	0.00016563523968216032	0.00023416528711095452	0.006570219527930021	0.0024231350980699062	0.0006842244765721262
