onset	offset	Alarm_bell_ringing	Blender	Cat	Dishes	Dog	Electric_shaver_toothbrush	Frying	Running_water	Speech	Vacuum_cleaner
0.0	0.064	0.0005344994715414941	0.0006511558894999325	0.041817571967840195	0.006057923659682274	0.002024684799835086	0.0003598227340262383	0.005126502830535173	0.01845727115869522	0.011325782164931297	0.0046071140095591545
0.064	0.128	0.0005344994715414941	0.0006511558894999325	0.041817571967840195	0.006057923659682274	0.002024684799835086	0.0003598227340262383	0.005126502830535173	0.01845727115869522	0.011325782164931297	0.0046071140095591545
0.128	0.192	0.00030627899104729295	0.0003857357951346785	0.03213178738951683	0.003246719716116786	0.0014917344087734818	0.0002763588563539088	0.005126502830535173	0.013857007026672363	0.0062742652371525764	0.004490796942263842
0.192	0.256	0.00021872286743018776	0.00031067742384038866	0.026262491941452026	0.0018981329631060362	0.0012129071401432157	0.0002097332471748814	0.005126502830535173	0.013857007026672363	0.0033326135016977787	0.004490796942263842
0.256	0.32	0.000194727152120322	0.0002402916579740122	0.021792646497488022	0.0016758627025410533	0.0010826317593455315	0.00017410219879820943	0.005126502830535173	0.013857007026672363	0.0026385942474007607	0.004490796942263842
0.32	0.384	0.00017374762683175504	0.00020948523888364434	0.01821475476026535	0.0015197796747088432	0.001011691172607243	0.00014946909504942596	0.005337017122656107	0.013857007026672363	0.0023813853040337563	0.004143629688769579
0.384	0.448	0.00016445368237327784	0.00020888906146865338	0.018150821328163147	0.0014495460782200098	0.0009755191276781261	0.00014293538697529584	0.006058891303837299	0.014488578774034977	0.002285545924678445	0.003716397797688842
0.448	0.512	0.0001616571971680969	0.00020666903583332896	0.017833806574344635	0.0014244228368625045	0.0009567787637934089	0.00013780302833765745	0.006715103052556515	0.016642402857542038	0.0022275703959167004	0.0033989292569458485
0.512	0.576	0.00016091148427221924	0.00019819913723040372	0.017176877707242966	0.0014244228368625045	0.0009542232728563249	0.0001331429521087557	0.007116646505892277	0.01835288666188717	0.002192057203501463	0.003226154949516058
