onset	offset	Alarm_bell_ringing	Blender	Cat	Dishes	Dog	Electric_shaver_toothbrush	Frying	Running_water	Speech	Vacuum_cleaner
0.0	0.064	0.006826456170529127	0.00026068530860356987	0.0002429755695629865	0.0007438084576278925	0.0007348724757321179	0.0001924730750033632	0.0001705036556813866	0.0005587025079876184	0.0036674058064818382	0.00044744377373717725
0.064	0.128	0.007639444898813963	0.00026068530860356987	0.0002429755695629865	0.0007438084576278925	0.0007348724757321179	0.0001963093236554414	0.0001705036556813866	0.0005587025079876184	0.0036674058064818382	0.00044744377373717725
0.128	0.192	0.008033115416765213	0.00024030949862208217	0.00021031740470789373	0.0006517686997540295	0.0006007441552355886	0.00019648818124551326	0.00013549545838031918	0.0004870330449193716	0.002480669179931283	0.00033834888017736375
0.192	0.256	0.007639444898813963	0.00022622934193350375	0.00021025282330811024	0.0006439261487685144	0.00057195097906515	0.0001963093236554414	0.00011800446372944862	0.000454471621196717	0.002220850670710206	0.000278822029940784
0.256	0.32	0.006826456170529127	0.00020532771304715425	0.00020640868751797825	0.0006231641164049506	0.000565793423447758	0.0001924730750033632	0.00010616279178066179	0.0004313785466365516	0.0020839611534029245	0.00023690999660175294
0.32	0.384	0.006644193548709154	0.00018066390475723892	0.0002046682348009199	0.0005879704258404672	0.0005465129506774247	0.00018773188639897853	9.652120934333652e-05	0.0004194091889075935	0.0019816039130091667	0.00020147638861089945
0.384	0.448	0.006644193548709154	0.0001531872694613412	0.00020413909805938601	0.0005259374156594276	0.0004973412142135203	0.00018016435205936432	8.856054046191275e-05	0.00041204519220627844	0.0019816039130091667	0.00017223834584001452
0.448	0.512	0.005309564992785454	0.00013003665662836283	0.0002046682348009199	0.00046107941307127476	0.0004555707855615765	0.00016716666868887842	8.454183262074366e-05	0.0004111069138161838	0.0019816039130091667	0.00015628026449121535
0.512	0.576	0.004125834908336401	0.0001113484613597393	0.0002046682348009199	0.0003977733722422272	0.0004317757557146251	0.00016270553169306368	8.404090476687998e-05	0.0004111069138161838	0.0019816039130091667	0.00015573535347357392
