onset	offset	Alarm_bell_ringing	Blender	Cat	Dishes	Dog	Electric_shaver_toothbrush	Frying	Running_water	Speech	Vacuum_cleaner
0.0	0.064	0.0009221880463883281	0.003266314510256052	0.0028906872030347586	0.0123298279941082	0.058306969702243805	0.0011184642789885402	0.0011310584377497435	0.006745465099811554	0.040383968502283096	0.0008166544721461833
0.064	0.128	0.0009221880463883281	0.003266314510256052	0.0028906872030347586	0.0123298279941082	0.058306969702243805	0.0011184642789885402	0.0011310584377497435	0.006745465099811554	0.040383968502283096	0.0008166544721461833
0.128	0.192	0.0007447830867022276	0.0032126354053616524	0.0021769332233816385	0.011983953416347504	0.04556926712393761	0.0008350719581358135	0.001040270901285112	0.006677999626845121	0.03588428348302841	0.0006412403890863061
0.192	0.256	0.0006144388462416828	0.00251944363117218	0.0020949644967913628	0.007710959296673536	0.024932973086833954	0.0006506168283522129	0.0008967598550952971	0.006410341709852219	0.03588428348302841	0.0005392272141762078
0.256	0.32	0.00046840732102282345	0.0018382556736469269	0.0020949644967913628	0.0038061607629060745	0.01159504521638155	0.0005024430574849248	0.0008732940186746418	0.005213461350649595	0.03588428348302841	0.0005000843666493893
0.32	0.384	0.00042054933146573603	0.0014190239598974586	0.0020949644967913628	0.0038061607629060745	0.008510522544384003	0.00045034734648652375	0.0008641943568363786	0.005213461350649595	0.03588428348302841	0.0004951187875121832
0.384	0.448	0.00042054933146573603	0.0014016844797879457	0.0020949644967913628	0.0038061607629060745	0.008510522544384003	0.00045034734648652375	0.0008540822309441864	0.005213461350649595	0.042682942003011703	0.0004791878454852849
0.448	0.512	0.00042054933146573603	0.0012688373681157827	0.002444779733195901	0.0038061607629060745	0.008510522544384003	0.00045034734648652375	0.0008442749385721982	0.0051764678210020065	0.08252334594726562	0.00047582804108969867
0.512	0.576	0.00042054933146573603	0.001226537860929966	0.003069956786930561	0.0038842735812067986	0.008510522544384003	0.00045034734648652375	0.0007878164760768414	0.0051332395523786545	0.20731769502162933	0.0004583819245453924
