onset	offset	Alarm_bell_ringing	Blender	Cat	Dishes	Dog	Electric_shaver_toothbrush	Frying	Running_water	Speech	Vacuum_cleaner
0.0	0.064	0.005967350210994482	0.019690897315740585	0.0066989716142416	0.0039017272647470236	0.008565619587898254	0.0025108305271714926	0.003140261396765709	0.004952185321599245	0.00917510874569416	0.8728213310241699
0.064	0.128	0.005967350210994482	0.019690897315740585	0.0066989716142416	0.0039017272647470236	0.008565619587898254	0.0025108305271714926	0.003140261396765709	0.004952185321599245	0.00917510874569416	0.8728213310241699
0.128	0.192	0.004409474786370993	0.016099438071250916	0.006218802183866501	0.0026789845433086157	0.008158216252923012	0.0020928403828293085	0.002923933556303382	0.004568177275359631	0.006911030970513821	0.8867003917694092
0.192	0.256	0.0038319069426506758	0.01286603044718504	0.006194251589477062	0.002084902487695217	0.008095532655715942	0.001791616901755333	0.0028317042160779238	0.00419318862259388	0.0062817856669425964	0.9043928384780884
0.256	0.32	0.0035839856136590242	0.010250174440443516	0.0056098345667123795	0.001940111629664898	0.007837987504899502	0.0017346324166283011	0.002777590649202466	0.0039516775868833065	0.005997102241963148	0.9205633997917175
0.32	0.384	0.0034307760652154684	0.008722974918782711	0.005560778081417084	0.001927800476551056	0.0076665752567350864	0.0017253318801522255	0.002735341666266322	0.0036870313342660666	0.00562669150531292	0.9311990737915039
0.384	0.448	0.00312557490542531	0.007634905632585287	0.005484565161168575	0.0018087271600961685	0.0076665752567350864	0.0016227631131187081	0.0026348524261265993	0.003454293357208371	0.0053717526607215405	0.9356681108474731
0.448	0.512	0.0027591832913458347	0.006762527395039797	0.004855334293097258	0.0016800409648567438	0.0076665752567350864	0.0015050225192680955	0.0025270418263971806	0.0032255167607218027	0.0051416619680821896	0.9387323260307312
0.512	0.576	0.0024425664450973272	0.00612408434972167	0.004424041137099266	0.0015738372458145022	0.007599986623972654	0.0014074542559683323	0.0024301393423229456	0.003029281971976161	0.004961446858942509	0.9398958683013916
