onset	offset	Alarm_bell_ringing	Blender	Cat	Dishes	Dog	Electric_shaver_toothbrush	Frying	Running_water	Speech	Vacuum_cleaner
0.0	0.064	0.003539862111210823	0.0030453307554125786	0.003045449499040842	0.03894234448671341	0.0016900080954656005	0.005422818474471569	0.9313830733299255	0.005396949127316475	0.9082252383232117	0.004500075709074736
0.064	0.128	0.003539862111210823	0.0030453307554125786	0.003045449499040842	0.03894234448671341	0.0016900080954656005	0.005422818474471569	0.9313830733299255	0.005396949127316475	0.9032446146011353	0.004500075709074736
0.128	0.192	0.0024561721365898848	0.002466601552441716	0.0030041004065424204	0.03248308598995209	0.0015297702047973871	0.004879975225776434	0.9371412396430969	0.005218434613198042	0.9032446146011353	0.0036370973102748394
0.192	0.256	0.0020946774166077375	0.002056369325146079	0.002942423801869154	0.03195098042488098	0.0014064795104786754	0.004381437785923481	0.9427912831306458	0.005218434613198042	0.8896212577819824	0.003065199824050069
0.256	0.32	0.0019442266784608364	0.0017004956025630236	0.0028232464101165533	0.031139202415943146	0.0013121950905770063	0.004019331187009811	0.9450314044952393	0.005218434613198042	0.8650223016738892	0.002728837775066495
0.32	0.384	0.0017995310481637716	0.001370525686070323	0.002817935310304165	0.030023811385035515	0.001281474600546062	0.0037825312465429306	0.9461849331855774	0.005218434613198042	0.8394352197647095	0.0024738535284996033
0.384	0.448	0.0016647942829877138	0.0011528240283951163	0.002817935310304165	0.029000507667660713	0.0012763049453496933	0.0035748393274843693	0.9484561681747437	0.005218434613198042	0.7918321490287781	0.0021866997703909874
0.448	0.512	0.0016282977303490043	0.0010698364349082112	0.0023321339394897223	0.028334850445389748	0.0011854361509904265	0.003346613608300686	0.9582364559173584	0.005218434613198042	0.6381371021270752	0.0018820874392986298
0.512	0.576	0.0014190010260790586	0.0008698152378201485	0.0011054787319153547	0.018086183816194534	0.0009961083997040987	0.0026465668343007565	0.9694803357124329	0.005218434613198042	0.27376407384872437	0.0018721884116530418
