onset	offset	Alarm_bell_ringing	Blender	Cat	Dishes	Dog	Electric_shaver_toothbrush	Frying	Running_water	Speech	Vacuum_cleaner
0.0	0.064	0.0005409675068221986	9.27500004763715e-05	0.0016981724184006453	0.0010609162272885442	0.003650625003501773	0.0001435858866898343	0.0015616912860423326	0.0012395373778417706	0.0016664189752191305	0.0022450117394328117
0.064	0.128	0.0005409675068221986	9.27500004763715e-05	0.0016981724184006453	0.0010609162272885442	0.003938595298677683	0.0001435858866898343	0.0015616912860423326	0.0012395373778417706	0.0016664189752191305	0.0022450117394328117
0.128	0.192	0.0004371612158138305	7.986675336724147e-05	0.001738454680889845	0.000889733259100467	0.0042189559899270535	0.00012890875223092735	0.0013648472959175706	0.0011018835939466953	0.0014545767335221171	0.0018678947817534208
0.192	0.256	0.00039495705277659	7.518909842474386e-05	0.001738454680889845	0.0008745518862269819	0.0042189559899270535	0.00012512365356087685	0.001307066180743277	0.0010134938638657331	0.0013740629656240344	0.0016887286910787225
0.256	0.32	0.0003795925877057016	7.198776438599452e-05	0.0017191783990710974	0.0008731313864700496	0.0042189559899270535	0.00012240700016263872	0.0012557307491078973	0.0009634707821533084	0.001361373346298933	0.0015638526529073715
0.32	0.384	0.00037920268368907273	6.970359390834346e-05	0.0017191783990710974	0.0008717124001123011	0.004498242866247892	0.00012057385902153328	0.0011988001642748713	0.0009366187150590122	0.0013534221798181534	0.0014654344413429499
0.384	0.448	0.00037185041583143175	6.746660801582038e-05	0.0017191783990710974	0.0008537999237887561	0.004611607175320387	0.00011756172170862556	0.0011586557375267148	0.0008931940537877381	0.0013519162312150002	0.0013544834218919277
0.448	0.512	0.00035483509418554604	6.494066474260762e-05	0.0017191783990710974	0.00084137381054461	0.004651540890336037	0.00011555548553587869	0.0011201100423932076	0.0008328123949468136	0.0013205015566200018	0.0012488485081121325
0.512	0.576	0.0003467676287982613	6.289375596679747e-05	0.0016987223643809557	0.0008366744732484221	0.0046526361256837845	0.00011548122711246833	0.0010905202943831682	0.0007879316690377891	0.0013029699912294745	0.001165868598036468
