onset	offset	Alarm_bell_ringing	Blender	Cat	Dishes	Dog	Electric_shaver_toothbrush	Frying	Running_water	Speech	Vacuum_cleaner
0.0	0.064	0.004087650217115879	0.023792285472154617	0.009802130982279778	0.008398788049817085	0.01177157275378704	0.01941906288266182	0.007307162042707205	0.01416708342730999	0.01783004030585289	0.5103358626365662
0.064	0.128	0.004087650217115879	0.023792285472154617	0.009802130982279778	0.008197526447474957	0.011973834596574306	0.01941906288266182	0.007307162042707205	0.012468133121728897	0.01783004030585289	0.5103358626365662
0.128	0.192	0.0035036150366067886	0.035870470106601715	0.008181445300579071	0.008197526447474957	0.012869621627032757	0.01765293814241886	0.007299473974853754	0.012468133121728897	0.017310848459601402	0.5103358626365662
0.192	0.256	0.003114157123491168	0.04352506622672081	0.008060649037361145	0.00737351318821311	0.011973834596574306	0.014928674325346947	0.007221648003906012	0.012156832031905651	0.017310848459601402	0.5103358626365662
0.256	0.32	0.002833875361829996	0.04352506622672081	0.007824798114597797	0.006229021120816469	0.01177157275378704	0.014818821102380753	0.007142196875065565	0.011106133460998535	0.017226438969373703	0.5103358626365662
0.32	0.384	0.002833875361829996	0.04352506622672081	0.007530651520937681	0.005215390585362911	0.01177157275378704	0.014197442680597305	0.006928883492946625	0.010294678620994091	0.017168259248137474	0.5110588073730469
0.384	0.448	0.002821537898853421	0.04352506622672081	0.006036553997546434	0.004200207069516182	0.010300792753696442	0.013418415561318398	0.006400326732546091	0.010294678620994091	0.017226438969373703	0.5110588073730469
0.448	0.512	0.002821537898853421	0.03979729861021042	0.004959373734891415	0.0037115493323653936	0.008573771454393864	0.01323800440877676	0.005696513690054417	0.010294678620994091	0.017310848459601402	0.5110588073730469
0.512	0.576	0.002833875361829996	0.03979729861021042	0.004959373734891415	0.0037115493323653936	0.008573771454393864	0.013070009648799896	0.005586393177509308	0.010294678620994091	0.017445117235183716	0.5110588073730469
