onset	offset	Alarm_bell_ringing	Blender	Cat	Dishes	Dog	Electric_shaver_toothbrush	Frying	Running_water	Speech	Vacuum_cleaner
0.0	0.064	0.011423485353589058	0.00572900241240859	0.07977931201457977	0.004594934172928333	0.07280020415782928	0.00901324488222599	0.0006259674555622041	0.003525007516145706	0.006457184441387653	0.008630654774606228
0.064	0.128	0.011423485353589058	0.00572900241240859	0.07977931201457977	0.004594934172928333	0.07280020415782928	0.00901324488222599	0.0006259674555622041	0.003525007516145706	0.006457184441387653	0.008630654774606228
0.128	0.192	0.011423485353589058	0.005265768151730299	0.09001091867685318	0.004594934172928333	0.07280020415782928	0.00901324488222599	0.0005494320066645741	0.003259180812165141	0.00587396090850234	0.007552203722298145
0.192	0.256	0.011423485353589058	0.004524639341980219	0.09001091867685318	0.00436453428119421	0.07055668532848358	0.00901324488222599	0.0004876948078162968	0.003076608292758465	0.005844137631356716	0.006681815255433321
0.256	0.32	0.011423485353589058	0.003826896892860532	0.09001091867685318	0.004245909396559	0.07018174231052399	0.009013070724904537	0.0004422488564159721	0.0028371759690344334	0.005721730180084705	0.006285811774432659
0.32	0.384	0.009726712480187416	0.003434394020587206	0.09001091867685318	0.003627388970926404	0.057693593204021454	0.008760977536439896	0.00040094173164106905	0.002656020922586322	0.005321058910340071	0.006051975302398205
0.384	0.448	0.006837098393589258	0.003229658817872405	0.07261598855257034	0.003097004722803831	0.04471666365861893	0.008078638464212418	0.00033247837563976645	0.0025212839245796204	0.004864491987973452	0.005710443016141653
0.448	0.512	0.005897170398384333	0.0030984210316091776	0.07261598855257034	0.0028592925518751144	0.04471666365861893	0.007275918964296579	0.0003137255844194442	0.002432315843179822	0.004864491987973452	0.005627796053886414
0.512	0.576	0.005897170398384333	0.0030268505215644836	0.07261598855257034	0.002714992966502905	0.04471666365861893	0.006889565382152796	0.0003137255844194442	0.0023784562945365906	0.004864491987973452	0.0055755614303052425
