onset	offset	Alarm_bell_ringing	Blender	Cat	Dishes	Dog	Electric_shaver_toothbrush	Frying	Running_water	Speech	Vacuum_cleaner
0.0	0.064	0.00019321779836900532	0.00019021825573872775	0.004598872270435095	0.0006942161708138883	0.0007748137577436864	9.944484918378294e-05	0.0006514141568914056	0.0014006096171215177	0.0015490693040192127	0.0012031660880893469
0.064	0.128	0.00019321779836900532	0.00019021825573872775	0.0048471661284565926	0.0006942161708138883	0.0007908176630735397	9.944484918378294e-05	0.0006514141568914056	0.0014006096171215177	0.0015490693040192127	0.0012031660880893469
0.128	0.192	0.0001766309142112732	0.00017720801406539977	0.004897553939372301	0.0006393215153366327	0.0008048670715652406	9.32546317926608e-05	0.0005869438173249364	0.0013002996565774083	0.001457282225601375	0.0010842285118997097
0.192	0.256	0.00017209928773809224	0.00017179222777485847	0.004897553939372301	0.0006354270735755563	0.0008048670715652406	9.021369623951614e-05	0.0005539648700505495	0.001245781546458602	0.0014544138684868813	0.0009958166629076004
0.256	0.32	0.00016857782611623406	0.00016515942115802318	0.004897553939372301	0.0006173771689645946	0.0008048670715652406	8.80299267009832e-05	0.0005429837619885802	0.0011966042220592499	0.0014544138684868813	0.0009372637141495943
0.32	0.384	0.00016629927267786115	0.00015845961752347648	0.0049066441133618355	0.0005974250379949808	0.0008169693755917251	8.596703264629468e-05	0.0005346047109924257	0.0011580372229218483	0.0014544138684868813	0.0008871081518009305
0.384	0.448	0.00016475787560921162	0.00015360061661340296	0.004912314470857382	0.0005807118723168969	0.0008347609546035528	8.421122038271278e-05	0.0005293487920425832	0.0011273818090558052	0.0014544138684868813	0.0008426258573308587
0.448	0.512	0.0001643963041715324	0.00015164949581958354	0.005002849269658327	0.0005694026476703584	0.0008604225004091859	8.286583033623174e-05	0.0005255204741843045	0.0011027135187759995	0.0014676828868687153	0.0008002510294318199
0.512	0.576	0.0001643963041715324	0.00015164949581958354	0.005193505436182022	0.0005619855364784598	0.000894848839379847	8.198442083084956e-05	0.0005221267929300666	0.001080889138393104	0.0014878411311656237	0.0007583571132272482
