onset	offset	Alarm_bell_ringing	Blender	Cat	Dishes	Dog	Electric_shaver_toothbrush	Frying	Running_water	Speech	Vacuum_cleaner
0.0	0.064	0.007100235670804977	0.0039836568757891655	0.00345560978166759	0.00848671980202198	0.0036165372002869844	0.0017284125788137317	0.003638686379417777	0.9870637655258179	0.4742109775543213	0.0040350561030209064
0.064	0.128	0.007100235670804977	0.0039836568757891655	0.00345560978166759	0.00848671980202198	0.0036165372002869844	0.0017284125788137317	0.003638686379417777	0.9870637655258179	0.4742109775543213	0.0040350561030209064
0.128	0.192	0.005838396959006786	0.0028255521319806576	0.0020788011606782675	0.00505253067240119	0.002754669403657317	0.001442436594516039	0.0023280547466129065	0.9908379912376404	0.43338385224342346	0.002385469153523445
0.192	0.256	0.004476283676922321	0.0024199318140745163	0.0015485576586797833	0.00314442440867424	0.0024134640116244555	0.0011747539974749088	0.0020069144666194916	0.9925509691238403	0.274268239736557	0.0017378762131556869
0.256	0.32	0.003387401346117258	0.0021647843532264233	0.001014685956761241	0.0022253606002777815	0.001918761758133769	0.0009516068384982646	0.0018383539281785488	0.9934771656990051	0.08375148475170135	0.0014156474499031901
0.32	0.384	0.002764859702438116	0.0019025292713195086	0.0009049613727256656	0.0016697444953024387	0.0014742609346285462	0.0007813017000444233	0.0016876149456948042	0.9936936497688293	0.03371920809149742	0.0011732963612303138
0.384	0.448	0.0023601839784532785	0.0017037739744409919	0.000889436574652791	0.0016438326565548778	0.0012938800500705838	0.000682122481521219	0.0016183139523491263	0.9936936497688293	0.012886043637990952	0.000980406068265438
0.448	0.512	0.0022873624693602324	0.0016145318513736129	0.0008518893737345934	0.001617949572391808	0.0012614399893209338	0.0006462128367275	0.0016183139523491263	0.9936936497688293	0.012886043637990952	0.0009005998144857585
0.512	0.576	0.002267164643853903	0.0015724734403192997	0.0008502127602696419	0.0015956151764839888	0.0012254957109689713	0.0006297141662798822	0.0016183139523491263	0.9936936497688293	0.012668873183429241	0.0009005998144857585
