onset	offset	Alarm_bell_ringing	Blender	Cat	Dishes	Dog	Electric_shaver_toothbrush	Frying	Running_water	Speech	Vacuum_cleaner
0.0	0.064	0.003471320727840066	0.001683521899394691	0.00423088064417243	0.016577687114477158	0.005962826311588287	0.005053662229329348	0.11547644436359406	0.009405269287526608	0.9845449924468994	0.004091979470103979
0.064	0.128	0.003471320727840066	0.001683521899394691	0.00423088064417243	0.016577687114477158	0.00617292569950223	0.005053662229329348	0.11943067610263824	0.009405269287526608	0.9845449924468994	0.004091979470103979
0.128	0.192	0.003471320727840066	0.0015452420338988304	0.0040860106237232685	0.016577687114477158	0.006239704322069883	0.004484802018851042	0.11943067610263824	0.009352549910545349	0.9884089231491089	0.003428834956139326
0.192	0.256	0.003426054259762168	0.001475226366892457	0.003971996251493692	0.016577687114477158	0.006239704322069883	0.004058759193867445	0.11943067610263824	0.008749510161578655	0.9886896014213562	0.003428834956139326
0.256	0.32	0.0033807000145316124	0.0014556345995515585	0.003971996251493692	0.016305742785334587	0.006239704322069883	0.0037178208585828543	0.11943067610263824	0.008474590256810188	0.9886896014213562	0.003428834956139326
0.32	0.384	0.0032640716526657343	0.0014542947756126523	0.003971996251493692	0.016253510490059853	0.006239704322069883	0.0032952919136732817	0.12090511620044708	0.007248232141137123	0.9886896014213562	0.0033333757892251015
0.384	0.448	0.0031903062481433153	0.0013636098010465503	0.0038311860989779234	0.01612181030213833	0.006239704322069883	0.0029565980657935143	0.12381929904222488	0.007040725089609623	0.9886896014213562	0.003359789028763771
0.448	0.512	0.0031903062481433153	0.0012908163480460644	0.0038311860989779234	0.01598617620766163	0.006239704322069883	0.0029444124083966017	0.1251223236322403	0.007010600529611111	0.988154411315918	0.003359789028763771
0.512	0.576	0.0031903062481433153	0.0011705139186233282	0.00389429135248065	0.01598617620766163	0.006012087222188711	0.0029444124083966017	0.1251223236322403	0.0069703999906778336	0.988154411315918	0.003359789028763771
