onset	offset	Alarm_bell_ringing	Blender	Cat	Dishes	Dog	Electric_shaver_toothbrush	Frying	Running_water	Speech	Vacuum_cleaner
0.0	0.064	0.013382633216679096	0.0013567537534981966	0.0021513381507247686	0.006144946441054344	0.006628284230828285	0.0014693093253299594	0.0012545724166557193	0.0013840165920555592	0.9914813041687012	0.0008702326449565589
0.064	0.128	0.01415972039103508	0.0013567537534981966	0.0021462710574269295	0.006350555457174778	0.006861282046884298	0.0014693093253299594	0.0012545724166557193	0.0013840165920555592	0.9914813041687012	0.0008702326449565589
0.128	0.192	0.01415972039103508	0.0011447840370237827	0.0021462710574269295	0.006823101546615362	0.006861282046884298	0.0014693093253299594	0.0015315330820158124	0.0013340057339519262	0.9918054342269897	0.0007813928532414138
0.192	0.256	0.014129678718745708	0.0011447840370237827	0.0021079417783766985	0.006823101546615362	0.006918611470609903	0.0014687259681522846	0.0017218024004250765	0.0013340057339519262	0.9918054342269897	0.0007813928532414138
0.256	0.32	0.013382633216679096	0.001083536073565483	0.002007425529882312	0.0070076133124530315	0.007529931608587503	0.001432840945199132	0.0018690928118303418	0.0013340057339519262	0.9918054342269897	0.0007720105350017548
0.32	0.384	0.013382633216679096	0.0010228159371763468	0.00179738225415349	0.0070076133124530315	0.007529931608587503	0.0011712032137438655	0.0018690928118303418	0.00130846060346812	0.9918054342269897	0.0007720105350017548
0.384	0.448	0.012665599584579468	0.001006958307698369	0.0016663222340866923	0.0070076133124530315	0.007529931608587503	0.0010075133759528399	0.0018690928118303418	0.0013013007119297981	0.9846832156181335	0.0007763089379295707
0.448	0.512	0.01020616851747036	0.0009028156055137515	0.0016045100055634975	0.0070076133124530315	0.007529931608587503	0.0006684908294118941	0.0018690928118303418	0.0012417034013196826	0.9139408469200134	0.0007763089379295707
0.512	0.576	0.007168352138251066	0.0004028072871733457	0.0005572006339207292	0.0029242781456559896	0.0017184811877086759	0.00042786161066032946	0.0017375982133671641	0.0008629337535239756	0.28543439507484436	0.0007763089379295707
