onset	offset	Alarm_bell_ringing	Blender	Cat	Dishes	Dog	Electric_shaver_toothbrush	Frying	Running_water	Speech	Vacuum_cleaner
0.0	0.064	0.0011969329789280891	0.0014706229558214545	0.0028295572847127914	0.002339055994525552	0.0038948929868638515	0.0008953933138400316	0.0005999737186357379	0.9864878058433533	0.00837764423340559	0.0014858667273074389
0.064	0.128	0.0011969329789280891	0.0014706229558214545	0.0028295572847127914	0.002339055994525552	0.0038948929868638515	0.0008953933138400316	0.0005999737186357379	0.9864878058433533	0.00837764423340559	0.0014858667273074389
0.128	0.192	0.0010070354910567403	0.0012949605006724596	0.0020188794005662203	0.0019348559435456991	0.003130377735942602	0.0007127923890948296	0.00046159003977663815	0.9894078969955444	0.00807755347341299	0.001281875534914434
0.192	0.256	0.0008414891781285405	0.0010964663233608007	0.0014695751015096903	0.0015910979127511382	0.0028006061911582947	0.0006431990768760443	0.0004508284037001431	0.9923001527786255	0.008072740398347378	0.0011255558347329497
0.256	0.32	0.0007209520554170012	0.0009341678232885897	0.00131480663549155	0.0013573296600952744	0.0027529080398380756	0.0005607388447970152	0.0004325995105318725	0.9934929013252258	0.007969851605594158	0.0009690957376733422
0.32	0.384	0.0006932819378562272	0.0008208365761674941	0.00131480663549155	0.0013573296600952744	0.002513749757781625	0.0005037752562202513	0.0004036547034047544	0.9938250780105591	0.007743795868009329	0.0008504866855219007
0.384	0.448	0.0006929447408765554	0.0007728817290626466	0.00131480663549155	0.0013573296600952744	0.0023158134426921606	0.0004893316654488444	0.000360396719770506	0.9940933585166931	0.007737368810921907	0.0007752126548439264
0.448	0.512	0.0006797787500545382	0.00074260268593207	0.00131480663549155	0.0013573296600952744	0.002142653800547123	0.0004893316654488444	0.0003324432182125747	0.9943952560424805	0.007737368810921907	0.0007276682299561799
0.512	0.576	0.0006780143594369292	0.0007179401582106948	0.001427105045877397	0.001374513260088861	0.0020209813956171274	0.0004893316654488444	0.0003182306245435029	0.9946416616439819	0.007737368810921907	0.0007009058026596904
