onset	offset	Alarm_bell_ringing	Blender	Cat	Dishes	Dog	Electric_shaver_toothbrush	Frying	Running_water	Speech	Vacuum_cleaner
0.0	0.064	0.0017458949005231261	0.02751166559755802	0.0008674472337588668	0.004015677608549595	0.007705769035965204	0.0009569456451572478	0.006530866026878357	0.22532951831817627	0.005838726181536913	0.04965869337320328
0.064	0.128	0.0017458949005231261	0.02751166559755802	0.0008674472337588668	0.004015677608549595	0.007705769035965204	0.0009569456451572478	0.006530866026878357	0.22532951831817627	0.005838726181536913	0.04965869337320328
0.128	0.192	0.0016840798780322075	0.030460963025689125	0.0007223773864097893	0.0037860707379877567	0.0073036798276007175	0.0008441130048595369	0.005698988679796457	0.2741853892803192	0.005394072737544775	0.04569253325462341
0.192	0.256	0.0016800089506432414	0.03426150977611542	0.0007030438864603639	0.0031957821920514107	0.007275172043591738	0.0006840426358394325	0.005243741441518068	0.30268996953964233	0.005120531190186739	0.040293268859386444
0.256	0.32	0.0015734139597043395	0.03426150977611542	0.0006970961112529039	0.0027667167596518993	0.006674739997833967	0.0005606798222288489	0.004672421608120203	0.3091967701911926	0.005120531190186739	0.03669748827815056
0.32	0.384	0.0015732895117253065	0.03426150977611542	0.0006192015716806054	0.0027667167596518993	0.006674739997833967	0.0004920781939290464	0.0041211568750441074	0.3138372004032135	0.005120531190186739	0.03540954366326332
0.384	0.448	0.0014706937363371253	0.03503570705652237	0.0005443341215141118	0.0027667167596518993	0.006674739997833967	0.0004558477085083723	0.0038989889435470104	0.3191179633140564	0.005120531190186739	0.034554094076156616
0.448	0.512	0.0014572010841220617	0.03426150977611542	0.0005121236317791045	0.0026789261028170586	0.006674739997833967	0.00045101126306690276	0.0038604780565947294	0.33602002263069153	0.005121349357068539	0.034460291266441345
0.512	0.576	0.0014572010841220617	0.03353928029537201	0.0005121236317791045	0.0026215058751404285	0.006706698331981897	0.00044548333971761167	0.0038400425110012293	0.3839050531387329	0.005167492665350437	0.03437299653887749
