onset	offset	Alarm_bell_ringing	Blender	Cat	Dishes	Dog	Electric_shaver_toothbrush	Frying	Running_water	Speech	Vacuum_cleaner
0.0	0.064	0.00017679468146525323	0.00015958883159328252	0.004338262602686882	0.0006330499891191721	0.0003866809420287609	6.680871592834592e-05	0.0005622137105092406	0.0010329786455258727	0.0016027220990508795	0.000587338930927217
0.064	0.128	0.00017679468146525323	0.00015958883159328252	0.00450268667191267	0.0006330499891191721	0.00041457879706285894	6.680871592834592e-05	0.0005622137105092406	0.0010329786455258727	0.0016027220990508795	0.000587338930927217
0.128	0.192	0.0001642017305130139	0.00013892223068978637	0.005045808851718903	0.0005938428803347051	0.00045185390627011657	6.385319284163415e-05	0.0005512076313607395	0.0009181187488138676	0.0014120618579909205	0.0005289390101097524
0.192	0.256	0.000161116142407991	0.00012561844778247178	0.005045808851718903	0.0005803353851661086	0.00045185390627011657	6.275584019022062e-05	0.0005473670898936689	0.0008328648400492966	0.0013888704124838114	0.00048345187678933144
0.256	0.32	0.000161116142407991	0.00011617175186984241	0.005045808851718903	0.0005803353851661086	0.00045185390627011657	6.275584019022062e-05	0.0005417164647951722	0.0007859471370466053	0.0013888704124838114	0.00045701483031734824
0.32	0.384	0.000161116142407991	0.00011617175186984241	0.005362499970942736	0.0005803353851661086	0.00045618630247190595	6.275584019022062e-05	0.000534958962816745	0.0007859471370466053	0.0013888704124838114	0.00045701483031734824
0.384	0.448	0.000161116142407991	0.00011617175186984241	0.006515088025480509	0.0005803353851661086	0.0004962036036886275	6.275584019022062e-05	0.0005322432843968272	0.0007859471370466053	0.0013888704124838114	0.00045701483031734824
0.448	0.512	0.0001764738408382982	0.00011617175186984241	0.01009247824549675	0.0005995778483338654	0.0005860927049070597	6.401334394467995e-05	0.0005269027897156775	0.0007859471370466053	0.001476313336752355	0.00045701483031734824
0.512	0.576	0.00020249672525096685	0.0001293949462706223	0.02052542008459568	0.0006940084276720881	0.0006799043621867895	6.933572876732796e-05	0.0005269027897156775	0.0008646243368275464	0.001714519108645618	0.00048657297156751156
