onset	offset	Alarm_bell_ringing	Blender	Cat	Dishes	Dog	Electric_shaver_toothbrush	Frying	Running_water	Speech	Vacuum_cleaner
0.0	0.064	0.001349050784483552	0.000336023309500888	0.0019218791276216507	0.004642828367650509	0.025770051404833794	0.0007870132103562355	0.0007111123995855451	0.002736329101026058	0.0030896374955773354	0.0013305587926879525
0.064	0.128	0.001349050784483552	0.000336023309500888	0.0021191097330302	0.004642828367650509	0.03619762510061264	0.0007870132103562355	0.0007111123995855451	0.002722425851970911	0.0030896374955773354	0.0013305587926879525
0.128	0.192	0.0015151167754083872	0.00036139172152616084	0.0036105934996157885	0.00410029711201787	0.03654675558209419	0.0008475043578073382	0.0006192325381562114	0.002722425851970911	0.0031170821748673916	0.0015683816745877266
0.192	0.256	0.0015151167754083872	0.00036139172152616084	0.0036105934996157885	0.00410029711201787	0.03654675558209419	0.0008475043578073382	0.0006192325381562114	0.002722425851970911	0.0031170821748673916	0.0015683816745877266
0.256	0.32	0.0015151167754083872	0.00036139172152616084	0.003603068646043539	0.0037183118984103203	0.09659842401742935	0.0008475043578073382	0.0006192325381562114	0.002722425851970911	0.0031170821748673916	0.0015683816745877266
0.32	0.384	0.0019049430266022682	0.0007619333337061107	0.003603068646043539	0.002977086929604411	0.5157561302185059	0.000935895717702806	0.0005694827414117754	0.002517184941098094	0.0048880488611757755	0.002525793155655265
0.384	0.448	0.0019049430266022682	0.0015654654707759619	0.003603068646043539	0.0026052934117615223	0.9799515604972839	0.0009527766378596425	0.0005155226099304855	0.0024822342675179243	0.008215040899813175	0.003001901786774397
0.448	0.512	0.0019049430266022682	0.0015654654707759619	0.003603068646043539	0.002374863252043724	0.9892260432243347	0.0009527766378596425	0.0005155226099304855	0.002433003159239888	0.008215040899813175	0.003001901786774397
0.512	0.576	0.0019049430266022682	0.0015654654707759619	0.0033975697588175535	0.0022234523203223944	0.9892260432243347	0.000935895717702806	0.0005155226099304855	0.002433003159239888	0.008215040899813175	0.003001901786774397
