onset	offset	Alarm_bell_ringing	Blender	Cat	Dishes	Dog	Electric_shaver_toothbrush	Frying	Running_water	Speech	Vacuum_cleaner
0.0	0.064	0.00037333654472604394	0.000409101543482393	0.00044138310477137566	0.0006653693271800876	0.00034032968687824905	8.361380605492741e-05	0.0005797697813250124	0.002764590084552765	0.0016800425946712494	0.0014395008329302073
0.064	0.128	0.00037333654472604394	0.000409101543482393	0.00044138310477137566	0.0006653693271800876	0.00034032968687824905	8.361380605492741e-05	0.0005797697813250124	0.002764590084552765	0.0016800425946712494	0.0014395008329302073
0.128	0.192	0.0003379826666787267	0.00037002749741077423	0.00044138310477137566	0.0005695289000868797	0.0003314561618026346	8.06596945039928e-05	0.0005522214923985302	0.002477854024618864	0.0014978781109675765	0.0013682108838111162
0.192	0.256	0.0003284890262875706	0.0003391281352378428	0.00044138310477137566	0.0005413687904365361	0.0003244504041504115	7.824999920558184e-05	0.0005291308625601232	0.00230029528029263	0.001437450060620904	0.0012953545665368438
0.256	0.32	0.0003228098794352263	0.00031467818189412355	0.00044138310477137566	0.0005275163566693664	0.0003229687281418592	7.635660585947335e-05	0.0005079463589936495	0.002173488959670067	0.0014031577156856656	0.0012140468461439013
0.32	0.384	0.0003184245724696666	0.00029866237309761345	0.0004448404361028224	0.0005275163566693664	0.0003229687281418592	7.527964044129476e-05	0.0004917160258628428	0.002076411619782448	0.0013785837218165398	0.001136016333475709
0.384	0.448	0.0003168335824739188	0.00029051737510599196	0.0004522227100096643	0.0005245028878562152	0.0003229687281418592	7.521542283939198e-05	0.00047677007387392223	0.0020162267610430717	0.0013612203765660524	0.0010700550628826022
0.448	0.512	0.00031631594174541533	0.00028984673554077744	0.0004522227100096643	0.0005245028878562152	0.0003229687281418592	7.47311205486767e-05	0.0004760487354360521	0.0019292240031063557	0.0013366644270718098	0.000991192297078669
0.512	0.576	0.00031631594174541533	0.00028087617829442024	0.0004522227100096643	0.0005167665658518672	0.0003529237874317914	7.398425077553838e-05	0.0004698633565567434	0.0018856532406061888	0.001308111590333283	0.0009431181824766099
