onset	offset	Alarm_bell_ringing	Blender	Cat	Dishes	Dog	Electric_shaver_toothbrush	Frying	Running_water	Speech	Vacuum_cleaner
0.0	0.064	0.0012034137034788728	0.0004985962295904756	0.0011937966337427497	0.005186309572309256	0.016188733279705048	0.00031875440618023276	0.002326112939044833	0.002774216700345278	0.0033241319470107555	0.0007463162764906883
0.064	0.128	0.0012034137034788728	0.0004985962295904756	0.0011937966337427497	0.005186309572309256	0.016188733279705048	0.00031875440618023276	0.002326112939044833	0.002774216700345278	0.0033241319470107555	0.0007463162764906883
0.128	0.192	0.0010426701046526432	0.00043474609265103936	0.0011937966337427497	0.003386590164154768	0.011453497223556042	0.000278828403679654	0.0016181522514671087	0.002072911011055112	0.002641131402924657	0.0006721830577589571
0.192	0.256	0.0009549318347126245	0.0003781066043302417	0.0011517187813296914	0.0024160186294466257	0.008824161253869534	0.00024319920339621603	0.001317329821176827	0.0017378266202285886	0.0023618696723133326	0.0006625508540309966
0.256	0.32	0.0008701812475919724	0.0003460909065324813	0.001123290043324232	0.002116292482241988	0.008824161253869534	0.00022816422278992832	0.0011872624745592475	0.0015825922600924969	0.002227302175015211	0.0006607373943552375
0.32	0.384	0.0008091542404145002	0.000339794292813167	0.0010682487627491355	0.00206113513559103	0.008824161253869534	0.00022396129497792572	0.0011323963990435004	0.0015825922600924969	0.0021962791215628386	0.0006586880190297961
0.384	0.448	0.0007724926108494401	0.000339794292813167	0.0010384168708696961	0.002059338381513953	0.008824161253869534	0.0002223370538558811	0.0010934355668723583	0.0015825922600924969	0.0021962791215628386	0.0006526389042846859
0.448	0.512	0.0007245581364259124	0.000339794292813167	0.0010348447831347585	0.002059338381513953	0.009163026697933674	0.0002223370538558811	0.0010574839543551207	0.0015825922600924969	0.0021962791215628386	0.0006413674564100802
0.512	0.576	0.0007020656485110521	0.000339794292813167	0.0010189362801611423	0.0020533858332782984	0.009538783691823483	0.00022208725567907095	0.0010354917030781507	0.0016037189634516835	0.0021962791215628386	0.0006300518871285021
