onset	offset	Alarm_bell_ringing	Blender	Cat	Dishes	Dog	Electric_shaver_toothbrush	Frying	Running_water	Speech	Vacuum_cleaner
0.0	0.064	0.0012014963431283832	0.014127269387245178	0.009206168353557587	0.024994870647788048	0.8326768279075623	0.00084663339657709	0.002355776494368911	0.004353540949523449	0.010111532174050808	0.002413279376924038
0.064	0.128	0.0012014963431283832	0.014127269387245178	0.009206168353557587	0.024994870647788048	0.8326768279075623	0.00084663339657709	0.002355776494368911	0.004353540949523449	0.010111532174050808	0.002413279376924038
0.128	0.192	0.0010006988886743784	0.014050840400159359	0.00894074235111475	0.018498841673135757	0.8326768279075623	0.0006463412428274751	0.0019706478342413902	0.003501211991533637	0.008354810066521168	0.0016549288993701339
0.192	0.256	0.0009324555867351592	0.013912638649344444	0.008382934145629406	0.014107935130596161	0.8326768279075623	0.0005429894663393497	0.0013780836015939713	0.00274587981402874	0.007211316842585802	0.0011002582032233477
0.256	0.32	0.0009200320928357542	0.012940740212798119	0.007170442491769791	0.012275478802621365	0.8326768279075623	0.00046508273226208985	0.0010374196572229266	0.0023220619186758995	0.006479297298938036	0.0008165105246007442
0.32	0.384	0.0008812408777885139	0.012825462967157364	0.006062576547265053	0.011570777744054794	0.7903833985328674	0.0004112795868422836	0.0007578647346235812	0.0020234188996255398	0.005681538954377174	0.000617393059656024
0.384	0.448	0.0008291473495773971	0.012303514406085014	0.00581288430839777	0.011133367195725441	0.7542209029197693	0.00035545232822187245	0.0006444421596825123	0.0018051930237561464	0.005080671049654484	0.0004479860363062471
0.448	0.512	0.0007566743879579008	0.009173735044896603	0.00547783775255084	0.009174514561891556	0.7108792066574097	0.0003127836680505425	0.0005641321768052876	0.0015038864221423864	0.004703311715275049	0.0003201010695192963
0.512	0.576	0.0006747266161255538	0.005665541626513004	0.005154554266482592	0.006163133308291435	0.6210367679595947	0.0002851417229976505	0.0004431018605828285	0.0011250037932768464	0.004331652075052261	0.00021505006588995457
