onset	offset	Alarm_bell_ringing	Blender	Cat	Dishes	Dog	Electric_shaver_toothbrush	Frying	Running_water	Speech	Vacuum_cleaner
0.0	0.064	0.002166487742215395	0.0018561127362772822	0.0005347412661649287	0.11851893365383148	0.0010288816411048174	0.0009374074288643897	0.8476027250289917	0.0005342639051377773	0.008173123002052307	0.0007617975352331996
0.064	0.128	0.002166487742215395	0.00175804877653718	0.0005347412661649287	0.11851893365383148	0.0010288816411048174	0.0009374074288643897	0.8476027250289917	0.0005342639051377773	0.008173123002052307	0.0007617975352331996
0.128	0.192	0.002166487742215395	0.00175804877653718	0.0004987019929103553	0.11851893365383148	0.0009825605666264892	0.0009416340035386384	0.8760641813278198	0.0004987771390005946	0.007041672244668007	0.0005657559959217906
0.192	0.256	0.001969827339053154	0.0015405833255499601	0.000485691154608503	0.11851893365383148	0.0008784402743913233	0.0009374074288643897	0.9015055298805237	0.0004559408698696643	0.006218121387064457	0.0004334517288953066
0.256	0.32	0.0018991179531440139	0.0011239509331062436	0.0004487452970352024	0.11851893365383148	0.0007718906854279339	0.000919204147066921	0.9164777398109436	0.00042113085510209203	0.005504860542714596	0.00035155657678842545
0.32	0.384	0.0015903798630461097	0.0009165930678136647	0.0004370693350210786	0.11708499491214752	0.0006896371487528086	0.0009086307836696506	0.9214377403259277	0.0004116256895940751	0.00505395233631134	0.0003101973852608353
0.384	0.448	0.0015903798630461097	0.0009019020944833755	0.0004370693350210786	0.11708499491214752	0.0006306096911430359	0.0009086307836696506	0.9253146052360535	0.0004116256895940751	0.004729156848043203	0.00028557266341522336
0.448	0.512	0.0015903798630461097	0.0009019020944833755	0.0004370693350210786	0.11708499491214752	0.0005943071446381509	0.0009086307836696506	0.9312368035316467	0.0004116256895940751	0.004729156848043203	0.00026772264391183853
0.512	0.576	0.0015903798630461097	0.0009019020944833755	0.0004370693350210786	0.11708499491214752	0.0005693103885278106	0.0009086307836696506	0.9369649887084961	0.0004116256895940751	0.004729156848043203	0.0002545286261010915
