onset	offset	Alarm_bell_ringing	Blender	Cat	Dishes	Dog	Electric_shaver_toothbrush	Frying	Running_water	Speech	Vacuum_cleaner
0.0	0.064	0.0003221940714865923	0.00010208507592324167	0.0005447833682410419	0.0006036050035618246	0.001577922492288053	0.00011911429464817047	0.00040070374961942434	0.0004781655443366617	0.0013885187217965722	0.0005105975433252752
0.064	0.128	0.0003221940714865923	0.00010208507592324167	0.0005447833682410419	0.0006036050035618246	0.0016410758253186941	0.00011911429464817047	0.00040070374961942434	0.0004781655443366617	0.0013885187217965722	0.0005105975433252752
0.128	0.192	0.0002782043884508312	8.660834282636642e-05	0.0005006688879802823	0.00048093084478750825	0.001890538027510047	0.00011374289897503331	0.00035006413236260414	0.00042159418808296323	0.0013202393893152475	0.000437973125372082
0.192	0.256	0.00027812880580313504	8.212730608647689e-05	0.0005006688879802823	0.0004691647191066295	0.001890538027510047	0.0001105182891478762	0.00031041924376040697	0.0003889540967065841	0.0013202393893152475	0.00037881877506151795
0.256	0.32	0.0002776627370622009	8.205042831832543e-05	0.0004878582840319723	0.0004514250613283366	0.001890538027510047	0.00011035990610253066	0.0002879948588088155	0.0003693046746775508	0.0013202393893152475	0.00033576248097233474
0.32	0.384	0.00026314647402614355	8.205042831832543e-05	0.000471627339720726	0.00044529332080855966	0.0022633245680481195	0.00010965404362650588	0.00025625526905059814	0.00036801345413550735	0.0013202393893152475	0.00029979977989569306
0.384	0.448	0.00026314647402614355	8.205042831832543e-05	0.000466540630441159	0.00043740280671045184	0.0024181711487472057	0.00010791425302159041	0.00024569721426814795	0.0003634739841800183	0.0014053903287276626	0.00029119758983142674
0.448	0.512	0.00026775250444188714	8.205042831832543e-05	0.00044144815183244646	0.00043740280671045184	0.0025453022681176662	0.00010247607860947028	0.00023971473274286836	0.00033747890847735107	0.001426219823770225	0.00027218653121963143
0.512	0.576	0.0002776627370622009	8.205042831832543e-05	0.00044144815183244646	0.00044573075138032436	0.002556001069024205	0.00010247607860947028	0.00023632589727640152	0.00033747890847735107	0.0014365031383931637	0.00027218653121963143
