onset	offset	Alarm_bell_ringing	Blender	Cat	Dishes	Dog	Electric_shaver_toothbrush	Frying	Running_water	Speech	Vacuum_cleaner
0.0	0.064	0.0009378957911394536	0.001534749986603856	0.8956460952758789	0.0028804303146898746	0.006678157486021519	0.0016970871947705746	0.0032304679043591022	0.0024171590339392424	0.040365032851696014	0.0017065485008060932
0.064	0.128	0.0009378957911394536	0.001534749986603856	0.8956460952758789	0.0028804303146898746	0.006678157486021519	0.0016970871947705746	0.0032304679043591022	0.0024171590339392424	0.040365032851696014	0.0017065485008060932
0.128	0.192	0.0008556380053050816	0.0014519277028739452	0.9067318439483643	0.0027484584134072065	0.007128647528588772	0.001586141879670322	0.0029888362623751163	0.0022096438333392143	0.03868301957845688	0.0016403242480009794
0.192	0.256	0.0008199203875847161	0.0014322269707918167	0.9067318439483643	0.0027441359125077724	0.007746775168925524	0.0015800280962139368	0.002767370780929923	0.002124684164300561	0.03573938459157944	0.001629557809792459
0.256	0.32	0.0007618305971845984	0.0013415541034191847	0.9067318439483643	0.002530785044655204	0.00835601519793272	0.001426016096957028	0.002646289998665452	0.001982118934392929	0.03164149075746536	0.0015142527408897877
0.32	0.384	0.0006622705841436982	0.0012637826148420572	0.9067318439483643	0.002183335367590189	0.008549409918487072	0.001294099958613515	0.0024325461126863956	0.0018261541845276952	0.028926968574523926	0.0014225540217012167
0.384	0.448	0.0005419674562290311	0.001125546172261238	0.8831191062927246	0.0019485264783725142	0.008549409918487072	0.001198049634695053	0.0022904060315340757	0.001691447920165956	0.027118531987071037	0.0013230325421318412
0.448	0.512	0.00038747963844798505	0.0009031572262756526	0.8293476700782776	0.00172940525226295	0.008549409918487072	0.0011348979314789176	0.0022488581016659737	0.0015680912183597684	0.02203921042382717	0.0012467199703678489
0.512	0.576	0.0002635275886859745	0.0004914013552479446	0.5461028814315796	0.00155967241153121	0.008549409918487072	0.0006635625613853335	0.002167118713259697	0.0013826927170157433	0.013333676382899284	0.0008774723974056542
