onset	offset	Alarm_bell_ringing	Blender	Cat	Dishes	Dog	Electric_shaver_toothbrush	Frying	Running_water	Speech	Vacuum_cleaner
0.0	0.064	0.9582101106643677	0.0018787331646308303	0.002968186279758811	0.02985423430800438	0.0015611961716786027	0.0008574682869948447	0.0015543729532510042	0.004285107832401991	0.007951557636260986	0.003915204666554928
0.064	0.128	0.9582101106643677	0.0018787331646308303	0.002863953821361065	0.02985423430800438	0.0015611961716786027	0.0007909566047601402	0.0015543729532510042	0.004285107832401991	0.007951557636260986	0.003915204666554928
0.128	0.192	0.9776836633682251	0.0012283839751034975	0.002863953821361065	0.017834516242146492	0.001361158792860806	0.0007909566047601402	0.0015102056786417961	0.003109960351139307	0.0059751165099442005	0.0027569483499974012
0.192	0.256	0.9871959686279297	0.0010533393360674381	0.002831709571182728	0.009466109797358513	0.0012639752821996808	0.0007239424157887697	0.0011994147207587957	0.0026937576476484537	0.00497851986438036	0.0018103523179888725
0.256	0.32	0.9905884265899658	0.0010228792671114206	0.002698155352845788	0.006394528318196535	0.0012404202716425061	0.0006698268698528409	0.0008428362198174	0.002420927630737424	0.004670978058129549	0.0012059943983331323
0.32	0.384	0.9914557337760925	0.0009904456092044711	0.0024362041149288416	0.004471760243177414	0.001162260421551764	0.0005676489090546966	0.0005881842225790024	0.002082805149257183	0.00446181558072567	0.0008388949790969491
0.384	0.448	0.9916948676109314	0.000958018412347883	0.0021903286688029766	0.0034387181513011456	0.00105693144723773	0.0004766487400047481	0.0004567112773656845	0.0018789423629641533	0.00428889412432909	0.0006628748960793018
0.448	0.512	0.9919148683547974	0.0009228253620676696	0.0021903286688029766	0.0029369716066867113	0.0009860204299911857	0.0004299439024180174	0.00040247695869766176	0.0018789423629641533	0.004156468436121941	0.0005789809511043131
0.512	0.576	0.992068886756897	0.0008881831308826804	0.0021903286688029766	0.0026755775325000286	0.0009821623098105192	0.0004150155873503536	0.00037352953222580254	0.0018789423629641533	0.004156468436121941	0.0005299990880303085
