onset	offset	Alarm_bell_ringing	Blender	Cat	Dishes	Dog	Electric_shaver_toothbrush	Frying	Running_water	Speech	Vacuum_cleaner
0.0	0.064	0.0005656928406096995	0.000796977779828012	0.0014345679664984345	0.0011561618885025382	0.0006345616420730948	0.0006732810288667679	0.0007593416376039386	0.03388400375843048	0.003794248215854168	0.002857995918020606
0.064	0.128	0.0005656928406096995	0.000796977779828012	0.0014345679664984345	0.0011561618885025382	0.0006345616420730948	0.0006732810288667679	0.0007593416376039386	0.03388400375843048	0.003794248215854168	0.002857995918020606
0.128	0.192	0.00045566176413558424	0.0007761117303743958	0.0013350187800824642	0.0010071644792333245	0.0006345616420730948	0.0006212930311448872	0.0006817045505158603	0.03388400375843048	0.0034883804619312286	0.00249110022559762
0.192	0.256	0.000394572620280087	0.0007248022593557835	0.0013350187800824642	0.00097344268579036	0.0006345616420730948	0.0006212930311448872	0.000628477253485471	0.03388400375843048	0.0034883804619312286	0.00249110022559762
0.256	0.32	0.0003488562651909888	0.0006684013060294092	0.0013350187800824642	0.00097344268579036	0.0006345616420730948	0.0006212930311448872	0.000628477253485471	0.03388400375843048	0.0034883804619312286	0.00249110022559762
0.32	0.384	0.00033796491334214807	0.0006288305157795548	0.0013350187800824642	0.00097344268579036	0.0007174808997660875	0.0006212930311448872	0.000628477253485471	0.035773634910583496	0.0034883804619312286	0.00249110022559762
0.384	0.448	0.00033796491334214807	0.0006114343996159732	0.0015148556558415294	0.00097344268579036	0.0008214632980525494	0.0006351927877403796	0.000628477253485471	0.03925052285194397	0.003691775957122445	0.0026129011530429125
0.448	0.512	0.00033796491334214807	0.0005916919908486307	0.0016487372340634465	0.001029247767291963	0.0009079457959160209	0.0006400353740900755	0.0006375238299369812	0.0441143736243248	0.003944160882383585	0.0027862091083079576
0.512	0.576	0.00033796491334214807	0.0005737366736866534	0.0016635750653222203	0.0010818549199029803	0.000956020609010011	0.0006403544684872031	0.0006797693204134703	0.04976135119795799	0.004269195254892111	0.0029223128221929073
