onset	offset	Alarm_bell_ringing	Blender	Cat	Dishes	Dog	Electric_shaver_toothbrush	Frying	Running_water	Speech	Vacuum_cleaner
0.0	0.064	0.0013424743665382266	0.005378490313887596	0.00172468984965235	0.0059112850576639175	0.002673543756827712	0.0013794820988550782	0.02044498175382614	0.15384997427463531	0.05066146329045296	0.009250590577721596
0.064	0.128	0.0013424743665382266	0.005378490313887596	0.00172468984965235	0.0059112850576639175	0.002673543756827712	0.0013794820988550782	0.021959153935313225	0.15384997427463531	0.05066146329045296	0.009250590577721596
0.128	0.192	0.0010640125256031752	0.005378490313887596	0.001687102485448122	0.004500430542975664	0.0022205302957445383	0.0011301576159894466	0.022593211382627487	0.14014244079589844	0.0441896878182888	0.007623482495546341
0.192	0.256	0.000941577076446265	0.005204072687774897	0.0016551993321627378	0.003085679141804576	0.0019314067903906107	0.0009367807069793344	0.022253353148698807	0.11554841697216034	0.0441896878182888	0.0064044310711324215
0.256	0.32	0.000941577076446265	0.004235722590237856	0.0016551993321627378	0.003085679141804576	0.0019214217318221927	0.0008750774431973696	0.021959153935313225	0.10864994674921036	0.0441896878182888	0.0059569841250777245
0.32	0.384	0.000941577076446265	0.0025637736544013023	0.0016551993321627378	0.003085679141804576	0.0019214217318221927	0.0008750774431973696	0.021959153935313225	0.1083945706486702	0.0441896878182888	0.0056440862827003
0.384	0.448	0.000941577076446265	0.0014774096198379993	0.001687102485448122	0.003085679141804576	0.0019214217318221927	0.0008750774431973696	0.022253353148698807	0.10706943273544312	0.09221524000167847	0.00510041369125247
0.448	0.512	0.0013402898330241442	0.0014774096198379993	0.0022642025724053383	0.00366720138117671	0.0019214217318221927	0.0008750774431973696	0.022253353148698807	0.10706943273544312	0.3208737373352051	0.00495545007288456
0.512	0.576	0.002790358616039157	0.0014774096198379993	0.002517867134884	0.006948955822736025	0.003972450736910105	0.0009306698921136558	0.01999596506357193	0.10706943273544312	0.7680506706237793	0.004575822968035936
