onset	offset	Alarm_bell_ringing	Blender	Cat	Dishes	Dog	Electric_shaver_toothbrush	Frying	Running_water	Speech	Vacuum_cleaner
0.0	0.064	0.001597497146576643	0.0026293620467185974	0.0037385676987469196	0.0032989601604640484	0.0024453168734908104	0.0012810749467462301	0.0021046975161880255	0.003045356832444668	0.0025442964397370815	0.01144589763134718
0.064	0.128	0.001597497146576643	0.0025705990847200155	0.003972052596509457	0.0032989601604640484	0.002947633620351553	0.0012810749467462301	0.0021046975161880255	0.003045356832444668	0.0025442964397370815	0.01144589763134718
0.128	0.192	0.0012248508865013719	0.0025705990847200155	0.003983611240983009	0.0031779336277395487	0.003262320766225457	0.0011377404443919659	0.0019457725575193763	0.0026553808711469173	0.002160856267437339	0.011223300360143185
0.192	0.256	0.0011320911580696702	0.002569721546024084	0.003983611240983009	0.003121873363852501	0.003262320766225457	0.0010539963841438293	0.0018121636239811778	0.0026038873475044966	0.0020355849992483854	0.010827709920704365
0.256	0.32	0.001129486015997827	0.0023875522892922163	0.003983611240983009	0.003097636392340064	0.003169681876897812	0.0009751455509103835	0.0016733562806621194	0.002595288446173072	0.0019730764906853437	0.010787594132125378
0.32	0.384	0.0011233910918235779	0.0019014773424714804	0.003988957963883877	0.0030469049233943224	0.0032080516684800386	0.0009035440161824226	0.0015044428873807192	0.002443470526486635	0.001968086464330554	0.008676436729729176
0.384	0.448	0.00110877666156739	0.0013916966272518039	0.004101485013961792	0.002978821052238345	0.003262320766225457	0.0008343521039932966	0.0013594713527709246	0.002256471663713455	0.001968086464330554	0.006352403666824102
0.448	0.512	0.0010743492748588324	0.0010172019246965647	0.004293040372431278	0.002874854952096939	0.0032795926090329885	0.0007763562607578933	0.0012366104638203979	0.002073317300528288	0.001968086464330554	0.004578542895615101
0.512	0.576	0.0010743492748588324	0.0009865048341453075	0.004297150764614344	0.002874854952096939	0.003331855172291398	0.0007335162372328341	0.0011539068073034286	0.001989416079595685	0.001968086464330554	0.003714703256264329
