onset	offset	Alarm_bell_ringing	Blender	Cat	Dishes	Dog	Electric_shaver_toothbrush	Frying	Running_water	Speech	Vacuum_cleaner
0.0	0.064	0.000524696137290448	0.00018772025941871107	0.0004962061648257077	0.0006621418287977576	0.0016582300886511803	0.0003184482338838279	0.000632976065389812	0.0006897515268065035	0.0016246598679572344	0.001427637180313468
0.064	0.128	0.000524696137290448	0.00018772025941871107	0.0004962061648257077	0.0006621418287977576	0.0016582300886511803	0.0003184482338838279	0.000632976065389812	0.0006897515268065035	0.0016246598679572344	0.001427637180313468
0.128	0.192	0.000380306679289788	0.00014861710951663554	0.0004301964654587209	0.0005137243424542248	0.0016582300886511803	0.0002696158771868795	0.0005657190340571105	0.0006455458933487535	0.0016246598679572344	0.0012008693302050233
0.192	0.256	0.00035378296161070466	0.0001313982647843659	0.0004301964654587209	0.00048817184870131314	0.0016582300886511803	0.0002539701235946268	0.000534644175786525	0.0006127931410446763	0.0016246598679572344	0.001078660017810762
0.256	0.32	0.00035378296161070466	0.00012041424633935094	0.0004301964654587209	0.00048817184870131314	0.0016582300886511803	0.0002539701235946268	0.0005212774849496782	0.0005826089764013886	0.0016246598679572344	0.001006133621558547
0.32	0.384	0.00035378296161070466	0.00011302380880806595	0.0004301964654587209	0.00048817184870131314	0.0018006609752774239	0.0002539701235946268	0.0005108470213599503	0.0005565915489569306	0.001687955460511148	0.0009543715277686715
0.384	0.448	0.00035378296161070466	0.00011241693573538214	0.0004656680685002357	0.00048817184870131314	0.0022602665703743696	0.0002539701235946268	0.0004998913500458002	0.0005565915489569306	0.001850551925599575	0.0009235192555934191
0.448	0.512	0.0003585309605114162	0.00011241693573538214	0.0005516596138477325	0.0005026962026022375	0.0031100919004529715	0.0002584791509434581	0.00048240102478303015	0.0005565915489569306	0.0020538910757750273	0.0009235192555934191
0.512	0.576	0.00036305197863839567	0.00011241693573538214	0.0008615005644969642	0.0005975491949357092	0.0054647368378937244	0.00026931375032290816	0.00048240102478303015	0.0005565915489569306	0.0023046305868774652	0.0009235192555934191
