onset	offset	Alarm_bell_ringing	Blender	Cat	Dishes	Dog	Electric_shaver_toothbrush	Frying	Running_water	Speech	Vacuum_cleaner
0.0	0.064	0.0015321100363507867	0.0019369637593626976	0.0015758901135995984	0.11173263192176819	0.008537320420145988	0.0009553295094519854	0.40682491660118103	0.0031229776795953512	0.9792304635047913	0.0027173245325684547
0.064	0.128	0.0018379057291895151	0.0019369637593626976	0.0016530927969142795	0.1301843523979187	0.00836062803864479	0.0009995255386456847	0.4085623025894165	0.0031229776795953512	0.9792304635047913	0.0027173245325684547
0.128	0.192	0.002001930493861437	0.0016983632231131196	0.0016655782237648964	0.1470835655927658	0.00836062803864479	0.001049982151016593	0.4085623025894165	0.002493777312338352	0.9854491353034973	0.0019982128869742155
0.192	0.256	0.002001930493861437	0.0015354896895587444	0.0016655782237648964	0.1470835655927658	0.00836062803864479	0.001049982151016593	0.42580607533454895	0.0021632409188896418	0.9881151914596558	0.001586898579262197
0.256	0.32	0.002001930493861437	0.0015354896895587444	0.0016655782237648964	0.1470835655927658	0.00836062803864479	0.001049982151016593	0.4262773096561432	0.0021632409188896418	0.9881640672683716	0.001586898579262197
0.32	0.384	0.002001930493861437	0.0015354896895587444	0.0018050504149869084	0.17011094093322754	0.008537320420145988	0.0010805153287947178	0.43129345774650574	0.0021632409188896418	0.9881640672683716	0.001586898579262197
0.384	0.448	0.002001930493861437	0.0015354896895587444	0.0022848478984087706	0.2723979353904724	0.008379628881812096	0.0010805153287947178	0.46918734908103943	0.0020128788892179728	0.9881640672683716	0.001586898579262197
0.448	0.512	0.002001930493861437	0.0015354896895587444	0.0022848478984087706	0.288393497467041	0.008379628881812096	0.0010805153287947178	0.5216106176376343	0.0019252204801887274	0.9881640672683716	0.0013493899023160338
0.512	0.576	0.0016239996766671538	0.0015354896895587444	0.0022848478984087706	0.288393497467041	0.008379628881812096	0.0010805153287947178	0.5502769351005554	0.0019029034301638603	0.9845632910728455	0.0013493899023160338
