onset	offset	Alarm_bell_ringing	Blender	Cat	Dishes	Dog	Electric_shaver_toothbrush	Frying	Running_water	Speech	Vacuum_cleaner
0.0	0.064	0.0008745669038034976	0.0013252078788354993	0.0029169938061386347	0.008784491568803787	0.034306786954402924	0.000661093567032367	0.0006843669689260423	0.00483849598094821	0.004104156047105789	0.00026295887073501945
0.064	0.128	0.0008745669038034976	0.0013252078788354993	0.0029169938061386347	0.008784491568803787	0.034306786954402924	0.000661093567032367	0.0006843669689260423	0.00483849598094821	0.004104156047105789	0.00026295887073501945
0.128	0.192	0.000697340932674706	0.001215691794641316	0.0026297811418771744	0.006728238891810179	0.030739255249500275	0.0005129409837536514	0.0005856105708517134	0.004250580910593271	0.003461927641183138	0.00023578193213324994
0.192	0.256	0.0005771731957793236	0.0009223889210261405	0.0021033568773418665	0.004958159290254116	0.022445740178227425	0.00042310802382417023	0.0004898830084130168	0.003319052280858159	0.0031301856506615877	0.0002165568439522758
0.256	0.32	0.00046765716979280114	0.000624020816758275	0.0016030998667702079	0.003120315494015813	0.012451563961803913	0.0003872167435474694	0.00042795029003173113	0.002198402304202318	0.003026859136298299	0.00020001365919597447
0.32	0.384	0.0003620860807131976	0.0004508202546276152	0.0012180859921500087	0.0018416079692542553	0.007480365689843893	0.00034286186564713717	0.0004225386946927756	0.0015561352483928204	0.0028762754518538713	0.0001859922194853425
0.384	0.448	0.00028393667889758945	0.0003599726769607514	0.0011622465681284666	0.001540975645184517	0.007480365689843893	0.0003220757935196161	0.0004143927071709186	0.0013802312314510345	0.0028762754518538713	0.0001729970972519368
0.448	0.512	0.00028393667889758945	0.0003599726769607514	0.0011622465681284666	0.001540975645184517	0.007480365689843893	0.0003220757935196161	0.0004065450048074126	0.001267922343686223	0.0028762754518538713	0.0001729970972519368
0.512	0.576	0.00028393667889758945	0.0003599726769607514	0.0011622465681284666	0.001540975645184517	0.007480365689843893	0.0003220757935196161	0.0004065450048074126	0.001267922343686223	0.0028762754518538713	0.0001729970972519368
