onset	offset	Alarm_bell_ringing	Blender	Cat	Dishes	Dog	Electric_shaver_toothbrush	Frying	Running_water	Speech	Vacuum_cleaner
0.0	0.064	0.0018464510794728994	0.0025504466611891985	0.000893750402610749	0.0019149829167872667	0.00347098708152771	0.0016637413064017892	0.02476223185658455	0.7212307453155518	0.010036801919341087	0.003662100527435541
0.064	0.128	0.0018464510794728994	0.0025504466611891985	0.000893750402610749	0.0019149829167872667	0.00347098708152771	0.0016637413064017892	0.02476223185658455	0.7212307453155518	0.010486329905688763	0.003662100527435541
0.128	0.192	0.0014857095666229725	0.0024897120893001556	0.0008669572998769581	0.0016903235809877515	0.0034553157165646553	0.0013452304992824793	0.023522421717643738	0.7329855561256409	0.011262776330113411	0.003015554277226329
0.192	0.256	0.0011888467706739902	0.0023517892695963383	0.0008534404332749546	0.0015420810086652637	0.0034148034173995256	0.0013012455310672522	0.023422595113515854	0.7650054097175598	0.011262776330113411	0.0030124178156256676
0.256	0.32	0.0010324286995455623	0.0019644408021122217	0.0008066557929851115	0.0015420810086652637	0.003199279308319092	0.0012821807758882642	0.023096714168787003	0.783220112323761	0.011262776330113411	0.0030124178156256676
0.32	0.384	0.0009788073366507888	0.0015981907490640879	0.0007435465813614428	0.0015420810086652637	0.0031852759420871735	0.0011979058617725968	0.023096714168787003	0.783220112323761	0.011538635939359665	0.0030124178156256676
0.384	0.448	0.0009788073366507888	0.001343462965451181	0.0006427063490264118	0.0015420810086652637	0.0029684193432331085	0.0011044854763895273	0.023096714168787003	0.783220112323761	0.011910060420632362	0.0030124178156256676
0.448	0.512	0.0009788073366507888	0.0011991189094260335	0.0005803992389701307	0.0016319544520229101	0.0028712539933621883	0.0011044854763895273	0.023096714168787003	0.783220112323761	0.01326181460171938	0.003056231187656522
0.512	0.576	0.0009743482805788517	0.0010778490686789155	0.0005389243015088141	0.0017533828504383564	0.0028712539933621883	0.0011044854763895273	0.023823443800210953	0.7744372487068176	0.015284068882465363	0.003094086656346917
