onset	offset	Alarm_bell_ringing	Blender	Cat	Dishes	Dog	Electric_shaver_toothbrush	Frying	Running_water	Speech	Vacuum_cleaner
0.0	0.064	0.0038091251626610756	0.0027250126004219055	0.9093879461288452	0.006622697692364454	0.0073763481341302395	0.0024793585762381554	0.0009500852902419865	0.009037182666361332	0.01710219867527485	0.002832303289324045
0.064	0.128	0.0038091251626610756	0.0027250126004219055	0.9093879461288452	0.006622697692364454	0.0073763481341302395	0.0024793585762381554	0.0009420494898222387	0.009037182666361332	0.01710219867527485	0.002832303289324045
0.128	0.192	0.0035182489082217216	0.0029291652608662844	0.9366928339004517	0.005332774482667446	0.010085872374475002	0.0029975862707942724	0.0009420494898222387	0.008313977159559727	0.016221361234784126	0.002832303289324045
0.192	0.256	0.0032907656859606504	0.003274960210546851	0.9476855397224426	0.004411426372826099	0.01135900430381298	0.003165732603520155	0.0008695948636159301	0.007944808341562748	0.015798419713974	0.0027289751451462507
0.256	0.32	0.003217647783458233	0.003274960210546851	0.9507954716682434	0.004075630567967892	0.01135900430381298	0.003165732603520155	0.0008403094252571464	0.007470731623470783	0.015798419713974	0.0025437071453779936
0.32	0.384	0.003135643433779478	0.0033814585767686367	0.9507954716682434	0.003787572728469968	0.011706143617630005	0.003165732603520155	0.0008057995582930744	0.006878045853227377	0.015703724697232246	0.0025008113589137793
0.384	0.448	0.002970939502120018	0.0034011946991086006	0.9507954716682434	0.003473549848422408	0.011737263761460781	0.003165732603520155	0.0007575563504360616	0.006252504885196686	0.015392765402793884	0.0022308805491775274
0.448	0.512	0.002813840750604868	0.0034011946991086006	0.9507954716682434	0.0032386714592576027	0.011991639621555805	0.003091213759034872	0.0007029698463156819	0.0057394010946154594	0.01536884717643261	0.0020498614758253098
0.512	0.576	0.0027450663037598133	0.0033814585767686367	0.9482102990150452	0.0030447777826339006	0.011991639621555805	0.0030829079914838076	0.0006510057137347758	0.005312273278832436	0.01536884717643261	0.002048129914328456
