onset	offset	Alarm_bell_ringing	Blender	Cat	Dishes	Dog	Electric_shaver_toothbrush	Frying	Running_water	Speech	Vacuum_cleaner
0.0	0.064	0.001206778222694993	0.00043259808444418013	0.430414080619812	0.004341104067862034	0.058887921273708344	0.0002279828768223524	0.0006766513688489795	0.0016145710833370686	0.005337437614798546	0.0009060087613761425
0.064	0.128	0.001206778222694993	0.00043259808444418013	0.430414080619812	0.004341104067862034	0.054562658071517944	0.00022995681501924992	0.0006766513688489795	0.0010367808863520622	0.005337437614798546	0.0008874746854417026
0.128	0.192	0.0037927941884845495	0.000627187779173255	0.8827610611915588	0.004804767668247223	0.030288951471447945	0.00022995681501924992	0.0009244098328053951	0.0010016150772571564	0.009729537181556225	0.0008874746854417026
0.192	0.256	0.005349716637283564	0.0006398981786333025	0.9693301320075989	0.004912521690130234	0.030288951471447945	0.0003172101569361985	0.0010518197668716311	0.0010016150772571564	0.012919822707772255	0.000427404826041311
0.256	0.32	0.005665076430886984	0.0006398981786333025	0.9693301320075989	0.004912521690130234	0.033296357840299606	0.0003455686382949352	0.0010569309815764427	0.0006947009242139757	0.012919822707772255	0.00020595437672454864
0.32	0.384	0.005665076430886984	0.0006398981786333025	0.9693301320075989	0.004912521690130234	0.02967793680727482	0.0003455686382949352	0.0010569309815764427	0.0006065845373086631	0.012919822707772255	0.0001526272390037775
0.384	0.448	0.005665076430886984	0.0006382639985531569	0.9693301320075989	0.004804767668247223	0.024437112733721733	0.0003455686382949352	0.0010518197668716311	0.0005885916762053967	0.012919822707772255	0.00015054600953590125
0.448	0.512	0.005665076430886984	0.000627187779173255	0.948678195476532	0.004575388506054878	0.022208331152796745	0.0003455686382949352	0.0009244098328053951	0.0005679048481397331	0.010200846940279007	0.00014729938993696123
0.512	0.576	0.006171629298478365	0.0003352139610797167	0.7946728467941284	0.0031909553799778223	0.022007958963513374	0.00026248744688928127	0.000721667252946645	0.00045997623237781227	0.0055556227453053	0.00011849428119603544
