onset	offset	Alarm_bell_ringing	Blender	Cat	Dishes	Dog	Electric_shaver_toothbrush	Frying	Running_water	Speech	Vacuum_cleaner
0.0	0.064	0.0005229797679930925	0.00021914576063863933	0.0009242455125786364	0.0010290448553860188	0.00305158575065434	0.00039070649654604495	0.0008299474138766527	0.000850261771120131	0.0022438543383032084	0.001233834307640791
0.064	0.128	0.0005229797679930925	0.00021914576063863933	0.0009242455125786364	0.0010290448553860188	0.0031777580734342337	0.00039070649654604495	0.0008299474138766527	0.000850261771120131	0.0022438543383032084	0.001233834307640791
0.128	0.192	0.0004156205686740577	0.0001892216969281435	0.0009242455125786364	0.0008087934693321586	0.003388261189684272	0.0003430726064834744	0.0007197270169854164	0.0007556399214081466	0.0020365200471132994	0.0010091373696923256
0.192	0.256	0.00038650480564683676	0.00016922444046940655	0.0009242455125786364	0.0007300638244487345	0.003388261189684272	0.00032414458109997213	0.0006539361202158034	0.0006900069420225918	0.001968012424185872	0.0009193517034873366
0.256	0.32	0.00038528157165274024	0.0001577225048094988	0.0009242455125786364	0.0007045073434710503	0.003388261189684272	0.0003142066125292331	0.0006049699732102454	0.00064517289865762	0.001968012424185872	0.0008457078947685659
0.32	0.384	0.0003851143119391054	0.0001496662007411942	0.0009300214587710798	0.0006867903284728527	0.0035823883954435587	0.00030549976509064436	0.0005636474234052002	0.0006101833423599601	0.001968012424185872	0.0007783829933032393
0.384	0.448	0.0003850460343528539	0.00014216496492736042	0.0009336428483948112	0.0006642352091148496	0.0037360480055212975	0.00029472887399606407	0.0005204848130233586	0.0005851899040862918	0.001968012424185872	0.0007183182169683278
0.448	0.512	0.0003845935279969126	0.00013609693269245327	0.0009389342158101499	0.0006404536543413997	0.0038708962965756655	0.0002852515608537942	0.0004772217944264412	0.0005685783689841628	0.0019935197196900845	0.0006654463359154761
0.512	0.576	0.0003835825773421675	0.00013273642980493605	0.000963279337156564	0.0006220609066076577	0.003996332176029682	0.0002795449399854988	0.00044227304169908166	0.000557266001123935	0.0020260619930922985	0.0006220025243237615
