onset	offset	Alarm_bell_ringing	Blender	Cat	Dishes	Dog	Electric_shaver_toothbrush	Frying	Running_water	Speech	Vacuum_cleaner
0.0	0.064	0.00042032773490063846	0.0005860921810381114	0.006162204314023256	0.0007200735271908343	0.0005285750958137214	0.0005295206210575998	0.0007417991873808205	0.0022376165725290775	0.0023374389857053757	0.008554095402359962
0.064	0.128	0.00042032773490063846	0.0005860921810381114	0.006162204314023256	0.0007200735271908343	0.0005285750958137214	0.0005295206210575998	0.0007417991873808205	0.0022376165725290775	0.0023374389857053757	0.008554095402359962
0.128	0.192	0.00032345004728995264	0.0004674064402934164	0.005471359938383102	0.0005725002265535295	0.000457870279205963	0.0004546792188193649	0.0006776496884413064	0.0020591013599187136	0.0020318173337727785	0.007648309227079153
0.192	0.256	0.0002731463173404336	0.0003955733263865113	0.005240936763584614	0.0004943338572047651	0.00045099001727066934	0.0004147652070969343	0.0006333189085125923	0.0019145893165841699	0.0018995915306732059	0.007225323934108019
0.256	0.32	0.00024353033222723752	0.00033730873838067055	0.004518449772149324	0.00043138221371918917	0.0004397201118990779	0.00039702310459688306	0.0006209094426594675	0.0017543463036417961	0.001808110740967095	0.006967037450522184
0.32	0.384	0.0002290782140335068	0.00030447420431301	0.004358657635748386	0.0004023837682325393	0.0004397201118990779	0.0003789316688198596	0.0005911007174290717	0.001640397822484374	0.0017450964078307152	0.006502184085547924
0.384	0.448	0.00022311236534733325	0.00028349849162623286	0.004358657635748386	0.0003782473795581609	0.0004397201118990779	0.00036697275936603546	0.0005581398727372289	0.0015714691253378987	0.0017255349084734917	0.0061411382630467415
0.448	0.512	0.00021795903739985079	0.00027229631086811423	0.004358657635748386	0.0003780067490879446	0.0004397201118990779	0.00036697275936603546	0.0005256291478872299	0.0015256621409207582	0.0017027840949594975	0.005948074162006378
0.512	0.576	0.00021279175416566432	0.0002657084260135889	0.004358657635748386	0.0003780067490879446	0.00045536865945905447	0.00036697275936603546	0.0004942393861711025	0.0014763373183086514	0.0016897805035114288	0.0057836477644741535
