onset	offset	Alarm_bell_ringing	Blender	Cat	Dishes	Dog	Electric_shaver_toothbrush	Frying	Running_water	Speech	Vacuum_cleaner
0.0	0.064	0.0019164298428222537	0.0007618312956765294	0.0046082292683422565	0.005325808189809322	0.001874781446531415	0.0020400979556143284	0.04664946720004082	0.0018026968464255333	0.0031723554711788893	0.008509390987455845
0.064	0.128	0.0019164298428222537	0.0007618312956765294	0.0046082292683422565	0.005325808189809322	0.001874781446531415	0.0020400979556143284	0.04655567556619644	0.0018026968464255333	0.0031723554711788893	0.008509390987455845
0.128	0.192	0.0014080086257308722	0.0006393215153366327	0.0046082292683422565	0.0040018800646066666	0.0016014704015105963	0.0017459915252402425	0.04664946720004082	0.0017194695537909865	0.002744551980867982	0.008004159666597843
0.192	0.256	0.001323079108260572	0.000623531814198941	0.0046082292683422565	0.0037020910531282425	0.0015624766238033772	0.0015520383603870869	0.04664946720004082	0.0017194695537909865	0.002744551980867982	0.007092833984643221
0.256	0.32	0.0013147903373464942	0.0006229007267393172	0.004544525872915983	0.0036851835902780294	0.0015586353838443756	0.001465015346184373	0.04664946720004082	0.0017194695537909865	0.002744551980867982	0.006591213867068291
0.32	0.384	0.0013077709591016173	0.0006137487944215536	0.004496757406741381	0.0036475183442234993	0.0015449565835297108	0.001464545144699514	0.04827532544732094	0.0017194695537909865	0.002730890177190304	0.006591213867068291
0.384	0.448	0.001298375311307609	0.0006093871197663248	0.004496757406741381	0.003629212500527501	0.0015327519504353404	0.0014466681750491261	0.05083238333463669	0.0019619434606283903	0.002696932991966605	0.006591213867068291
0.448	0.512	0.0012044068425893784	0.0005404946277849376	0.004544525872915983	0.0031077510211616755	0.0014961594715714455	0.001410009223036468	0.05083238333463669	0.0019619434606283903	0.002730890177190304	0.006517655681818724
0.512	0.576	0.0011070731561630964	0.0004793584521394223	0.004721549805253744	0.002774534747004509	0.0014961594715714455	0.0013816041173413396	0.05083238333463669	0.0019619434606283903	0.0027490833308547735	0.0064585343934595585
