onset	offset	Alarm_bell_ringing	Blender	Cat	Dishes	Dog	Electric_shaver_toothbrush	Frying	Running_water	Speech	Vacuum_cleaner
0.0	0.064	0.009489159099757671	0.005239390768110752	0.00877032894641161	0.050825055688619614	0.01708536595106125	0.004543350078165531	0.010933985002338886	0.0032475669868290424	0.9677292108535767	0.0027565392665565014
0.064	0.128	0.009489159099757671	0.005239390768110752	0.00877032894641161	0.050825055688619614	0.01708536595106125	0.004534213338047266	0.011277345009148121	0.0032475669868290424	0.9677292108535767	0.0027565392665565014
0.128	0.192	0.00838616956025362	0.005031365901231766	0.007625517435371876	0.027863765135407448	0.015432802960276604	0.004534213338047266	0.011277345009148121	0.0027102690655738115	0.980303168296814	0.0016961211804300547
0.192	0.256	0.008282612077891827	0.0047836690209805965	0.007538760080933571	0.019122730940580368	0.014501330442726612	0.004543350078165531	0.012789935804903507	0.002333211712539196	0.9880446791648865	0.0014758361503481865
0.256	0.32	0.008264387957751751	0.0047836690209805965	0.007440375164151192	0.019122730940580368	0.014501330442726612	0.004625808447599411	0.013505274429917336	0.002200500573962927	0.9887815117835999	0.0014758361503481865
0.32	0.384	0.008260241709649563	0.0047836690209805965	0.007440375164151192	0.019122730940580368	0.014501330442726612	0.004895246587693691	0.01410476490855217	0.002200500573962927	0.9887815117835999	0.0014758361503481865
0.384	0.448	0.007907796651124954	0.0047836690209805965	0.007440375164151192	0.019122730940580368	0.014501330442726612	0.0050207520835101604	0.0147737767547369	0.002200500573962927	0.9887815117835999	0.0014758361503481865
0.448	0.512	0.007907796651124954	0.0048200939781963825	0.007440375164151192	0.020860789343714714	0.01606118120253086	0.005527235567569733	0.015440649352967739	0.0021075415425002575	0.9887815117835999	0.0015193556901067495
0.512	0.576	0.0074178180657327175	0.00555714825168252	0.008259742520749569	0.04268448054790497	0.019248269498348236	0.005527235567569733	0.015440649352967739	0.002024760702624917	0.9854996800422668	0.0015193556901067495
