onset	offset	Alarm_bell_ringing	Blender	Cat	Dishes	Dog	Electric_shaver_toothbrush	Frying	Running_water	Speech	Vacuum_cleaner
0.0	0.064	0.0005543060833588243	0.0003737272054422647	0.0003893212997354567	0.00039895306690596044	0.0003977784654125571	0.00023122079437598586	0.0009070270461961627	0.0004558154905680567	0.004296471830457449	0.052581537514925
0.064	0.128	0.0005543060833588243	0.0003737272054422647	0.0003893212997354567	0.00039895306690596044	0.0004026373790111393	0.00023122079437598586	0.0009070270461961627	0.0004558154905680567	0.004296471830457449	0.052581537514925
0.128	0.192	0.0004403148777782917	0.0003397636755835265	0.00035911676241084933	0.00032726838253438473	0.0004046002868562937	0.000212615734199062	0.0008723791688680649	0.0003961565380450338	0.0036810697056353092	0.04529475048184395
0.192	0.256	0.00040306386654265225	0.0003115675935987383	0.00035428584669716656	0.00029999163234606385	0.0004046002868562937	0.00020268467778805643	0.0008481554104946554	0.00035959025262854993	0.0032231383956968784	0.04139294847846031
0.256	0.32	0.00038795958971604705	0.0002942616702057421	0.00035355400177650154	0.0002847168652806431	0.0004046002868562937	0.0001940289803314954	0.0008124533342197537	0.0003386300813872367	0.003049249527975917	0.03876158595085144
0.32	0.384	0.00038210515049286187	0.0002748783736024052	0.00035349876270629466	0.0002723459037952125	0.00041047544800676405	0.00018613255815580487	0.0007675662636756897	0.00032450174330733716	0.0029736144933849573	0.03654409945011139
0.384	0.448	0.00037731730844825506	0.0002592538658063859	0.0003523658378981054	0.00026367034297436476	0.0004161307879257947	0.00017991183267440647	0.0007301942678168416	0.0003107342927251011	0.0029210210777819157	0.0343865230679512
0.448	0.512	0.0003722737601492554	0.00024857113021425903	0.0003492259420454502	0.00025660122628323734	0.00041689351201057434	0.00017387440311722457	0.0006976666627451777	0.00029975807410664856	0.0028692507185041904	0.032440971583127975
0.512	0.576	0.0003684582479763776	0.0002399706281721592	0.00034423204488120973	0.0002499702386558056	0.00041704773320816457	0.00016816378047224134	0.0006665397086180747	0.0002916724479291588	0.002837235340848565	0.030750328674912453
