onset	offset	Alarm_bell_ringing	Blender	Cat	Dishes	Dog	Electric_shaver_toothbrush	Frying	Running_water	Speech	Vacuum_cleaner
0.0	0.064	0.0002868034935090691	0.00017494922212790698	0.006072437856346369	0.0009033090900629759	0.0011353271547704935	0.00043029512744396925	0.002280367538332939	0.0013695883098989725	0.0032178177498281	0.0020094707142561674
0.064	0.128	0.0002868034935090691	0.00017494922212790698	0.006723562255501747	0.0009033090900629759	0.0012087903451174498	0.00043029512744396925	0.002280367538332939	0.0013695883098989725	0.0032178177498281	0.0020094707142561674
0.128	0.192	0.000264681875705719	0.00015539818559773266	0.008009962737560272	0.0007728408090770245	0.001330117229372263	0.00038803357165306807	0.00219043274410069	0.0013695883098989725	0.0032178177498281	0.0017015060875564814
0.192	0.256	0.000264681875705719	0.00015539818559773266	0.008009962737560272	0.0007728408090770245	0.001330117229372263	0.00038803357165306807	0.00219043274410069	0.0013695883098989725	0.0032178177498281	0.0015335754724219441
0.256	0.32	0.000264681875705719	0.00015539818559773266	0.008009962737560272	0.0007728408090770245	0.001330117229372263	0.00038803357165306807	0.00219043274410069	0.0013695883098989725	0.0032178177498281	0.0015335754724219441
0.32	0.384	0.000264681875705719	0.00015539818559773266	0.012643549591302872	0.0007728408090770245	0.0016019350150600076	0.00038803357165306807	0.00219043274410069	0.0014432932948693633	0.003372501814737916	0.0015335754724219441
0.384	0.448	0.0002839087974280119	0.00017065183783415705	0.03228048235177994	0.000931966642383486	0.0020858789794147015	0.00043030697270296514	0.002218519803136587	0.0016420722240582108	0.004276597872376442	0.0015335754724219441
0.448	0.512	0.0003609310369938612	0.0002476169029250741	0.12469877302646637	0.0013515526661649346	0.002846192102879286	0.0005013350746594369	0.002380968304350972	0.0017569921910762787	0.007056882604956627	0.001723847701214254
0.512	0.576	0.000507332559209317	0.0004518452624324709	0.3679766058921814	0.0020914804190397263	0.00483470456674695	0.000538965396117419	0.0027826987206935883	0.0019157157512381673	0.012838909402489662	0.002474830485880375
