onset	offset	Alarm_bell_ringing	Blender	Cat	Dishes	Dog	Electric_shaver_toothbrush	Frying	Running_water	Speech	Vacuum_cleaner
0.0	0.064	0.0007714619277976453	0.0002883578126784414	0.0012719010701403022	0.0014402185333892703	0.004105010069906712	0.0005193548859097064	0.0012398184044286609	0.003857845440506935	0.0025029608514159918	0.0007041693315841258
0.064	0.128	0.0007714619277976453	0.0002883578126784414	0.0012719010701403022	0.0014402185333892703	0.004331139847636223	0.0005193548859097064	0.0012398184044286609	0.003857845440506935	0.0025029608514159918	0.0007041693315841258
0.128	0.192	0.0005455022328533232	0.00023303697525989264	0.0012719010701403022	0.001159807899966836	0.004372627008706331	0.0004736050614155829	0.001183581305667758	0.003517389763146639	0.0023358112666755915	0.000605614623054862
0.192	0.256	0.0005438811494968832	0.00020105460134800524	0.0012610434787347913	0.0010738606797531247	0.004372627008706331	0.0004653286305256188	0.0011333351721987128	0.003434807062149048	0.0023358112666755915	0.0005257666925899684
0.256	0.32	0.0005438811494968832	0.00018255745817441493	0.0012563008349388838	0.0010738606797531247	0.004372627008706331	0.0004653286305256188	0.0011077055241912603	0.003434807062149048	0.0023358112666755915	0.0004724994068965316
0.32	0.384	0.0005438811494968832	0.0001705238246358931	0.0012224673992022872	0.0010738606797531247	0.004517881199717522	0.0004653286305256188	0.0011077055241912603	0.003434807062149048	0.0023358112666755915	0.0004254341474734247
0.384	0.448	0.0005438811494968832	0.0001705238246358931	0.0011965432204306126	0.0010738606797531247	0.005169940181076527	0.0004653286305256188	0.0011077055241912603	0.003434807062149048	0.002388264751061797	0.00038878797204233706
0.448	0.512	0.0006095549906603992	0.0001705238246358931	0.0011728202225640416	0.0011425181291997433	0.006233553867787123	0.0004711856017820537	0.0011021370301023126	0.0034702401608228683	0.002545034745708108	0.00036012043710798025
0.512	0.576	0.0006095549906603992	0.00016498613695148379	0.0011728202225640416	0.0013392651453614235	0.00693658459931612	0.0004735488328151405	0.0011021370301023126	0.003883795812726021	0.0028295465745031834	0.00033998643630184233
