onset	offset	Alarm_bell_ringing	Blender	Cat	Dishes	Dog	Electric_shaver_toothbrush	Frying	Running_water	Speech	Vacuum_cleaner
0.0	0.064	0.00030060173594392836	0.00118074135389179	0.0011147338664159179	0.0024417811073362827	0.001131528289988637	0.0006986883236095309	0.006292659789323807	0.5669319033622742	0.0038428890984505415	0.0003687643038574606
0.064	0.128	0.00030060173594392836	0.0011783723020926118	0.0011147338664159179	0.0024417811073362827	0.001131528289988637	0.0006986883236095309	0.00632677273824811	0.5669319033622742	0.0038428890984505415	0.0003687643038574606
0.128	0.192	0.0002036377409240231	0.0011783723020926118	0.001076108543202281	0.0019845690112560987	0.001131528289988637	0.0005635391571559012	0.00632677273824811	0.5428425669670105	0.0026907632127404213	0.0003263125545345247
0.192	0.256	0.00016880044131539762	0.0011406574631109834	0.0010521755320951343	0.001722643501125276	0.0011034965282306075	0.0004985182895325124	0.006292659789323807	0.5198798775672913	0.002237696433439851	0.0003251566959079355
0.256	0.32	0.00015229287964757532	0.0009372150525450706	0.0010507216211408377	0.0016775891417637467	0.001031031017191708	0.00048071928904391825	0.006259444169700146	0.47575461864471436	0.0020940944086760283	0.000283650413621217
0.32	0.384	0.00015051716763991863	0.0006991316331550479	0.0010507216211408377	0.0016468357061967254	0.0009069869993254542	0.0004802826151717454	0.006259444169700146	0.47575461864471436	0.0020940944086760283	0.00025187074788846076
0.384	0.448	0.00014917919179424644	0.0005902506527490914	0.0010521755320951343	0.0015946202911436558	0.0008775385213084519	0.00047455946332775056	0.006247564684599638	0.47575461864471436	0.0020612520165741444	0.00024701704387553036
0.448	0.512	0.00014529551845043898	0.0005886522121727467	0.0010521755320951343	0.0015303049003705382	0.000865057751070708	0.00044909276766702533	0.0062371292151510715	0.45907723903656006	0.002058123704046011	0.00024262600345537066
0.512	0.576	0.00014371999714057893	0.00057554105296731	0.001079695881344378	0.0014672483084723353	0.000850372773129493	0.0004145825805608183	0.006213541142642498	0.4448871612548828	0.002049472415819764	0.0002417317300569266
