onset	offset	Alarm_bell_ringing	Blender	Cat	Dishes	Dog	Electric_shaver_toothbrush	Frying	Running_water	Speech	Vacuum_cleaner
0.0	0.064	0.024017512798309326	0.005264020059257746	0.03559739515185356	0.1654815673828125	0.005340164992958307	0.0006298204534687102	0.006967813707888126	0.02221154049038887	0.04871447756886482	0.014714982360601425
0.064	0.128	0.025590695440769196	0.005379046313464642	0.03559739515185356	0.1654815673828125	0.005663398187607527	0.0006298204534687102	0.00832750927656889	0.02221154049038887	0.04871447756886482	0.014714982360601425
0.128	0.192	0.025590695440769196	0.005379046313464642	0.04376152530312538	0.18464437127113342	0.009798272512853146	0.0006298204534687102	0.008655626326799393	0.024233462288975716	0.04395207762718201	0.01596594601869583
0.192	0.256	0.04797368869185448	0.006055635865777731	0.0693378895521164	0.21349996328353882	0.009798272512853146	0.0006298204534687102	0.008655626326799393	0.027174023911356926	0.04395207762718201	0.01596594601869583
0.256	0.32	0.10310112684965134	0.007771462667733431	0.09293676167726517	0.2200620323419571	0.009824519976973534	0.0006298204534687102	0.010822653770446777	0.02789078652858734	0.04395207762718201	0.016002170741558075
0.32	0.384	0.10310112684965134	0.010656622238457203	0.09293676167726517	0.2200620323419571	0.014268789440393448	0.0006905677146278322	0.011272124946117401	0.03188079223036766	0.04395207762718201	0.02268618904054165
0.384	0.448	0.10310112684965134	0.014481860212981701	0.09293676167726517	0.2200620323419571	0.021688949316740036	0.0007029969710856676	0.012688380666077137	0.03762850537896156	0.0437551811337471	0.040947604924440384
0.448	0.512	0.10310112684965134	0.014481860212981701	0.09293676167726517	0.21349996328353882	0.02630113810300827	0.0007079030037857592	0.012688380666077137	0.03762850537896156	0.04436155781149864	0.0535765215754509
0.512	0.576	0.10310112684965134	0.014481860212981701	0.09203679859638214	0.2027810961008072	0.026767617091536522	0.0007122952374629676	0.012688380666077137	0.03762850537896156	0.04447345808148384	0.05799747258424759
