onset	offset	Alarm_bell_ringing	Blender	Cat	Dishes	Dog	Electric_shaver_toothbrush	Frying	Running_water	Speech	Vacuum_cleaner
0.0	0.064	0.0026022668462246656	0.00391650153324008	0.00919389259070158	0.045885417610406876	0.41445982456207275	0.003769517410546541	0.1010986790060997	0.035350583493709564	0.17441998422145844	0.005909043364226818
0.064	0.128	0.0026022668462246656	0.004283267538994551	0.00919389259070158	0.045885417610406876	0.41445982456207275	0.003769517410546541	0.1010986790060997	0.035350583493709564	0.17441998422145844	0.005909043364226818
0.128	0.192	0.002441906603053212	0.004283267538994551	0.008012917824089527	0.04083598405122757	0.4402821958065033	0.0035190496128052473	0.09333623200654984	0.03264615312218666	0.16870610415935516	0.005438222084194422
0.192	0.256	0.002441906603053212	0.003942597191780806	0.006909077521413565	0.03806092217564583	0.4402821958065033	0.003397786058485508	0.08622337132692337	0.03138439357280731	0.15885086357593536	0.00476634968072176
0.256	0.32	0.002441906603053212	0.00391650153324008	0.00632931524887681	0.0362103171646595	0.4402821958065033	0.003126500640064478	0.08225241303443909	0.03127371519804001	0.1451931744813919	0.004261922091245651
0.32	0.384	0.0024326639249920845	0.00391650153324008	0.005782288033515215	0.03422875329852104	0.4402821958065033	0.0028374092653393745	0.08110947906970978	0.031065454706549644	0.13447095453739166	0.003995024599134922
0.384	0.448	0.0024281402584165335	0.003160929773002863	0.005103216040879488	0.03055586665868759	0.43729767203330994	0.002379758981987834	0.0810331478714943	0.029067600145936012	0.12327083945274353	0.0037809107452630997
0.448	0.512	0.0024281402584165335	0.0026282030157744884	0.004342237487435341	0.027654306963086128	0.37879055738449097	0.0019430371467024088	0.07969062030315399	0.02747700922191143	0.12327083945274353	0.003414720995351672
0.512	0.576	0.0024237309116870165	0.0023700138553977013	0.00356041407212615	0.025864239782094955	0.3139350116252899	0.0015975929563865066	0.07709229737520218	0.026597872376441956	0.12327083945274353	0.003015158697962761
