onset	offset	Alarm_bell_ringing	Blender	Cat	Dishes	Dog	Electric_shaver_toothbrush	Frying	Running_water	Speech	Vacuum_cleaner
0.0	0.064	0.0018918170826509595	0.0008526535239070654	0.00046551934792660177	0.052930548787117004	0.0008177831768989563	0.00026386650279164314	0.0146412318572402	0.000714185880497098	0.00352672440931201	0.0007698029512539506
0.064	0.128	0.0018918170826509595	0.0008526535239070654	0.00046551934792660177	0.06149076670408249	0.0008177831768989563	0.00026386650279164314	0.0146412318572402	0.000714185880497098	0.00352672440931201	0.0007698029512539506
0.128	0.192	0.0019403405021876097	0.000859524414408952	0.0004455835442058742	0.07541311532258987	0.0007704007439315319	0.0002205102500738576	0.011727460660040379	0.000693846377544105	0.003610264277085662	0.0006741175893694162
0.192	0.256	0.0018918170826509595	0.0008526535239070654	0.0004455835442058742	0.07313878834247589	0.0007692970102652907	0.00020558317191898823	0.009793323464691639	0.0006862139562144876	0.003610264277085662	0.0006104573258198798
0.256	0.32	0.0018407537136226892	0.0008526535239070654	0.0004455835442058742	0.07198191434144974	0.0007691350183449686	0.00020052159379702061	0.008404103107750416	0.0006691941525787115	0.003610264277085662	0.000535172934178263
0.32	0.384	0.0017803453374654055	0.000859524414408952	0.0004455835442058742	0.07313878834247589	0.0007691350183449686	0.00019266182789579034	0.0074475230649113655	0.0006615807651542127	0.003627625061199069	0.00047308753710240126
0.384	0.448	0.0018407537136226892	0.0008625646587461233	0.0004542492388281971	0.07541311532258987	0.0007691350183449686	0.00019266182789579034	0.006526517681777477	0.0006615807651542127	0.0036563947796821594	0.0004238152178004384
0.448	0.512	0.0018579536117613316	0.0008661609026603401	0.00046917772851884365	0.07727747410535812	0.0007691350183449686	0.00019266182789579034	0.005698858760297298	0.0006615807651542127	0.0037534378934651613	0.0004003091307822615
0.512	0.576	0.0018579536117613316	0.0009921068558469415	0.0004817861190531403	0.09084636718034744	0.0009222785593010485	0.00019266182789579034	0.00508063705638051	0.0006615807651542127	0.00462194811552763	0.0003842961450573057
