onset	offset	Alarm_bell_ringing	Blender	Cat	Dishes	Dog	Electric_shaver_toothbrush	Frying	Running_water	Speech	Vacuum_cleaner
0.0	0.064	0.0002638408332131803	0.00047391396947205067	0.0001693222438916564	0.006220797076821327	0.0002142410521628335	0.00011642149183899164	0.009199372492730618	0.0005697382148355246	0.004764366429299116	0.00023469187726732343
0.064	0.128	0.0002638408332131803	0.00047391396947205067	0.0001693222438916564	0.006220797076821327	0.0002142410521628335	0.00011642149183899164	0.009199372492730618	0.0005697382148355246	0.004764366429299116	0.00023469187726732343
0.128	0.192	0.0002075907395919785	0.00036725852987729013	0.00014168952475301921	0.004591226112097502	0.00020579183183144778	0.00010040465713245794	0.008312676101922989	0.0005063737626187503	0.004548220429569483	0.00019304209854453802
0.192	0.256	0.00019080043421126902	0.00031393772223964334	0.00012951147800777107	0.0037213622126728296	0.00020579183183144778	9.035195398610085e-05	0.008148884400725365	0.0004866536764893681	0.004548220429569483	0.0001752696407493204
0.256	0.32	0.0001885454257717356	0.00028754243976436555	0.00012578326277434826	0.003524892032146454	0.00020579183183144778	8.720885671209544e-05	0.008148884400725365	0.000475559092592448	0.004548220429569483	0.00016462721396237612
0.32	0.384	0.00018248436390422285	0.00026877890923060477	0.00012451330258045346	0.003524892032146454	0.00020579183183144778	8.291065023513511e-05	0.008148884400725365	0.0004617572412826121	0.004548220429569483	0.00015264500689227134
0.384	0.448	0.00017361216305289418	0.00026877890923060477	0.00012451330258045346	0.003524892032146454	0.00020875206973869354	8.128249464789405e-05	0.008148884400725365	0.0004617572412826121	0.0047308290377259254	0.0001347162906313315
0.448	0.512	0.00016640474495943636	0.00026877890923060477	0.00012451330258045346	0.003524892032146454	0.0002193037944380194	8.128249464789405e-05	0.008492414839565754	0.0004617572412826121	0.004969155415892601	0.00012015389074804261
0.512	0.576	0.0001615208457224071	0.00026877890923060477	0.00012546617654152215	0.0037032938562333584	0.00023892958415672183	8.128249464789405e-05	0.00903825368732214	0.0004617572412826121	0.0052620223723351955	0.00011014542542397976
