onset	offset	Alarm_bell_ringing	Blender	Cat	Dishes	Dog	Electric_shaver_toothbrush	Frying	Running_water	Speech	Vacuum_cleaner
0.0	0.064	0.00517540005967021	0.0024606077931821346	0.0008708597742952406	0.04098154231905937	0.00614107446745038	0.03080328181385994	0.9206675291061401	0.005376131273806095	0.7770962119102478	0.012943737208843231
0.064	0.128	0.005496658850461245	0.0024606077931821346	0.0010245372541248798	0.0404474176466465	0.00614107446745038	0.03326796740293503	0.9200849533081055	0.005376131273806095	0.7770962119102478	0.012943737208843231
0.128	0.192	0.005496658850461245	0.002521263435482979	0.0010245372541248798	0.0404474176466465	0.009528882801532745	0.03326796740293503	0.9200849533081055	0.005227450281381607	0.9417237043380737	0.01050630398094654
0.192	0.256	0.005496658850461245	0.002957344288006425	0.0012421925785019994	0.0404474176466465	0.01448504626750946	0.031126193702220917	0.9165700078010559	0.00517435884103179	0.9775993824005127	0.00854414515197277
0.256	0.32	0.005228080321103334	0.002957344288006425	0.0012421925785019994	0.040860436856746674	0.016819892451167107	0.03080328181385994	0.9165700078010559	0.00517435884103179	0.9826014637947083	0.006983750965446234
0.32	0.384	0.005228080321103334	0.0030308763962239027	0.0012421925785019994	0.040860436856746674	0.0177364069968462	0.03080328181385994	0.9165700078010559	0.005170641466975212	0.9826014637947083	0.006227899342775345
0.384	0.448	0.005228080321103334	0.00304592726752162	0.0012421925785019994	0.040860436856746674	0.020015086978673935	0.02870008535683155	0.9165700078010559	0.005170641466975212	0.9826014637947083	0.005703250877559185
0.448	0.512	0.005154109094291925	0.0030308763962239027	0.0011527764145284891	0.04292474687099457	0.021361788734793663	0.027105022221803665	0.9209772348403931	0.005170641466975212	0.9826014637947083	0.005703250877559185
0.512	0.576	0.00510800676420331	0.002957344288006425	0.0009975385619327426	0.04292474687099457	0.021361788734793663	0.023863336071372032	0.9242153167724609	0.004826910328119993	0.9789107441902161	0.005610978230834007
