onset	offset	Alarm_bell_ringing	Blender	Cat	Dishes	Dog	Electric_shaver_toothbrush	Frying	Running_water	Speech	Vacuum_cleaner
0.0	0.064	0.0003942368784919381	0.00017799614579416811	0.0009200917556881905	0.0011193809332326055	0.0016822584439069033	0.00022744071611668915	0.0009317357908003032	0.00045232553384266794	0.001496777986176312	0.0013660299591720104
0.064	0.128	0.0003942368784919381	0.00017799614579416811	0.0009200917556881905	0.0011193809332326055	0.0016822584439069033	0.00022744071611668915	0.0009317357908003032	0.00045232553384266794	0.001496777986176312	0.0013660299591720104
0.128	0.192	0.0003039985313080251	0.0001412647106917575	0.0007727661286480725	0.0008417940116487443	0.0015262782108038664	0.00017921174003276974	0.0007910229614935815	0.00041923782555386424	0.0012471582740545273	0.0011309066321700811
0.192	0.256	0.0002657241129782051	0.00012095882266294211	0.0007251538918353617	0.0007613062625750899	0.00151406682562083	0.00015750309103168547	0.000700511853210628	0.00038626149762421846	0.001240128418430686	0.0009778705425560474
0.256	0.32	0.0002417130599496886	0.00010857517190743238	0.0007251538918353617	0.0007298266864381731	0.0014878452057018876	0.00015003097360022366	0.0006180777563713491	0.0003514678974170238	0.001240128418430686	0.0008403755491599441
0.32	0.384	0.00023136853997129947	0.00010216775990556926	0.0007251538918353617	0.0007103781681507826	0.0014878452057018876	0.00015003097360022366	0.0005687501979991794	0.00033073645317927003	0.001240128418430686	0.000756188528612256
0.384	0.448	0.0002269200049340725	9.818925173021853e-05	0.0007251538918353617	0.0006968294037505984	0.0014878452057018876	0.00015003097360022366	0.0005356304463930428	0.00031402872991748154	0.001240128418430686	0.0006854828679934144
0.448	0.512	0.00022566018742509186	9.618592594051734e-05	0.00072540866676718	0.0006882583838887513	0.0014878452057018876	0.00015003097360022366	0.0005139129352755845	0.000299963605357334	0.0012661194195970893	0.0006295989151112735
0.512	0.576	0.00022534177696797997	9.519970626570284e-05	0.0007258390542119741	0.0006810373743064702	0.0015150575200095773	0.00015003097360022366	0.0004990605521015823	0.00028891395777463913	0.0012829808983951807	0.0005915076471865177
