onset	offset	Alarm_bell_ringing	Blender	Cat	Dishes	Dog	Electric_shaver_toothbrush	Frying	Running_water	Speech	Vacuum_cleaner
0.0	0.064	0.0003341113042552024	0.001900646835565567	0.0006163453217595816	0.0015876225661486387	0.0004780067247338593	0.0003284248523414135	0.0017486620927229524	0.0006553411949425936	0.0020845721010118723	0.0017000879161059856
0.064	0.128	0.0003341113042552024	0.001900646835565567	0.0006163453217595816	0.0015876225661486387	0.0004780067247338593	0.0003284248523414135	0.0017486620927229524	0.0006553411949425936	0.0020845721010118723	0.0017000879161059856
0.128	0.192	0.0002609555667731911	0.001267039217054844	0.0005272346315905452	0.0011436145287007093	0.0004045497626066208	0.000289238611003384	0.0014421757077798247	0.0005449719028547406	0.0020050243474543095	0.0012968149967491627
0.192	0.256	0.00022800263832323253	0.0009546057553961873	0.0005220075836405158	0.0010412397095933557	0.00040022117900662124	0.0002799471258185804	0.001315753674134612	0.0004703780577983707	0.0020050243474543095	0.0010724252788349986
0.256	0.32	0.00022256783267948776	0.0008507519960403442	0.0005155724938958883	0.00100043008569628	0.00040022117900662124	0.00027646904345601797	0.0012512184912338853	0.0004170129541307688	0.0020050243474543095	0.0009322090772911906
0.32	0.384	0.00022256783267948776	0.0008507519960403442	0.0005086258752271533	0.00100043008569628	0.00040022117900662124	0.00026887861895374954	0.0012106000212952495	0.0003873306268360466	0.0020050243474543095	0.0008621697779744864
0.384	0.448	0.00022256783267948776	0.0008507519960403442	0.0004912426229566336	0.00100043008569628	0.00040022117900662124	0.00026887861895374954	0.0011696401052176952	0.00037002042517997324	0.002201497321948409	0.0008203962934203446
0.448	0.512	0.00022256783267948776	0.0008507519960403442	0.00047570717288181186	0.00100043008569628	0.00041539219091646373	0.00026887861895374954	0.0011283966014161706	0.00035698714782483876	0.0024239050690084696	0.0007924461970105767
0.512	0.576	0.0002252807462355122	0.0008903858251869678	0.0004631383344531059	0.0010094960452988744	0.00043583495425991714	0.00026887861895374954	0.0010931085562333465	0.00034405014594085515	0.002654928946867585	0.000773196283262223
