onset	offset	Alarm_bell_ringing	Blender	Cat	Dishes	Dog	Electric_shaver_toothbrush	Frying	Running_water	Speech	Vacuum_cleaner
0.0	0.064	0.0003627297410275787	0.20168153941631317	0.003764247987419367	0.00245047640055418	0.0005958692054264247	0.00044374901335686445	0.00046522796037606895	0.01169287133961916	0.004940136801451445	0.006766234524548054
0.064	0.128	0.0003627297410275787	0.20168153941631317	0.003764247987419367	0.00245047640055418	0.0005958692054264247	0.00044374901335686445	0.00046522796037606895	0.01169287133961916	0.004940136801451445	0.006766234524548054
0.128	0.192	0.00026379432529211044	0.2022039294242859	0.0027616904117166996	0.0017508459277451038	0.0005609978106804192	0.0003326743608340621	0.00042167396168224514	0.011534296907484531	0.0036896911915391684	0.007016650401055813
0.192	0.256	0.00023363631044048816	0.21070487797260284	0.002509144600480795	0.0014853418106213212	0.0005590601940639317	0.0002676925214473158	0.0003752614720724523	0.010754970833659172	0.0031594771426171064	0.0070836590602993965
0.256	0.32	0.000216375439777039	0.21070487797260284	0.002452070126309991	0.0014007877325639129	0.0005590601940639317	0.0002450596948619932	0.0003549619868863374	0.010579545050859451	0.0028718176763504744	0.0070836590602993965
0.32	0.384	0.00020688315271399915	0.21070487797260284	0.002404052298516035	0.0012970373500138521	0.0005590601940639317	0.0002450596948619932	0.00033569414517842233	0.0101840915158391	0.0026719472371041775	0.0070836590602993965
0.384	0.448	0.00020688315271399915	0.21070487797260284	0.002404052298516035	0.0012892017839476466	0.0005609978106804192	0.0002450596948619932	0.0003178692131768912	0.009733304381370544	0.002500227652490139	0.0070836590602993965
0.448	0.512	0.00020688315271399915	0.19875356554985046	0.002404052298516035	0.0012892017839476466	0.0005628212238661945	0.0002450596948619932	0.0002969845663756132	0.009168400429189205	0.0023408783599734306	0.006904426496475935
0.512	0.576	0.00020688315271399915	0.18455831706523895	0.002404052298516035	0.0012892017839476466	0.0005797722842544317	0.0002594727266114205	0.0002707627136260271	0.008367703296244144	0.0022092852741479874	0.006712743081152439
