onset	offset	Alarm_bell_ringing	Blender	Cat	Dishes	Dog	Electric_shaver_toothbrush	Frying	Running_water	Speech	Vacuum_cleaner
0.0	0.064	0.0036534499377012253	0.004283462651073933	0.005247334484010935	0.007999303750693798	0.006198321934789419	0.005961427465081215	0.052096638828516006	0.7653383612632751	0.01372289378196001	0.0030775663908571005
0.064	0.128	0.0036534499377012253	0.004283462651073933	0.005247334484010935	0.007999303750693798	0.006198321934789419	0.005961427465081215	0.052096638828516006	0.7653383612632751	0.01372289378196001	0.0030775663908571005
0.128	0.192	0.0029468757566064596	0.003727792063727975	0.004502789117395878	0.00688572321087122	0.005316681694239378	0.0052255564369261265	0.052196651697158813	0.7787274122238159	0.011439953930675983	0.0030775663908571005
0.192	0.256	0.0026889455039054155	0.0033145155757665634	0.004217149689793587	0.006350886542350054	0.005316681694239378	0.005047496873885393	0.052196651697158813	0.7962796092033386	0.011439953930675983	0.0030775663908571005
0.256	0.32	0.0023643530439585447	0.0031123708467930555	0.004217149689793587	0.005985494703054428	0.005316681694239378	0.005047496873885393	0.0528712272644043	0.8122012615203857	0.011439953930675983	0.0030775663908571005
0.32	0.384	0.002183659467846155	0.002915683202445507	0.004217149689793587	0.005792582873255014	0.005316681694239378	0.005047496873885393	0.0528712272644043	0.8408917188644409	0.011439953930675983	0.0030044487211853266
0.384	0.448	0.0021369988098740578	0.002760114846751094	0.004217149689793587	0.005403879564255476	0.005961845628917217	0.005047496873885393	0.0528712272644043	0.881848156452179	0.01230612862855196	0.0030044487211853266
0.448	0.512	0.0020694199483841658	0.0027484847232699394	0.005201718304306269	0.005271930247545242	0.007022433914244175	0.005318951793015003	0.0528712272644043	0.9170922636985779	0.012429198250174522	0.0030044487211853266
0.512	0.576	0.0019601292442530394	0.0026793936267495155	0.005914477631449699	0.005248046480119228	0.007902516052126884	0.005318951793015003	0.05150917172431946	0.9331111907958984	0.012429198250174522	0.0029710750095546246
