onset	offset	Alarm_bell_ringing	Blender	Cat	Dishes	Dog	Electric_shaver_toothbrush	Frying	Running_water	Speech	Vacuum_cleaner
0.0	0.064	0.00025658923550508916	0.0003794965159613639	0.005021478980779648	0.0007962213712744415	0.0005346026155166328	0.0003757977392524481	0.0008913143537938595	0.001236900337971747	0.002782973926514387	0.006258727051317692
0.064	0.128	0.00025658923550508916	0.0003794965159613639	0.005021478980779648	0.0007962213712744415	0.0005346026155166328	0.000382502272259444	0.0008913143537938595	0.001236900337971747	0.002782973926514387	0.006258727051317692
0.128	0.192	0.00027169910026714206	0.00043176586041226983	0.005547959357500076	0.0007962213712744415	0.0004897653707303107	0.0004137773357797414	0.0008387602865695953	0.0011494943173602223	0.0024147836957126856	0.006277063395828009
0.192	0.256	0.00027169910026714206	0.00043176586041226983	0.005547959357500076	0.0007962213712744415	0.0004897653707303107	0.0004137773357797414	0.0007961690425872803	0.0010609925957396626	0.002262967173010111	0.007090867031365633
0.256	0.32	0.00027169910026714206	0.00043176586041226983	0.005547959357500076	0.0007962213712744415	0.0004897653707303107	0.00040747347520664334	0.000738837115932256	0.0010361953172832727	0.0021906725596636534	0.009080475196242332
0.32	0.384	0.00039324743556790054	0.000482824892969802	0.006589106749743223	0.0009500739397481084	0.0004897653707303107	0.00040747347520664334	0.0006841720314696431	0.0010361953172832727	0.0021406705491244793	0.010523771867156029
0.384	0.448	0.00039324743556790054	0.000482824892969802	0.006589106749743223	0.0009500739397481084	0.0004751805099658668	0.00040747347520664334	0.0006532226107083261	0.001010074163787067	0.0021225064992904663	0.010523771867156029
0.448	0.512	0.00039324743556790054	0.000482824892969802	0.006589106749743223	0.0009500739397481084	0.0004751805099658668	0.00040747347520664334	0.0006161201163195074	0.0009993588319048285	0.002082980703562498	0.010523771867156029
0.512	0.576	0.00039324743556790054	0.000482824892969802	0.006589106749743223	0.0009500739397481084	0.0004751805099658668	0.00035491108428686857	0.0005831961752846837	0.0009952484397217631	0.002082980703562498	0.010523771867156029
