onset	offset	Alarm_bell_ringing	Blender	Cat	Dishes	Dog	Electric_shaver_toothbrush	Frying	Running_water	Speech	Vacuum_cleaner
0.0	0.064	0.0013729007914662361	0.002057888777926564	0.00048573859385214746	0.003085152478888631	0.0012733059702441096	0.9953763484954834	0.0015009413473308086	0.004411472473293543	0.00883406400680542	0.0022757938131690025
0.064	0.128	0.0013729007914662361	0.002057888777926564	0.00048573859385214746	0.003085152478888631	0.0012733059702441096	0.9953763484954834	0.0015009413473308086	0.004411472473293543	0.00883406400680542	0.0022757938131690025
0.128	0.192	0.001057358575053513	0.001079021836631	0.00040341177373193204	0.0016764267347753048	0.0008591772639192641	0.9958937168121338	0.0008360308711417019	0.003166645998135209	0.006913158111274242	0.0014393423916772008
0.192	0.256	0.0009264770778827369	0.0008221837924793363	0.00040160256321541965	0.0013197590596973896	0.0008020916138775647	0.9962244033813477	0.0006373245269060135	0.0028960921335965395	0.006844010669738054	0.0011435355991125107
0.256	0.32	0.0009023963357321918	0.000648870540317148	0.00039395582280121744	0.0011368965497240424	0.0007970367441885173	0.99639892578125	0.0005456298822537065	0.0026591948699206114	0.006637012120336294	0.0009938504081219435
0.32	0.384	0.0008807908743619919	0.0005460144020617008	0.0003931820101570338	0.001023231539875269	0.0007939488277770579	0.9964892864227295	0.0004971229936927557	0.002440103329718113	0.006500301882624626	0.0008827412966638803
0.384	0.448	0.000857740524224937	0.00047574611380696297	0.0003931820101570338	0.0009471600060351193	0.0007860062760300934	0.9965421557426453	0.0004626511945389211	0.0022967150434851646	0.006500301882624626	0.0007997371722012758
0.448	0.512	0.0008434376213699579	0.000430851912824437	0.0003813073271885514	0.0008949771872721612	0.0007648406317457557	0.9965826869010925	0.00044080897350795567	0.0021996996365487576	0.006500301882624626	0.0007353159599006176
0.512	0.576	0.0008406905690208077	0.0004014383885078132	0.0003675785264931619	0.0008567231125198305	0.0007377725560218096	0.9966112971305847	0.0004267990298103541	0.0021256061736494303	0.006418522913008928	0.0006830270285718143
