onset	offset	Alarm_bell_ringing	Blender	Cat	Dishes	Dog	Electric_shaver_toothbrush	Frying	Running_water	Speech	Vacuum_cleaner
0.0	0.064	0.0006853397935628891	0.9698533415794373	0.0013141324743628502	0.00399555591866374	0.0014265159843489528	0.0011593743693083525	0.0015573195414617658	0.006307824514806271	0.02369733527302742	0.04992030933499336
0.064	0.128	0.0006853397935628891	0.9698533415794373	0.0013141324743628502	0.00399555591866374	0.0014265159843489528	0.0011593743693083525	0.0015573195414617658	0.006307824514806271	0.02369733527302742	0.04992030933499336
0.128	0.192	0.0005726257222704589	0.9700772166252136	0.0011203335598111153	0.00279628555290401	0.0012255009496584535	0.000956664327532053	0.0009689794387668371	0.0053408206440508366	0.017297307029366493	0.04007910564541817
0.192	0.256	0.0005382117815315723	0.9700772166252136	0.0011203335598111153	0.0020167112816125154	0.0010174191556870937	0.0008791395812295377	0.0007690950878895819	0.004350136499851942	0.011653885245323181	0.03977161645889282
0.256	0.32	0.0004588332667481154	0.9700772166252136	0.0011203335598111153	0.001608919003047049	0.000886737194377929	0.0008024073904380202	0.0006402641301974654	0.003811188507825136	0.007904673926532269	0.039679720997810364
0.32	0.384	0.0003926798817701638	0.9700772166252136	0.0011203335598111153	0.0014268523082137108	0.0008435818599537015	0.0007731797522865236	0.0005778829799965024	0.003718174062669277	0.006977910175919533	0.03934817016124725
0.384	0.448	0.00034616695484146476	0.9681034684181213	0.001176638761535287	0.0012687020935118198	0.0008133340743370354	0.0007403460913337767	0.0005473154596984386	0.003659274196252227	0.006977910175919533	0.038627076894044876
0.448	0.512	0.00032192966318689287	0.966620922088623	0.0012585860677063465	0.001160409185104072	0.0007856258889660239	0.0007097566849552095	0.000532406906131655	0.0036356914788484573	0.006977910175919533	0.03854067996144295
0.512	0.576	0.0003120696928817779	0.966620922088623	0.0013086803955957294	0.0011053280904889107	0.0007597842486575246	0.000679942371789366	0.0005221586325205863	0.003631855361163616	0.006971796043217182	0.03672023490071297
