onset	offset	Alarm_bell_ringing	Blender	Cat	Dishes	Dog	Electric_shaver_toothbrush	Frying	Running_water	Speech	Vacuum_cleaner
0.0	0.064	0.009565216489136219	0.0056089190766215324	0.010784887708723545	0.001151064527221024	0.0023456327617168427	0.011209942400455475	0.0006586569943465292	0.01818281225860119	0.03996787592768669	0.9740079045295715
0.064	0.128	0.009565216489136219	0.0056089190766215324	0.010784887708723545	0.001151064527221024	0.0023456327617168427	0.011209942400455475	0.0006586569943465292	0.01818281225860119	0.03996787592768669	0.9740079045295715
0.128	0.192	0.004535696469247341	0.0030052056536078453	0.010784887708723545	0.0005964316660538316	0.0016661047702655196	0.008256305009126663	0.00043294974602758884	0.013062642887234688	0.017500562593340874	0.9745844602584839
0.192	0.256	0.0028110872954130173	0.0024558461736887693	0.010636557824909687	0.0003931424580514431	0.0014039904344826937	0.0069085960276424885	0.00042349036084488034	0.013031389564275742	0.009586679749190807	0.9749419093132019
0.256	0.32	0.0019319590646773577	0.0017989614279940724	0.007947228848934174	0.00029443789389915764	0.0012491029920056462	0.005858805496245623	0.000372743554180488	0.013003257103264332	0.007102414965629578	0.9755403399467468
0.32	0.384	0.001746574998833239	0.0014479360543191433	0.007332097738981247	0.00025502537027932703	0.0011254148557782173	0.005319259595125914	0.00031589073478244245	0.012990527786314487	0.006439002696424723	0.9755403399467468
0.384	0.448	0.0016710915369912982	0.0012304848060011864	0.0077267293818295	0.00023486829013563693	0.0010184654965996742	0.004561947658658028	0.0002828003780450672	0.01271237526088953	0.006380320060998201	0.9749419093132019
0.448	0.512	0.0016710915369912982	0.001076496671885252	0.0077267293818295	0.00023486829013563693	0.0009748747106641531	0.003950702492147684	0.0002828003780450672	0.011400670744478703	0.006341742817312479	0.9747424125671387
0.512	0.576	0.0016710915369912982	0.0009789919713512063	0.007481151260435581	0.00023486829013563693	0.0009748747106641531	0.003913141321390867	0.00027281863731332123	0.009602988138794899	0.006320198066532612	0.9747424125671387
