onset	offset	Alarm_bell_ringing	Blender	Cat	Dishes	Dog	Electric_shaver_toothbrush	Frying	Running_water	Speech	Vacuum_cleaner
0.0	0.064	0.00856630876660347	0.00028497292078100145	0.00024013796064537019	0.0009359064279124141	0.0005041571566835046	0.00013690898776985705	0.00013818858133163303	0.0005060352850705385	0.0028538040351122618	0.0002741986245382577
0.064	0.128	0.010879612527787685	0.00028497292078100145	0.0002475411456543952	0.0011715139262378216	0.0009128750534728169	0.00019755349785555154	0.00015040540893096477	0.0006524104392156005	0.0035350762773305178	0.0004609219031408429
0.128	0.192	0.010879612527787685	0.00029222105513326824	0.0003140443004667759	0.0011715139262378216	0.0009128750534728169	0.00019755349785555154	0.00021214956359472126	0.0006524104392156005	0.004047690890729427	0.0004609219031408429
0.192	0.256	0.1715814769268036	0.0006029584328643978	0.0003140443004667759	0.005141232628375292	0.0014534370275214314	0.0003001418081112206	0.00021214956359472126	0.0008633951074443758	0.004047690890729427	0.0004932550364173949
0.256	0.32	0.7328696846961975	0.0008521202835254371	0.0004761526652146131	0.006900893058627844	0.0018780517857521772	0.0003012578818015754	0.00026349519612267613	0.0009252870222553611	0.004671184346079826	0.0004932550364173949
0.32	0.384	0.8504186868667603	0.0008834216860122979	0.0004956852062605321	0.006900893058627844	0.0018780517857521772	0.00032868419657461345	0.00028679147362709045	0.0009252870222553611	0.004720803815871477	0.0004932550364173949
0.384	0.448	0.9666606783866882	0.00094159587752074	0.000735308974981308	0.006900893058627844	0.0018780517857521772	0.00032868419657461345	0.0005214483826421201	0.0009252870222553611	0.005185167770832777	0.0004932550364173949
0.448	0.512	0.9877423048019409	0.0009756237268447876	0.0007424717769026756	0.006900893058627844	0.0018780517857521772	0.00032868419657461345	0.0005214483826421201	0.0009252870222553611	0.005743478424847126	0.000435119669418782
0.512	0.576	0.9907941222190857	0.0009756237268447876	0.0007781687309034169	0.0042780926451087	0.0018209759145975113	0.0003001418081112206	0.0005277711316011846	0.000735567940864712	0.005908791441470385	0.0002770466380752623
