onset	offset	Alarm_bell_ringing	Blender	Cat	Dishes	Dog	Electric_shaver_toothbrush	Frying	Running_water	Speech	Vacuum_cleaner
0.0	0.064	0.0009555230499245226	0.0001507788838353008	0.0008325437665916979	0.0012934800470247865	0.002347141969949007	0.00020891634630970657	0.0006614755257032812	0.0007125971023924649	0.001584620214998722	0.00115415477193892
0.064	0.128	0.0009555230499245226	0.0001507788838353008	0.0010059993946924806	0.0012934800470247865	0.0036043475847691298	0.00020891634630970657	0.0006614755257032812	0.0007125971023924649	0.001584620214998722	0.00115415477193892
0.128	0.192	0.0009251036681234837	0.00013282947475090623	0.0012025015894323587	0.0010141516104340553	0.004828826058655977	0.00017468085570726544	0.0004995779017917812	0.0006242129602469504	0.001569050014950335	0.0010333246318623424
0.192	0.256	0.000888302456587553	0.00013181239773984998	0.0010059993946924806	0.0009663237724453211	0.0036043475847691298	0.00017362224753014743	0.00044664606684818864	0.0005738515174016356	0.0014847301645204425	0.000998297706246376
0.256	0.32	0.0007077647023834288	0.0001144040361396037	0.0008325437665916979	0.000901397317647934	0.0034910019021481276	0.0001654063817113638	0.00044046746916137636	0.0005443572299554944	0.0014552285429090261	0.0009678385104052722
0.32	0.384	0.000666061183437705	0.00010844728240044788	0.0008325437665916979	0.0008145331521518528	0.0034910019021481276	0.00016327948833350092	0.0004270806675776839	0.0005081593990325928	0.0014499042881652713	0.0009092317777685821
0.384	0.448	0.0006923057371750474	0.00010844728240044788	0.0008173959795385599	0.0008145331521518528	0.0036043475847691298	0.00015603814972564578	0.00040056888246908784	0.00045270967530086637	0.0013549125287681818	0.0008262336486950517
0.448	0.512	0.0007077647023834288	0.00012811869964934886	0.0006527116638608277	0.0008366696420125663	0.003614221466705203	0.00015436469402629882	0.0003799441328737885	0.0004341176536399871	0.0013549125287681818	0.0007847856031730771
0.512	0.576	0.0007077647023834288	0.00012811869964934886	0.0006014718092046678	0.0008366696420125663	0.0034910019021481276	0.00015436469402629882	0.00035444681998342276	0.0004341176536399871	0.0013549125287681818	0.0007507058908231556
