onset	offset	Alarm_bell_ringing	Blender	Cat	Dishes	Dog	Electric_shaver_toothbrush	Frying	Running_water	Speech	Vacuum_cleaner
0.0	0.064	0.0006903204484842718	0.0022547352127730846	0.00048490753397345543	0.001881313743069768	0.0002724931691773236	0.000188486636034213	0.007104042451828718	0.0008151092333719134	0.0021597195882350206	0.0020985694136470556
0.064	0.128	0.0006903204484842718	0.0022547352127730846	0.00048490753397345543	0.001881313743069768	0.0002891302574425936	0.000188486636034213	0.007104042451828718	0.0008151092333719134	0.0021597195882350206	0.0020985694136470556
0.128	0.192	0.0005106610478833318	0.0016834993148222566	0.00039855431532487273	0.0014368047704920173	0.0002925856679212302	0.0001747573260217905	0.006481821183115244	0.0007133077597245574	0.0017720042960718274	0.0017479887465015054
0.192	0.256	0.0004240314301569015	0.0013845117064192891	0.0003842831065412611	0.001328381011262536	0.0002891302574425936	0.0001736800477374345	0.00637325644493103	0.0006101938197389245	0.0017720042960718274	0.0015294760232791305
0.256	0.32	0.0004184556601103395	0.0013491406571120024	0.0003807808388955891	0.0012631400022655725	0.0002891302574425936	0.0001710139331407845	0.006327665410935879	0.0006101938197389245	0.0017446264391764998	0.0014310108963400126
0.32	0.384	0.0004158168740104884	0.0013247031020000577	0.00037487674853764474	0.0011849389411509037	0.00029108489979989827	0.00016294073429889977	0.006327665410935879	0.000608400849159807	0.0016901352209970355	0.0013396701542660594
0.384	0.448	0.00040865919436328113	0.0013224126305431128	0.0003559007600415498	0.0010919382330030203	0.0002925856679212302	0.00015329613233916461	0.006327665410935879	0.000590793730225414	0.0016795267583802342	0.0012031375663354993
0.448	0.512	0.00038558655069209635	0.0012480549048632383	0.0003527372609823942	0.0010741640580818057	0.0002942720602732152	0.0001492770970799029	0.006327665410935879	0.0005836441414430737	0.0016795267583802342	0.001076634624041617
0.512	0.576	0.0003596022434066981	0.0011483238777145743	0.0003527372609823942	0.0010572144528850913	0.0003017499693669379	0.0001451940042898059	0.006374930031597614	0.0005797747289761901	0.0016795267583802342	0.0009368824539706111
