onset	offset	Alarm_bell_ringing	Blender	Cat	Dishes	Dog	Electric_shaver_toothbrush	Frying	Running_water	Speech	Vacuum_cleaner
0.0	0.064	0.0003973691782448441	0.42063307762145996	0.0037917315494269133	0.0031487110536545515	0.0005380845977924764	0.008400194346904755	0.0025208210572600365	0.012630382552742958	0.010124112479388714	0.5774024724960327
0.064	0.128	0.0003973691782448441	0.42886781692504883	0.0037917315494269133	0.0031487110536545515	0.0005380845977924764	0.008400194346904755	0.0025208210572600365	0.012630382552742958	0.010124112479388714	0.5699737668037415
0.128	0.192	0.00025463252677582204	0.42886781692504883	0.0034856314305216074	0.002647142158821225	0.00037166845868341625	0.007729110307991505	0.001990885939449072	0.011626055464148521	0.008419173769652843	0.5699737668037415
0.192	0.256	0.00018761861429084092	0.43075281381607056	0.0033922940492630005	0.0019708420149981976	0.0003202060470357537	0.007655743043869734	0.0018844313453882933	0.009001658298075199	0.005813076626509428	0.5500369668006897
0.256	0.32	0.0001593174529261887	0.4438799321651459	0.0033733146265149117	0.0018120488384738564	0.0002960832498501986	0.007507130969315767	0.0017054318450391293	0.009001658298075199	0.005025795195251703	0.5414994955062866
0.32	0.384	0.00015253850142471492	0.45999273657798767	0.0033733146265149117	0.0017211982049047947	0.0002960832498501986	0.007463610265403986	0.0015714825130999088	0.009001658298075199	0.004650060087442398	0.5323463082313538
0.384	0.448	0.00015253850142471492	0.4884030818939209	0.0033733146265149117	0.0016312585212290287	0.0002960832498501986	0.007463610265403986	0.0014740040060132742	0.009001658298075199	0.004622000735253096	0.5171754956245422
0.448	0.512	0.00015253850142471492	0.5128352642059326	0.003376859473064542	0.001560825272463262	0.0002960832498501986	0.007463610265403986	0.0014071158366277814	0.009257283993065357	0.004571583122014999	0.5010104179382324
0.512	0.576	0.00015253850142471492	0.5336064696311951	0.0033733146265149117	0.0015007592737674713	0.0003020467411261052	0.007364375051110983	0.0013745963806286454	0.009443343617022038	0.004527015145868063	0.4821324944496155
