onset	offset	Alarm_bell_ringing	Blender	Cat	Dishes	Dog	Electric_shaver_toothbrush	Frying	Running_water	Speech	Vacuum_cleaner
0.0	0.064	0.0005987373297102749	0.00029277853900566697	0.00041539399535395205	0.011997884139418602	0.0012876635883003473	0.0013002260820940137	0.12541575729846954	0.002623647218570113	0.022582104429602623	0.0006322073750197887
0.064	0.128	0.0007094874745234847	0.0004215491353534162	0.000467832142021507	0.012414521537721157	0.0017065256834030151	0.0018110038945451379	0.12541575729846954	0.002623647218570113	0.022582104429602623	0.0006322073750197887
0.128	0.192	0.0010130936279892921	0.0005153612000867724	0.000467832142021507	0.012414521537721157	0.0017065256834030151	0.0018908465281128883	0.12541575729846954	0.0033262879587709904	0.06887097656726837	0.0004566052812151611
0.192	0.256	0.0010130936279892921	0.0005153612000867724	0.0007323358440771699	0.020546942949295044	0.00225313869304955	0.0018908465281128883	0.12541575729846954	0.0037497233133763075	0.3011547923088074	0.0004494737077038735
0.256	0.32	0.0010130936279892921	0.0009937846334651113	0.0008496078080497682	0.0262954980134964	0.005449654068797827	0.0026438196655362844	0.12541575729846954	0.004440933931618929	0.8525791168212891	0.0004398341116029769
0.32	0.384	0.0012766977306455374	0.0010618616361171007	0.0008496078080497682	0.028396684676408768	0.009639868512749672	0.0032196338288486004	0.1251019984483719	0.004440933931618929	0.957049548625946	0.00042149974615313113
0.384	0.448	0.0013025952503085136	0.0010618616361171007	0.0008496078080497682	0.029422612860798836	0.009639868512749672	0.0032196338288486004	0.11944513767957687	0.004440933931618929	0.9672085046768188	0.00041813048301264644
0.448	0.512	0.0013607213040813804	0.0010618616361171007	0.0008496078080497682	0.03112143464386463	0.009735488332808018	0.0032196338288486004	0.11944513767957687	0.0043216850608587265	0.9705645442008972	0.00041813048301264644
0.512	0.576	0.0014966162852942944	0.0010618616361171007	0.0008496078080497682	0.03178336098790169	0.009842009283602238	0.0032196338288486004	0.11944513767957687	0.0043216850608587265	0.9728007912635803	0.00039015000220388174
