onset	offset	Alarm_bell_ringing	Blender	Cat	Dishes	Dog	Electric_shaver_toothbrush	Frying	Running_water	Speech	Vacuum_cleaner
0.0	0.064	0.0013482017675414681	0.03779252618551254	0.0008714183350093663	0.003681792411953211	0.001035314635373652	0.00017198971181642264	0.011960353702306747	0.35531118512153625	0.007462021429091692	0.007324025966227055
0.064	0.128	0.0013482017675414681	0.03779252618551254	0.0008714183350093663	0.003681792411953211	0.0011961670825257897	0.00017198971181642264	0.011960353702306747	0.35531118512153625	0.007462021429091692	0.007324025966227055
0.128	0.192	0.0010627644369378686	0.04479125887155533	0.000755706918425858	0.0035860876087099314	0.001237950986251235	0.00016851771215442568	0.009997596964240074	0.4667726755142212	0.006802797317504883	0.007324025966227055
0.192	0.256	0.0009933477267622948	0.06086442619562149	0.0007134230108931661	0.0035393706057220697	0.001237950986251235	0.00016573270841035992	0.007707990240305662	0.6117817163467407	0.006388463545590639	0.007324025966227055
0.256	0.32	0.0009830882772803307	0.07952386140823364	0.0007134230108931661	0.0032237127888947725	0.001398412510752678	0.00015835782687645406	0.005913583096116781	0.6620904207229614	0.005933732260018587	0.007324025966227055
0.32	0.384	0.0009801413398236036	0.08792594820261002	0.0007134230108931661	0.0030980308074504137	0.0015942316967993975	0.00015761695976834744	0.004945715889334679	0.676141619682312	0.005577928386628628	0.0071748122572898865
0.384	0.448	0.0009300280944444239	0.08792594820261002	0.0007134230108931661	0.0030980308074504137	0.0016208398155868053	0.00014592934167012572	0.004539709072560072	0.6870825886726379	0.005339260678738356	0.006953792180866003
0.448	0.512	0.0008662335458211601	0.08792594820261002	0.0007531259907409549	0.0030980308074504137	0.0016382266767323017	0.0001317568530794233	0.004338657949119806	0.6976382732391357	0.005339260678738356	0.006953792180866003
0.512	0.576	0.0008564860327169299	0.08792594820261002	0.0008387586567550898	0.0030980308074504137	0.0017488159937784076	0.00011395959154469892	0.004338657949119806	0.7127082347869873	0.005339260678738356	0.006707792170345783
