onset	offset	Alarm_bell_ringing	Blender	Cat	Dishes	Dog	Electric_shaver_toothbrush	Frying	Running_water	Speech	Vacuum_cleaner
0.0	0.064	0.00037713549681939185	0.0002847722207661718	0.01808021031320095	0.0012074796250090003	0.0027749568689614534	0.00043512522825039923	0.0009904083563014865	0.0019663770217448473	0.007854071445763111	0.0012928389478474855
0.064	0.128	0.0003992279525846243	0.00031493118149228394	0.01808021031320095	0.0012074796250090003	0.0034570402931421995	0.000492988561745733	0.0009904083563014865	0.0019663770217448473	0.007854071445763111	0.0013992930762469769
0.128	0.192	0.0003992279525846243	0.00031493118149228394	0.019882511347532272	0.0013241884298622608	0.0034570402931421995	0.000492988561745733	0.0009655042085796595	0.001840256038121879	0.007869440130889416	0.0013992930762469769
0.192	0.256	0.00037713549681939185	0.0002976770920213312	0.054281458258628845	0.0012074796250090003	0.008084164932370186	0.0004428704269230366	0.0009175756713375449	0.0015841457061469555	0.015376094728708267	0.0012933698017150164
0.256	0.32	0.00037713549681939185	0.00029192422516644	0.08619554340839386	0.001122662564739585	0.011197933927178383	0.0004428704269230366	0.000894665892701596	0.001583712175488472	0.026806030422449112	0.0012928389478474855
0.32	0.384	0.0003992279525846243	0.00029222664306871593	0.08776392787694931	0.0011173503007739782	0.011197933927178383	0.0004428704269230366	0.0007815827848389745	0.0015775349456816912	0.03783395513892174	0.0012928389478474855
0.384	0.448	0.0004067923582624644	0.00029222664306871593	0.08776392787694931	0.0011173503007739782	0.011197933927178383	0.0004428704269230366	0.0007815827848389745	0.0015287924325093627	0.03783395513892174	0.0011196737177670002
0.448	0.512	0.0004067923582624644	0.00029192422516644	0.08776392787694931	0.001088829361833632	0.011197933927178383	0.0004404200299177319	0.0007637128001078963	0.0013385299826040864	0.03783395513892174	0.0009262157836928964
0.512	0.576	0.00040194441680796444	0.0002865971182473004	0.08776392787694931	0.0010597227374091744	0.008026711642742157	0.000439695140812546	0.000730822270270437	0.0011531211202964187	0.03783395513892174	0.000801307032816112
