onset	offset	Alarm_bell_ringing	Blender	Cat	Dishes	Dog	Electric_shaver_toothbrush	Frying	Running_water	Speech	Vacuum_cleaner
0.0	0.064	0.0007000347250141203	0.01275432389229536	0.001819119555875659	0.0006150912959128618	0.0020291178952902555	0.005004650913178921	0.000619534810539335	0.0034719540271908045	0.006882335990667343	0.9844164252281189
0.064	0.128	0.0007000347250141203	0.01275432389229536	0.001819119555875659	0.0006150912959128618	0.0020291178952902555	0.005004650913178921	0.000619534810539335	0.0034719540271908045	0.006882335990667343	0.9844164252281189
0.128	0.192	0.000433344510383904	0.008295532315969467	0.001087821088731289	0.00048132389201782644	0.0017222679452970624	0.003456577192991972	0.0004726079641841352	0.0026313760317862034	0.00651415204629302	0.987522542476654
0.192	0.256	0.00035787667729891837	0.006413528695702553	0.0010056697065010667	0.00041971090831793845	0.0015854185912758112	0.0030618414748460054	0.000397643685573712	0.0021446344908326864	0.005948105361312628	0.9886313080787659
0.256	0.32	0.00028615942574106157	0.005543727893382311	0.0010056697065010667	0.0003825595194939524	0.001424051122739911	0.0028588874265551567	0.0003683469258248806	0.0018076030537486076	0.005062188021838665	0.9888573288917542
0.32	0.384	0.00022526744578499347	0.004823748487979174	0.0010056697065010667	0.0003825595194939524	0.0012690966250374913	0.0028522848151624203	0.0003683469258248806	0.0018076030537486076	0.005042547360062599	0.9889677166938782
0.384	0.448	0.00019958482880610973	0.004442413803189993	0.0010056697065010667	0.0003825595194939524	0.0012443650048226118	0.0028522848151624203	0.0003683469258248806	0.0018076030537486076	0.005042547360062599	0.9892026782035828
0.448	0.512	0.00019454806169960648	0.004442413803189993	0.001124188071116805	0.0003825595194939524	0.0012423606822267175	0.0028522848151624203	0.0003615943423938006	0.0018076030537486076	0.005042547360062599	0.9892348647117615
0.512	0.576	0.00019386183703318238	0.004442413803189993	0.001226574182510376	0.00040619890205562115	0.0012359792599454522	0.0028588874265551567	0.00035355129512026906	0.0018193627474829555	0.00498858280479908	0.9892348647117615
