onset	offset	Alarm_bell_ringing	Blender	Cat	Dishes	Dog	Electric_shaver_toothbrush	Frying	Running_water	Speech	Vacuum_cleaner
0.0	0.064	0.00043847065535373986	0.0005993518861941993	0.0004127241554670036	0.025386186316609383	0.0007712200749665499	0.00019005798094440252	0.004389630630612373	0.0005884809070266783	0.0022799724247306585	0.0007620741380378604
0.064	0.128	0.00047890603309497237	0.0007707851473242044	0.0005761304637417197	0.03202102333307266	0.0010071040596812963	0.00025800318690016866	0.004389630630612373	0.0008826639968901873	0.0032186193857342005	0.0007620741380378604
0.128	0.192	0.0006917487480677664	0.0007707851473242044	0.0006493580876849592	0.03202102333307266	0.0010071040596812963	0.0002626216155476868	0.004365887492895126	0.0008826639968901873	0.0032186193857342005	0.0007620741380378604
0.192	0.256	0.0006917487480677664	0.0010524401441216469	0.0005761304637417197	0.20516753196716309	0.0021956218406558037	0.00025800318690016866	0.003901202231645584	0.0010272215586155653	0.003512496128678322	0.0007282776641659439
0.256	0.32	0.0005243414198048413	0.0010524401441216469	0.0005543335573747754	0.26970022916793823	0.0021956218406558037	0.0002482291602063924	0.0036780775990337133	0.0010390165261924267	0.003782738232985139	0.0005488468450494111
0.32	0.384	0.0005243414198048413	0.0010524401441216469	0.0005543335573747754	0.26970022916793823	0.0021956218406558037	0.0002482291602063924	0.0029884909745305777	0.0010390165261924267	0.003782738232985139	0.0004855793958995491
0.384	0.448	0.0005243414198048413	0.0010524401441216469	0.0005543335573747754	0.26970022916793823	0.0021956218406558037	0.0002482291602063924	0.0025058872997760773	0.0010390165261924267	0.003782738232985139	0.0004388058150652796
0.448	0.512	0.0005243414198048413	0.000941185571718961	0.0003072104591410607	0.26970022916793823	0.0021670691203325987	0.00023510849860031158	0.0020422874949872494	0.0010390165261924267	0.003782738232985139	0.0003536015283316374
0.512	0.576	0.00047894578892737627	0.0006707205320708454	0.0002759610360953957	0.1220281571149826	0.0016133631579577923	0.00022602603712584823	0.0017202614108100533	0.0008422284736298025	0.0034605280961841345	0.0002709956606850028
