onset	offset	Alarm_bell_ringing	Blender	Cat	Dishes	Dog	Electric_shaver_toothbrush	Frying	Running_water	Speech	Vacuum_cleaner
0.0	0.064	0.0008070367621257901	0.002155182184651494	0.004243140108883381	0.006838554982095957	0.002017856342718005	0.0018440209096297622	0.03187105059623718	0.7028489112854004	0.008261086419224739	0.004188794642686844
0.064	0.128	0.0008070367621257901	0.002155182184651494	0.004389107692986727	0.006838554982095957	0.002128055552020669	0.0018440209096297622	0.03187105059623718	0.7028489112854004	0.008261086419224739	0.004188794642686844
0.128	0.192	0.0006834883242845535	0.0026123630814254284	0.00474996492266655	0.006961063016206026	0.002128055552020669	0.0016201331745833158	0.03187105059623718	0.7396762371063232	0.00798527430742979	0.0036713783629238605
0.192	0.256	0.0006722272373735905	0.0030106683261692524	0.00474996492266655	0.006961063016206026	0.002483965829014778	0.0015645050443708897	0.03187105059623718	0.781066358089447	0.00791165791451931	0.0033284337259829044
0.256	0.32	0.0006548554520122707	0.0030106683261692524	0.004630324896425009	0.006961063016206026	0.0025429255329072475	0.0014954836806282401	0.03187105059623718	0.8263793587684631	0.007895281538367271	0.0028570203576236963
0.32	0.384	0.0006523382617160678	0.0030106683261692524	0.004743416327983141	0.006961063016206026	0.0026143305003643036	0.0014266750076785684	0.031402837485075	0.8443898558616638	0.007699263282120228	0.0025353741366416216
0.384	0.448	0.0006148627144284546	0.0030106683261692524	0.00474996492266655	0.006794319488108158	0.0026167111936956644	0.0014266750076785684	0.02908380888402462	0.8508471846580505	0.007699263282120228	0.0025353741366416216
0.448	0.512	0.0005775495665147901	0.002617194317281246	0.004786415956914425	0.00626081507652998	0.0026167111936956644	0.0014266750076785684	0.027118654921650887	0.853443443775177	0.007699263282120228	0.0025353741366416216
0.512	0.576	0.0005741603090427816	0.0022281352430582047	0.00474996492266655	0.005651451181620359	0.0026143305003643036	0.0014266750076785684	0.02422988787293434	0.8764643669128418	0.007699263282120228	0.0025336502585560083
