onset	offset	Alarm_bell_ringing	Blender	Cat	Dishes	Dog	Electric_shaver_toothbrush	Frying	Running_water	Speech	Vacuum_cleaner
0.0	0.064	0.0011135610984638333	0.0006125493673607707	0.0004081588704138994	0.0009394862572662532	0.0005818520439788699	0.0001634464570088312	0.0006278274231590331	0.0005888581508770585	0.0034094233997166157	0.0013693671207875013
0.064	0.128	0.0011135610984638333	0.0006125493673607707	0.00040919476305134594	0.0009394862572662532	0.0005850270390510559	0.0001634464570088312	0.0006278274231590331	0.0005888581508770585	0.0034094233997166157	0.0013693671207875013
0.128	0.192	0.0009239725768566132	0.0005223769112490118	0.0004144035920035094	0.0006979403551667929	0.000591419986449182	0.00014632061356678605	0.0005211055395193398	0.0005477932281792164	0.0031845809426158667	0.001117635634727776
0.192	0.256	0.0008816401241347194	0.0004955966724082828	0.0004144035920035094	0.0006160628981888294	0.000591419986449182	0.00013771226804237813	0.0004710872599389404	0.0005252610426396132	0.003171897493302822	0.0009499317966401577
0.256	0.32	0.0008586706244386733	0.00048133006202988327	0.00040919476305134594	0.0005618165014311671	0.000591419986449182	0.00012867442274000496	0.00044333486584946513	0.0005066142184659839	0.003119157161563635	0.0008458439842797816
0.32	0.384	0.0008586706244386733	0.00048133006202988327	0.00040919476305134594	0.0005618165014311671	0.0006037574494257569	0.00012070131197106093	0.0004223570285830647	0.0004935930483043194	0.003061224240809679	0.0007749803480692208
0.384	0.448	0.0008522705757059157	0.00048133006202988327	0.00040919476305134594	0.0005323581863194704	0.0006354258512146771	0.00011028467997675762	0.00042077351827174425	0.00048449606401845813	0.003035329282283783	0.0007347521022893488
0.448	0.512	0.0008469945751130581	0.0004710378998424858	0.0004090976726729423	0.0005106194294057786	0.0006354258512146771	9.816303645493463e-05	0.00041169734322465956	0.0004580929526127875	0.003033753950148821	0.0007075053872540593
0.512	0.576	0.0008399171638302505	0.0004703397280536592	0.0003863183665089309	0.0005080182454548776	0.0006354258512146771	9.536106517771259e-05	0.0004059455241076648	0.0004183471901342273	0.0029843465890735388	0.0006697074277326465
