onset	offset	Alarm_bell_ringing	Blender	Cat	Dishes	Dog	Electric_shaver_toothbrush	Frying	Running_water	Speech	Vacuum_cleaner
0.0	0.064	0.0015487457858398557	0.021226687356829643	0.0035592890344560146	0.06313382834196091	0.0015726643614470959	0.00317754247225821	0.0155757712200284	0.6473574638366699	0.024187827482819557	0.008020919747650623
0.064	0.128	0.0015487457858398557	0.021226687356829643	0.0035592890344560146	0.06313382834196091	0.0015726643614470959	0.00317754247225821	0.0155757712200284	0.6473574638366699	0.024187827482819557	0.008020919747650623
0.128	0.192	0.0010365477064624429	0.018051927909255028	0.0022021615877747536	0.034565459936857224	0.0009385679150000215	0.002083068946376443	0.014456919394433498	0.5583456754684448	0.018858399242162704	0.006474706809967756
0.192	0.256	0.0006819700356572866	0.013266376219689846	0.0013133115135133266	0.017909467220306396	0.0005728271789848804	0.0015996370930224657	0.014456919394433498	0.49202239513397217	0.012875680811703205	0.005724821239709854
0.256	0.32	0.0005384098622016609	0.009903892874717712	0.0010033221915364265	0.013167097233235836	0.0004080575308762491	0.0013036049203947186	0.014456919394433498	0.44719552993774414	0.00816652737557888	0.005222079809755087
0.32	0.384	0.0004621929838322103	0.008715098723769188	0.0008935162331908941	0.012353839352726936	0.00035782551276497543	0.0010957542108371854	0.014456919394433498	0.44719552993774414	0.006116876378655434	0.004736029542982578
0.384	0.448	0.00044096633791923523	0.008715098723769188	0.0008808281854726374	0.012353839352726936	0.00035782551276497543	0.001002809964120388	0.014559216797351837	0.44719552993774414	0.0052964757196605206	0.004736029542982578
0.448	0.512	0.0004357975267339498	0.008715098723769188	0.0008808281854726374	0.012054636143147945	0.00035782551276497543	0.0009349416359327734	0.014559216797351837	0.44719552993774414	0.004887673072516918	0.004736029542982578
0.512	0.576	0.00043026619823649526	0.008715098723769188	0.0008808281854726374	0.011831569485366344	0.00035782551276497543	0.0008674343698658049	0.014559216797351837	0.4516703486442566	0.004887673072516918	0.004736029542982578
