onset	offset	Alarm_bell_ringing	Blender	Cat	Dishes	Dog	Electric_shaver_toothbrush	Frying	Running_water	Speech	Vacuum_cleaner
0.0	0.064	0.011976621113717556	0.000624642358161509	0.0003059165319427848	0.0009070983505807817	0.0008785508689470589	0.00030509429052472115	0.0001865252124844119	0.00088251888519153	0.002450033323839307	0.000896902522072196
0.064	0.128	0.011976621113717556	0.000624642358161509	0.0003059165319427848	0.0009070983505807817	0.0008785508689470589	0.00030509429052472115	0.0001865252124844119	0.00088251888519153	0.002450033323839307	0.000896902522072196
0.128	0.192	0.011976621113717556	0.0005341618089005351	0.0002861763641703874	0.0007121884264051914	0.0008245831122621894	0.00027549179503694177	0.00016061212227214128	0.0007797646685503423	0.0019607655704021454	0.0007712027872912586
0.192	0.256	0.011976621113717556	0.0005341618089005351	0.0002861763641703874	0.0007121884264051914	0.0008245831122621894	0.00027549179503694177	0.00013673992361873388	0.0007293375092558563	0.0019607655704021454	0.0006680017104372382
0.256	0.32	0.011976621113717556	0.0005341618089005351	0.0002861763641703874	0.0007121884264051914	0.0008245831122621894	0.00027549179503694177	0.00012343293929006904	0.0007293375092558563	0.0019607655704021454	0.0005869164597243071
0.32	0.384	0.01644139550626278	0.0005341618089005351	0.0002861763641703874	0.0007121884264051914	0.0008245831122621894	0.00027549179503694177	0.00012015068932669237	0.0007293375092558563	0.0019607655704021454	0.0005343770026229322
0.384	0.448	0.03996976092457771	0.0007507642148993909	0.00035055840271525085	0.0013148848665878177	0.0009800349362194538	0.00029439383069984615	0.00012015068932669237	0.0007293375092558563	0.002158509334549308	0.0004738073330372572
0.448	0.512	0.0999518558382988	0.0009589494438841939	0.0004680424463003874	0.002181912772357464	0.0012063782196491957	0.00031965490779839456	0.00012015068932669237	0.0007554124458692968	0.002158509334549308	0.0004181622061878443
0.512	0.576	0.22671879827976227	0.0010961102088913321	0.0007106754346750677	0.002637389814481139	0.0012732198229059577	0.00031965490779839456	0.00012015068932669237	0.0008216626010835171	0.002158509334549308	0.0003990430268459022
