onset	offset	Alarm_bell_ringing	Blender	Cat	Dishes	Dog	Electric_shaver_toothbrush	Frying	Running_water	Speech	Vacuum_cleaner
0.0	0.064	0.001590056694112718	0.0012306091375648975	0.0005893045454286039	0.020671062171459198	0.0005849843728356063	0.006601857021450996	0.9484874606132507	0.0024690607096999884	0.012259865179657936	0.003598912851884961
0.064	0.128	0.001590056694112718	0.0012306091375648975	0.0005893045454286039	0.020671062171459198	0.0005849843728356063	0.006601857021450996	0.948495626449585	0.0024690607096999884	0.012259865179657936	0.003598912851884961
0.128	0.192	0.0010746282059699297	0.00092586554819718	0.0005893045454286039	0.015672849491238594	0.0004756436392199248	0.005540797486901283	0.948495626449585	0.0019915730226784945	0.006985764484852552	0.0029988279566168785
0.192	0.256	0.0008438820950686932	0.000796416075900197	0.0005893045454286039	0.012879614718258381	0.00039596192073076963	0.004815020598471165	0.9489889740943909	0.0018006867030635476	0.005133370868861675	0.0026619834825396538
0.256	0.32	0.0007339286967180669	0.0007609457825310528	0.0005893045454286039	0.01183284167200327	0.00035531038884073496	0.0042229206301271915	0.9490058422088623	0.0018006867030635476	0.004308024886995554	0.0023776779416948557
0.32	0.384	0.000675430113915354	0.0007456259336322546	0.0006220674840733409	0.011142007075250149	0.0003243925457354635	0.0039116027764976025	0.951034665107727	0.0018006867030635476	0.0037998564075678587	0.002195910084992647
0.384	0.448	0.0006399631383828819	0.0007361103780567646	0.0006687039858661592	0.010545343160629272	0.00029771513072773814	0.003794862888753414	0.9546681642532349	0.0018006867030635476	0.0034577911719679832	0.002102672355249524
0.448	0.512	0.0006168436957523227	0.0007152882753871381	0.0007098259520716965	0.010410499759018421	0.00027527438942342997	0.0036933301016688347	0.9566981792449951	0.0017870517913252115	0.003225453896448016	0.0020448968280106783
0.512	0.576	0.0006155167357064784	0.0006960512255318463	0.0007444618968293071	0.010410499759018421	0.0002571270160842687	0.0035885421093553305	0.958061695098877	0.0017870517913252115	0.0031290550250560045	0.0020095854997634888
