onset	offset	Alarm_bell_ringing	Blender	Cat	Dishes	Dog	Electric_shaver_toothbrush	Frying	Running_water	Speech	Vacuum_cleaner
0.0	0.064	0.0020231378730386496	0.0009781328262761235	0.004443879704922438	0.004359167069196701	0.9877821803092957	0.0006510389503091574	0.0013259218540042639	0.0030819543171674013	0.01575685665011406	0.0048929546028375626
0.064	0.128	0.0020231378730386496	0.0009781328262761235	0.004443879704922438	0.004359167069196701	0.9877821803092957	0.0006510389503091574	0.0013259218540042639	0.0030819543171674013	0.01575685665011406	0.0048929546028375626
0.128	0.192	0.0016389888478443027	0.0011575690004974604	0.0033545594196766615	0.0027727095875889063	0.9917480945587158	0.0004758758586831391	0.0007918208721093833	0.0031223942060023546	0.015003771521151066	0.0029863491654396057
0.192	0.256	0.0015671297442167997	0.0011575690004974604	0.002788548357784748	0.0024763119872659445	0.9917480945587158	0.00039376699714921415	0.0006872686208225787	0.0030819543171674013	0.015003771521151066	0.0024845092557370663
0.256	0.32	0.0015457747504115105	0.0011575690004974604	0.0026415784377604723	0.0024053072556853294	0.9917480945587158	0.00034775002859532833	0.0006450738874264061	0.003021196462213993	0.01447004359215498	0.002295609563589096
0.32	0.384	0.001494112890213728	0.0011575690004974604	0.0026415784377604723	0.002357886638492346	0.9918490648269653	0.00030323085957206786	0.0006127026281319559	0.003021196462213993	0.01391647383570671	0.0021035822574049234
0.384	0.448	0.0013464641524478793	0.001086522825062275	0.0026415784377604723	0.0022162527311593294	0.9918740391731262	0.000299744337098673	0.0006127026281319559	0.0029465348925441504	0.013306829147040844	0.0021035822574049234
0.448	0.512	0.001326190773397684	0.0010189026361331344	0.0026415784377604723	0.0022156136110424995	0.9918490648269653	0.000299744337098673	0.0005956409149803221	0.0024841087870299816	0.013306829147040844	0.0021035822574049234
0.512	0.576	0.0012861688155680895	0.0009016597759909928	0.0025035918224602938	0.0021982130128890276	0.9917029738426208	0.00029346905648708344	0.0005948838079348207	0.0023318424355238676	0.01212568674236536	0.002088331850245595
