onset	offset	Alarm_bell_ringing	Blender	Cat	Dishes	Dog	Electric_shaver_toothbrush	Frying	Running_water	Speech	Vacuum_cleaner
0.0	0.064	0.0013922799844294786	0.005180081352591515	0.0017823983216658235	0.03182206302881241	0.0039390986785292625	0.006732982117682695	0.7164595723152161	0.03426399454474449	0.874772846698761	0.012780064716935158
0.064	0.128	0.0015346265863627195	0.005180081352591515	0.0017823983216658235	0.03182206302881241	0.0039390986785292625	0.006732982117682695	0.7164595723152161	0.034507617354393005	0.874772846698761	0.012780064716935158
0.128	0.192	0.0018710544100031257	0.004495218396186829	0.0017360696801915765	0.032304614782333374	0.0039390986785292625	0.006502553820610046	0.7137169241905212	0.036056727170944214	0.9084111452102661	0.01244495902210474
0.192	0.256	0.0018231936264783144	0.00433217640966177	0.001726079499348998	0.03182206302881241	0.0038764311466366053	0.006182870361953974	0.7081606388092041	0.03453175723552704	0.9382237792015076	0.012212400324642658
0.256	0.32	0.0016983713721856475	0.003867525840178132	0.0016827094368636608	0.03086322918534279	0.0036949217319488525	0.005572445224970579	0.7081606388092041	0.03453175723552704	0.9474599957466125	0.012016313150525093
0.32	0.384	0.0016983713721856475	0.0034066459629684687	0.0016649726312607527	0.03005174919962883	0.003653082065284252	0.005238454323261976	0.7081606388092041	0.03481339290738106	0.9474599957466125	0.011625721119344234
0.384	0.448	0.0016983713721856475	0.0034066459629684687	0.0016649726312607527	0.03005174919962883	0.0036949217319488525	0.005119306966662407	0.7081606388092041	0.036056727170944214	0.9474599957466125	0.011359239928424358
0.448	0.512	0.0016983713721856475	0.0034020303282886744	0.0016649726312607527	0.029891325160861015	0.0037282949779182673	0.0051161604933440685	0.7239543199539185	0.03750333562493324	0.9474599957466125	0.01100698672235012
0.512	0.576	0.0016980720683932304	0.0033449612092226744	0.0016649726312607527	0.029829828068614006	0.0037282949779182673	0.004962136968970299	0.7381463050842285	0.038767095655202866	0.9460134506225586	0.01085924543440342
