onset	offset	Alarm_bell_ringing	Blender	Cat	Dishes	Dog	Electric_shaver_toothbrush	Frying	Running_water	Speech	Vacuum_cleaner
0.0	0.064	0.91354900598526	0.0014460028614848852	0.004673548508435488	0.007860242389142513	0.0011954130604863167	0.000855357211548835	0.0017538678366690874	0.004810631275177002	0.0051583037711679935	0.008722620084881783
0.064	0.128	0.91354900598526	0.0014460028614848852	0.004673548508435488	0.007860242389142513	0.0011954130604863167	0.000855357211548835	0.0017538678366690874	0.004748860374093056	0.0051583037711679935	0.008722620084881783
0.128	0.192	0.9335769414901733	0.0012512065004557371	0.004673548508435488	0.00710098585113883	0.0010812176624312997	0.0009897419949993491	0.0017538678366690874	0.00451241759583354	0.004556955303996801	0.00768806179985404
0.192	0.256	0.9412353038787842	0.0011651657987385988	0.004552207887172699	0.006640370469540358	0.0009878394193947315	0.0009897419949993491	0.0017270499374717474	0.00451241759583354	0.004254065454006195	0.006774215959012508
0.256	0.32	0.9438748955726624	0.0010848484234884381	0.004520635586231947	0.0062390826642513275	0.0008641906315460801	0.0009897419949993491	0.0016415929421782494	0.0044897631742060184	0.004042711108922958	0.0061151571571826935
0.32	0.384	0.9468910098075867	0.0010278146946802735	0.004392578266561031	0.006116039119660854	0.0007760433945804834	0.0009897419949993491	0.0015226512914523482	0.00431862473487854	0.004024431109428406	0.005680945701897144
0.384	0.448	0.9498440027236938	0.0009792355122044683	0.004213758744299412	0.005992158781737089	0.0007302670273929834	0.0009880592115223408	0.0014434258919209242	0.004117900040000677	0.004008722025901079	0.005305275786668062
0.448	0.512	0.9498440027236938	0.0009340379037894309	0.00399099662899971	0.005716164130717516	0.0007102309609763324	0.0009828204056248069	0.0013917370233684778	0.0039047901518642902	0.003952466417104006	0.0049399323761463165
0.512	0.576	0.9498440027236938	0.0008979042759165168	0.0038048247806727886	0.005283673759549856	0.0006979309837333858	0.0009813944343477488	0.0013462764909490943	0.003683471819385886	0.003906832542270422	0.004582286346703768
