onset	offset	Alarm_bell_ringing	Blender	Cat	Dishes	Dog	Electric_shaver_toothbrush	Frying	Running_water	Speech	Vacuum_cleaner
0.0	0.064	0.9802229404449463	0.0020700935274362564	0.0024061494041234255	0.11912286281585693	0.00306083750911057	0.00026010407600551844	0.0015416039386764169	0.003904313314706087	0.018232276663184166	0.001050512888468802
0.064	0.128	0.9802229404449463	0.0020700935274362564	0.0024061494041234255	0.11912286281585693	0.00306083750911057	0.00026010407600551844	0.0015416039386764169	0.003904313314706087	0.018232276663184166	0.001050512888468802
0.128	0.192	0.9844841361045837	0.0018238131888210773	0.0018278916832059622	0.05296938493847847	0.0017979992553591728	0.0002159901923732832	0.0012356803053990006	0.0022839633747935295	0.010687020607292652	0.0007180185057222843
0.192	0.256	0.9865915179252625	0.001045656274072826	0.0013244167203083634	0.021304206922650337	0.0011774825397878885	0.0002159901923732832	0.0009613415459170938	0.001841753488406539	0.005820199381560087	0.0005076416418887675
0.256	0.32	0.9932750463485718	0.0007640024996362627	0.001319821341894567	0.008994902484118938	0.0011715228902176023	0.0002159901923732832	0.0005142625304870307	0.0017528173048049212	0.005498108919709921	0.00035592689528129995
0.32	0.384	0.9963752627372742	0.000646516855340451	0.0012910738587379456	0.005025940481573343	0.0011600384023040533	0.00021311988530214876	0.0003957253065891564	0.0016606892459094524	0.0054845912382006645	0.00025354186072945595
0.384	0.448	0.996545135974884	0.0006387386820279062	0.0012374381767585874	0.0035473662428557873	0.0011419871589168906	0.00021311988530214876	0.00027594418497756124	0.001621344592422247	0.005458570551127195	0.00021403706341516227
0.448	0.512	0.996545135974884	0.0006387386820279062	0.0011325835948809981	0.0028540699277073145	0.001103932736441493	0.00021311988530214876	0.00023206490732263774	0.001621344592422247	0.005165616050362587	0.00019806386262644082
0.512	0.576	0.996545135974884	0.0006070529925636947	0.0010969735449180007	0.0028291281778365374	0.0010819982271641493	0.00021311988530214876	0.00021738186478614807	0.001621344592422247	0.005165616050362587	0.00019202069961465895
