onset	offset	Alarm_bell_ringing	Blender	Cat	Dishes	Dog	Electric_shaver_toothbrush	Frying	Running_water	Speech	Vacuum_cleaner
0.0	0.064	0.0003893151879310608	0.0015050304355099797	0.0003203361411578953	0.0008801217772997916	0.0007481173961423337	0.00015374655777122825	0.0011449269950389862	0.00037509281537495553	0.012804687954485416	0.005665949545800686
0.064	0.128	0.0006282332469709218	0.0022851035464555025	0.00033659336622804403	0.0012457181001082063	0.0011477191001176834	0.00016389497613999993	0.0011449269950389862	0.00038112892070785165	0.012804687954485416	0.005665949545800686
0.128	0.192	0.0007102715317159891	0.002601728541776538	0.00033659336622804403	0.0012457181001082063	0.0011675056302919984	0.00027798270457424223	0.0010663865832611918	0.00038112892070785165	0.03422543779015541	0.004997748415917158
0.192	0.256	0.0007102715317159891	0.002601728541776538	0.0007702792645432055	0.0014339732006192207	0.0011675056302919984	0.00027798270457424223	0.0010663865832611918	0.0004238742112647742	0.4173513352870941	0.00459093414247036
0.256	0.32	0.0011011117603629827	0.004066561348736286	0.0012586620869114995	0.0027573336847126484	0.0028618660289794207	0.0003190365678165108	0.0010663865832611918	0.00048233545385301113	0.9346518516540527	0.004365904256701469
0.32	0.384	0.0018017945112660527	0.004441270604729652	0.0012877536937594414	0.003378418041393161	0.004731846507638693	0.0003355751105118543	0.0010663865832611918	0.0004893412115052342	0.9816488027572632	0.003931507933884859
0.384	0.448	0.0019016729202121496	0.004441270604729652	0.0013131003361195326	0.00388725264929235	0.004732333589345217	0.00042853737249970436	0.0012500409502536058	0.0004893412115052342	0.9872948527336121	0.0036950851790606976
0.448	0.512	0.0019463818753138185	0.004665193613618612	0.0013542008819058537	0.00405303668230772	0.0049428376369178295	0.00046476564602926373	0.0014252084074541926	0.0004893412115052342	0.9890585541725159	0.0035068828146904707
0.512	0.576	0.0019812944810837507	0.004665193613618612	0.001424468937329948	0.004101249389350414	0.00494523998349905	0.0004750863299705088	0.001566360704600811	0.0004893412115052342	0.9899358153343201	0.0033824131824076176
