onset	offset	Alarm_bell_ringing	Blender	Cat	Dishes	Dog	Electric_shaver_toothbrush	Frying	Running_water	Speech	Vacuum_cleaner
0.0	0.064	0.00536196306347847	0.004414149560034275	0.006157825700938702	0.0410720594227314	0.0063504683785140514	0.0013555558398365974	0.46045106649398804	0.009646722115576267	0.012766457162797451	0.3507044017314911
0.064	0.128	0.00536196306347847	0.004414149560034275	0.006157825700938702	0.03933487832546234	0.0063504683785140514	0.0013555558398365974	0.46045106649398804	0.009646722115576267	0.012766457162797451	0.3507044017314911
0.128	0.192	0.0034886321518570185	0.004185098689049482	0.005333821754902601	0.03249572217464447	0.006211679894477129	0.0011736528249457479	0.5215639472007751	0.008701140992343426	0.011660553514957428	0.29804909229278564
0.192	0.256	0.002417869633063674	0.003648008918389678	0.005333821754902601	0.03933487832546234	0.006211679894477129	0.0009629875421524048	0.5575690269470215	0.0075039127841591835	0.008980092592537403	0.2657383382320404
0.256	0.32	0.0023827983532100916	0.003285905346274376	0.005333821754902601	0.0410720594227314	0.006211679894477129	0.0008236085413955152	0.5690643191337585	0.0075039127841591835	0.008980092592537403	0.24639753997325897
0.32	0.384	0.0021655610762536526	0.003112174104899168	0.005333821754902601	0.042737528681755066	0.006211679894477129	0.000760744558647275	0.598439633846283	0.0075039127841591835	0.008980092592537403	0.23281729221343994
0.384	0.448	0.0020241346210241318	0.003078456036746502	0.005503075663000345	0.042737528681755066	0.010129043832421303	0.0006958614685572684	0.6616493463516235	0.006811888422816992	0.008980092592537403	0.2192392200231552
0.448	0.512	0.0019270263146609068	0.002873961115255952	0.005503075663000345	0.042737528681755066	0.010129043832421303	0.0005665281787514687	0.6616493463516235	0.006732417736202478	0.008928016759455204	0.18905209004878998
0.512	0.576	0.0017498377710580826	0.002665919717401266	0.005503075663000345	0.042737528681755066	0.010129043832421303	0.00046188646228984	0.6616493463516235	0.006732417736202478	0.008358603343367577	0.1601962298154831
