onset	offset	Alarm_bell_ringing	Blender	Cat	Dishes	Dog	Electric_shaver_toothbrush	Frying	Running_water	Speech	Vacuum_cleaner
0.0	0.064	0.0051798452623188496	0.0004799974849447608	0.0006092614494264126	0.0008152560330927372	0.0007371879182755947	0.00026676818379200995	0.000523399852681905	0.0012939200969412923	0.002066223183646798	0.002728069433942437
0.064	0.128	0.0051798452623188496	0.0004799974849447608	0.0006092614494264126	0.0008152560330927372	0.0007371879182755947	0.00026676818379200995	0.000523399852681905	0.0012939200969412923	0.002066223183646798	0.002728069433942437
0.128	0.192	0.004304962232708931	0.0003638997150119394	0.0005558588891290128	0.0006506713689304888	0.0007750053773634136	0.0002308018592884764	0.0004290990182198584	0.0011214882833883166	0.001801694161258638	0.002226528711616993
0.192	0.256	0.004218718037009239	0.0003172872820869088	0.0005558588891290128	0.0006095407879911363	0.0007750053773634136	0.00021993365953676403	0.0003870866203214973	0.0009637388284318149	0.0016235404182225466	0.0019453760469332337
0.256	0.32	0.004218718037009239	0.00029897032072767615	0.0005558588891290128	0.0005860067321918905	0.0007750053773634136	0.00021266315889079124	0.0003605008532758802	0.00086524075595662	0.00157096644397825	0.0018058933783322573
0.32	0.384	0.00407769251614809	0.0002831942983902991	0.0005498179234564304	0.0005521856946870685	0.0007938671624287963	0.00021266315889079124	0.00033171693212352693	0.0008086744346655905	0.0015518891159445047	0.0016663093119859695
0.384	0.448	0.004076420329511166	0.00027697900077328086	0.0005498179234564304	0.0005441635148599744	0.0008166171028278768	0.00021266315889079124	0.00030688109109178185	0.0007692137733101845	0.0015443643787875772	0.0015681380173191428
0.448	0.512	0.004076420329511166	0.00027697900077328086	0.0005558588891290128	0.0005441635148599744	0.0008295077714137733	0.00021266315889079124	0.00028406528872437775	0.0007333533721975982	0.001526768784970045	0.0014440708328038454
0.512	0.576	0.004076420329511166	0.00027697900077328086	0.0005498179234564304	0.0005441635148599744	0.000829601485747844	0.00021465407917276025	0.0002773735614027828	0.0006916383863426745	0.001526768784970045	0.0012877696426585317
