onset	offset	Alarm_bell_ringing	Blender	Cat	Dishes	Dog	Electric_shaver_toothbrush	Frying	Running_water	Speech	Vacuum_cleaner
0.0	0.064	0.029590414837002754	0.0008956481469795108	0.0038594750221818686	0.00590473972260952	0.0073184366337955	0.002504994859918952	0.012420029379427433	0.0036007382441312075	0.9881658554077148	0.0014050457393750548
0.064	0.128	0.029590414837002754	0.0008956481469795108	0.0038594750221818686	0.00590473972260952	0.0073184366337955	0.002504994859918952	0.012540756724774837	0.0036007382441312075	0.9881658554077148	0.0014050457393750548
0.128	0.192	0.02831403538584709	0.0008216374553740025	0.003397891065105796	0.005793310236185789	0.00719171017408371	0.002398557960987091	0.012540756724774837	0.003328246995806694	0.9891947507858276	0.0012377109378576279
0.192	0.256	0.028268523514270782	0.0007301424629986286	0.0031570002902299166	0.005743829999119043	0.007166713010519743	0.002142847515642643	0.012540756724774837	0.0032880986109375954	0.9895954728126526	0.0011273087002336979
0.256	0.32	0.02681996487081051	0.000689312641043216	0.002923392690718174	0.005743829999119043	0.0068688602186739445	0.001959553686901927	0.012420029379427433	0.0032880986109375954	0.98970627784729	0.0010158161167055368
0.32	0.384	0.025160005316138268	0.0006825162563472986	0.0024234841112047434	0.005743829999119043	0.006297118961811066	0.001959553686901927	0.012420029379427433	0.0032479187939316034	0.9897987842559814	0.000883439788594842
0.384	0.448	0.02352149598300457	0.0006812912179157138	0.0024108090437948704	0.005743829999119043	0.005997924134135246	0.001959553686901927	0.012233361601829529	0.0032368632964789867	0.9910004734992981	0.0008579468703828752
0.448	0.512	0.022418616339564323	0.000655044917948544	0.002407057210803032	0.005712985992431641	0.005954392720013857	0.001959553686901927	0.012056265957653522	0.0031795441173017025	0.9914453029632568	0.0008552598883397877
0.512	0.576	0.022348061203956604	0.0006520638708025217	0.002377363620325923	0.005709733814001083	0.0058649019338190556	0.002042124280706048	0.011887975968420506	0.0031795441173017025	0.9914453029632568	0.0008430807502008975
