onset	offset	Alarm_bell_ringing	Blender	Cat	Dishes	Dog	Electric_shaver_toothbrush	Frying	Running_water	Speech	Vacuum_cleaner
0.0	0.064	0.003112982027232647	0.0036918637342751026	0.0020932029001414776	0.0038904366083443165	0.003911282867193222	0.0034199173096567392	0.0015497885178774595	0.9120291471481323	0.01069057546555996	0.020849458873271942
0.064	0.128	0.003112982027232647	0.003792199771851301	0.0020932029001414776	0.0038904366083443165	0.004397521261125803	0.0034199173096567392	0.0015497885178774595	0.9120291471481323	0.01069057546555996	0.020849458873271942
0.128	0.192	0.0028627708088606596	0.003801226383075118	0.0019248970784246922	0.0031709307804703712	0.004966703709214926	0.0028479278553277254	0.0012790394248440862	0.9331569671630859	0.009556984528899193	0.02110339142382145
0.192	0.256	0.0026278092991560698	0.003792199771851301	0.0019248970784246922	0.0026983285788446665	0.004966703709214926	0.002597251906991005	0.0011372067965567112	0.9366674423217773	0.009052214212715626	0.02110339142382145
0.256	0.32	0.0026278092991560698	0.003694260260090232	0.0019237130181863904	0.0026103153359144926	0.004966703709214926	0.0025299678090959787	0.0010815159184858203	0.9379645586013794	0.008688884787261486	0.02110339142382145
0.32	0.384	0.002582003129646182	0.003694260260090232	0.0018500322476029396	0.002605595625936985	0.005089362617582083	0.002500005066394806	0.0010527033591642976	0.9387499094009399	0.008426039479672909	0.02110339142382145
0.384	0.448	0.002491916995495558	0.003694260260090232	0.001847697771154344	0.002555778482928872	0.005089362617582083	0.002475612098351121	0.0010527033591642976	0.9387499094009399	0.008188951760530472	0.020279327407479286
0.448	0.512	0.0024776810314506292	0.0035180668346583843	0.001847697771154344	0.002551901387050748	0.005089362617582083	0.0024593088310211897	0.0010527033591642976	0.9387499094009399	0.007924179546535015	0.019722530618309975
0.512	0.576	0.0023670087102800608	0.003432519268244505	0.001725103473290801	0.0024912592489272356	0.005089362617582083	0.0021708915010094643	0.0010527033591642976	0.9387499094009399	0.007726539857685566	0.019150463864207268
