onset	offset	Alarm_bell_ringing	Blender	Cat	Dishes	Dog	Electric_shaver_toothbrush	Frying	Running_water	Speech	Vacuum_cleaner
0.0	0.064	0.0019004218047484756	0.0055135576985776424	0.014966235496103764	0.03340986371040344	0.1149359941482544	0.0011144377058371902	0.015500344336032867	0.017196958884596825	0.009019703604280949	0.015098976902663708
0.064	0.128	0.0019004218047484756	0.0055135576985776424	0.014966235496103764	0.020552607253193855	0.1149359941482544	0.0011144377058371902	0.015500344336032867	0.014675778336822987	0.009019703604280949	0.015098976902663708
0.128	0.192	0.0018108143704012036	0.006006498821079731	0.018107730895280838	0.020552607253193855	0.1149359941482544	0.0010496610775589943	0.015500344336032867	0.013913863338530064	0.007142967544496059	0.015599140897393227
0.192	0.256	0.0018108143704012036	0.006050552241504192	0.01939360983669758	0.020552607253193855	0.11974839866161346	0.0009991307742893696	0.015664465725421906	0.013913863338530064	0.006555421277880669	0.015784872695803642
0.256	0.32	0.0018108143704012036	0.006050552241504192	0.023209363222122192	0.02435307763516903	0.1199258491396904	0.0009357513044960797	0.016125554218888283	0.013277903199195862	0.006298578344285488	0.017092959955334663
0.32	0.384	0.0018108143704012036	0.006050552241504192	0.026003442704677582	0.022648023441433907	0.24332410097122192	0.0009334778296761215	0.019544685259461403	0.012192387133836746	0.0060616061091423035	0.017092959955334663
0.384	0.448	0.001860892865806818	0.006006498821079731	0.026003442704677582	0.018219146877527237	0.24332410097122192	0.0008866197313182056	0.02049177885055542	0.01186569407582283	0.0053827036172151566	0.017092959955334663
0.448	0.512	0.001860892865806818	0.005249724257737398	0.026003442704677582	0.018219146877527237	0.24332410097122192	0.0008613322279416025	0.02049177885055542	0.01186569407582283	0.005331501830369234	0.017092959955334663
0.512	0.576	0.001860892865806818	0.0044725798070430756	0.026003442704677582	0.018219146877527237	0.24332410097122192	0.0007897293544374406	0.02049177885055542	0.011674860492348671	0.0047861142084002495	0.016866249963641167
