onset	offset	Alarm_bell_ringing	Blender	Cat	Dishes	Dog	Electric_shaver_toothbrush	Frying	Running_water	Speech	Vacuum_cleaner
0.0	0.064	0.00529234204441309	0.014507328160107136	0.0012833946384489536	0.005154094193130732	0.0064513785764575005	0.004164365120232105	0.00416003679856658	0.0014507703017443419	0.993351399898529	0.005768646951764822
0.064	0.128	0.005633835680782795	0.014507328160107136	0.0012833946384489536	0.005154094193130732	0.0064513785764575005	0.0041499207727611065	0.0041969274170696735	0.0014507703017443419	0.993351399898529	0.005768646951764822
0.128	0.192	0.005633835680782795	0.01165261585265398	0.0011975755915045738	0.00512811541557312	0.005522462539374828	0.0040703462436795235	0.0041969274170696735	0.0012814177898690104	0.9935966730117798	0.004964206367731094
0.192	0.256	0.0056056249886751175	0.009758389554917812	0.0011424137046560645	0.005086594261229038	0.004708920139819384	0.0040703462436795235	0.004230167251080275	0.00115984829608351	0.9938417673110962	0.004517167340964079
0.256	0.32	0.005335759371519089	0.008492616005241871	0.0010988864814862609	0.004996539559215307	0.004198013339191675	0.0040703462436795235	0.004321795888245106	0.0010620917892083526	0.9939372539520264	0.004128036089241505
0.32	0.384	0.005335759371519089	0.007521647494286299	0.001067459350451827	0.004950258880853653	0.003854975337162614	0.0038426993414759636	0.004442831035703421	0.000979830976575613	0.9939372539520264	0.003819110104814172
0.384	0.448	0.005335759371519089	0.006441755220293999	0.001036784378811717	0.004409742541611195	0.003403681330382824	0.0034372429363429546	0.0044736540876328945	0.0009409922640770674	0.9939372539520264	0.0036017249803990126
0.448	0.512	0.0053136893548071384	0.005905210506170988	0.0010255704401060939	0.004294275771826506	0.003163954010233283	0.003322799224406481	0.00453892070800066	0.0009278590441681445	0.9939372539520264	0.003469290444627404
0.512	0.576	0.005282831843942404	0.005700920708477497	0.0010113909374922514	0.004294275771826506	0.0030329576693475246	0.0032965699210762978	0.004613527562469244	0.000913933792617172	0.9939326643943787	0.003409134689718485
