onset	offset	Alarm_bell_ringing	Blender	Cat	Dishes	Dog	Electric_shaver_toothbrush	Frying	Running_water	Speech	Vacuum_cleaner
0.0	0.064	0.0004967199056409299	0.00016185431741178036	0.0005995301180519164	0.0004453062720131129	0.0005865700077265501	9.618988406145945e-05	0.0005792908486910164	0.0032273540273308754	0.001876538386568427	0.001312791369855404
0.064	0.128	0.0004967199056409299	0.00016185431741178036	0.0005995301180519164	0.0004453062720131129	0.0005865700077265501	9.618988406145945e-05	0.0005792908486910164	0.0032273540273308754	0.001876538386568427	0.001312791369855404
0.128	0.192	0.0004249131598044187	0.00015654736489523202	0.000590405659750104	0.0003730261523742229	0.0005849060253240168	9.314086491940543e-05	0.0005441248067654669	0.0029660873115062714	0.0016549123683944345	0.0012324636336416006
0.192	0.256	0.0003936834691558033	0.00015270017320290208	0.0005717297317460179	0.000347654742654413	0.0005747637478634715	8.981249993667006e-05	0.000533559825271368	0.0028231656178832054	0.0015840003034099936	0.0011300035985186696
0.256	0.32	0.0003797390090767294	0.00015017783152870834	0.0005599841824732721	0.0003369553596712649	0.0005690446123480797	8.704792708158493e-05	0.0005207698559388518	0.002750728279352188	0.0015523317269980907	0.0010506630642339587
0.32	0.384	0.00037268639425747097	0.00014837822527624667	0.0005538247060030699	0.00033162179170176387	0.0005660881870426238	8.469368185615167e-05	0.0005072408821433783	0.002709059277549386	0.0015338989906013012	0.000987473875284195
0.384	0.448	0.0003683918621391058	0.0001469444832764566	0.0005486395093612373	0.00032764175557531416	0.0005632999236695468	8.251187682617456e-05	0.0004937066114507616	0.0026754820719361305	0.001523287151940167	0.0009304486447945237
0.448	0.512	0.00036538077984005213	0.00014573466614820063	0.0005442210240289569	0.00032422650838270783	0.000560681102797389	8.049709867918864e-05	0.0004802562762051821	0.0026446871925145388	0.0015169206308200955	0.0008776267059147358
0.512	0.576	0.0003629768907558173	0.00014467864821199328	0.0005402370588853955	0.00032096129143610597	0.0005581915029324591	7.862023630877957e-05	0.0004668972687795758	0.002614385448396206	0.0015127388760447502	0.0008283663773909211
