onset	offset	Alarm_bell_ringing	Blender	Cat	Dishes	Dog	Electric_shaver_toothbrush	Frying	Running_water	Speech	Vacuum_cleaner
0.0	0.064	0.14411067962646484	0.00023631780641153455	0.0010268364567309618	0.002636080840602517	0.0018099508015438914	0.00037059656460769475	0.0001271342916879803	0.001451074960641563	0.002977620577439666	0.00032546810689382255
0.064	0.128	0.14411067962646484	0.00023631780641153455	0.0010268364567309618	0.002636080840602517	0.0016407211078330874	0.00037059656460769475	0.0001411638513673097	0.001451074960641563	0.003081016708165407	0.00032546810689382255
0.128	0.192	0.9467149376869202	0.00039590545929968357	0.0010268364567309618	0.002447604900225997	0.0016407211078330874	0.0004807278164662421	0.0001411638513673097	0.001451074960641563	0.0035440304782241583	0.00032546810689382255
0.192	0.256	0.9921227097511292	0.00040838794666342437	0.0010268364567309618	0.002447604900225997	0.0013124189572408795	0.0004807278164662421	0.00014717387966811657	0.0014124560402706265	0.0035440304782241583	0.00024878166732378304
0.256	0.32	0.9960829019546509	0.0004126393760088831	0.0010185606079176068	0.002447604900225997	0.0011856129858642817	0.0004807278164662421	0.00014717387966811657	0.001052588690072298	0.0035440304782241583	0.00019111178698949516
0.32	0.384	0.9966957569122314	0.0004126393760088831	0.0010185606079176068	0.001768563874065876	0.001098903245292604	0.0004807278164662421	0.00014717387966811657	0.0008939620456658304	0.003616789821535349	0.00015607905515935272
0.384	0.448	0.9968373775482178	0.00040838794666342437	0.0009327479638159275	0.001602435251697898	0.0010465113446116447	0.0004163065750617534	0.00014717387966811657	0.0008298738393932581	0.003680139547213912	0.0001465161913074553
0.448	0.512	0.9969322681427002	0.0004126393760088831	0.0009161029011011124	0.00154970888979733	0.001040726900100708	0.00039280063356272876	0.00014717387966811657	0.0008164754253812134	0.003680139547213912	0.00014219126023817807
0.512	0.576	0.9970290064811707	0.00042022534762509167	0.0009158087777905166	0.0015126423677429557	0.001027337508276105	0.00039266792009584606	0.00014717387966811657	0.0008164754253812134	0.003680139547213912	0.00013609291636385024
