onset	offset	Alarm_bell_ringing	Blender	Cat	Dishes	Dog	Electric_shaver_toothbrush	Frying	Running_water	Speech	Vacuum_cleaner
0.0	0.064	0.0014165227767080069	0.002894529839977622	0.0026387961115688086	0.0017444577533751726	0.0017392740119248629	0.0009014664683490992	0.000678722863085568	0.9878445267677307	0.0098956860601902	0.001216517062857747
0.064	0.128	0.0014165227767080069	0.002894529839977622	0.0026387961115688086	0.0017444577533751726	0.0017392740119248629	0.0009014664683490992	0.000678722863085568	0.9878445267677307	0.0098956860601902	0.001216517062857747
0.128	0.192	0.0013264896115288138	0.0025625010021030903	0.0019686680752784014	0.0013706347672268748	0.0013946951366961002	0.0006696697673760355	0.0004549718287307769	0.990918755531311	0.008569917641580105	0.000995277427136898
0.192	0.256	0.0012728753499686718	0.0022566928528249264	0.0019233879866078496	0.0013706347672268748	0.0013946951366961002	0.0005349360289983451	0.0004519880749285221	0.9936570525169373	0.0075772772543132305	0.0007439343025907874
0.256	0.32	0.0011730828555300832	0.002017225604504347	0.0019051063572987914	0.0013706347672268748	0.001388466451317072	0.0004746538179460913	0.00045059877447783947	0.9944254159927368	0.007308109663426876	0.0006192883593030274
0.32	0.384	0.0011213019024580717	0.001917276531457901	0.0019025257788598537	0.0013706347672268748	0.0013716028770431876	0.0004486707039177418	0.00045059877447783947	0.9946216344833374	0.007257254794239998	0.0005678978050127625
0.384	0.448	0.0010772193782031536	0.001870836247690022	0.0019025257788598537	0.0013648179592564702	0.0013742729788646102	0.00043297227239236236	0.00045059877447783947	0.9946521520614624	0.00722925178706646	0.000535609491635114
0.448	0.512	0.0010310073848813772	0.0018174474826082587	0.0018798511009663343	0.0013648179592564702	0.0013742729788646102	0.0004228376492392272	0.00045473859063349664	0.9946767091751099	0.007139594294130802	0.0005099615664221346
0.512	0.576	0.0009915299015119672	0.0017466230783611536	0.0018591380212455988	0.0013648179592564702	0.0013742729788646102	0.0004178067611064762	0.00045473859063349664	0.9946767091751099	0.007110058795660734	0.0004936139448545873
