onset	offset	Alarm_bell_ringing	Blender	Cat	Dishes	Dog	Electric_shaver_toothbrush	Frying	Running_water	Speech	Vacuum_cleaner
0.0	0.064	0.0026674820110201836	0.026105672121047974	0.00226788641884923	0.0008305921801365912	0.0019303434528410435	0.0013613401679322124	0.0015686153201386333	0.0014232280664145947	0.010877755470573902	0.9861240386962891
0.064	0.128	0.0026674820110201836	0.026105672121047974	0.00226788641884923	0.0008305921801365912	0.0019303434528410435	0.0013613401679322124	0.0015686153201386333	0.0014232280664145947	0.010877755470573902	0.9861240386962891
0.128	0.192	0.0014424036489799619	0.01861228048801422	0.001446250593289733	0.0006830367492511868	0.0012875881511718035	0.0010266497265547514	0.0011856936616823077	0.0012969508534297347	0.009329816326498985	0.9859268665313721
0.192	0.256	0.00105899921618402	0.017649613320827484	0.0012456385884433985	0.0006206148536875844	0.0011781534412875772	0.0009088636725209653	0.0010932153090834618	0.001145304529927671	0.007666509598493576	0.9859268665313721
0.256	0.32	0.000868068600539118	0.016261624172329903	0.0011063051642850041	0.0004457601171452552	0.0010585034033283591	0.0008463825797662139	0.0010416231816634536	0.0008975630044005811	0.005877994466573	0.9859268665313721
0.32	0.384	0.0007825102657079697	0.013134460896253586	0.0009373904904350638	0.00035885925171896815	0.0010585034033283591	0.0008259128662757576	0.0010043790098279715	0.0007702157599851489	0.005660536698997021	0.9859108924865723
0.384	0.448	0.0007408963283523917	0.011760721914470196	0.0008735907031223178	0.0003287083236500621	0.0010437393793836236	0.0008083959692157805	0.0009792220080271363	0.0007242046995088458	0.005297769792377949	0.9859108924865723
0.448	0.512	0.0007168404990807176	0.01105756126344204	0.0007964726537466049	0.0003183067892678082	0.0010427554370835423	0.0007656037341803312	0.0009419444249942899	0.0007039613556116819	0.0049269432201981544	0.9859108924865723
0.512	0.576	0.0007139242370612919	0.010662752203643322	0.0007964726537466049	0.0003180322819389403	0.0010437393793836236	0.0007246475433930755	0.0009047954808920622	0.0007039613556116819	0.0049269432201981544	0.9859108924865723
