onset	offset	Alarm_bell_ringing	Blender	Cat	Dishes	Dog	Electric_shaver_toothbrush	Frying	Running_water	Speech	Vacuum_cleaner
0.0	0.064	0.0003549738321453333	9.063957986654714e-05	0.0010124852415174246	0.0007784761255607009	0.003077434841543436	0.0001638354588067159	0.00041795833385549486	0.0006978209130465984	0.002237793290987611	0.0003782212152145803
0.064	0.128	0.0003549738321453333	9.063957986654714e-05	0.0010124852415174246	0.0007784761255607009	0.003688597586005926	0.0001638354588067159	0.00041795833385549486	0.0006978209130465984	0.002237793290987611	0.0003782212152145803
0.128	0.192	0.000262608373304829	0.00010882891365326941	0.0010124852415174246	0.0007839496247470379	0.005267468746751547	0.00014677223225589842	0.0004275657993275672	0.0006978209130465984	0.0022373877000063658	0.00031721044797450304
0.192	0.256	0.0002595246769487858	0.00010882891365326941	0.0010124852415174246	0.0007839496247470379	0.005267468746751547	0.00013875938020646572	0.0004275657993275672	0.0006978209130465984	0.0022373877000063658	0.00029145312146283686
0.256	0.32	0.00024810421746224165	0.00010882891365326941	0.0010124852415174246	0.0007839496247470379	0.005267468746751547	0.00013729845522902906	0.0004275657993275672	0.0006978209130465984	0.0022373877000063658	0.00027444027364254
0.32	0.384	0.0002439418894937262	0.00011954304500250146	0.0010923455702140927	0.0008455620263703167	0.007438550237566233	0.00013498029147740453	0.00044714321848005056	0.0007083038799464703	0.0022373877000063658	0.00025934609584510326
0.384	0.448	0.00024295150069519877	0.00011954304500250146	0.001261592609807849	0.0008689466631039977	0.010128901340067387	0.00013419691822491586	0.0004746418271679431	0.0008243768243119121	0.002323814667761326	0.000252859405009076
0.448	0.512	0.00024295150069519877	0.00012940235319547355	0.0013686722377315164	0.0008751170244067907	0.011241365224123001	0.00013419691822491586	0.0004989069420844316	0.0008809776627458632	0.002499366644769907	0.000252859405009076
0.512	0.576	0.0002439418894937262	0.00013442001363728195	0.001494258176535368	0.0008969111368060112	0.011306298896670341	0.00013498029147740453	0.0005206328933127224	0.0008892221376299858	0.0027613239362835884	0.000252859405009076
