onset	offset	Alarm_bell_ringing	Blender	Cat	Dishes	Dog	Electric_shaver_toothbrush	Frying	Running_water	Speech	Vacuum_cleaner
0.0	0.064	0.002341737039387226	0.00019396553398109972	0.00021091058442834765	0.000514795130584389	0.00032943490077741444	0.000143319703056477	0.0002512028440833092	0.00041995663195848465	0.003011730732396245	0.000293624383630231
0.064	0.128	0.002341737039387226	0.00019396553398109972	0.00021091058442834765	0.000514795130584389	0.00032943490077741444	0.000143319703056477	0.0002512028440833092	0.00041995663195848465	0.003011730732396245	0.000293624383630231
0.128	0.192	0.002106033032760024	0.00016951592988334596	0.00021201104391366243	0.0004425161750987172	0.0003316521178930998	0.00013728563499171287	0.00022173560864757746	0.0003700119850691408	0.0025268723256886005	0.00025428703520447016
0.192	0.256	0.002106033032760024	0.00015499359869863838	0.00021201104391366243	0.0004281910660210997	0.0003316521178930998	0.00013728563499171287	0.0001957441127160564	0.0003344921860843897	0.002298966981470585	0.00022526660177391022
0.256	0.32	0.002106033032760024	0.00014664408809039742	0.00021201104391366243	0.0004281910660210997	0.0003316521178930998	0.00013728563499171287	0.00017346572712995112	0.0003160202468279749	0.002268148586153984	0.00020280337776057422
0.32	0.384	0.002106033032760024	0.00014664408809039742	0.00021780260431114584	0.0004281910660210997	0.0003341970150358975	0.00013728563499171287	0.00015534648264292628	0.0003160202468279749	0.002227873308584094	0.0001852019049692899
0.384	0.448	0.0022109246347099543	0.00014664408809039742	0.00022505038941744715	0.0004281910660210997	0.00034035113640129566	0.00013730788487009704	0.00015534648264292628	0.0003160202468279749	0.002227873308584094	0.0001852019049692899
0.448	0.512	0.0025220022071152925	0.00014664408809039742	0.0002459273673593998	0.0004639319085981697	0.00036468650796450675	0.0001408305688528344	0.00015534648264292628	0.0003160202468279749	0.002227873308584094	0.0001852019049692899
0.512	0.576	0.005995195358991623	0.0001704761671135202	0.0003445664478931576	0.0006358975078910589	0.0004846725205425173	0.0001561587123433128	0.00015534648264292628	0.00037333372165448964	0.002227873308584094	0.0001852019049692899
