onset	offset	Alarm_bell_ringing	Blender	Cat	Dishes	Dog	Electric_shaver_toothbrush	Frying	Running_water	Speech	Vacuum_cleaner
0.0	0.064	0.002305320231243968	0.008676977828145027	0.004829446319490671	0.000919083715416491	0.001837136223912239	0.0013543905224651098	0.00123727903701365	0.0037003622855991125	0.004525706637650728	0.9764249324798584
0.064	0.128	0.002305320231243968	0.008676977828145027	0.004829446319490671	0.000919083715416491	0.001837136223912239	0.0013543905224651098	0.00123727903701365	0.0037003622855991125	0.004525706637650728	0.9764249324798584
0.128	0.192	0.0013459891779348254	0.007083726115524769	0.003420273307710886	0.0006719012162648141	0.0014649893855676055	0.0010647912276908755	0.0011077288072556257	0.0030145838391035795	0.0037632768508046865	0.9775779247283936
0.192	0.256	0.0010346249910071492	0.005445303861051798	0.0027452148497104645	0.000538040476385504	0.0014135035453364253	0.0008911433396860957	0.0009959328453987837	0.002496840665116906	0.0035129536408931017	0.97864830493927
0.256	0.32	0.0009058309369720519	0.004740900360047817	0.002627489622682333	0.0005109458579681814	0.0014135035453364253	0.0007603042759001255	0.0008833669126033783	0.002145384671166539	0.003357795299962163	0.9787263870239258
0.32	0.384	0.0008763207006268203	0.004235907457768917	0.002627489622682333	0.0005096797249279916	0.0014135035453364253	0.0007143434486351907	0.0008328988333232701	0.0019390953239053488	0.0032599586993455887	0.9788028001785278
0.384	0.448	0.0008596399566158652	0.003800856415182352	0.002627489622682333	0.0005030845059081912	0.0014135035453364253	0.0006944444612599909	0.0008179990691132843	0.0017831866862252355	0.003198944730684161	0.9788685441017151
0.448	0.512	0.0008348221890628338	0.0035240929573774338	0.002627489622682333	0.0004994852934032679	0.001474779681302607	0.0006763474084436893	0.0008113972726278007	0.0016837158473208547	0.003168057883158326	0.9789420366287231
0.512	0.576	0.000808949233032763	0.0035084078554064035	0.002691813977435231	0.0004994852934032679	0.001474779681302607	0.0006537361186929047	0.0007926172693260014	0.0016833478584885597	0.0031650958117097616	0.9796028733253479
