onset	offset	Alarm_bell_ringing	Blender	Cat	Dishes	Dog	Electric_shaver_toothbrush	Frying	Running_water	Speech	Vacuum_cleaner
0.0	0.064	0.0032850869465619326	0.007062123157083988	0.0026228015776723623	0.0016813490074127913	0.0027604075148701668	0.0025951010175049305	0.0004818278830498457	0.9911285638809204	0.009935776703059673	0.01647847332060337
0.064	0.128	0.0032850869465619326	0.007062123157083988	0.0026228015776723623	0.0016813490074127913	0.002982210600748658	0.0025951010175049305	0.0004818278830498457	0.9911285638809204	0.009935776703059673	0.01692362129688263
0.128	0.192	0.0029445590917021036	0.00849723070859909	0.0026228015776723623	0.0013185379793867469	0.002982210600748658	0.002457263646647334	0.000396638730308041	0.9910643100738525	0.009420163929462433	0.017510639503598213
0.192	0.256	0.002749836537986994	0.009493260644376278	0.0026228015776723623	0.0010015277657657862	0.002820156514644623	0.0023537816014140844	0.0003232881717849523	0.9910643100738525	0.009104697965085506	0.017510639503598213
0.256	0.32	0.0026684552431106567	0.01012287475168705	0.0026228015776723623	0.0008714026189409196	0.0027604075148701668	0.002195139182731509	0.0002942061109934002	0.9910643100738525	0.008399927988648415	0.017510639503598213
0.32	0.384	0.002590885618701577	0.010454376228153706	0.002593853510916233	0.0008075921796262264	0.00271923397667706	0.002163555007427931	0.000278638384770602	0.9897567629814148	0.008016148582100868	0.017510639503598213
0.384	0.448	0.002483178861439228	0.01083139143884182	0.002593853510916233	0.0007581367390230298	0.0026905264239758253	0.0020042581018060446	0.0002722688077483326	0.9884748458862305	0.007678852882236242	0.017510639503598213
0.448	0.512	0.0024052762892097235	0.011250967159867287	0.002593853510916233	0.0007205399451777339	0.002633686177432537	0.0018031509825959802	0.000271704513579607	0.9873714447021484	0.007384371943771839	0.017510639503598213
0.512	0.576	0.002355596050620079	0.011250967159867287	0.002593853510916233	0.0006878924905322492	0.0025863624177873135	0.001635845168493688	0.00027145518106408417	0.9865520000457764	0.007337048649787903	0.017483647912740707
