onset	offset	Alarm_bell_ringing	Blender	Cat	Dishes	Dog	Electric_shaver_toothbrush	Frying	Running_water	Speech	Vacuum_cleaner
0.0	0.064	0.003523667808622122	0.009218175895512104	0.0013453771825879812	0.010039693675935268	0.0038310037925839424	0.009747627191245556	0.005656275898218155	0.0043489038944244385	0.9696691632270813	0.0070307450369000435
0.064	0.128	0.003523667808622122	0.009218175895512104	0.0014765277737751603	0.010039693675935268	0.004597407765686512	0.009820681065320969	0.005656275898218155	0.0043489038944244385	0.9696691632270813	0.0070307450369000435
0.128	0.192	0.0034267695154994726	0.008233060128986835	0.0014765277737751603	0.009989029727876186	0.004597407765686512	0.009820681065320969	0.006121951155364513	0.004109937231987715	0.9762392640113831	0.006481826771050692
0.192	0.256	0.003415756393224001	0.006995840463787317	0.001649984042160213	0.00989153329282999	0.004886608570814133	0.010914330370724201	0.006073562428355217	0.004063302651047707	0.9818528294563293	0.006208410486578941
0.256	0.32	0.0033766315318644047	0.006337389815598726	0.0017093369970098138	0.00972818210721016	0.005427285097539425	0.01102081872522831	0.006073562428355217	0.0038483876269310713	0.9830405116081238	0.005772783886641264
0.32	0.384	0.003264011349529028	0.005865649785846472	0.0017520656110718846	0.009623139165341854	0.0055017187260091305	0.011077282950282097	0.006073562428355217	0.003750345204025507	0.9830405116081238	0.0052229068242013454
0.384	0.448	0.003256497671827674	0.0054320055060088634	0.0017520656110718846	0.009408846497535706	0.005583696998655796	0.011213970370590687	0.006073562428355217	0.003448541508987546	0.9830405116081238	0.0047330185770988464
0.448	0.512	0.0031721596606075764	0.005096108186990023	0.0017520656110718846	0.009278961457312107	0.005595900118350983	0.011229854077100754	0.006073562428355217	0.0032532953191548586	0.9830405116081238	0.004482120741158724
0.512	0.576	0.003154958598315716	0.00452720420435071	0.0017520656110718846	0.009247501380741596	0.005616322625428438	0.011229854077100754	0.00602012500166893	0.0032209453638643026	0.9830363392829895	0.004393673501908779
