onset	offset	Alarm_bell_ringing	Blender	Cat	Dishes	Dog	Electric_shaver_toothbrush	Frying	Running_water	Speech	Vacuum_cleaner
0.0	0.064	0.9798809289932251	0.005742558278143406	0.004554239101707935	0.012831960804760456	0.005126665811985731	0.0013760391157120466	0.004525430034846067	0.009549963288009167	0.6700060367584229	0.0010642263805493712
0.064	0.128	0.9792983531951904	0.005742558278143406	0.004915774334222078	0.012831960804760456	0.005685804411768913	0.0014745157677680254	0.004525430034846067	0.00960187241435051	0.6700060367584229	0.0010642263805493712
0.128	0.192	0.9757981896400452	0.00530721340328455	0.004915774334222078	0.009998875670135021	0.005685804411768913	0.0015133690321817994	0.00353431748226285	0.011713503859937191	0.8797010779380798	0.0007382691837847233
0.192	0.256	0.9757981896400452	0.005184543319046497	0.004774597007781267	0.009220436215400696	0.007430728524923325	0.0015133690321817994	0.0033445798326283693	0.010191862471401691	0.9334249496459961	0.0007382691837847233
0.256	0.32	0.9757981896400452	0.0051657212898135185	0.004554239101707935	0.009181366302073002	0.010139084421098232	0.0015133690321817994	0.0032714041881263256	0.00960187241435051	0.9509661197662354	0.0007382691837847233
0.32	0.384	0.9737840294837952	0.005145227070897818	0.004554239101707935	0.00915018655359745	0.011170243844389915	0.0015133690321817994	0.003118058666586876	0.00960187241435051	0.9509661197662354	0.0007382691837847233
0.384	0.448	0.9735194444656372	0.005145227070897818	0.004080228507518768	0.009068280458450317	0.011762706562876701	0.0015133690321817994	0.003104492323473096	0.00960187241435051	0.9509661197662354	0.0008110347553156316
0.448	0.512	0.9735194444656372	0.005145227070897818	0.0034440988674759865	0.008901664987206459	0.011762706562876701	0.0015133690321817994	0.003104492323473096	0.0085462536662817	0.9509661197662354	0.0008110347553156316
0.512	0.576	0.9735194444656372	0.005095281638205051	0.0030775561463087797	0.008487851358950138	0.011762706562876701	0.0014789841370657086	0.0030893245711922646	0.008449545130133629	0.9450711011886597	0.0008110347553156316
