onset	offset	Alarm_bell_ringing	Blender	Cat	Dishes	Dog	Electric_shaver_toothbrush	Frying	Running_water	Speech	Vacuum_cleaner
0.0	0.064	0.019012007862329483	0.0007017954485490918	0.002702716737985611	0.009582329541444778	0.0018796399235725403	0.13496285676956177	0.03842531144618988	0.013090284541249275	0.31216171383857727	0.07739920914173126
0.064	0.128	0.019012007862329483	0.0006844749441370368	0.002702716737985611	0.009582329541444778	0.001910834340378642	0.13496285676956177	0.03842531144618988	0.012883840128779411	0.31216171383857727	0.07739920914173126
0.128	0.192	0.016606124117970467	0.0006844749441370368	0.002665166975930333	0.008300420828163624	0.001910834340378642	0.14072729647159576	0.04325913265347481	0.012883840128779411	0.26534152030944824	0.05861421674489975
0.192	0.256	0.015032565221190453	0.0006572852144017816	0.002665166975930333	0.007642622571438551	0.0018796399235725403	0.14154718816280365	0.04586777836084366	0.012211479246616364	0.26534152030944824	0.05220971256494522
0.256	0.32	0.01259746216237545	0.0005780375213362277	0.002665166975930333	0.007069038227200508	0.0018088071374222636	0.1451283097267151	0.046239160001277924	0.01185472309589386	0.26534152030944824	0.04902401939034462
0.32	0.384	0.00968673825263977	0.0005666161887347698	0.0024136637803167105	0.006921478547155857	0.0018088071374222636	0.14705348014831543	0.04692257195711136	0.01185472309589386	0.26534152030944824	0.047417256981134415
0.384	0.448	0.00694871274754405	0.0005621087038889527	0.0024136637803167105	0.00684402696788311	0.0015681873774155974	0.14728547632694244	0.04872198775410652	0.01185472309589386	0.3005969226360321	0.04562407732009888
0.448	0.512	0.005483212415128946	0.0005498323007486761	0.0024136637803167105	0.006595374550670385	0.001394012593664229	0.14728547632694244	0.05211156979203224	0.01185472309589386	0.3005969226360321	0.04448545724153519
0.512	0.576	0.004921912681311369	0.0005351866711862385	0.0024136637803167105	0.006021954584866762	0.0013260284904390574	0.14873963594436646	0.053711164742708206	0.012342730537056923	0.3005969226360321	0.04448545724153519
