onset	offset	Alarm_bell_ringing	Blender	Cat	Dishes	Dog	Electric_shaver_toothbrush	Frying	Running_water	Speech	Vacuum_cleaner
0.0	0.064	0.0014145539607852697	0.0009171268902719021	0.0026331725530326366	0.032162826508283615	0.0060005490668118	0.0006244738469831645	0.0028579074423760176	0.00550453644245863	0.11123646795749664	0.002488086698576808
0.064	0.128	0.0014145539607852697	0.0009171268902719021	0.0026331725530326366	0.03284419700503349	0.007627672515809536	0.0006244738469831645	0.0028579074423760176	0.00550453644245863	0.11123646795749664	0.002488086698576808
0.128	0.192	0.0013028880348429084	0.0007014477741904557	0.0026331725530326366	0.03284419700503349	0.007627672515809536	0.0006244738469831645	0.0024941808078438044	0.00550453644245863	0.19146621227264404	0.002280274173244834
0.192	0.256	0.001258111442439258	0.0006678294739685953	0.0025861188769340515	0.032162826508283615	0.006029408425092697	0.0006011365330778062	0.002258862601593137	0.00550453644245863	0.31705090403556824	0.0019131327280774713
0.256	0.32	0.0011375524336472154	0.0005310290725901723	0.002555874641984701	0.030760131776332855	0.0060005490668118	0.0005977622349746525	0.0019263065187260509	0.005430130288004875	0.31705090403556824	0.0015289511065930128
0.32	0.384	0.001058473251760006	0.0004701044235844165	0.0024513821117579937	0.029378117993474007	0.0060005490668118	0.0005643556360155344	0.0019263065187260509	0.005346876103430986	0.31705090403556824	0.0014795138267800212
0.384	0.448	0.001055633882060647	0.0004491993458941579	0.0022299678530544043	0.028081346303224564	0.00488442974165082	0.0005439972737804055	0.0019263065187260509	0.005346876103430986	0.31705090403556824	0.0014437834033742547
0.448	0.512	0.0009965659119188786	0.00041396848973818123	0.001785636879503727	0.01796896941959858	0.004039941821247339	0.0004750847292598337	0.0018571792170405388	0.005199285689741373	0.18595470488071442	0.0014140454586595297
0.512	0.576	0.0007929530693218112	0.0004026001552119851	0.0015554812271147966	0.010515517555177212	0.0031531129498034716	0.0003845134633593261	0.0018520320300012827	0.0037820155266672373	0.07681391388177872	0.001387483556754887
