onset	offset	Alarm_bell_ringing	Blender	Cat	Dishes	Dog	Electric_shaver_toothbrush	Frying	Running_water	Speech	Vacuum_cleaner
0.0	0.064	0.0015128792729228735	0.0007677360554225743	0.01092306338250637	0.00526847830042243	0.019522419199347496	0.001532966736704111	0.0015329367015510798	0.008120118640363216	0.0031771918293088675	0.0026116499211639166
0.064	0.128	0.0015128792729228735	0.0007677360554225743	0.01092306338250637	0.00526847830042243	0.019522419199347496	0.001532966736704111	0.0015329367015510798	0.008120118640363216	0.0031771918293088675	0.0026116499211639166
0.128	0.192	0.0011414536274969578	0.0005815579206682742	0.010077539831399918	0.0038940750528126955	0.01342385821044445	0.0012376673985272646	0.0013070879504084587	0.007126923184841871	0.002615395002067089	0.002121333498507738
0.192	0.256	0.0007942859665490687	0.0004242301220074296	0.010077539831399918	0.0029282751493155956	0.01342385821044445	0.0010935767786577344	0.0012421569554135203	0.006284638307988644	0.002615395002067089	0.0018372130580246449
0.256	0.32	0.0007707395707257092	0.0004242301220074296	0.010077539831399918	0.0029282751493155956	0.01342385821044445	0.0010113302851095796	0.0011180610163137317	0.006284638307988644	0.002615395002067089	0.0018372130580246449
0.32	0.384	0.0007707395707257092	0.0004242301220074296	0.010077539831399918	0.0029282751493155956	0.01342385821044445	0.0010113302851095796	0.0011180610163137317	0.006284638307988644	0.002615395002067089	0.0018372130580246449
0.384	0.448	0.0006996401934884489	0.0004242301220074296	0.01126354094594717	0.0029282751493155956	0.020957255735993385	0.0010113302851095796	0.0011180610163137317	0.006284638307988644	0.002643924904987216	0.0018372130580246449
0.448	0.512	0.0006753149791620672	0.0004714385431725532	0.020100226625800133	0.003524746047332883	0.07888475060462952	0.0010113302851095796	0.0011180610163137317	0.0067161559127271175	0.0041267480701208115	0.0016044016228988767
0.512	0.576	0.0006582415080629289	0.0006862391019240022	0.020100226625800133	0.004735416267067194	0.3585946261882782	0.001344149699434638	0.0009996864246204495	0.0067161559127271175	0.0072682700119912624	0.0016044016228988767
