onset	offset	Alarm_bell_ringing	Blender	Cat	Dishes	Dog	Electric_shaver_toothbrush	Frying	Running_water	Speech	Vacuum_cleaner
0.0	0.064	0.0001694170496193692	0.00034091275301761925	0.052552852779626846	0.0010336028644815087	0.0004623690329026431	0.00014239722804632038	0.0011681279866024852	0.0010320082074031234	0.0027184514328837395	0.0024670029524713755
0.064	0.128	0.00021878979168832302	0.0003923375334125012	0.052552852779626846	0.0011743216309696436	0.000692172849085182	0.00018621848721522838	0.0013231742195785046	0.0010320082074031234	0.0033486420288681984	0.002847654279321432
0.128	0.192	0.0002733802830334753	0.0003923375334125012	0.09728877991437912	0.0011743216309696436	0.000692172849085182	0.00018621848721522838	0.0013556223129853606	0.001129520358517766	0.0033486420288681984	0.002847654279321432
0.192	0.256	0.0002733802830334753	0.0006130209658294916	0.4500214755535126	0.0014596879482269287	0.0008202149183489382	0.00020843146194238216	0.0013556223129853606	0.0010440362384542823	0.0036791099701076746	0.0024670029524713755
0.256	0.32	0.00034859078004956245	0.0006130209658294916	0.7922844290733337	0.0014596879482269287	0.0008202149183489382	0.0002710367552936077	0.0013231742195785046	0.0010320082074031234	0.004723905585706234	0.002357003977522254
0.32	0.384	0.0008233033586293459	0.0006130209658294916	0.9550157189369202	0.0014596879482269287	0.0008202149183489382	0.00039578249561600387	0.0013231742195785046	0.0009801866253837943	0.005920375697314739	0.0020664935000240803
0.384	0.448	0.0010380177991464734	0.0006130209658294916	0.9832313060760498	0.0014596879482269287	0.0008202149183489382	0.00039578249561600387	0.0013231742195785046	0.0009801866253837943	0.008187929168343544	0.0010204046266153455
0.448	0.512	0.0010608364827930927	0.0005225475179031491	0.9889004230499268	0.0013360902667045593	0.0007781534804962575	0.00039578249561600387	0.0010484274243935943	0.0009482864406891167	0.009324823506176472	0.0008810078143142164
0.512	0.576	0.0010725775500759482	0.0004650676273740828	0.9896141886711121	0.0012630256824195385	0.0007766799535602331	0.00039578249561600387	0.0009800205007195473	0.0009450912475585938	0.009324823506176472	0.0008084098226390779
