onset	offset	Alarm_bell_ringing	Blender	Cat	Dishes	Dog	Electric_shaver_toothbrush	Frying	Running_water	Speech	Vacuum_cleaner
0.0	0.064	0.0023428716231137514	0.0004578329680953175	0.0006143802893348038	0.0014413504395633936	0.0007161436369642615	0.00034902759944088757	0.0031359773129224777	0.0006991625414229929	0.004372550640255213	0.002324877306818962
0.064	0.128	0.0023428716231137514	0.0004578329680953175	0.0006143802893348038	0.0014413504395633936	0.0007161436369642615	0.00034902759944088757	0.0031359773129224777	0.0006991625414229929	0.004372550640255213	0.002324877306818962
0.128	0.192	0.0018775565549731255	0.0003423356974963099	0.0005314750014804304	0.0010436887387186289	0.000686023326124996	0.00030557403806596994	0.0026600849814713	0.0006444267928600311	0.0039801523089408875	0.00207500415854156
0.192	0.256	0.0017872321186587214	0.00030199921457096934	0.0005314750014804304	0.0009642007644288242	0.000686023326124996	0.0002904528519138694	0.0024376404471695423	0.0006020338623784482	0.0039801523089408875	0.001856032176874578
0.256	0.32	0.0017493297345936298	0.00027569226222112775	0.0005314750014804304	0.0009366959566250443	0.000686023326124996	0.00028355224640108645	0.0023007416166365147	0.0005634253029711545	0.0039801523089408875	0.0016755355754867196
0.32	0.384	0.001713775796815753	0.00025517275207675993	0.0005314750014804304	0.0009366959566250443	0.000686023326124996	0.0002786920522339642	0.0021881889551877975	0.0005309620755724609	0.0039801523089408875	0.0015293813776224852
0.384	0.448	0.001713775796815753	0.00023924621928017586	0.0005401048110798001	0.0009366959566250443	0.0007320856675505638	0.00027488937485031784	0.0020891043823212385	0.0005069117178209126	0.004207286983728409	0.001411586650647223
0.448	0.512	0.001713775796815753	0.00022799806902185082	0.0005578811396844685	0.0009366959566250443	0.0008071543416008353	0.00027488937485031784	0.0019923399668186903	0.0005069117178209126	0.00449545681476593	0.0013192903716117144
0.512	0.576	0.001713775796815753	0.00022799806902185082	0.0006092886906117201	0.0009573801071383059	0.0009306690189987421	0.00027488937485031784	0.0019587732385843992	0.0005069117178209126	0.00492943124845624	0.0013192903716117144
