onset	offset	Alarm_bell_ringing	Blender	Cat	Dishes	Dog	Electric_shaver_toothbrush	Frying	Running_water	Speech	Vacuum_cleaner
0.0	0.064	0.9946829676628113	0.0009622612269595265	0.002767974743619561	0.004211098421365023	0.002164520788937807	0.0007043865043669939	0.00033109422656707466	0.0035923339892178774	0.007596621289849281	0.00030871250783093274
0.064	0.128	0.9946829676628113	0.0009622612269595265	0.002767974743619561	0.004211098421365023	0.002164520788937807	0.0007043865043669939	0.00033109422656707466	0.0035923339892178774	0.007596621289849281	0.00030871250783093274
0.128	0.192	0.9951908588409424	0.000760523893404752	0.0020781790371984243	0.0025466610677540302	0.002058381214737892	0.0005479796673171222	0.00023741288168821484	0.0026143440045416355	0.006719541735947132	0.00018098442524205893
0.192	0.256	0.9951908588409424	0.000691282853949815	0.0017667673528194427	0.002066537505015731	0.002058381214737892	0.00046915956772863865	0.00021008371550124139	0.002266238210722804	0.0062041818164289	0.00013486873649526387
0.256	0.32	0.9951908588409424	0.0006264750263653696	0.001696699415333569	0.00188581389375031	0.002058381214737892	0.000426400889409706	0.00018450040079187602	0.002226832788437605	0.005890825763344765	0.00012992646952625364
0.32	0.384	0.9958376884460449	0.0006155933369882405	0.0014700532192364335	0.0017770580016076565	0.0018616182496771216	0.0003597417671699077	0.0001402655616402626	0.001966583775356412	0.005588690284639597	0.00012992646952625364
0.384	0.448	0.9958376884460449	0.0006155933369882405	0.0010792798129841685	0.001615547458641231	0.0018616182496771216	0.0003257127245888114	0.0001402655616402626	0.001452379859983921	0.005521663464605808	0.00011347790859872475
0.448	0.512	0.9958376884460449	0.0006155933369882405	0.0010792798129841685	0.0014734945725649595	0.0018616182496771216	0.00031034203129820526	0.0001402655616402626	0.001452379859983921	0.005466165486723185	0.00010963887325488031
0.512	0.576	0.9958376884460449	0.0006155933369882405	0.0010482006473466754	0.0014016899513080716	0.0017119641415774822	0.00030513183446601033	0.00013732424122281373	0.001452379859983921	0.005306611768901348	0.00010963887325488031
