onset	offset	Alarm_bell_ringing	Blender	Cat	Dishes	Dog	Electric_shaver_toothbrush	Frying	Running_water	Speech	Vacuum_cleaner
0.0	0.064	0.0011215407866984606	0.00284967222250998	0.09347241371870041	0.00914958119392395	0.8648879528045654	0.0015026882756501436	0.0008322931244038045	0.009422450326383114	0.012294554151594639	0.007429894991219044
0.064	0.128	0.0011215407866984606	0.00284967222250998	0.09201769530773163	0.00914958119392395	0.8648879528045654	0.0015026882756501436	0.0008322931244038045	0.009422450326383114	0.012663262896239758	0.007429894991219044
0.128	0.192	0.0011215407866984606	0.002652358030900359	0.09201769530773163	0.008115698583424091	0.8924848437309265	0.0012665390968322754	0.000792634324170649	0.008673073723912239	0.013215556740760803	0.006167510058730841
0.192	0.256	0.0011215407866984606	0.0025130826979875565	0.09347241371870041	0.006913139019161463	0.9009646773338318	0.0010969166178256273	0.000761273258831352	0.007488012779504061	0.012663262896239758	0.005354611203074455
0.256	0.32	0.0011215407866984606	0.0022042382042855024	0.09460887312889099	0.006214103661477566	0.9009646773338318	0.0010797992581501603	0.0007246126770041883	0.006771123502403498	0.012345119379460812	0.005226069130003452
0.32	0.384	0.0014682156033813953	0.002084913430735469	0.11244212836027145	0.0057088108733296394	0.9009646773338318	0.0010646091541275382	0.0007176617509685457	0.005606682971119881	0.012345119379460812	0.004283584654331207
0.384	0.448	0.001607627491466701	0.002044245833531022	0.11244212836027145	0.005377852823585272	0.9222700595855713	0.0009692942257970572	0.0006641193758696318	0.005273778922855854	0.012345119379460812	0.003550578374415636
0.448	0.512	0.001607627491466701	0.0020379081834107637	0.11244212836027145	0.004393524955958128	0.9310359954833984	0.0009655571193434298	0.0005923620774410665	0.004875972867012024	0.010297855362296104	0.003047304693609476
0.512	0.576	0.001607627491466701	0.0020379081834107637	0.11244212836027145	0.0042249420657753944	0.9310359954833984	0.0009236522018909454	0.0005495402147062123	0.004184069577604532	0.009021958336234093	0.0025719674304127693
