onset	offset	Alarm_bell_ringing	Blender	Cat	Dishes	Dog	Electric_shaver_toothbrush	Frying	Running_water	Speech	Vacuum_cleaner
0.0	0.064	0.0002954138908535242	0.0006217355257831514	0.05797204747796059	0.0013010009424760938	0.0011817609192803502	0.0002371066075284034	0.0011108748149126768	0.001800350728444755	0.0033423048444092274	0.002218418288975954
0.064	0.128	0.0002954138908535242	0.0007514904136769474	0.059772007167339325	0.0013543248642235994	0.001568170846439898	0.0002371066075284034	0.0012040644651278853	0.001811897149309516	0.0033423048444092274	0.002644024323672056
0.128	0.192	0.0003610528656281531	0.000780124741140753	0.059772007167339325	0.001770145376212895	0.002089565619826317	0.0003671351296361536	0.0012040644651278853	0.0019922791980206966	0.0042533548548817635	0.002644024323672056
0.192	0.256	0.0003610528656281531	0.000780124741140753	0.1958569884300232	0.001770145376212895	0.001710947253741324	0.0003671351296361536	0.0012040644651278853	0.001811897149309516	0.0042533548548817635	0.0023567876778542995
0.256	0.32	0.0003610528656281531	0.0012775394134223461	0.6579198241233826	0.00189642992336303	0.001568170846439898	0.00038602331187576056	0.001115339808166027	0.001800350728444755	0.0042533548548817635	0.002218418288975954
0.32	0.384	0.0007569314329884946	0.0012775394134223461	0.9501415491104126	0.00189642992336303	0.001568170846439898	0.0006306589348241687	0.001115339808166027	0.0017812371952459216	0.0057961344718933105	0.002218418288975954
0.384	0.448	0.0010177012300118804	0.0012775394134223461	0.9851418733596802	0.0019002481130883098	0.001568170846439898	0.0006306589348241687	0.001115339808166027	0.001715585240162909	0.00883993599563837	0.0011345380917191505
0.448	0.512	0.0011554857483133674	0.0012775394134223461	0.9881858825683594	0.0020262866746634245	0.001260110642760992	0.0006306589348241687	0.0010887624230235815	0.0017010488081723452	0.008847496472299099	0.0008561706636101007
0.512	0.576	0.0011554857483133674	0.001181952771730721	0.9881858825683594	0.0020262866746634245	0.0011771915014833212	0.0006306589348241687	0.0010803722543641925	0.0016867636004462838	0.008847496472299099	0.0008188967476598918
