onset	offset	Alarm_bell_ringing	Blender	Cat	Dishes	Dog	Electric_shaver_toothbrush	Frying	Running_water	Speech	Vacuum_cleaner
0.0	0.064	0.0018228663830086589	0.0034482500050216913	0.001771875424310565	0.03826332464814186	0.00047143720439635217	0.008640582673251629	0.8255307078361511	0.003404045244678855	0.011550557799637318	0.07921577990055084
0.064	0.128	0.0018228663830086589	0.0034482500050216913	0.001771875424310565	0.03826332464814186	0.00047143720439635217	0.008640582673251629	0.8211649656295776	0.003404045244678855	0.011550557799637318	0.07921577990055084
0.128	0.192	0.001187775400467217	0.0026111805345863104	0.0016349295619875193	0.027216294780373573	0.00032650301000103354	0.00791214406490326	0.8113192915916443	0.0026942945551127195	0.007378370501101017	0.06865143030881882
0.192	0.256	0.0009524929919280112	0.001977701671421528	0.0016188248991966248	0.01898852363228798	0.0002564444439485669	0.00791214406490326	0.8113192915916443	0.0021334539633244276	0.004535707179456949	0.06391642987728119
0.256	0.32	0.0008420347003266215	0.0016595694469287992	0.0016019028844311833	0.01664283126592636	0.00022711482597514987	0.00791214406490326	0.8113192915916443	0.0020137843675911427	0.00390645582228899	0.06375040113925934
0.32	0.384	0.0007731819059699774	0.00148121383972466	0.0015766345895826817	0.015695469453930855	0.00022711482597514987	0.00791214406490326	0.8100553154945374	0.001967810094356537	0.003902196418493986	0.06373140960931778
0.384	0.448	0.0007183210109360516	0.0013446215307340026	0.0015447373734787107	0.015695469453930855	0.00022711482597514987	0.00795100536197424	0.8100553154945374	0.0019383018370717764	0.003885404672473669	0.06373140960931778
0.448	0.512	0.0006752869230695069	0.0012559856986626983	0.0014288061065599322	0.015695469453930855	0.00022711482597514987	0.008105095475912094	0.8100553154945374	0.00193420285359025	0.0035930166486650705	0.06375040113925934
0.512	0.576	0.00064292416209355	0.0012290558079257607	0.001365414820611477	0.015382909215986729	0.00022217619698494673	0.008253853768110275	0.8100553154945374	0.001930665923282504	0.003254928393289447	0.06391642987728119
