onset	offset	Alarm_bell_ringing	Blender	Cat	Dishes	Dog	Electric_shaver_toothbrush	Frying	Running_water	Speech	Vacuum_cleaner
0.0	0.064	0.007445397786796093	0.07657863199710846	0.004360153805464506	0.0030344375409185886	0.004684525076299906	0.00837151799350977	0.0054178014397621155	0.006272148806601763	0.0073746549896895885	0.8148232698440552
0.064	0.128	0.007445397786796093	0.07657863199710846	0.004360153805464506	0.0030344375409185886	0.004684525076299906	0.00837151799350977	0.0054178014397621155	0.006272148806601763	0.0073746549896895885	0.8148232698440552
0.128	0.192	0.004967163782566786	0.06250209361314774	0.003963576164096594	0.0023955409415066242	0.003930950071662664	0.007279952988028526	0.005015707109123468	0.005335220601409674	0.006285543087869883	0.8221327066421509
0.192	0.256	0.003581336932256818	0.051195044070482254	0.0037588977720588446	0.0019661879632622004	0.0034281862899661064	0.006860686931759119	0.004554334096610546	0.004856428597122431	0.005442074500024319	0.8321462869644165
0.256	0.32	0.0027206772938370705	0.042452938854694366	0.0035185180604457855	0.0016909672413021326	0.00311310775578022	0.006602044682949781	0.00423088064417243	0.004472562577575445	0.004862917587161064	0.8396944403648376
0.32	0.384	0.002325798850506544	0.03679617494344711	0.0032943598926067352	0.0015332367038354278	0.0029632430523633957	0.006491030566394329	0.004101011902093887	0.00419309688732028	0.004534383304417133	0.8443366885185242
0.384	0.448	0.0021263528615236282	0.03266523778438568	0.0031212782487273216	0.0014306592056527734	0.002876860788092017	0.006437947507947683	0.004021834582090378	0.004007355310022831	0.004319039173424244	0.8481807708740234
0.448	0.512	0.001980138011276722	0.029390139505267143	0.0029862343799322844	0.0013504029484465718	0.0027973174583166838	0.006385818589478731	0.003957209177315235	0.0038784274365752935	0.004144914448261261	0.8514435291290283
0.512	0.576	0.0018724736291915178	0.0268846582621336	0.0028834817931056023	0.0012850448256358504	0.0027095640543848276	0.006385818589478731	0.003956138156354427	0.0037880998570472	0.004046207293868065	0.8537915945053101
