onset	offset	Alarm_bell_ringing	Blender	Cat	Dishes	Dog	Electric_shaver_toothbrush	Frying	Running_water	Speech	Vacuum_cleaner
0.0	0.064	0.0005537811666727066	0.004953532014042139	0.7676921486854553	0.0075013418681919575	0.12084420025348663	0.0007138759829103947	0.002010683761909604	0.005367163568735123	0.018784038722515106	0.008952580392360687
0.064	0.128	0.0005537811666727066	0.0049024783074855804	0.7676921486854553	0.0075013418681919575	0.1284094601869583	0.000683529069647193	0.002010683761909604	0.005367163568735123	0.018784038722515106	0.008952580392360687
0.128	0.192	0.00047394714783877134	0.0049024783074855804	0.7676921486854553	0.007183581590652466	0.1284094601869583	0.000683529069647193	0.0017503926064819098	0.0039323559030890465	0.0193734560161829	0.00573825603350997
0.192	0.256	0.0003975830622948706	0.004292954225093126	0.7676921486854553	0.006157679483294487	0.13109129667282104	0.000615956261754036	0.0015525853959843516	0.003388423938304186	0.0193734560161829	0.003844904713332653
0.256	0.32	0.0003477560239844024	0.004069855436682701	0.7676921486854553	0.005298276897519827	0.16649377346038818	0.0005165152251720428	0.001496066222898662	0.003071481827646494	0.0193734560161829	0.002969984896481037
0.32	0.384	0.00032325705979019403	0.003861310426145792	0.7172996401786804	0.004401213955134153	0.16649377346038818	0.00049134052824229	0.0012442506849765778	0.0028173630125820637	0.0193734560161829	0.002681761048734188
0.384	0.448	0.0003210996510460973	0.0031152693554759026	0.6012960076332092	0.0033580923918634653	0.16649377346038818	0.0004309664946049452	0.0010929866693913937	0.0027205960359424353	0.01481128204613924	0.002663547173142433
0.448	0.512	0.00031395177938975394	0.0025031117256730795	0.6012960076332092	0.0029109353199601173	0.16649377346038818	0.0003856748226098716	0.0010653407080098987	0.0025392514653503895	0.010809410363435745	0.002431914210319519
0.512	0.576	0.00031361941364593804	0.002172084990888834	0.6012960076332092	0.0024658602196723223	0.1591682732105255	0.0003552145208232105	0.0010260033886879683	0.0023142111022025347	0.008449921384453773	0.0022034517023712397
