onset	offset	Alarm_bell_ringing	Blender	Cat	Dishes	Dog	Electric_shaver_toothbrush	Frying	Running_water	Speech	Vacuum_cleaner
0.0	0.064	0.0013485419331118464	0.001130798365920782	0.000544059497769922	0.01101437583565712	0.00030972957029007375	0.00026305438950657845	0.003218512050807476	0.0011912839254364371	0.001892843865789473	0.0008048708550632
0.064	0.128	0.0013485419331118464	0.001130798365920782	0.000544059497769922	0.01101437583565712	0.00030972957029007375	0.00026305438950657845	0.003218512050807476	0.0011912839254364371	0.001892843865789473	0.0008048708550632
0.128	0.192	0.000989429885521531	0.0009258769568987191	0.0004780727904289961	0.0090196393430233	0.00029208153137005866	0.00022938965412322432	0.0028246762230992317	0.001062519964762032	0.0016435368452221155	0.0006390172056853771
0.192	0.256	0.0009841002756729722	0.0008346686372533441	0.00047315764822997153	0.008778942748904228	0.00028781205764971673	0.0002087266038870439	0.0023971651680767536	0.0010614207712933421	0.0016387890791520476	0.0005251171533018351
0.256	0.32	0.0009617331670597196	0.0007518517668358982	0.0004584216803777963	0.008756705559790134	0.00028649604064412415	0.000188776568393223	0.0020398651249706745	0.001049756072461605	0.0016228334279730916	0.0004375466669443995
0.32	0.384	0.0008316890452988446	0.0006781054544262588	0.00041607781895436347	0.007067093625664711	0.00028649604064412415	0.00016987968410830945	0.0017335617449134588	0.0009638352203182876	0.0015631477581337094	0.00036079552955925465
0.384	0.448	0.0008313348516821861	0.0006781054544262588	0.00041607781895436347	0.006929523311555386	0.00028781205764971673	0.00016987968410830945	0.001534445327706635	0.0009594548610039055	0.0015335455536842346	0.0003519703750498593
0.448	0.512	0.0008183015743270516	0.0005979856359772384	0.0003970263060182333	0.006557284388691187	0.00029148036264814436	0.00016962103836704046	0.0013791621895506978	0.0009269746369682252	0.00149371603038162	0.00033634138526394963
0.512	0.576	0.0007031034911051393	0.0005656300927512348	0.00039657726301811635	0.00550507428124547	0.00028649604064412415	0.0001660414709476754	0.0012632590951398015	0.0009240479557774961	0.0014523669378831983	0.0003337101952638477
