onset	offset	Alarm_bell_ringing	Blender	Cat	Dishes	Dog	Electric_shaver_toothbrush	Frying	Running_water	Speech	Vacuum_cleaner
0.0	0.064	0.00042777028284035623	0.0006972475675866008	0.00039242973434738815	0.000784759409725666	0.0005219155573286116	0.00014756368182133883	0.00027929292991757393	0.0021093995310366154	0.002478688955307007	0.0008631956297904253
0.064	0.128	0.00042777028284035623	0.0006972475675866008	0.0003983271890319884	0.000784759409725666	0.0005528629408217967	0.00014756368182133883	0.00027929292991757393	0.0021093995310366154	0.002478688955307007	0.0008631956297904253
0.128	0.192	0.00037832092493772507	0.0006366682355292141	0.0003983271890319884	0.0006598737090826035	0.0005571136134676635	0.00014142105646897107	0.00024933283566497266	0.001791982795111835	0.002239813795313239	0.0007503919187001884
0.192	0.256	0.0003716411301866174	0.000602042768150568	0.0003983271890319884	0.0006584376096725464	0.0005571136134676635	0.00013895376469008625	0.00022703602735418826	0.0016218108357861638	0.0021810345351696014	0.0006306483992375433
0.256	0.32	0.000371148664271459	0.0005488523747771978	0.0003983271890319884	0.0006584376096725464	0.0005571136134676635	0.00012796596274711192	0.0002046206354862079	0.0016218108357861638	0.002180888317525387	0.0005246275686658919
0.32	0.384	0.000371148664271459	0.0005488523747771978	0.00041398152825422585	0.0006584376096725464	0.0005583889433182776	0.00011689236271195114	0.00019182305550202727	0.0016218108357861638	0.002180888317525387	0.00046995116281323135
0.384	0.448	0.000371148664271459	0.0005488523747771978	0.0004140691307839006	0.0006584376096725464	0.0005768772098235786	0.00011493896454339847	0.00019182305550202727	0.0016218108357861638	0.002180888317525387	0.00041590866749174893
0.448	0.512	0.0003716411301866174	0.0005488523747771978	0.0004313283716328442	0.0007014754810370505	0.0005852609756402671	0.00011493896454339847	0.00019182305550202727	0.0016527834814041853	0.0021810345351696014	0.00041590866749174893
0.512	0.576	0.0003869040228892118	0.0006061990279704332	0.0004857302992604673	0.000780867354478687	0.0006096848519518971	0.00011493896454339847	0.00019182305550202727	0.0017568550538271666	0.002186259487643838	0.00041590866749174893
