onset	offset	Alarm_bell_ringing	Blender	Cat	Dishes	Dog	Electric_shaver_toothbrush	Frying	Running_water	Speech	Vacuum_cleaner
0.0	0.064	0.004285281058400869	0.005839991383254528	0.0039326902478933334	0.05297274887561798	0.0033333185128867626	0.010672299191355705	0.9282064437866211	0.009103557094931602	0.8934483528137207	0.008207154460251331
0.064	0.128	0.004285281058400869	0.005839991383254528	0.0039326902478933334	0.05510515719652176	0.0033333185128867626	0.010672299191355705	0.9282064437866211	0.010353117249906063	0.879513144493103	0.008207154460251331
0.128	0.192	0.0030888752080500126	0.004680296406149864	0.0035743433982133865	0.05510515719652176	0.0033333185128867626	0.010652359575033188	0.936863362789154	0.010353117249906063	0.879513144493103	0.00612904317677021
0.192	0.256	0.002640202408656478	0.00368909677490592	0.0035047924611717463	0.05297274887561798	0.00317414291203022	0.009907376952469349	0.951520562171936	0.009103557094931602	0.8575838208198547	0.005362042225897312
0.256	0.32	0.0023929246235638857	0.003067432902753353	0.0027529841754585505	0.04865358769893646	0.0029899119399487972	0.0070962971076369286	0.9624626636505127	0.008603207767009735	0.7147358059883118	0.005191813223063946
0.32	0.384	0.0016156698111444712	0.0019247294403612614	0.0016180096426978707	0.03742675483226776	0.0028208792209625244	0.004850958473980427	0.9715624451637268	0.008269735611975193	0.37281137704849243	0.003947485703974962
0.384	0.448	0.0012081785826012492	0.0010206190636381507	0.0008183702011592686	0.02269151620566845	0.0015274115139618516	0.0035952625330537558	0.9766227006912231	0.0055983099155128	0.1341969221830368	0.002570341108366847
0.448	0.512	0.0009363153367303312	0.0006438349955715239	0.0004597770166583359	0.015430601313710213	0.0009879181161522865	0.0027361519169062376	0.9798681139945984	0.004138522781431675	0.05290626734495163	0.0017376973992213607
0.512	0.576	0.0007913082954473794	0.0005837242351844907	0.0003536954172886908	0.012700769118964672	0.000778432353399694	0.0021025706082582474	0.9812187552452087	0.003309877822175622	0.02894427254796028	0.0014219216536730528
