onset	offset	Alarm_bell_ringing	Blender	Cat	Dishes	Dog	Electric_shaver_toothbrush	Frying	Running_water	Speech	Vacuum_cleaner
0.0	0.064	0.0015846609603613615	0.00205425382591784	0.515927255153656	0.020273925736546516	0.0010613974882289767	0.005181919317692518	0.12126125395298004	0.012816241942346096	0.013215153478085995	0.00502965459600091
0.064	0.128	0.001589785679243505	0.00205425382591784	0.515927255153656	0.020273925736546516	0.0010613974882289767	0.005181919317692518	0.12126125395298004	0.012816241942346096	0.014458970166742802	0.00502965459600091
0.128	0.192	0.001589785679243505	0.0019732641521841288	0.7093391418457031	0.01753189042210579	0.0010054614394903183	0.00494869751855731	0.10543818771839142	0.012200647965073586	0.014961786568164825	0.0036930739879608154
0.192	0.256	0.0016279241535812616	0.001768778427504003	0.8204598426818848	0.01316108275204897	0.0008936371305026114	0.0044824485667049885	0.08658111840486526	0.01047536637634039	0.014961786568164825	0.0025491719134151936
0.256	0.32	0.0017282949993386865	0.0013504531234502792	0.8424006700515747	0.01316108275204897	0.0007952735759317875	0.004148871172219515	0.08658111840486526	0.008269039914011955	0.014961786568164825	0.0025491719134151936
0.32	0.384	0.001836920971982181	0.0011228518560528755	0.8424006700515747	0.01316108275204897	0.000791726924944669	0.004148871172219515	0.08658111840486526	0.007385714445263147	0.01538955606520176	0.0025491719134151936
0.384	0.448	0.0019317909609526396	0.0010409053647890687	0.8424006700515747	0.01316108275204897	0.000791726924944669	0.004048414062708616	0.08658111840486526	0.007342719007283449	0.01538955606520176	0.0025491719134151936
0.448	0.512	0.0019317909609526396	0.0010329796932637691	0.8424006700515747	0.01316108275204897	0.000791726924944669	0.0038577502127736807	0.0893939733505249	0.007331289350986481	0.01538955606520176	0.002583429217338562
0.512	0.576	0.0019317909609526396	0.0009587311651557684	0.8120559453964233	0.01316108275204897	0.0007749818032607436	0.0037505498621612787	0.12008088827133179	0.006758753210306168	0.01538955606520176	0.0035081945825368166
