onset	offset	Alarm_bell_ringing	Blender	Cat	Dishes	Dog	Electric_shaver_toothbrush	Frying	Running_water	Speech	Vacuum_cleaner
0.0	0.064	0.000146061327541247	0.00014233464025892317	0.006143979728221893	0.0007035468588583171	0.0005835573538206518	0.00011026806896552444	0.0005923315766267478	0.001251739333383739	0.0013518616324290633	0.0012156235752627254
0.064	0.128	0.000146061327541247	0.00014233464025892317	0.007208930794149637	0.0007035468588583171	0.0006361354026012123	0.00011026806896552444	0.0005923315766267478	0.001251739333383739	0.0013518616324290633	0.0012156235752627254
0.128	0.192	0.000146061327541247	0.00012517902359832078	0.009501137770712376	0.0006456969422288239	0.0007340357988141477	0.00010327333438908681	0.0005834197509102523	0.0011376446345821023	0.0013518616324290633	0.0011211571982130408
0.192	0.256	0.000146061327541247	0.00011715337313944474	0.009501137770712376	0.0006456969422288239	0.0007340357988141477	0.00010327333438908681	0.0005834197509102523	0.001061990624293685	0.0013518616324290633	0.001074190135113895
0.256	0.32	0.000146061327541247	0.00011715337313944474	0.009501137770712376	0.0006456969422288239	0.0007340357988141477	0.00010327333438908681	0.0005834197509102523	0.0009941841708496213	0.0013518616324290633	0.0010190915782004595
0.32	0.384	0.0001493556919740513	0.00011715337313944474	0.014027269557118416	0.0006456969422288239	0.0009142369381152093	0.00010327333438908681	0.0005834197509102523	0.0009731454774737358	0.0013698642142117023	0.0010190915782004595
0.384	0.448	0.00015136344882193953	0.00011715337313944474	0.020804377272725105	0.0006547896191477776	0.0010757590644061565	0.00010379985178587958	0.0006017117411829531	0.0009731454774737358	0.0014875903725624084	0.0010190915782004595
0.448	0.512	0.00015339907258749008	0.0001279730349779129	0.03436621278524399	0.0007549011497758329	0.0011277711018919945	0.0001081517111742869	0.0006131845875643194	0.0009731454774737358	0.0016318619018420577	0.0010190915782004595
0.512	0.576	0.00017162569565698504	0.00019017833983525634	0.09204015135765076	0.0009886830812320113	0.0012566185323521495	0.00012042527669109404	0.0006412639049813151	0.0009731454774737358	0.0018420270644128323	0.0011680384632200003
