onset	offset	Alarm_bell_ringing	Blender	Cat	Dishes	Dog	Electric_shaver_toothbrush	Frying	Running_water	Speech	Vacuum_cleaner
0.0	0.064	0.0007569534354843199	0.0005107718170620501	0.0004607971350196749	0.005978637840598822	0.0010129859438166022	0.003929866943508387	0.8754760026931763	0.010569695383310318	0.005813942290842533	0.00778559222817421
0.064	0.128	0.0007569534354843199	0.0005107718170620501	0.0004607971350196749	0.005978637840598822	0.0010416618315503001	0.003929866943508387	0.8754760026931763	0.010569695383310318	0.006348852533847094	0.00778559222817421
0.128	0.192	0.0005565546452999115	0.0004545901610981673	0.0004372864787001163	0.005978637840598822	0.0010823027696460485	0.003913154359906912	0.8835512399673462	0.010658376850187778	0.007816154509782791	0.006759264972060919
0.192	0.256	0.0005424555856734514	0.0004249471821822226	0.0004372864787001163	0.005978637840598822	0.0010823027696460485	0.003913154359906912	0.888913094997406	0.010658376850187778	0.007816154509782791	0.0063365367241203785
0.256	0.32	0.0005424555856734514	0.00042493539513088763	0.0004372864787001163	0.005978637840598822	0.0010823027696460485	0.003913154359906912	0.888913094997406	0.010658376850187778	0.00816028006374836	0.006131234113126993
0.32	0.384	0.0005424555856734514	0.00042493539513088763	0.0004372864787001163	0.006042683497071266	0.0011565187014639378	0.003913154359906912	0.888913094997406	0.011150451377034187	0.01085179578512907	0.005843984894454479
0.384	0.448	0.0005424555856734514	0.00042493539513088763	0.0004713992530014366	0.0064366599544882774	0.0012657075421884656	0.003935556858778	0.888913094997406	0.012149705551564693	0.015296302735805511	0.005707579664885998
0.448	0.512	0.0005947400932200253	0.00042493539513088763	0.0005404776311479509	0.007122743409126997	0.001436280901543796	0.004036363679915667	0.8865370154380798	0.012369639240205288	0.026445263996720314	0.005703048314899206
0.512	0.576	0.000681015313602984	0.0004641909326892346	0.0006341469124890864	0.008890371769666672	0.0017924646381288767	0.004214715212583542	0.8826658129692078	0.012549647130072117	0.06991194933652878	0.005524028558284044
