onset	offset	Alarm_bell_ringing	Blender	Cat	Dishes	Dog	Electric_shaver_toothbrush	Frying	Running_water	Speech	Vacuum_cleaner
0.0	0.064	0.0018052239902317524	0.0015723634278401732	0.06892431527376175	0.003059973008930683	0.21525487303733826	0.0012058537686243653	0.0014326694654300809	0.001653913059271872	0.3170570731163025	0.006422209087759256
0.064	0.128	0.0018052239902317524	0.0015723634278401732	0.06892431527376175	0.003059973008930683	0.21525487303733826	0.0012058537686243653	0.0014326694654300809	0.001653913059271872	0.3170570731163025	0.006422209087759256
0.128	0.192	0.0016830891836434603	0.0014141242718324065	0.06094282865524292	0.002601041691377759	0.21525487303733826	0.0010487959953024983	0.0014074074570089579	0.001552942325361073	0.23719681799411774	0.006274169776588678
0.192	0.256	0.0016766677144914865	0.0012904572067782283	0.05664266273379326	0.0023934177588671446	0.21525487303733826	0.0009583333157934248	0.0012409875635057688	0.0015013287775218487	0.17716149985790253	0.006119654048234224
0.256	0.32	0.0016707908362150192	0.000986058497801423	0.04938428848981857	0.0020959298126399517	0.2102075070142746	0.0008290723199024796	0.0010835165157914162	0.0014717759331688285	0.10047326982021332	0.006035324186086655
0.32	0.384	0.001637833658605814	0.0007694487576372921	0.03855126351118088	0.0016428274102509022	0.20367035269737244	0.0006201707874424756	0.0010766510386019945	0.0012814434012398124	0.06054164841771126	0.006024426780641079
0.384	0.448	0.0015123110497370362	0.0006332905031740665	0.031690794974565506	0.0014767549000680447	0.16604632139205933	0.0005104067386128008	0.0010174632770940661	0.0012037800624966621	0.049808651208877563	0.005923000164330006
0.448	0.512	0.0013726274482905865	0.0006297292420640588	0.028173601254820824	0.0013875187141820788	0.14259162545204163	0.00045198501902632415	0.0010160779347643256	0.0011231604730710387	0.044778548181056976	0.0057459864765405655
0.512	0.576	0.0012425582390278578	0.0006297292420640588	0.026143861934542656	0.0013239646796137094	0.12251192331314087	0.0004239911795593798	0.0010106338886544108	0.0010451264679431915	0.044778548181056976	0.005594668909907341
