onset	offset	Alarm_bell_ringing	Blender	Cat	Dishes	Dog	Electric_shaver_toothbrush	Frying	Running_water	Speech	Vacuum_cleaner
0.0	0.064	0.0013496901374310255	0.004684725310653448	0.34585681557655334	0.009034860879182816	0.6448096036911011	0.0010192211484536529	0.0017848535208031535	0.006503561045974493	0.021236257627606392	0.013231821358203888
0.064	0.128	0.0013496901374310255	0.0046762507408857346	0.34585681557655334	0.009034860879182816	0.6448096036911011	0.0010192211484536529	0.0017848535208031535	0.006503561045974493	0.021236257627606392	0.013231821358203888
0.128	0.192	0.0013496901374310255	0.0046762507408857346	0.25627362728118896	0.007545791566371918	0.6448096036911011	0.0010192211484536529	0.001501657534390688	0.006106918212026358	0.019224155694246292	0.010206631384789944
0.192	0.256	0.0012346385046839714	0.0038582065608352423	0.25627362728118896	0.006545208860188723	0.651222288608551	0.0009695560438558459	0.0014846751000732183	0.006002338137477636	0.01756264455616474	0.008250357583165169
0.256	0.32	0.0010079641360789537	0.0021199025213718414	0.18617838621139526	0.005656265188008547	0.6993478536605835	0.0009488697978667915	0.0014516279334202409	0.005520320031791925	0.013628097251057625	0.007337020710110664
0.32	0.384	0.0007644952274858952	0.0014829901047050953	0.07939472794532776	0.004662132356315851	0.7412678599357605	0.0008228424703702331	0.0011488840682432055	0.004023198038339615	0.01050339825451374	0.0066595906391739845
0.384	0.448	0.0007386670913547277	0.0011805164394900203	0.05858682096004486	0.0038942713290452957	0.7412678599357605	0.0007146419957280159	0.0010777674615383148	0.0034987053368240595	0.00876618828624487	0.006092100404202938
0.448	0.512	0.0006478491122834384	0.0010168614098802209	0.05428975448012352	0.003648858517408371	0.7412678599357605	0.0006698326324112713	0.0010175359202548862	0.0032144025899469852	0.008009550161659718	0.005657903850078583
0.512	0.576	0.0005994424573145807	0.0009590577683411539	0.05422671511769295	0.003503513289615512	0.7446026802062988	0.0006698326324112713	0.00097837473731488	0.0031201241072267294	0.007646826095879078	0.005374048836529255
