onset	offset	Alarm_bell_ringing	Blender	Cat	Dishes	Dog	Electric_shaver_toothbrush	Frying	Running_water	Speech	Vacuum_cleaner
0.0	0.064	0.0034315132070332766	0.010284911841154099	0.0012333844788372517	0.0877593606710434	0.012382962740957737	0.013683896511793137	0.0020321279298514128	0.005546891130506992	0.10981070250272751	0.0012382310815155506
0.064	0.128	0.0034315132070332766	0.010284911841154099	0.0012333844788372517	0.07020975649356842	0.010936522856354713	0.013683896511793137	0.0020321279298514128	0.005546891130506992	0.10981070250272751	0.0012382310815155506
0.128	0.192	0.0034315132070332766	0.007151694968342781	0.0014535601949319243	0.049669694155454636	0.010936522856354713	0.01206132210791111	0.0013785876799374819	0.004777350462973118	0.11639440059661865	0.0007873930735513568
0.192	0.256	0.0034315132070332766	0.00562185887247324	0.0014535601949319243	0.05022750794887543	0.012382962740957737	0.01206132210791111	0.00120915484149009	0.004204772878438234	0.15100672841072083	0.0005477791419252753
0.256	0.32	0.0034315132070332766	0.004740508738905191	0.0014535601949319243	0.05022750794887543	0.013288727961480618	0.01206132210791111	0.00120915484149009	0.0038215199019759893	0.35980886220932007	0.0004409457906149328
0.32	0.384	0.003525176551192999	0.0045467764139175415	0.0028116395696997643	0.049669694155454636	0.013288727961480618	0.01206132210791111	0.00120915484149009	0.0034368427004665136	0.7926103472709656	0.00036411904147826135
0.384	0.448	0.003525176551192999	0.004485100042074919	0.004880664870142937	0.048753514885902405	0.022117186337709427	0.01646537147462368	0.00120915484149009	0.0027028259355574846	0.9320439696311951	0.0003014319809153676
0.448	0.512	0.003525176551192999	0.004248437937349081	0.005097261629998684	0.0444641187787056	0.022278008982539177	0.018291346728801727	0.0016155982157215476	0.0024976080749183893	0.9394007325172424	0.00027809484163299203
0.512	0.576	0.003525176551192999	0.004244574811309576	0.005213562864810228	0.0444641187787056	0.022956345230340958	0.018291346728801727	0.0017012980533763766	0.002447643084451556	0.9396182298660278	0.00027809484163299203
