onset	offset	Alarm_bell_ringing	Blender	Cat	Dishes	Dog	Electric_shaver_toothbrush	Frying	Running_water	Speech	Vacuum_cleaner
0.0	0.064	0.001395881874486804	0.0003986067313235253	0.0003406442701816559	0.0061559234745800495	0.0006757053779438138	0.0004303436726331711	0.13336899876594543	0.0015036994591355324	0.004145294893532991	0.0018800758989527822
0.064	0.128	0.001395881874486804	0.0005449280142784119	0.0003406442701816559	0.0061559234745800495	0.0008496875525452197	0.0004303436726331711	0.13336899876594543	0.0017898346995934844	0.004145294893532991	0.002091021742671728
0.128	0.192	0.0012791745830327272	0.0005485346773639321	0.00030543014872819185	0.0061559234745800495	0.0008535819360986352	0.0004303436726331711	0.11669255793094635	0.001805269392207265	0.004145294893532991	0.002091021742671728
0.192	0.256	0.0012747050495818257	0.0005485346773639321	0.0002877489314414561	0.005941386800259352	0.0008535819360986352	0.0004303436726331711	0.11669255793094635	0.001805269392207265	0.004145294893532991	0.002014976693317294
0.256	0.32	0.0012322617694735527	0.0005485346773639321	0.0002809707075357437	0.005433458834886551	0.0008535819360986352	0.0004303436726331711	0.11669255793094635	0.001963353715837002	0.004145294893532991	0.0020059586968272924
0.32	0.384	0.0012170914560556412	0.0005727034877054393	0.00027041518478654325	0.005368306767195463	0.00086406827904284	0.0004445682861842215	0.11669255793094635	0.002189178252592683	0.004411972593516111	0.0020059586968272924
0.384	0.448	0.0012170914560556412	0.0005727034877054393	0.00027041518478654325	0.005368306767195463	0.0009039979195222259	0.0004567565629258752	0.1271035522222519	0.002701314864680171	0.005033101420849562	0.0020059586968272924
0.448	0.512	0.0012170914560556412	0.0005727034877054393	0.00027041518478654325	0.005368306767195463	0.0009073037072084844	0.0004770626255776733	0.14078779518604279	0.0033865775913000107	0.006142937112599611	0.001993599347770214
0.512	0.576	0.0012170914560556412	0.0005946170422248542	0.00027041518478654325	0.005368306767195463	0.0009101275936700404	0.0005053303902968764	0.15347819030284882	0.00420871376991272	0.007697639521211386	0.001993599347770214
