onset	offset	Alarm_bell_ringing	Blender	Cat	Dishes	Dog	Electric_shaver_toothbrush	Frying	Running_water	Speech	Vacuum_cleaner
0.0	0.064	0.002865250688046217	0.002986613428220153	0.0013184355339035392	0.0025764266029000282	0.0005441515240818262	0.0006568647222593427	0.00025482388446107507	0.00502298679202795	0.04903411120176315	0.0029261682648211718
0.064	0.128	0.002865250688046217	0.002986613428220153	0.0014573136577382684	0.002694483147934079	0.0005441515240818262	0.0006568647222593427	0.00025482388446107507	0.00502298679202795	0.04903411120176315	0.0029261682648211718
0.128	0.192	0.0032937887590378523	0.0030205445364117622	0.0016394922276958823	0.002694483147934079	0.0004460352938622236	0.0006544027710333467	0.00024746236158534884	0.005248439498245716	0.04863641783595085	0.0026215382385998964
0.192	0.256	0.0037988850381225348	0.0030205445364117622	0.0016394922276958823	0.002694483147934079	0.00037570964195765555	0.0006405034218914807	0.0002213752013631165	0.00556537602096796	0.047821294516325	0.0023471596650779247
0.256	0.32	0.003964564763009548	0.0030205445364117622	0.0016394922276958823	0.00267072138376534	0.00032425959943793714	0.0006204113597050309	0.0002189306542277336	0.005726146046072245	0.04550875723361969	0.0020094793289899826
0.32	0.384	0.004139991477131844	0.00308898719958961	0.0016973884776234627	0.00267072138376534	0.00032425959943793714	0.0005342731019482017	0.0002189306542277336	0.0058621251955628395	0.04311351850628853	0.001718290732242167
0.384	0.448	0.004144198726862669	0.0032593468204140663	0.0017335080774500966	0.00267072138376534	0.00032425959943793714	0.0004632677009794861	0.0002189306542277336	0.0058621251955628395	0.04310157522559166	0.0015874578384682536
0.448	0.512	0.0043311892077326775	0.003352111903950572	0.0017595724202692509	0.002576504833996296	0.00032425959943793714	0.0004117020289413631	0.00021254945022519678	0.0058621251955628395	0.03777780011296272	0.0015332666225731373
0.512	0.576	0.00436278386041522	0.0034159105271101	0.0019125865073874593	0.002576504833996296	0.0003502181498333812	0.000368487584637478	0.00021254945022519678	0.0058621251955628395	0.03777780011296272	0.0015332666225731373
