onset	offset	Alarm_bell_ringing	Blender	Cat	Dishes	Dog	Electric_shaver_toothbrush	Frying	Running_water	Speech	Vacuum_cleaner
0.0	0.064	0.986984133720398	0.0006350771291181445	0.0037048268131911755	0.00883702002465725	0.00200071232393384	0.0004904946545138955	0.0012327325530350208	0.0037080722395330667	0.0059992121532559395	0.003640218172222376
0.064	0.128	0.986984133720398	0.0006350771291181445	0.0037048268131911755	0.00883702002465725	0.00204734830185771	0.0004635035584215075	0.0012327325530350208	0.0037080722395330667	0.0059992121532559395	0.003640218172222376
0.128	0.192	0.9920706152915955	0.0006350771291181445	0.003215719945728779	0.004707523621618748	0.0020511806942522526	0.0004635035584215075	0.0006197423790581524	0.0028983389493077993	0.0059992121532559395	0.0017741067567840219
0.192	0.256	0.9920706152915955	0.0006350771291181445	0.002544974209740758	0.004707523621618748	0.0020511806942522526	0.00041987973963841796	0.00056550552835688	0.002145482925698161	0.0059992121532559395	0.0015817981911823153
0.256	0.32	0.9920706152915955	0.0006350771291181445	0.002063867636024952	0.004707523621618748	0.00204734830185771	0.0002835430786944926	0.00056550552835688	0.0017784415977075696	0.0059992121532559395	0.0015817981911823153
0.32	0.384	0.9920706152915955	0.0009428432094864547	0.0015006319154053926	0.004707523621618748	0.00204734830185771	0.00014113397628534585	0.00056550552835688	0.001715134596452117	0.0059056892059743404	0.001500591984950006
0.384	0.448	0.9840055704116821	0.0009428432094864547	0.001243576523847878	0.004403627943247557	0.00204734830185771	0.0001111077144742012	0.000389025459298864	0.0016766382614150643	0.0059056892059743404	0.0012579448521137238
0.448	0.512	0.9751102328300476	0.0009428432094864547	0.0011227470822632313	0.004403627943247557	0.0018390014301985502	7.835318683646619e-05	0.000389025459298864	0.0012745684944093227	0.0059056892059743404	0.0013128614518791437
0.512	0.576	0.969854474067688	0.0009428432094864547	0.0009037253330461681	0.004403627943247557	0.0013113917084410787	5.9957648772979155e-05	0.000389025459298864	0.0009364073048345745	0.0046089813113212585	0.0013676012167707086
