onset	offset	Alarm_bell_ringing	Blender	Cat	Dishes	Dog	Electric_shaver_toothbrush	Frying	Running_water	Speech	Vacuum_cleaner
0.0	0.064	0.12945015728473663	0.0025841270107775927	0.003178361104801297	0.008683526888489723	0.0031466970685869455	0.0050695352256298065	0.044529277831315994	0.012140928767621517	0.13645067811012268	0.0060381339862942696
0.064	0.128	0.12945015728473663	0.0025841270107775927	0.003178361104801297	0.008503688499331474	0.0031466970685869455	0.0050695352256298065	0.04244387894868851	0.011733658611774445	0.13645067811012268	0.0060381339862942696
0.128	0.192	0.15985432267189026	0.002384231425821781	0.009393765591084957	0.008503688499331474	0.0031466970685869455	0.005197818856686354	0.04244387894868851	0.011733658611774445	0.1866069734096527	0.005529067944735289
0.192	0.256	0.15985432267189026	0.0013779917499050498	0.014853800646960735	0.008379450999200344	0.0032116109505295753	0.005197818856686354	0.04244387894868851	0.008875967934727669	0.26761654019355774	0.004167918581515551
0.256	0.32	0.15985432267189026	0.0011164777679368854	0.014853800646960735	0.006329384166747332	0.003324557328596711	0.005197818856686354	0.040348395705223083	0.005849999375641346	0.3596809208393097	0.003781180363148451
0.32	0.384	0.15985432267189026	0.0010150728048756719	0.014853800646960735	0.004901445470750332	0.00381930242292583	0.005197818856686354	0.04018794000148773	0.005523114465177059	0.44653382897377014	0.003651645500212908
0.384	0.448	0.10960046947002411	0.0008707352681085467	0.014853800646960735	0.004186955280601978	0.005459504667669535	0.003989632241427898	0.037282731384038925	0.004726143553853035	0.500252366065979	0.0034724671859294176
0.448	0.512	0.10960046947002411	0.0007687931647524238	0.011966424994170666	0.004186955280601978	0.005459504667669535	0.003589560277760029	0.0356609970331192	0.004485713317990303	0.5405247807502747	0.0033352533355355263
0.512	0.576	0.10960046947002411	0.0007687931647524238	0.011966424994170666	0.004186955280601978	0.005459504667669535	0.003589560277760029	0.0356609970331192	0.0039218454621732235	0.5725176930427551	0.0033352533355355263
