onset	offset	Alarm_bell_ringing	Blender	Cat	Dishes	Dog	Electric_shaver_toothbrush	Frying	Running_water	Speech	Vacuum_cleaner
0.0	0.064	0.0004526824632193893	0.0002516451058909297	0.0002582601737231016	0.002643668558448553	0.0006467390339821577	0.0003708545700646937	0.08401084691286087	0.0014650012599304318	0.00552405184134841	0.00021636512246914208
0.064	0.128	0.0004526824632193893	0.0002623718755785376	0.0002582601737231016	0.002643668558448553	0.0006499422597698867	0.0003708545700646937	0.0918077751994133	0.0015682843513786793	0.006185546517372131	0.00021636512246914208
0.128	0.192	0.0004526824632193893	0.00028002055478282273	0.0002582601737231016	0.002643668558448553	0.0006823799340054393	0.0004306740884203464	0.10509616136550903	0.0015682843513786793	0.006185546517372131	0.00018467323388904333
0.192	0.256	0.0004526824632193893	0.00028002055478282273	0.0002582601737231016	0.002643668558448553	0.0006823799340054393	0.0004306740884203464	0.10509616136550903	0.0016450375551357865	0.006399796810001135	0.00016417840379290283
0.256	0.32	0.0004526824632193893	0.00028002055478282273	0.0002582601737231016	0.002643668558448553	0.0006823799340054393	0.0004306740884203464	0.10509616136550903	0.0018654417945072055	0.007903514429926872	0.00015256786718964577
0.32	0.384	0.0005093581858091056	0.00029826341778971255	0.0002632016548886895	0.0027016783133149147	0.0007549648289568722	0.00044572565820999444	0.10614461451768875	0.0021284574177116156	0.011126750148832798	0.00013871706323698163
0.384	0.448	0.0005441217799670994	0.0003268705040682107	0.0002940090198535472	0.003224258543923497	0.0008078407263383269	0.0004591535544022918	0.1106012687087059	0.0024122188333421946	0.018083931878209114	0.00013871706323698163
0.448	0.512	0.0006233348394744098	0.00036882355925627053	0.0003318178351037204	0.00424611521884799	0.0009590883273631334	0.0004748907231260091	0.11689982563257217	0.0031319493427872658	0.03397839516401291	0.00013871706323698163
0.512	0.576	0.0008806813275441527	0.0004622229898814112	0.0004095713666174561	0.006876127328723669	0.0013948347186669707	0.0005114178056828678	0.13011303544044495	0.004434897564351559	0.09276488423347473	0.00013871706323698163
