onset	offset	Alarm_bell_ringing	Blender	Cat	Dishes	Dog	Electric_shaver_toothbrush	Frying	Running_water	Speech	Vacuum_cleaner
0.0	0.064	0.9747568368911743	0.0008538560359738767	0.0031428197398781776	0.006175778340548277	0.0024602508638054132	0.0019795068074017763	0.0007506354595534503	0.0034482614137232304	0.0068617272190749645	0.0007761798333376646
0.064	0.128	0.9747568368911743	0.0008538560359738767	0.0031428197398781776	0.006175778340548277	0.0024602508638054132	0.0019795068074017763	0.0007506354595534503	0.0034482614137232304	0.0068617272190749645	0.0007761798333376646
0.128	0.192	0.9885563254356384	0.0007602456025779247	0.0027949281502515078	0.0037309988401830196	0.0022084496449679136	0.0015241715591400862	0.0006620815838687122	0.0028099941555410624	0.006084199529141188	0.000422104902099818
0.192	0.256	0.992525577545166	0.0007479070918634534	0.002776582958176732	0.002362001221626997	0.0020555583760142326	0.001191384857520461	0.0005259740282781422	0.0027700604405254126	0.005689734127372503	0.0002809865109156817
0.256	0.32	0.9934108853340149	0.0007447397219948471	0.0027216789312660694	0.0019026941154152155	0.0017922634724527597	0.0009617122123017907	0.00046700669918209314	0.002709226682782173	0.005381611175835133	0.00024528714129701257
0.32	0.384	0.9934108853340149	0.0007331350352615118	0.0027207962702959776	0.0016728203045204282	0.001635618507862091	0.0008496106020174921	0.00044502297532744706	0.0025541854556649923	0.00517240772023797	0.0002332819567527622
0.384	0.448	0.9934108853340149	0.0007295286632142961	0.0027013265062123537	0.0015365303261205554	0.001635618507862091	0.0007899047341197729	0.0004320369625929743	0.0024216542951762676	0.00517240772023797	0.00022311790962703526
0.448	0.512	0.9934108853340149	0.0007295286632142961	0.0024944962933659554	0.0014408365823328495	0.001635618507862091	0.0007841520709916949	0.0004225334560032934	0.002279101638123393	0.00517240772023797	0.00021309488511178643
0.512	0.576	0.9928848147392273	0.0007043166551738977	0.002171075437217951	0.0013501567300409079	0.001635618507862091	0.0007841520709916949	0.0004105932603124529	0.0021048979833722115	0.00517240772023797	0.00020580145064741373
