onset	offset	Alarm_bell_ringing	Blender	Cat	Dishes	Dog	Electric_shaver_toothbrush	Frying	Running_water	Speech	Vacuum_cleaner
0.0	0.064	0.0030130664817988873	0.0009505864582024515	0.0011912981281057	0.0026238607242703438	0.0015615380834788084	0.9863587021827698	0.00275400816462934	0.002797640860080719	0.00392376072704792	0.004105268977582455
0.064	0.128	0.0030130664817988873	0.0009505864582024515	0.0012221391079947352	0.0026238607242703438	0.0015615380834788084	0.9863587021827698	0.00275400816462934	0.002797640860080719	0.00392376072704792	0.004105268977582455
0.128	0.192	0.0026359278708696365	0.0007052315049804747	0.0012221391079947352	0.0021165835205465555	0.0012111703399568796	0.9893565773963928	0.0022548639681190252	0.002669359091669321	0.00392376072704792	0.003033272223547101
0.192	0.256	0.002406897023320198	0.0006048381910659373	0.0011912981281057	0.0017802573274821043	0.0010276712710037827	0.9903428554534912	0.001920144772157073	0.002483102260157466	0.00392376072704792	0.0023255175910890102
0.256	0.32	0.0023673083633184433	0.0005523430882021785	0.001153901917859912	0.0015765122370794415	0.001016315189190209	0.9906139373779297	0.00172658811789006	0.002333262702450156	0.00392376072704792	0.0019499830668792129
0.32	0.384	0.002184853656217456	0.0004913013544864953	0.0011313888244330883	0.0013899952173233032	0.0010030776029452682	0.9906139373779297	0.001544040977023542	0.0021847309544682503	0.003925415687263012	0.0016863468335941434
0.384	0.448	0.0018714542966336012	0.00045731267891824245	0.0010413303971290588	0.0012684448156505823	0.0009193009464070201	0.9906139373779297	0.0014247476356104016	0.0020798775367438793	0.00396756362169981	0.0015261574881151319
0.448	0.512	0.0016252355417236686	0.0004416577285155654	0.0010091863805428147	0.0011865573469549417	0.0008341279462911189	0.9906139373779297	0.0013412211555987597	0.002021563472226262	0.0040567186661064625	0.0014150375500321388
0.512	0.576	0.0015026467153802514	0.0004310318036004901	0.0009933714754879475	0.001118547865189612	0.0007864426006563008	0.9905753135681152	0.0012720579979941249	0.0019889059476554394	0.004153805319219828	0.0013253770302981138
