onset	offset	Alarm_bell_ringing	Blender	Cat	Dishes	Dog	Electric_shaver_toothbrush	Frying	Running_water	Speech	Vacuum_cleaner
0.0	0.064	0.011962168850004673	0.00801082979887724	0.006808253936469555	0.02145816758275032	0.011435285210609436	0.009533978067338467	0.16451995074748993	0.012311410158872604	0.9809204339981079	0.009207647293806076
0.064	0.128	0.011962168850004673	0.00801082979887724	0.006808253936469555	0.02145816758275032	0.011435285210609436	0.009533978067338467	0.1608516126871109	0.012311410158872604	0.9809204339981079	0.009207647293806076
0.128	0.192	0.010195562615990639	0.00675597507506609	0.006808253936469555	0.02145816758275032	0.011296303942799568	0.00836504902690649	0.16436991095542908	0.0113083366304636	0.980168342590332	0.00876634567975998
0.192	0.256	0.009990326128900051	0.005528945010155439	0.006808253936469555	0.02145816758275032	0.010178887285292149	0.007438839878886938	0.16436991095542908	0.009700167924165726	0.980168342590332	0.008203254081308842
0.256	0.32	0.00992080569267273	0.004313229117542505	0.006414877716451883	0.02145816758275032	0.009120744653046131	0.0068025426007807255	0.16436991095542908	0.008823598735034466	0.980168342590332	0.008047482930123806
0.32	0.384	0.009345553815364838	0.0029735476709902287	0.0062377117574214935	0.02252412587404251	0.00804258231073618	0.006121683865785599	0.16451995074748993	0.007590483408421278	0.9775007963180542	0.008016064763069153
0.384	0.448	0.009345553815364838	0.0029735476709902287	0.0062377117574214935	0.02257276326417923	0.007164253853261471	0.005792733747512102	0.17072536051273346	0.007590483408421278	0.9775007963180542	0.008009788580238819
0.448	0.512	0.009345553815364838	0.0029735476709902287	0.006414877716451883	0.023069020360708237	0.007164253853261471	0.005720073822885752	0.17681929469108582	0.007590483408421278	0.9775007963180542	0.00789320096373558
0.512	0.576	0.009345553815364838	0.0029735476709902287	0.006489241030067205	0.024205775931477547	0.007164253853261471	0.005556637421250343	0.1945233792066574	0.007590483408421278	0.9775007963180542	0.00766364810988307
