onset	offset	Alarm_bell_ringing	Blender	Cat	Dishes	Dog	Electric_shaver_toothbrush	Frying	Running_water	Speech	Vacuum_cleaner
0.0	0.064	0.008951971307396889	0.0027155792340636253	0.0028351813089102507	0.02352313883602619	0.021256130188703537	0.000913052586838603	0.13440480828285217	0.023402350023388863	0.989180326461792	0.0019683411810547113
0.064	0.128	0.008951971307396889	0.0027155792340636253	0.0028351813089102507	0.02352313883602619	0.019412657245993614	0.000913052586838603	0.13440480828285217	0.023402350023388863	0.989180326461792	0.0019683411810547113
0.128	0.192	0.00914099533110857	0.0021501786541193724	0.0025809728540480137	0.021487543359398842	0.019412657245993614	0.0008561183931306005	0.15607839822769165	0.018949586898088455	0.990054726600647	0.0016922992654144764
0.192	0.256	0.008951971307396889	0.0016665887087583542	0.0025444345083087683	0.020202137529850006	0.015943560749292374	0.0008134697563946247	0.16198213398456573	0.014634368009865284	0.9908679723739624	0.0013576779747381806
0.256	0.32	0.008895713835954666	0.0011079172836616635	0.0023690490052103996	0.016948716714978218	0.008285879157483578	0.0007639118703082204	0.1659572571516037	0.012487088330090046	0.9908679723739624	0.0009822765132412314
0.32	0.384	0.008816719986498356	0.0008718576864339411	0.0022502022329717875	0.01602921448647976	0.006661057472229004	0.0006750896573066711	0.1677916944026947	0.012345979921519756	0.9908679723739624	0.0009819575352594256
0.384	0.448	0.00852207001298666	0.0008718576864339411	0.002036628546193242	0.015271665528416634	0.006525698117911816	0.0006221552030183375	0.17253997921943665	0.012194552458822727	0.9908679723739624	0.0009819575352594256
0.448	0.512	0.00820336677134037	0.0008578361012041569	0.001992671750485897	0.014557787217199802	0.00640861364081502	0.0005738780600950122	0.18208390474319458	0.012097763828933239	0.9903843402862549	0.0009770776377990842
0.512	0.576	0.007806893903762102	0.0008566590258851647	0.001988548319786787	0.014310323633253574	0.0059451572597026825	0.0005380089860409498	0.18208390474319458	0.011996516957879066	0.9895094633102417	0.0009767578449100256
