onset	offset	Alarm_bell_ringing	Blender	Cat	Dishes	Dog	Electric_shaver_toothbrush	Frying	Running_water	Speech	Vacuum_cleaner
0.0	0.064	0.0003977047454100102	0.2652776539325714	0.0019983085803687572	0.0033844471909105778	0.002420133212581277	0.0017226574709638953	0.0005454460624605417	0.0012831753119826317	0.2461516559123993	0.0011211202945560217
0.064	0.128	0.0003977047454100102	0.2652776539325714	0.0019337619887664914	0.0030671791173517704	0.0023052480537444353	0.0017226574709638953	0.0005454460624605417	0.0012831753119826317	0.21972540020942688	0.0011211202945560217
0.128	0.192	0.00034404834150336683	0.29979407787323	0.0019337619887664914	0.0030671791173517704	0.0023052480537444353	0.001652946462854743	0.0005367279518395662	0.0011562835425138474	0.17089873552322388	0.0011211202945560217
0.192	0.256	0.00034404834150336683	0.32503974437713623	0.0019337619887664914	0.0030671791173517704	0.002003701403737068	0.001396611100062728	0.000430716376286	0.0011562835425138474	0.17089873552322388	0.0011211202945560217
0.256	0.32	0.00034404834150336683	0.34040170907974243	0.0019983085803687572	0.0030671791173517704	0.002003701403737068	0.001396611100062728	0.0004160359385423362	0.0011562835425138474	0.10802068561315536	0.0011211202945560217
0.32	0.384	0.00034404834150336683	0.5503732562065125	0.00161922094412148	0.0030671791173517704	0.002003701403737068	0.0011816617334261537	0.00036695809103548527	0.0011562835425138474	0.0932188555598259	0.001566832303069532
0.384	0.448	0.0004226367746014148	0.8796468377113342	0.0012864315649494529	0.0026079188100993633	0.0018360345857217908	0.0011608662316575646	0.00036693658330477774	0.001518050441518426	0.08655431121587753	0.0034003446344286203
0.448	0.512	0.00046845065662637353	0.9799240827560425	0.0012813281500712037	0.0021334481425583363	0.0018057876732200384	0.0009163643117062747	0.0003157573228236288	0.001518050441518426	0.08234541863203049	0.0034003446344286203
0.512	0.576	0.00046845065662637353	0.992365300655365	0.0012813281500712037	0.0021334481425583363	0.0018057876732200384	0.0009163643117062747	0.0002880871179513633	0.001518050441518426	0.06610133498907089	0.0034003446344286203
