onset	offset	Alarm_bell_ringing	Blender	Cat	Dishes	Dog	Electric_shaver_toothbrush	Frying	Running_water	Speech	Vacuum_cleaner
0.0	0.064	0.0020359510090202093	0.0009337113006040454	0.8452391624450684	0.009929164312779903	0.0143662104383111	0.0009711541351862252	0.0008309289696626365	0.005198006052523851	0.014374556951224804	0.0030643404461443424
0.064	0.128	0.0020359510090202093	0.0009238547063432634	0.8452391624450684	0.009929164312779903	0.0143662104383111	0.0009711541351862252	0.0008309289696626365	0.005198006052523851	0.014374556951224804	0.0029261724557727575
0.128	0.192	0.0018868715269491076	0.0009238547063432634	0.8201814889907837	0.0063049024902284145	0.012258781120181084	0.0008399295620620251	0.0006251407903619111	0.003916130866855383	0.01061295811086893	0.0029261724557727575
0.192	0.256	0.0016911637503653765	0.0007376854191534221	0.5413265228271484	0.003755181562155485	0.0143662104383111	0.0008108465699478984	0.0003628295089583844	0.0033019152469933033	0.01061295811086893	0.0029261724557727575
0.256	0.32	0.0008395483018830419	0.0007376854191534221	0.43860286474227905	0.0023150271736085415	0.016891712322831154	0.0004951152950525284	0.00021676984033547342	0.002445969497784972	0.01061295811086893	0.0030643404461443424
0.32	0.384	0.0005017321091145277	0.0007376854191534221	0.43860286474227905	0.002291817683726549	0.019339008256793022	0.0004366098146419972	0.00021676984033547342	0.002445969497784972	0.01061295811086893	0.0037892821710556746
0.384	0.448	0.0005017321091145277	0.0007376854191534221	0.43860286474227905	0.002291817683726549	0.03896796330809593	0.0004081337829120457	0.00021676984033547342	0.002445969497784972	0.013904361054301262	0.004465432371944189
0.448	0.512	0.0005017321091145277	0.0008522271527908742	0.43860286474227905	0.002291817683726549	0.08285479247570038	0.0004081337829120457	0.00021676984033547342	0.002445969497784972	0.019911659881472588	0.004465432371944189
0.512	0.576	0.0005017321091145277	0.0009445394389331341	0.5010934472084045	0.0023150271736085415	0.08342891931533813	0.0004081337829120457	0.0002417925716144964	0.0024559374433010817	0.02395150065422058	0.004465432371944189
