onset	offset	Alarm_bell_ringing	Blender	Cat	Dishes	Dog	Electric_shaver_toothbrush	Frying	Running_water	Speech	Vacuum_cleaner
0.0	0.064	0.008604598231613636	0.00376932043582201	0.890455961227417	0.016774948686361313	0.014827650971710682	0.0035062411334365606	0.0029658630955964327	0.003396181156858802	0.06257592141628265	0.0018586808582767844
0.064	0.128	0.008604598231613636	0.00376932043582201	0.8789862394332886	0.016774948686361313	0.014827650971710682	0.0035062411334365606	0.003189005423337221	0.003396181156858802	0.06257592141628265	0.0018586808582767844
0.128	0.192	0.009713388048112392	0.004060596693307161	0.8534525632858276	0.016371766105294228	0.01683133654296398	0.003195426659658551	0.0037270360626280308	0.002818432403728366	0.0614464171230793	0.0016970183933153749
0.192	0.256	0.009713388048112392	0.0046395002864301205	0.8534525632858276	0.015430991537868977	0.0223404448479414	0.003042974742129445	0.003708533477038145	0.0023832472506910563	0.0606352835893631	0.0016614263877272606
0.256	0.32	0.009713388048112392	0.0046395002864301205	0.8534525632858276	0.014544501900672913	0.03206200152635574	0.00288180960342288	0.0034404948819428682	0.002135467017069459	0.05954362452030182	0.001625887118279934
0.32	0.384	0.009713388048112392	0.0046395002864301205	0.8214465379714966	0.014418292790651321	0.039830807596445084	0.002734790090471506	0.0034404948819428682	0.002135467017069459	0.05663587898015976	0.0015068377833813429
0.384	0.448	0.009560415521264076	0.0046395002864301205	0.7278094291687012	0.014418292790651321	0.039830807596445084	0.0026942663826048374	0.0034404948819428682	0.002073718700557947	0.05131339654326439	0.0014585575554519892
0.448	0.512	0.006082144565880299	0.0042705717496573925	0.531306803226471	0.014418292790651321	0.039830807596445084	0.002092764712870121	0.0034404948819428682	0.0018448655027896166	0.045646995306015015	0.0012339659733697772
0.512	0.576	0.005427004769444466	0.001950452453456819	0.20723587274551392	0.014418292790651321	0.039830807596445084	0.0013946958351880312	0.0028979929629713297	0.0017694084672257304	0.043888550251722336	0.0005933676147833467
