onset	offset	Alarm_bell_ringing	Blender	Cat	Dishes	Dog	Electric_shaver_toothbrush	Frying	Running_water	Speech	Vacuum_cleaner
0.0	0.064	0.0001477774349041283	0.0006609156262129545	0.00025259293033741415	0.007444319315254688	0.00019558702479116619	0.0001092364764190279	0.006645228248089552	0.0007623592391610146	0.006519953720271587	0.00029591761995106936
0.064	0.128	0.0001477774349041283	0.0006609156262129545	0.00025259293033741415	0.007444319315254688	0.00019806009368039668	0.0001092364764190279	0.006064191926270723	0.0007372458348982036	0.005914255976676941	0.00029591761995106936
0.128	0.192	0.00013565304107032716	0.0006078085280023515	0.000224760064156726	0.006066816858947277	0.00020690799283329397	0.0001092364764190279	0.006064191926270723	0.0007372458348982036	0.005914255976676941	0.00024341449898201972
0.192	0.256	0.00013454195868689567	0.0005132527439855039	0.00020012259483337402	0.004601178225129843	0.00020690799283329397	0.00010757633572211489	0.00514977565035224	0.000651638547424227	0.005914255976676941	0.00022555759642273188
0.256	0.32	0.00011091102351201698	0.0004111033631488681	0.00016663338465150446	0.0034479384776204824	0.00020690799283329397	0.00010373692202847451	0.0035158840473741293	0.0005027589504607022	0.005914255976676941	0.000208676079637371
0.32	0.384	0.00011091102351201698	0.00034038780722767115	0.00016663338465150446	0.0034479384776204824	0.00021485290199052542	0.00010756783012766391	0.0022016954608261585	0.0003029046638403088	0.006037667393684387	0.0001961746165761724
0.384	0.448	0.00011091102351201698	0.00034038780722767115	0.00016663338465150446	0.0034479384776204824	0.00022646502475254238	0.00010756783012766391	0.0017675950657576323	0.0003029046638403088	0.006037667393684387	0.00016608231817372143
0.448	0.512	0.00011091102351201698	0.00034038780722767115	0.00016663338465150446	0.0034479384776204824	0.0002456283546052873	0.00010756783012766391	0.001454887562431395	0.0003029046638403088	0.007956964895129204	0.00013487221440300345
0.512	0.576	0.00011389169230824336	0.00034038780722767115	0.0001865493832156062	0.004365916829556227	0.00028391394880600274	0.00010756783012766391	0.001454887562431395	0.0003029046638403088	0.026794426143169403	0.00013442822091747075
