onset	offset	Alarm_bell_ringing	Blender	Cat	Dishes	Dog	Electric_shaver_toothbrush	Frying	Running_water	Speech	Vacuum_cleaner
0.0	0.064	0.0014300972688943148	0.0012339144013822079	0.005762412212789059	0.0032651610672473907	0.018023785203695297	0.0005767815746366978	0.0007413020357489586	0.00923929549753666	0.031716156750917435	0.002734985202550888
0.064	0.128	0.0014300972688943148	0.0012339144013822079	0.006871670950204134	0.0032651610672473907	0.025508364662528038	0.0006183977238833904	0.0007413020357489586	0.00923929549753666	0.031716156750917435	0.002734985202550888
0.128	0.192	0.0011287195375189185	0.001020649098791182	0.006871670950204134	0.002825283445417881	0.027864528819918633	0.0006239893264137208	0.0007684683077968657	0.008707637898623943	0.042329251766204834	0.0027941123116761446
0.192	0.256	0.0011135886888951063	0.000947066699154675	0.00816246960312128	0.0027102124877274036	0.027864528819918633	0.0006183977238833904	0.0007413020357489586	0.008618312887847424	0.05018053203821182	0.0027941123116761446
0.256	0.32	0.0010907509131357074	0.0009341612458229065	0.008864087052643299	0.002707310253754258	0.03318735957145691	0.0005891855107620358	0.0007330609951168299	0.008444208651781082	0.05018053203821182	0.0027941123116761446
0.32	0.384	0.001030191546306014	0.0009316324722021818	0.008864087052643299	0.0024732323363423347	0.03318735957145691	0.0005891855107620358	0.0007306147599592805	0.00838741846382618	0.05018053203821182	0.0027941123116761446
0.384	0.448	0.0010005811927840114	0.0008905571303330362	0.008864087052643299	0.0022239137906581163	0.03318735957145691	0.0005891855107620358	0.0006731100147590041	0.008191972970962524	0.05018053203821182	0.0027027232572436333
0.448	0.512	0.0008557505789212883	0.0006343892891891301	0.008864087052643299	0.001802983577363193	0.03318735957145691	0.0004901840584352612	0.0006206849357113242	0.007826996967196465	0.042693130671978	0.0023620259016752243
0.512	0.576	0.0007462017238140106	0.0005603728350251913	0.006866889540106058	0.0014941116096451879	0.01318925991654396	0.00034726783633232117	0.000565153663046658	0.007030002772808075	0.02741916850209236	0.0020202728919684887
