onset	offset	Alarm_bell_ringing	Blender	Cat	Dishes	Dog	Electric_shaver_toothbrush	Frying	Running_water	Speech	Vacuum_cleaner
0.0	0.064	0.002584183821454644	0.002910082694143057	0.005692426580935717	0.023287465795874596	0.7753996253013611	0.001700965454801917	0.0016648640157654881	0.004322247579693794	0.09300310909748077	0.0028860659804195166
0.064	0.128	0.002584183821454644	0.003087877295911312	0.005692426580935717	0.023287465795874596	0.7753996253013611	0.001700965454801917	0.0019520452478900552	0.004322247579693794	0.09300310909748077	0.0028860659804195166
0.128	0.192	0.0030886728782206774	0.0031230649910867214	0.008645664900541306	0.018661851063370705	0.8837119340896606	0.0014639851870015264	0.0019520452478900552	0.005190427415072918	0.09300310909748077	0.0026614542584866285
0.192	0.256	0.0030886728782206774	0.0031230649910867214	0.014428447932004929	0.01513171661645174	0.9344117045402527	0.0011710196267813444	0.002015188802033663	0.005422636400908232	0.0936877429485321	0.0022782061714679003
0.256	0.32	0.0030886728782206774	0.0031230649910867214	0.014428447932004929	0.012756641022861004	0.9553964138031006	0.0011281982297077775	0.002015188802033663	0.0055817193351686	0.10832424461841583	0.0019100896315649152
0.32	0.384	0.0036638302262872458	0.00319445482455194	0.014428447932004929	0.012540945783257484	0.9662573933601379	0.0009479467989876866	0.002015188802033663	0.0059252637438476086	0.11556823551654816	0.0015313245821744204
0.384	0.448	0.0037023122422397137	0.003211095230653882	0.014428447932004929	0.01230749674141407	0.9732710123062134	0.000910528760869056	0.002015188802033663	0.0059252637438476086	0.11076346039772034	0.0011572333751246333
0.448	0.512	0.0038172367494553328	0.0032487078569829464	0.013614814728498459	0.012256378307938576	0.975408673286438	0.000910528760869056	0.001558646559715271	0.0059252637438476086	0.11076346039772034	0.0009859857382252812
0.512	0.576	0.0038172367494553328	0.0036648171953856945	0.01270125899463892	0.012176902033388615	0.9786555767059326	0.000910528760869056	0.0013338851276785135	0.0059252637438476086	0.11076346039772034	0.0009712410974316299
