onset	offset	Alarm_bell_ringing	Blender	Cat	Dishes	Dog	Electric_shaver_toothbrush	Frying	Running_water	Speech	Vacuum_cleaner
0.0	0.064	0.0031560955103486776	0.033109065145254135	0.007982993498444557	0.12041563540697098	0.017747342586517334	0.0015963802579790354	0.002062456915155053	0.013057984411716461	0.2601765990257263	0.0012014793464913964
0.064	0.128	0.0031560955103486776	0.033109065145254135	0.007982993498444557	0.12041563540697098	0.017747342586517334	0.0015963802579790354	0.002062456915155053	0.013057984411716461	0.2601765990257263	0.0012014793464913964
0.128	0.192	0.0027087461203336716	0.033109065145254135	0.007483466994017363	0.08989080041646957	0.024036789312958717	0.001359565183520317	0.002000554231926799	0.013057984411716461	0.32828226685523987	0.001146004069596529
0.192	0.256	0.0020014457404613495	0.033109065145254135	0.007140455301851034	0.08989080041646957	0.024036789312958717	0.0011827023699879646	0.0019160358933731914	0.013057984411716461	0.32828226685523987	0.0010759466094896197
0.256	0.32	0.0014383969828486443	0.033109065145254135	0.006946508307009935	0.08989080041646957	0.024036789312958717	0.0011796874459832907	0.0017246691277250648	0.012689306400716305	0.32828226685523987	0.0009507486247457564
0.32	0.384	0.0010035430314019322	0.019704872742295265	0.005851163994520903	0.05574847012758255	0.024036789312958717	0.0008240485331043601	0.00138228724244982	0.011737164109945297	0.32828226685523987	0.0009180570486932993
0.384	0.448	0.0009420584538020194	0.010742486454546452	0.00393260270357132	0.02914191223680973	0.01598857156932354	0.0006833430961705744	0.001066342811100185	0.008852696046233177	0.24341054260730743	0.0009076538844965398
0.448	0.512	0.0008722490747459233	0.00754545908421278	0.0029518844094127417	0.016528818756341934	0.008964252658188343	0.0006601567729376256	0.0009197788313031197	0.006870323792099953	0.15903495252132416	0.0008601847803220153
0.512	0.576	0.0008722490747459233	0.005538483150303364	0.0029518844094127417	0.01156348455697298	0.006566712632775307	0.0006601567729376256	0.0008683544001542032	0.0047391252592206	0.09698554873466492	0.0007841293700039387
