onset	offset	Alarm_bell_ringing	Blender	Cat	Dishes	Dog	Electric_shaver_toothbrush	Frying	Running_water	Speech	Vacuum_cleaner
0.0	0.064	0.002170413499698043	0.005453411024063826	0.0030698163900524378	0.0014958766987547278	0.0024507432244718075	0.004677105229347944	0.002107251901179552	0.04575103893876076	0.009666559286415577	0.7529007196426392
0.064	0.128	0.002170413499698043	0.005453411024063826	0.0030698163900524378	0.0014958766987547278	0.0024507432244718075	0.004677105229347944	0.002107251901179552	0.04575103893876076	0.009666559286415577	0.7529007196426392
0.128	0.192	0.0016231030458584428	0.00510761421173811	0.0026564658619463444	0.0013050721026957035	0.0024507432244718075	0.004590262658894062	0.00148216902744025	0.043898072093725204	0.008783421479165554	0.7691221237182617
0.192	0.256	0.0012260274961590767	0.004477044567465782	0.002635682001709938	0.0012515527196228504	0.0024507432244718075	0.004156988114118576	0.0013858395395800471	0.04575103893876076	0.007522900123149157	0.7897899150848389
0.256	0.32	0.0008632364333607256	0.0038041367661207914	0.0025568350683897734	0.0011310315458104014	0.0024507432244718075	0.003378507914021611	0.0012990556424483657	0.04820087552070618	0.00691105704754591	0.791496992111206
0.32	0.384	0.0007206120644696057	0.003117735730484128	0.0025556886103004217	0.0011270681861788034	0.0025267594028264284	0.0029439041391015053	0.0011836286867037416	0.048553530126810074	0.00691105704754591	0.791496992111206
0.384	0.448	0.0007206120644696057	0.0028615829069167376	0.002543916692957282	0.0011270681861788034	0.0027013225480914116	0.0027268894482403994	0.001165678258985281	0.048553530126810074	0.00691105704754591	0.791496992111206
0.448	0.512	0.0007206120644696057	0.0028615829069167376	0.0025328395422548056	0.0011270681861788034	0.0027121659368276596	0.0026323599740862846	0.0011563237057998776	0.05179127678275108	0.00691105704754591	0.7897899150848389
0.512	0.576	0.0007206120644696057	0.0028615829069167376	0.0025328395422548056	0.0011310315458104014	0.0027606545481830835	0.002570139477029443	0.0011532617500051856	0.05354270711541176	0.007075959350913763	0.7879217863082886
