onset	offset	Alarm_bell_ringing	Blender	Cat	Dishes	Dog	Electric_shaver_toothbrush	Frying	Running_water	Speech	Vacuum_cleaner
0.0	0.064	0.0018770170863717794	0.0005394601030275226	0.0017984880832955241	0.0021246112883090973	0.006787524092942476	0.0002685552753973752	0.021873798221349716	0.2901850640773773	0.004385993350297213	0.013213773258030415
0.064	0.128	0.0018770170863717794	0.0005418515065684915	0.0017984880832955241	0.0021246112883090973	0.006787524092942476	0.0002685552753973752	0.021873798221349716	0.2901850640773773	0.004385993350297213	0.013213773258030415
0.128	0.192	0.0012054179096594453	0.0005721587222069502	0.0015811747871339321	0.0017163605662062764	0.006787524092942476	0.00025131661095656455	0.020159875974059105	0.2929346263408661	0.004385993350297213	0.012663489207625389
0.192	0.256	0.000879587372764945	0.000569136522244662	0.0015811747871339321	0.0014428762951865792	0.006787524092942476	0.00025131661095656455	0.020159875974059105	0.3383457660675049	0.0043598683550953865	0.012663489207625389
0.256	0.32	0.0007514871540479362	0.0005418515065684915	0.0015811747871339321	0.0014051487669348717	0.006787524092942476	0.00025131661095656455	0.020159875974059105	0.376971960067749	0.004205609671771526	0.012589826248586178
0.32	0.384	0.0006845995085313916	0.0005418515065684915	0.0015811747871339321	0.0014048985904082656	0.006973621901124716	0.00025131661095656455	0.020159875974059105	0.4280849099159241	0.004026887472718954	0.012544972822070122
0.384	0.448	0.0006845995085313916	0.0005418515065684915	0.0019104486564174294	0.0014048985904082656	0.008889434859156609	0.00031225927523337305	0.021427439525723457	0.5058908462524414	0.003958495333790779	0.012544972822070122
0.448	0.512	0.0006845995085313916	0.0004798606678377837	0.00198391848243773	0.0014048985904082656	0.009745275601744652	0.000349345151335001	0.021435480564832687	0.5154378414154053	0.003942248411476612	0.012468809261918068
0.512	0.576	0.0006845995085313916	0.0003858810814563185	0.00198391848243773	0.0014051487669348717	0.009886248037219048	0.000349345151335001	0.021621081978082657	0.5154378414154053	0.003933370113372803	0.010989539325237274
