onset	offset	Alarm_bell_ringing	Blender	Cat	Dishes	Dog	Electric_shaver_toothbrush	Frying	Running_water	Speech	Vacuum_cleaner
0.0	0.064	0.0014281498733907938	0.002894674427807331	0.0007654979708604515	0.038325682282447815	0.0012813061475753784	0.004160303622484207	0.9761325716972351	0.005478790961205959	0.11069321632385254	0.0063218967989087105
0.064	0.128	0.0014281498733907938	0.002894674427807331	0.0007654979708604515	0.038325682282447815	0.0012813061475753784	0.004160303622484207	0.9761325716972351	0.005478790961205959	0.11069321632385254	0.0063218967989087105
0.128	0.192	0.0007758507272228599	0.0022116051986813545	0.0006211615982465446	0.03446321189403534	0.0012085923226550221	0.0029922157991677523	0.9818257093429565	0.00340033951215446	0.08577025681734085	0.00458710640668869
0.192	0.256	0.0005790846189484	0.0017556234961375594	0.000591275398619473	0.028158769011497498	0.0010639121755957603	0.0025112293660640717	0.9841114282608032	0.0029050051234662533	0.08577025681734085	0.0038845576345920563
0.256	0.32	0.0005544651066884398	0.0014414554461836815	0.0005811576265841722	0.028158769011497498	0.0009351696353405714	0.0021021519787609577	0.9853702783584595	0.0026281855534762144	0.08577025681734085	0.003184378147125244
0.32	0.384	0.0005544651066884398	0.0014414554461836815	0.0005811576265841722	0.028158769011497498	0.0008545959717594087	0.0018064652103930712	0.9861813187599182	0.0026055574417114258	0.08577025681734085	0.0026557734236121178
0.384	0.448	0.0005544651066884398	0.0014414554461836815	0.0005811576265841722	0.028158769011497498	0.0008437260985374451	0.001637132023461163	0.9866287708282471	0.0026055574417114258	0.10086458176374435	0.0024525835178792477
0.448	0.512	0.0005544651066884398	0.0014414554461836815	0.0005811576265841722	0.02841409482061863	0.0008437260985374451	0.0016203206032514572	0.9866287708282471	0.0026055574417114258	0.17613168060779572	0.0024525835178792477
0.512	0.576	0.0006746207945980132	0.0016561986412853003	0.0006406911998055875	0.03346191346645355	0.0008437260985374451	0.001602803822606802	0.9866287708282471	0.0026055574417114258	0.47974395751953125	0.0024525835178792477
