onset	offset	Alarm_bell_ringing	Blender	Cat	Dishes	Dog	Electric_shaver_toothbrush	Frying	Running_water	Speech	Vacuum_cleaner
0.0	0.064	0.010368196293711662	0.00022968444682192057	0.0006205125246196985	0.00112715398427099	0.0007262033177539706	9.5084571512416e-05	0.000996182905510068	0.0009203566005453467	0.002834351034834981	0.0007940312498249114
0.064	0.128	0.010368196293711662	0.00022968444682192057	0.0006317219231277704	0.00112715398427099	0.0007578423828817904	9.5084571512416e-05	0.000996182905510068	0.0009203566005453467	0.002834351034834981	0.0007940312498249114
0.128	0.192	0.010528351180255413	0.00022968444682192057	0.0006835649255663157	0.00112715398427099	0.0007596445502713323	8.767982944846153e-05	0.0007368539227172732	0.001041179639287293	0.0027390343602746725	0.0006381411221809685
0.192	0.256	0.010528351180255413	0.00022968444682192057	0.0006835649255663157	0.00112715398427099	0.0007596445502713323	8.767982944846153e-05	0.0007368539227172732	0.001041179639287293	0.0027390343602746725	0.0006381411221809685
0.256	0.32	0.010528351180255413	0.00022968444682192057	0.0006835649255663157	0.00112715398427099	0.0007596445502713323	8.767982944846153e-05	0.0007368539227172732	0.001041179639287293	0.0027390343602746725	0.0006381411221809685
0.32	0.384	0.08368480950593948	0.0003255345218349248	0.0007020760676823556	0.001926606404595077	0.0008233108092099428	8.767982944846153e-05	0.0007368539227172732	0.0014881733804941177	0.0027390343602746725	0.0006381411221809685
0.384	0.448	0.7627623081207275	0.0005424320697784424	0.0014423858374357224	0.002605175832286477	0.0015132157132029533	0.00013018454774282873	0.0007368539227172732	0.0018194459844380617	0.0027893122751265764	0.0006381411221809685
0.448	0.512	0.9629920125007629	0.0005424320697784424	0.002185873920097947	0.002605175832286477	0.0015132157132029533	0.00023009478172753006	0.0007368539227172732	0.0018194459844380617	0.0032315999269485474	0.0006381411221809685
0.512	0.576	0.9897475242614746	0.0005424320697784424	0.002185873920097947	0.002605175832286477	0.0015132157132029533	0.00023009478172753006	0.0007368539227172732	0.0018194459844380617	0.0035517853684723377	0.0006381411221809685
