onset	offset	Alarm_bell_ringing	Blender	Cat	Dishes	Dog	Electric_shaver_toothbrush	Frying	Running_water	Speech	Vacuum_cleaner
0.0	0.064	0.004748917184770107	0.0008358902996405959	0.003070484846830368	0.004995856434106827	0.0018317244248464704	0.0028702602721750736	0.007793169002979994	0.0020624108146876097	0.0023641944862902164	0.003968485165387392
0.064	0.128	0.004748917184770107	0.0008358902996405959	0.003070484846830368	0.004995856434106827	0.0018317244248464704	0.0028702602721750736	0.007793169002979994	0.0020624108146876097	0.0023641944862902164	0.003968485165387392
0.128	0.192	0.0032039799261838198	0.000633942661806941	0.002608383074402809	0.0034596684854477644	0.0016882969066500664	0.0024685501120984554	0.005729363765567541	0.0017878046492114663	0.0019801058806478977	0.0029982393607497215
0.192	0.256	0.0027256549801677465	0.0005115772364661098	0.002520972164347768	0.0029377746395766735	0.0016882969066500664	0.0023499371018260717	0.004976998548954725	0.0016705729067325592	0.0018775593489408493	0.0024409983307123184
0.256	0.32	0.002406221581622958	0.00045042805140838027	0.0025101855862885714	0.0027876081876456738	0.0016882969066500664	0.0023156593088060617	0.004510064609348774	0.0015757918590679765	0.001832784153521061	0.0021055499091744423
0.32	0.384	0.002286346396431327	0.00040862293099053204	0.0024984360206872225	0.002726937411352992	0.0016805895138531923	0.0023151030763983727	0.004132537171244621	0.001495762844569981	0.0017958020325750113	0.0018433812074363232
0.384	0.448	0.002286346396431327	0.00040862293099053204	0.0024553253315389156	0.002726937411352992	0.0016882969066500664	0.0023046997375786304	0.0038859655614942312	0.0014343815855681896	0.001755193225108087	0.001598767819814384
0.448	0.512	0.002286346396431327	0.00040862293099053204	0.002368608256801963	0.002726937411352992	0.0017368218395859003	0.002302928362041712	0.0036951713263988495	0.0013666345039382577	0.0017129316693171859	0.0014250067761167884
0.512	0.576	0.002208018908277154	0.0003762294945772737	0.002209695288911462	0.0026456962805241346	0.0017368218395859003	0.0021939894650131464	0.0035423554945737123	0.0012820623815059662	0.0016635647043585777	0.0013341455487534404
