onset	offset	Alarm_bell_ringing	Blender	Cat	Dishes	Dog	Electric_shaver_toothbrush	Frying	Running_water	Speech	Vacuum_cleaner
0.0	0.064	0.011803066357970238	0.0013410175452008843	0.0009629564010538161	0.0021168494131416082	0.001290869084186852	0.00039851709152571857	0.0006640126812271774	0.003908536396920681	0.004353671334683895	0.0017491024918854237
0.064	0.128	0.011803066357970238	0.0013410175452008843	0.0009629564010538161	0.0021168494131416082	0.001290869084186852	0.00039851709152571857	0.0006640126812271774	0.003908536396920681	0.004353671334683895	0.0017491024918854237
0.128	0.192	0.010091548785567284	0.0010620139073580503	0.0008297939784824848	0.0015187864191830158	0.0010704604210332036	0.00037995626917108893	0.0004850200784858316	0.003168895374983549	0.0034843594767153263	0.00131760083604604
0.192	0.256	0.0072244382463395596	0.0007713641389273107	0.0007904077647253871	0.001042028539814055	0.0008932268829084933	0.00036479762638919055	0.0004121707461308688	0.0022967227268964052	0.002733043860644102	0.0010649255709722638
0.256	0.32	0.00509944511577487	0.000606149376835674	0.0006985235377214849	0.0008982272702269256	0.0007798962178640068	0.00036479762638919055	0.00040807289769873023	0.0019723300356417894	0.0024586468935012817	0.0009019785211421549
0.32	0.384	0.004050984978675842	0.00047594026545993984	0.0006587888346984982	0.0008128192275762558	0.0007230692426674068	0.00036479762638919055	0.00040277576772496104	0.0017057240474969149	0.0022500085178762674	0.0007230223855003715
0.384	0.448	0.0035996176302433014	0.0004172696208115667	0.0006587888346984982	0.0007556446362286806	0.0007230692426674068	0.00036479762638919055	0.00038391019916161895	0.0016019853064790368	0.0021811644546687603	0.0006244875257834792
0.448	0.512	0.0034643583931028843	0.0004136915667913854	0.0006587888346984982	0.0007556446362286806	0.0007230692426674068	0.00036607985384762287	0.0003723546687979251	0.0015765962889418006	0.0021811644546687603	0.0005939838592894375
0.512	0.576	0.0034643583931028843	0.0004136915667913854	0.0006587888346984982	0.0007556446362286806	0.0007230692426674068	0.00037080206675454974	0.00036513424129225314	0.0015765962889418006	0.0021811644546687603	0.0005756112514063716
