onset	offset	Alarm_bell_ringing	Blender	Cat	Dishes	Dog	Electric_shaver_toothbrush	Frying	Running_water	Speech	Vacuum_cleaner
0.0	0.064	0.9905497431755066	0.001024683122523129	0.0031537257600575686	0.004588136915117502	0.0019217462977394462	0.00042338678031228483	0.00046086066868156195	0.0034288496244698763	0.003867771942168474	0.0004946657572872937
0.064	0.128	0.9905497431755066	0.001024683122523129	0.0031537257600575686	0.004588136915117502	0.0019217462977394462	0.00042338678031228483	0.00046086066868156195	0.0034288496244698763	0.003867771942168474	0.0004946657572872937
0.128	0.192	0.993396520614624	0.0008746035164222121	0.0025159865617752075	0.0030031835194677114	0.0014800089411437511	0.0003590034903027117	0.00033552839886397123	0.0026023597456514835	0.0036339436192065477	0.00029347327654249966
0.192	0.256	0.9935006499290466	0.000836373190395534	0.00235099159181118	0.0024930706713348627	0.001407039468176663	0.0003244937106501311	0.000279286818113178	0.0023616517428308725	0.0035834102891385555	0.00022451674158219248
0.256	0.32	0.9935006499290466	0.0007838245364837348	0.0019305290188640356	0.0022378889843821526	0.0013459001202136278	0.00027962305466644466	0.0002213798725279048	0.0019738157279789448	0.003475830191746354	0.00019170090672560036
0.32	0.384	0.9935006499290466	0.0007363962940871716	0.0014532794011756778	0.001998531399294734	0.0012424789601936936	0.000249614444328472	0.00020423001842573285	0.0016361697344109416	0.003455209080129862	0.00016835327551234514
0.384	0.448	0.9935006499290466	0.0007096588960848749	0.0014329295372590423	0.0019003882771357894	0.0012424789601936936	0.00024264382955152541	0.00019905914086848497	0.0015413998626172543	0.0034313956275582314	0.00014846300473436713
0.448	0.512	0.9922653436660767	0.0006515768473036587	0.0013436377048492432	0.001888507278636098	0.0011554796947166324	0.00021131399262230843	0.00019487687677610666	0.0014302084455266595	0.003422207897529006	0.00011508876923471689
0.512	0.576	0.9838000535964966	0.0005741007043980062	0.0013238323153927922	0.001824760576710105	0.0011371196014806628	0.00013664567086379975	0.00015308900037780404	0.0013686494203284383	0.0030390527099370956	7.078552880557254e-05
