onset	offset	Alarm_bell_ringing	Blender	Cat	Dishes	Dog	Electric_shaver_toothbrush	Frying	Running_water	Speech	Vacuum_cleaner
0.0	0.064	0.0016609288286417723	0.0020790076814591885	0.0005706158699467778	0.004267434123903513	0.0007475255988538265	0.9939311742782593	0.0022088480181992054	0.004765121266245842	0.008826368488371372	0.004474072717130184
0.064	0.128	0.0016609288286417723	0.0020790076814591885	0.0005706158699467778	0.004267434123903513	0.0007475255988538265	0.9939311742782593	0.0022088480181992054	0.004765121266245842	0.008826368488371372	0.004474072717130184
0.128	0.192	0.001405572984367609	0.0011681853793561459	0.00048340720240958035	0.002321768319234252	0.0006085105123929679	0.9951678514480591	0.0016828046645969152	0.003121025860309601	0.006267828866839409	0.002834618091583252
0.192	0.256	0.0012180906487628818	0.0008060333784669638	0.000481246825074777	0.0016841503093019128	0.0005668333033099771	0.9958034157752991	0.001188106369227171	0.002877272665500641	0.006064301356673241	0.0022126862313598394
0.256	0.32	0.0010979855433106422	0.0006163206999190152	0.0004572237376123667	0.001358624780550599	0.000564311514608562	0.9961154460906982	0.000939993595238775	0.0024879020638763905	0.005619649775326252	0.001818727352656424
0.32	0.384	0.0009940615855157375	0.0004985579871572554	0.0004547210701275617	0.0011626917403191328	0.0005621315212920308	0.996256947517395	0.0007962745148688555	0.002249549375846982	0.005433481652289629	0.001576359267346561
0.384	0.448	0.000910215254407376	0.0004342064494267106	0.00045330796274356544	0.001027558813802898	0.0005379743524827063	0.9962875843048096	0.0007185133290477097	0.0020883847028017044	0.005365076474845409	0.0013934047892689705
0.448	0.512	0.0008492997731082141	0.00039936459506861866	0.0004315701953601092	0.0009340517572127283	0.0005074938526377082	0.9963011741638184	0.0006703239632770419	0.001989109441637993	0.005332655273377895	0.0012594590662047267
0.512	0.576	0.000810499768704176	0.000376513839000836	0.0004121929523535073	0.0008608821663074195	0.00048383287503384054	0.9963239431381226	0.0006332977209240198	0.001926576136611402	0.005319343414157629	0.001153439749032259
