onset	offset	Alarm_bell_ringing	Blender	Cat	Dishes	Dog	Electric_shaver_toothbrush	Frying	Running_water	Speech	Vacuum_cleaner
0.0	0.064	0.003694853512570262	0.0025337031111121178	0.005050570238381624	0.002327296417206526	0.002378379227593541	0.0006940560415387154	0.0022793500684201717	0.0030892572831362486	0.0035200214479118586	0.008649250492453575
0.064	0.128	0.003694853512570262	0.0025337031111121178	0.00564012723043561	0.002327296417206526	0.002378379227593541	0.0006940560415387154	0.0022793500684201717	0.0030892572831362486	0.0035200214479118586	0.008649250492453575
0.128	0.192	0.0024367859587073326	0.002157588256523013	0.006545804440975189	0.0017452851170673966	0.002378379227593541	0.0006096212891861796	0.002108013955876231	0.0025846962817013264	0.0025588511489331722	0.007907324470579624
0.192	0.256	0.002251911675557494	0.0020586084574460983	0.006545804440975189	0.001579364063218236	0.002378379227593541	0.0005943068535998464	0.0019548472482711077	0.0022833994589746	0.002263828879222274	0.007461518980562687
0.256	0.32	0.002251911675557494	0.001950452453456819	0.007356446702033281	0.0015229261480271816	0.002378379227593541	0.0005943068535998464	0.0017869564471766353	0.0020822989754378796	0.0020900408271700144	0.007333728950470686
0.32	0.384	0.002251911675557494	0.0018197395838797092	0.008525495417416096	0.0014963940484449267	0.0025612579192966223	0.0005943068535998464	0.0016379030421376228	0.0018614287255331874	0.0020100418478250504	0.006739963311702013
0.384	0.448	0.002251911675557494	0.0016491988208144903	0.008798354305326939	0.001491129631176591	0.0026958223897963762	0.0005943068535998464	0.0014979785773903131	0.001673975377343595	0.0019695358350872993	0.006078548263758421
0.448	0.512	0.002327812137082219	0.0014677493600174785	0.008940067142248154	0.0014801041688770056	0.0027917458210140467	0.0005987586919218302	0.0013789645163342357	0.0015163739444687963	0.0019695358350872993	0.005471690092235804
0.512	0.576	0.0024170877877622843	0.0013061825884506106	0.008968150243163109	0.001479875179938972	0.002835517283529043	0.0006073333788663149	0.001288425992242992	0.0013841551262885332	0.0019695358350872993	0.004895183723419905
