onset	offset	Alarm_bell_ringing	Blender	Cat	Dishes	Dog	Electric_shaver_toothbrush	Frying	Running_water	Speech	Vacuum_cleaner
0.0	0.064	0.029668327420949936	0.012050957418978214	0.003989029675722122	0.007911747321486473	0.0022629564628005028	0.0027097819838672876	0.0019996080081909895	0.0031469722744077444	0.0055383313447237015	0.0023804032243788242
0.064	0.128	0.029668327420949936	0.012050957418978214	0.003989029675722122	0.007911747321486473	0.002292413031682372	0.0026798867620527744	0.0019996080081909895	0.0031469722744077444	0.0055383313447237015	0.0023804032243788242
0.128	0.192	0.028725776821374893	0.01560936588793993	0.006447259336709976	0.01017642393708229	0.0024454332888126373	0.0026798867620527744	0.0019996080081909895	0.0031469722744077444	0.005597672890871763	0.002353939227759838
0.192	0.256	0.02525380812585354	0.01560936588793993	0.006447259336709976	0.01017642393708229	0.002292413031682372	0.0024311579763889313	0.0019346311455592513	0.0031469722744077444	0.005597672890871763	0.002353939227759838
0.256	0.32	0.02410103753209114	0.01560936588793993	0.006447259336709976	0.01017642393708229	0.0022629564628005028	0.0023788183461874723	0.00192408193834126	0.0031469722744077444	0.005597672890871763	0.00232956581749022
0.32	0.384	0.022893553599715233	0.01560936588793993	0.006447259336709976	0.01017642393708229	0.0022629564628005028	0.0019768632482737303	0.00192408193834126	0.003130747005343437	0.005597672890871763	0.0022860930766910315
0.384	0.448	0.020763294771313667	0.013178733177483082	0.0056557017378509045	0.00878513976931572	0.0021362982224673033	0.0015861809952184558	0.0017871946329250932	0.002815989078953862	0.005603424273431301	0.0022860930766910315
0.448	0.512	0.018161408603191376	0.011211780831217766	0.0049637239426374435	0.007440124172717333	0.0017915741773322225	0.001351629151031375	0.0017652929527685046	0.002676383126527071	0.0056936549954116344	0.0022860930766910315
0.512	0.576	0.018161408603191376	0.011211780831217766	0.0049637239426374435	0.007440124172717333	0.0017162011936306953	0.0012298901565372944	0.0017652929527685046	0.002676383126527071	0.00573069229722023	0.0022860930766910315
