onset	offset	Alarm_bell_ringing	Blender	Cat	Dishes	Dog	Electric_shaver_toothbrush	Frying	Running_water	Speech	Vacuum_cleaner
0.0	0.064	0.002937845652922988	0.0022033448331058025	0.002845039591193199	0.00453502032905817	0.015142038464546204	0.023251334205269814	0.00218027806840837	0.0029652074445039034	0.9773811101913452	0.008909366093575954
0.064	0.128	0.003049650928005576	0.0022033448331058025	0.002845039591193199	0.00453502032905817	0.0147744445130229	0.023251334205269814	0.00218027806840837	0.0029652074445039034	0.9773811101913452	0.008909366093575954
0.128	0.192	0.003049650928005576	0.0018543138867244124	0.002845039591193199	0.003894401015713811	0.0147744445130229	0.021915916353464127	0.0021509297657757998	0.002528904238715768	0.9807769656181335	0.007303772494196892
0.192	0.256	0.0029557617381215096	0.0015190569683909416	0.002843771129846573	0.003499390557408333	0.01057374570518732	0.021106967702507973	0.0020643107127398252	0.0021927424240857363	0.9821681976318359	0.00582427904009819
0.256	0.32	0.002937845652922988	0.0012156853917986155	0.0025827018544077873	0.003285560291260481	0.007263953797519207	0.019918380305171013	0.0020643107127398252	0.002183440374210477	0.9821681976318359	0.0044996654614806175
0.32	0.384	0.002937845652922988	0.0011024745181202888	0.002115145791321993	0.0032582178246229887	0.005834318697452545	0.019530942663550377	0.0020643107127398252	0.002173007233068347	0.9821681976318359	0.0038581076078116894
0.384	0.448	0.0027472563087940216	0.0009294947958551347	0.002115145791321993	0.003116624429821968	0.004730112850666046	0.018036281690001488	0.0020643107127398252	0.002170528983697295	0.9821681976318359	0.003773387521505356
0.448	0.512	0.0024184840731322765	0.0007002889178693295	0.002115145791321993	0.003116624429821968	0.003648019628599286	0.01652768813073635	0.0021365496795624495	0.002041453728452325	0.98028963804245	0.003753547789528966
0.512	0.576	0.0024184840731322765	0.0007002889178693295	0.0021092421375215054	0.003116624429821968	0.0032643559388816357	0.01611400581896305	0.0021365496795624495	0.0016493055736646056	0.98028963804245	0.0037521272897720337
