onset	offset	Alarm_bell_ringing	Blender	Cat	Dishes	Dog	Electric_shaver_toothbrush	Frying	Running_water	Speech	Vacuum_cleaner
0.0	0.064	0.005150750745087862	0.09315238893032074	0.004034101963043213	0.007624640129506588	0.012922029942274094	0.006109421607106924	0.011614641174674034	0.004817948676645756	0.9515112638473511	0.16360855102539062
0.064	0.128	0.005150750745087862	0.09315238893032074	0.004031784366816282	0.007624640129506588	0.012922029942274094	0.006109421607106924	0.011346053332090378	0.004817948676645756	0.9515112638473511	0.16107098758220673
0.128	0.192	0.00445740157738328	0.07932437211275101	0.004034101963043213	0.006896557752043009	0.012347185052931309	0.005714893341064453	0.011346053332090378	0.004590190947055817	0.9512321352958679	0.16107098758220673
0.192	0.256	0.0040303561836481094	0.07456758618354797	0.004034101963043213	0.006290862336754799	0.012024899013340473	0.005527988076210022	0.011102196760475636	0.0042176079005002975	0.9512321352958679	0.16053122282028198
0.256	0.32	0.0039743115194141865	0.07171911746263504	0.004034101963043213	0.005911114159971476	0.011935423128306866	0.00535154901444912	0.010736392810940742	0.0037928898818790913	0.9512321352958679	0.15617913007736206
0.32	0.384	0.003906259313225746	0.06811583787202835	0.004102408420294523	0.00549714919179678	0.01126291323453188	0.005185799673199654	0.010736392810940742	0.0035487383138388395	0.9492947459220886	0.15527459979057312
0.384	0.448	0.003871999913826585	0.06513147056102753	0.00432376004755497	0.005102110095322132	0.010924733243882656	0.005102533381432295	0.010736392810940742	0.0032504021655768156	0.9486526250839233	0.15527459979057312
0.448	0.512	0.0038101656828075647	0.06513147056102753	0.004331641830503941	0.004975034389644861	0.010827790945768356	0.0050857472233474255	0.010736392810940742	0.0032504021655768156	0.9453376531600952	0.15325284004211426
0.512	0.576	0.0037616470362991095	0.06490495800971985	0.004362955689430237	0.004958345089107752	0.010827790945768356	0.005033380817621946	0.011081515811383724	0.0031550799030810595	0.9334093928337097	0.1525346040725708
