onset	offset	Alarm_bell_ringing	Blender	Cat	Dishes	Dog	Electric_shaver_toothbrush	Frying	Running_water	Speech	Vacuum_cleaner
0.0	0.064	0.08763651549816132	0.002324451459571719	0.02310214191675186	0.00711053004488349	0.004863861482590437	0.0020588610786944628	0.01385986153036356	0.0033626568038016558	0.011443620547652245	0.01879148930311203
0.064	0.128	0.08763651549816132	0.002324451459571719	0.02310214191675186	0.006233036983758211	0.004863861482590437	0.00202199537307024	0.011863368563354015	0.00323542975820601	0.011443620547652245	0.01879148930311203
0.128	0.192	0.07164667546749115	0.0021549719385802746	0.033342696726322174	0.006233036983758211	0.004863861482590437	0.00202199537307024	0.011668524704873562	0.00323542975820601	0.010431009344756603	0.017061559483408928
0.192	0.256	0.08763651549816132	0.0017679897136986256	0.037404317408800125	0.006233036983758211	0.004831255413591862	0.00202199537307024	0.011668524704873562	0.003166306996718049	0.010288694873452187	0.01651785708963871
0.256	0.32	0.0923016369342804	0.00157981738448143	0.04433375969529152	0.006925049237906933	0.004818243905901909	0.00202199537307024	0.011863368563354015	0.003166306996718049	0.010288694873452187	0.01651785708963871
0.32	0.384	0.1180427223443985	0.00157981738448143	0.05023461580276489	0.006925049237906933	0.004818243905901909	0.0020338566973805428	0.011863368563354015	0.003166306996718049	0.010288694873452187	0.01651785708963871
0.384	0.448	0.11983038485050201	0.00157981738448143	0.07435590028762817	0.006925049237906933	0.004818243905901909	0.0020338566973805428	0.011863368563354015	0.003166306996718049	0.010288694873452187	0.016281820833683014
0.448	0.512	0.3705398738384247	0.00157981738448143	0.25950324535369873	0.006925049237906933	0.004818243905901909	0.002713377121835947	0.009358144365251064	0.003166306996718049	0.010323996655642986	0.015623822808265686
0.512	0.576	0.39669328927993774	0.0015883453888818622	0.5698509812355042	0.006925049237906933	0.006388124544173479	0.0037244714330881834	0.009358144365251064	0.003166306996718049	0.012971606105566025	0.015194470062851906
