onset	offset	Alarm_bell_ringing	Blender	Cat	Dishes	Dog	Electric_shaver_toothbrush	Frying	Running_water	Speech	Vacuum_cleaner
0.0	0.064	0.003729327814653516	0.08533007651567459	0.005656071938574314	0.0037036018911749125	0.001339519047178328	0.005684079136699438	0.0025164103135466576	0.004621535073965788	0.006717565003782511	0.6571065783500671
0.064	0.128	0.003729327814653516	0.08533007651567459	0.005656071938574314	0.0037036018911749125	0.001339519047178328	0.005684079136699438	0.0025164103135466576	0.004621535073965788	0.006717565003782511	0.6571065783500671
0.128	0.192	0.002707259962335229	0.088492751121521	0.004960441961884499	0.0031468886882066727	0.0010191294131800532	0.00493248226121068	0.002173498272895813	0.004464874975383282	0.005498899146914482	0.6398557424545288
0.192	0.256	0.0021934290416538715	0.088492751121521	0.004582421388477087	0.0025105068925768137	0.0009132125996984541	0.0048948610201478004	0.0019927590619772673	0.0037027117796242237	0.0045332880690693855	0.6372792720794678
0.256	0.32	0.0019133585738018155	0.088492751121521	0.00417407788336277	0.0020543516147881746	0.0009122995543293655	0.004769166465848684	0.001952243852429092	0.0028194566257297993	0.0036709026899188757	0.6372792720794678
0.32	0.384	0.0016958733322098851	0.088492751121521	0.0033483796287328005	0.0017918377416208386	0.0008685046341270208	0.004683035891503096	0.0019504218362271786	0.0022410578094422817	0.0033688032999634743	0.6372792720794678
0.384	0.448	0.0015497171552851796	0.08132289350032806	0.002819440560415387	0.0015887008048593998	0.0008100696140900254	0.004657576326280832	0.001910124090500176	0.002129974076524377	0.0032357738818973303	0.6381425261497498
0.448	0.512	0.0015385065926238894	0.08132289350032806	0.002583039691671729	0.001582900295034051	0.0008100029081106186	0.004657576326280832	0.001910124090500176	0.002129974076524377	0.0031630746088922024	0.6381425261497498
0.512	0.576	0.0015233728336170316	0.08132289350032806	0.0025363920722156763	0.0015559566672891378	0.0007970545557327569	0.004556511528789997	0.0018524659099057317	0.002063365885987878	0.0030865755397826433	0.6381425261497498
