onset	offset	Alarm_bell_ringing	Blender	Cat	Dishes	Dog	Electric_shaver_toothbrush	Frying	Running_water	Speech	Vacuum_cleaner
0.0	0.064	0.0013285005697980523	0.0024305761326104403	0.002501631388440728	0.008139409124851227	0.0010074097663164139	0.0020361458882689476	0.03740254044532776	0.002967406064271927	0.003831797046586871	0.050083011388778687
0.064	0.128	0.0013285005697980523	0.002430875785648823	0.002501631388440728	0.008139409124851227	0.0010074097663164139	0.0020361458882689476	0.04058154672384262	0.002967406064271927	0.003831797046586871	0.050083011388778687
0.128	0.192	0.0009208158007822931	0.002430875785648823	0.002429516287520528	0.005446820054203272	0.0008862650138325989	0.0018598258029669523	0.04058154672384262	0.003036306006833911	0.0027179939206689596	0.050083011388778687
0.192	0.256	0.000913414522074163	0.0024305761326104403	0.001985612092539668	0.005350087303668261	0.0008301818743348122	0.0018337746150791645	0.04103261977434158	0.002967406064271927	0.0026847212575376034	0.049555953592061996
0.256	0.32	0.0009095090790651739	0.002417039591819048	0.0017210787627846003	0.0049612983129918575	0.0008191956439986825	0.0018250421853736043	0.04736006632447243	0.002896019257605076	0.0024365356657654047	0.04647671803832054
0.32	0.384	0.000883369822986424	0.002138146199285984	0.0017210787627846003	0.004638084676116705	0.0008055293001234531	0.0015966607024893165	0.061984606087207794	0.002888184040784836	0.002301021944731474	0.041445083916187286
0.384	0.448	0.0008413429604843259	0.0018085911870002747	0.0017210787627846003	0.004419391974806786	0.0007769398507662117	0.0013399438466876745	0.07704303413629532	0.002888184040784836	0.0022256760857999325	0.037831854075193405
0.448	0.512	0.000771984807215631	0.0014058413216844201	0.0017210787627846003	0.003868292085826397	0.0007507302216254175	0.0012302212417125702	0.0922979786992073	0.0025645922869443893	0.0019326331093907356	0.03669578582048416
0.512	0.576	0.000771984807215631	0.0013158846413716674	0.0018861362477764487	0.003868292085826397	0.0007507302216254175	0.0011269415263086557	0.09821376949548721	0.002546386094763875	0.0019326331093907356	0.0357496403157711
