onset	offset	Alarm_bell_ringing	Blender	Cat	Dishes	Dog	Electric_shaver_toothbrush	Frying	Running_water	Speech	Vacuum_cleaner
0.0	0.064	0.001584010780788958	0.003953179810196161	0.0011507932795211673	0.010896606370806694	0.0014816385228186846	0.00045563068124465644	0.004991746041923761	0.0015409566694870591	0.015773246064782143	0.019744791090488434
0.064	0.128	0.001584010780788958	0.003953179810196161	0.00116769690066576	0.010896606370806694	0.0014816385228186846	0.00045563068124465644	0.004991746041923761	0.0015409566694870591	0.01766536943614483	0.019744791090488434
0.128	0.192	0.0012079938314855099	0.003721630899235606	0.00116769690066576	0.019653689116239548	0.0026654163375496864	0.0004025639209430665	0.004605438560247421	0.0013447200180962682	0.020827271044254303	0.01827169768512249
0.192	0.256	0.0010879168985411525	0.003027927130460739	0.0011507932795211673	0.0150441974401474	0.0014816385228186846	0.0003237563942093402	0.0031071275006979704	0.0012255044421181083	0.020827271044254303	0.01234213262796402
0.256	0.32	0.001019829767756164	0.0028978195041418076	0.0010951488511636853	0.010896606370806694	0.0010549633298069239	0.00032077470677904785	0.002317564794793725	0.0012075916165485978	0.01766536943614483	0.01035277545452118
0.32	0.384	0.0009967501973733306	0.0022819475270807743	0.0010951488511636853	0.008996202610433102	0.001054003951139748	0.0003061210736632347	0.0021911258809268475	0.0010464361403137445	0.022601528093218803	0.008061366155743599
0.384	0.448	0.0008655363344587386	0.0020987039897590876	0.0010975416516885161	0.008996202610433102	0.0010345367481932044	0.00026951151085086167	0.001417604275047779	0.0010358685394749045	0.02645133063197136	0.007844004780054092
0.448	0.512	0.0008655363344587386	0.001385798561386764	0.0010975416516885161	0.005107735749334097	0.000720134237781167	0.00026951151085086167	0.0011448096483945847	0.0010240721749141812	0.028406301513314247	0.005306274630129337
0.512	0.576	0.0008655363344587386	0.001385798561386764	0.0010975416516885161	0.005107735749334097	0.000720134237781167	0.00026951151085086167	0.0008969268528744578	0.0010240721749141812	0.032689038664102554	0.005127060227096081
