onset	offset	Alarm_bell_ringing	Blender	Cat	Dishes	Dog	Electric_shaver_toothbrush	Frying	Running_water	Speech	Vacuum_cleaner
0.0	0.064	0.022374358028173447	0.009592164307832718	0.0055095115676522255	0.8989449143409729	0.0017601712606847286	0.0005611336091533303	0.00475074490532279	0.0048494185321033	0.024586141109466553	0.00021665121312253177
0.064	0.128	0.022888656705617905	0.009592164307832718	0.0055095115676522255	0.8989449143409729	0.0017601712606847286	0.0005526406457647681	0.00475074490532279	0.0048494185321033	0.024586141109466553	0.0002798772184178233
0.128	0.192	0.022374358028173447	0.007146171294152737	0.0034646415151655674	0.8439087271690369	0.0013954311143606901	0.0005526406457647681	0.003283492987975478	0.0030490332283079624	0.015947211533784866	0.0002798772184178233
0.192	0.256	0.022374358028173447	0.007049602456390858	0.0024920650757849216	0.7052167057991028	0.001328017795458436	0.0005118835251778364	0.0032033848110586405	0.0019714629743248224	0.010591056197881699	0.000263926136540249
0.256	0.32	0.022374358028173447	0.0033789670560508966	0.0009572274284437299	0.4406415522098541	0.0012992641422897577	0.0003670165315270424	0.0029895594343543053	0.001071370905265212	0.007057958282530308	0.00021665121312253177
0.32	0.384	0.011889461427927017	0.0015140040777623653	0.000375842530047521	0.19693253934383392	0.0010963294189423323	0.00031012791441753507	0.002756970701739192	0.0008371018338948488	0.004676485899835825	0.0002144589088857174
0.384	0.448	0.007657819427549839	0.001077867578715086	0.00022785921464674175	0.11529017239809036	0.0007201177650131285	0.0002491667110007256	0.002545101335272193	0.0007379075977951288	0.00363796204328537	0.0002144589088857174
0.448	0.512	0.005640907678753138	0.0008188959327526391	0.0002152507076971233	0.11529017239809036	0.0007201177650131285	0.00019017654994968325	0.0020046578720211983	0.0007379075977951288	0.00363796204328537	0.00017829494026955217
0.512	0.576	0.00517147546634078	0.0008188959327526391	0.0002152507076971233	0.11529017239809036	0.0007201177650131285	0.00019017654994968325	0.0015216091414913535	0.0007379075977951288	0.00363796204328537	0.00015314214397221804
