onset	offset	Alarm_bell_ringing	Blender	Cat	Dishes	Dog	Electric_shaver_toothbrush	Frying	Running_water	Speech	Vacuum_cleaner
0.0	0.064	0.008157980628311634	0.004410000517964363	0.008207068778574467	0.017365548759698868	0.022337332367897034	0.001079874811694026	0.00404632231220603	0.0035252035595476627	0.9879851937294006	0.0019766336772590876
0.064	0.128	0.00828240904957056	0.004410000517964363	0.008207068778574467	0.017365548759698868	0.022337332367897034	0.0010299088899046183	0.00404632231220603	0.0035252035595476627	0.9879851937294006	0.0019766336772590876
0.128	0.192	0.008744289167225361	0.004290246404707432	0.00979188084602356	0.013322840444743633	0.025630200281739235	0.0009865438332781196	0.0042830538004636765	0.003353545442223549	0.9892310500144958	0.0016769184730947018
0.192	0.256	0.008744289167225361	0.0037215636111795902	0.010121693834662437	0.01258331909775734	0.027983693405985832	0.0009865438332781196	0.004993844777345657	0.0032186575699597597	0.9892801642417908	0.0016404602210968733
0.256	0.32	0.008744289167225361	0.0033605527132749557	0.010482124984264374	0.012378362007439137	0.029181774705648422	0.0009185518720187247	0.0056397393345832825	0.003187414025887847	0.9892801642417908	0.001577247865498066
0.32	0.384	0.008758112788200378	0.0033070005010813475	0.011006581597030163	0.011825923807919025	0.029181774705648422	0.0009098462760448456	0.005980624817311764	0.003124404698610306	0.9892801642417908	0.0015304135158658028
0.384	0.448	0.009005016647279263	0.0031864901538938284	0.011006581597030163	0.010777870193123817	0.029181774705648422	0.000890883500687778	0.006039794068783522	0.00288136163726449	0.9892310500144958	0.0015178590547293425
0.448	0.512	0.009472128935158253	0.002920778002589941	0.011006581597030163	0.009534108452498913	0.029181774705648422	0.0008900545653887093	0.006039794068783522	0.002636861754581332	0.9889062643051147	0.0014808295527473092
0.512	0.576	0.009729867801070213	0.0025335021782666445	0.011006581597030163	0.009534108452498913	0.022517375648021698	0.0008705220534466207	0.006039794068783522	0.002358068246394396	0.9889062643051147	0.0014715727884322405
