onset	offset	Alarm_bell_ringing	Blender	Cat	Dishes	Dog	Electric_shaver_toothbrush	Frying	Running_water	Speech	Vacuum_cleaner
0.0	0.064	0.0009292582981288433	0.0012589427642524242	0.0013178844237700105	0.0017336559249088168	0.0028032842092216015	0.0007561506936326623	0.0013470714911818504	0.9899493455886841	0.0148516446352005	0.0006436975672841072
0.064	0.128	0.0009292582981288433	0.0012589427642524242	0.0013178844237700105	0.0017336559249088168	0.0028032842092216015	0.0007561506936326623	0.0013470714911818504	0.9899493455886841	0.0148516446352005	0.0006436975672841072
0.128	0.192	0.0008493908098898828	0.0008794264867901802	0.0010991435265168548	0.0013982107629999518	0.002087435917928815	0.0006553527200594544	0.0009248308488167822	0.9931634664535522	0.014611111022531986	0.0005631407257169485
0.192	0.256	0.000774925691075623	0.0007552533643320203	0.000989845721051097	0.0013002593768760562	0.0017622984014451504	0.0005946088349446654	0.0008365508983843029	0.993842601776123	0.014374065212905407	0.0005140256253071129
0.256	0.32	0.000749295752029866	0.0006689697620458901	0.0008974440861493349	0.0012489205691963434	0.0016480779740959406	0.0005759674240835011	0.0007946172263473272	0.9940717816352844	0.014257197268307209	0.0004802450421266258
0.32	0.384	0.0007017546449787915	0.0005797583726234734	0.0008191543165594339	0.0012386988382786512	0.0015383140416815877	0.0005407798453234136	0.0007580275414511561	0.9940897226333618	0.013255538418889046	0.000473930238513276
0.384	0.448	0.0006446756306104362	0.0005225228378549218	0.000802386028226465	0.001203081919811666	0.001295423717238009	0.0005040034302510321	0.0007388033554889262	0.9940897226333618	0.012159198522567749	0.0004725737089756876
0.448	0.512	0.0005992804653942585	0.000494298292323947	0.0007971859304234385	0.0011778055923059583	0.0010855203727260232	0.00048004891141317785	0.0007315678521990776	0.9940897226333618	0.011229127645492554	0.0004705173196271062
0.512	0.576	0.0005713682621717453	0.00048688732204027474	0.0007914462476037443	0.0011778055923059583	0.0010370372328907251	0.0004634735523723066	0.0007271171198226511	0.9940897226333618	0.010576799511909485	0.0004662341671064496
