onset	offset	Alarm_bell_ringing	Blender	Cat	Dishes	Dog	Electric_shaver_toothbrush	Frying	Running_water	Speech	Vacuum_cleaner
0.0	0.064	0.002599572530016303	0.00017365222447551787	0.00024847660097293556	0.0005056803929619491	0.0005018012598156929	0.00017545893206261098	0.00028375888359732926	0.0005437976215034723	0.004434386268258095	0.00040563815855421126
0.064	0.128	0.002599572530016303	0.00017365222447551787	0.00024847660097293556	0.0005056803929619491	0.0005018012598156929	0.00017545893206261098	0.00028375888359732926	0.0005437976215034723	0.004434386268258095	0.00040563815855421126
0.128	0.192	0.00251593254506588	0.00014698637824039906	0.00023377890465781093	0.00041593486093916	0.00048444740241393447	0.00017122864664997905	0.00024009124899748713	0.0004656054370570928	0.0029602632857859135	0.00034951139241456985
0.192	0.256	0.00251593254506588	0.00013678816321771592	0.00023377890465781093	0.00038453706656582654	0.000480897375382483	0.00017122864664997905	0.0002084042498609051	0.0004251292848493904	0.0023536907974630594	0.0003086563083343208
0.256	0.32	0.00251593254506588	0.0001335097331320867	0.00023377890465781093	0.00037069377140142024	0.000480897375382483	0.00017122864664997905	0.000187171739526093	0.0004033575241919607	0.002122405683621764	0.0002804964315146208
0.32	0.384	0.00251593254506588	0.00013310182839632034	0.00023377890465781093	0.00037069377140142024	0.000480897375382483	0.00017122864664997905	0.00017309494432993233	0.00039170688251033425	0.0020313658751547337	0.0002615481789689511
0.384	0.448	0.002629087073728442	0.00013256161764729768	0.0002350378781557083	0.00037069377140142024	0.000480897375382483	0.00017268216470256448	0.00016318874259013683	0.00039170688251033425	0.0019829028751701117	0.0002498634858056903
0.448	0.512	0.002756002126261592	0.0001315325207542628	0.000236405452596955	0.00037069377140142024	0.0004837021406274289	0.00017475549248047173	0.00015601242193952203	0.00039170688251033425	0.0019473021384328604	0.00024279470380861312
0.512	0.576	0.002905752509832382	0.00013048306573182344	0.00023705977946519852	0.0003794556250795722	0.00048604822950437665	0.00017704621131997555	0.00015142725897021592	0.00039170688251033425	0.001923508825711906	0.00024279470380861312
