onset	offset	Alarm_bell_ringing	Blender	Cat	Dishes	Dog	Electric_shaver_toothbrush	Frying	Running_water	Speech	Vacuum_cleaner
0.0	0.064	0.0023404250387102365	0.0028242883272469044	0.002688576001673937	0.050156719982624054	0.002508929930627346	0.0008366860565729439	0.0680052638053894	0.005777399521321058	0.5333937406539917	0.0020059633534401655
0.064	0.128	0.0023404250387102365	0.0028242883272469044	0.002688576001673937	0.050156719982624054	0.002508929930627346	0.0008366860565729439	0.0680052638053894	0.005777399521321058	0.5333937406539917	0.0020059633534401655
0.128	0.192	0.003186623565852642	0.0028242883272469044	0.0027390564791858196	0.030219366773962975	0.003336112480610609	0.0010308492928743362	0.06187928840517998	0.004914619494229555	0.67893385887146	0.0014550186460837722
0.192	0.256	0.003186623565852642	0.0028242883272469044	0.002707800827920437	0.02972741238772869	0.003336112480610609	0.0010308492928743362	0.05967032536864281	0.00458498252555728	0.8625425100326538	0.001247975742444396
0.256	0.32	0.0030776499770581722	0.0027884754817932844	0.002688576001673937	0.028909649699926376	0.004318227060139179	0.0008366860565729439	0.05957439914345741	0.004511876031756401	0.9492871761322021	0.0010470697889104486
0.32	0.384	0.0030776499770581722	0.002293533179908991	0.002707800827920437	0.028731724247336388	0.004318227060139179	0.000810000579804182	0.05957439914345741	0.004511876031756401	0.9633258581161499	0.0008671097457408905
0.384	0.448	0.0030776499770581722	0.002293533179908991	0.002729447791352868	0.028731724247336388	0.004318227060139179	0.000810000579804182	0.05967032536864281	0.00458498252555728	0.9633258581161499	0.0008158253622241318
0.448	0.512	0.0030776499770581722	0.002293533179908991	0.0027390564791858196	0.028731724247336388	0.004318227060139179	0.000810000579804182	0.06187928840517998	0.004914619494229555	0.9633258581161499	0.0007884695078246295
0.512	0.576	0.002829130971804261	0.0016025482909753919	0.0027390564791858196	0.028731724247336388	0.0041742087341845036	0.0006770716281607747	0.06701720505952835	0.004974177572876215	0.9633258581161499	0.0007694568485021591
