onset	offset	Alarm_bell_ringing	Blender	Cat	Dishes	Dog	Electric_shaver_toothbrush	Frying	Running_water	Speech	Vacuum_cleaner
0.0	0.064	0.004154560621827841	0.014063706621527672	0.0022573305759578943	0.006089507602155209	0.0038817618042230606	0.0011951153865084052	0.0051648118533194065	0.0016375459963455796	0.986695408821106	0.007913735695183277
0.064	0.128	0.004154560621827841	0.014063706621527672	0.0022573305759578943	0.006089507602155209	0.0038817618042230606	0.0011951153865084052	0.0051648118533194065	0.0016375459963455796	0.986695408821106	0.007913735695183277
0.128	0.192	0.003862816607579589	0.01202697865664959	0.002147141145542264	0.005668421741575003	0.0035545474383980036	0.0010540119837969542	0.004905361216515303	0.0014937339583411813	0.9871708750724792	0.006744283717125654
0.192	0.256	0.003862816607579589	0.011073601432144642	0.002037171507254243	0.005668421741575003	0.0032886939588934183	0.000989066087640822	0.004709731321781874	0.0013910732232034206	0.9872331619262695	0.006316887214779854
0.256	0.32	0.003862816607579589	0.01041194424033165	0.0019370503723621368	0.005668421741575003	0.0031662650872021914	0.0009610463166609406	0.004541097208857536	0.0013213721103966236	0.9872516393661499	0.006177991162985563
0.32	0.384	0.003862757934257388	0.009295281954109669	0.0017975646769627929	0.005668421741575003	0.0031662650872021914	0.0009436835534870625	0.004431764129549265	0.0012145593063905835	0.9872722029685974	0.005857509095221758
0.384	0.448	0.003847767598927021	0.0072224861942231655	0.0017773869913071394	0.005400318652391434	0.0031662650872021914	0.0008403054671362042	0.004388522356748581	0.0012054259423166513	0.9880391955375671	0.005135007668286562
0.448	0.512	0.003862757934257388	0.006701424717903137	0.0017060618847608566	0.005647395271807909	0.003096476197242737	0.0007946467376314104	0.004375440999865532	0.0011988875921815634	0.9880391955375671	0.0049979048781096935
0.512	0.576	0.003963313065469265	0.006685810629278421	0.0016277001705020666	0.0057243057526648045	0.0030096364207565784	0.0007940222858451307	0.0043602799996733665	0.0011785266688093543	0.9880391955375671	0.00496713537722826
