onset	offset	Alarm_bell_ringing	Blender	Cat	Dishes	Dog	Electric_shaver_toothbrush	Frying	Running_water	Speech	Vacuum_cleaner
0.0	0.064	0.0015803425339981914	0.002033939817920327	0.0033881147392094135	0.0006531233666464686	0.0013747593620792031	0.0023559504188597202	0.0009120222530327737	0.0031324930023401976	0.006863648071885109	0.9922364354133606
0.064	0.128	0.0015803425339981914	0.002033939817920327	0.0033881147392094135	0.0006531233666464686	0.0013747593620792031	0.0023559504188597202	0.0009120222530327737	0.0031324930023401976	0.006863648071885109	0.9922364354133606
0.128	0.192	0.0009139825706370175	0.0011108391918241978	0.0020738965831696987	0.0004355392011348158	0.001178864622488618	0.001818927237764001	0.000529444427229464	0.002573516685515642	0.004853352904319763	0.9933666586875916
0.192	0.256	0.0007765696500428021	0.0009801581036299467	0.0017368391854688525	0.0004355392011348158	0.001178864622488618	0.0015360746765509248	0.0004932021838612854	0.002335112541913986	0.004384523723274469	0.9937314391136169
0.256	0.32	0.0007015460287220776	0.0008493989589624107	0.0017183272866532207	0.0004355392011348158	0.001096401596441865	0.0013162625255063176	0.0004790439852513373	0.002148834988474846	0.004384523723274469	0.9940097332000732
0.32	0.384	0.0006648501730524004	0.000762441020924598	0.0016748654888942838	0.0004355392011348158	0.0010764950420707464	0.0011714124120771885	0.0004790439852513373	0.0020613991655409336	0.004384523723274469	0.9941165447235107
0.384	0.448	0.0006220813957042992	0.0006992662092670798	0.001668502576649189	0.00045589980436488986	0.0010764950420707464	0.0010760003933683038	0.0004790439852513373	0.0019787324126809835	0.004384523723274469	0.9941184520721436
0.448	0.512	0.000589420844335109	0.0006365563021972775	0.0014455594355240464	0.00047373780398629606	0.0010764950420707464	0.000998114701360464	0.0004790439852513373	0.001962216105312109	0.004397872369736433	0.9941184520721436
0.512	0.576	0.000589420844335109	0.000613145180977881	0.0014455594355240464	0.0004937570192851126	0.0010167286964133382	0.00095394067466259	0.000483007199363783	0.001957966247573495	0.004397872369736433	0.9941184520721436
