onset	offset	Alarm_bell_ringing	Blender	Cat	Dishes	Dog	Electric_shaver_toothbrush	Frying	Running_water	Speech	Vacuum_cleaner
0.0	0.064	0.00551558705046773	0.0020572941284626722	0.00435985391959548	0.036694806069135666	0.008854319341480732	0.0015105200000107288	0.06576298922300339	0.004142732359468937	0.9099407196044922	0.0046681794337928295
0.064	0.128	0.0064176837913692	0.0024762977845966816	0.0043549430556595325	0.036694806069135666	0.008926060050725937	0.0015634387964382768	0.06576298922300339	0.004467968363314867	0.9099407196044922	0.0046681794337928295
0.128	0.192	0.006623809225857258	0.0024762977845966816	0.00435985391959548	0.02374955080449581	0.008926060050725937	0.0015634387964382768	0.06053360924124718	0.004472643136978149	0.9625076055526733	0.0029682088643312454
0.192	0.256	0.006623809225857258	0.002440432785078883	0.00435985391959548	0.02374955080449581	0.008854319341480732	0.0015512672252953053	0.05748662352561951	0.004472643136978149	0.9777656197547913	0.0022688619792461395
0.256	0.32	0.006623809225857258	0.0023695414420217276	0.00435985391959548	0.02374955080449581	0.008806861937046051	0.0015180021291598678	0.057120196521282196	0.004472643136978149	0.9795057773590088	0.00202231016010046
0.32	0.384	0.006623809225857258	0.0023695414420217276	0.00435985391959548	0.023710258305072784	0.00880372803658247	0.0015180021291598678	0.057120196521282196	0.004492809530347586	0.9795057773590088	0.0019241779809817672
0.384	0.448	0.006623809225857258	0.0023695414420217276	0.0043549430556595325	0.023710258305072784	0.00880372803658247	0.0015180021291598678	0.057120196521282196	0.004492809530347586	0.9795057773590088	0.0019241779809817672
0.448	0.512	0.006623809225857258	0.002120206132531166	0.004422022961080074	0.02341764234006405	0.008255556225776672	0.0013708070619031787	0.057120196521282196	0.004492809530347586	0.9795057773590088	0.0019241779809817672
0.512	0.576	0.00633583776652813	0.0016696355305612087	0.004422022961080074	0.02341764234006405	0.007553604431450367	0.001253680675290525	0.05980892851948738	0.004492809530347586	0.9757113456726074	0.001920277369208634
