onset	offset	Alarm_bell_ringing	Blender	Cat	Dishes	Dog	Electric_shaver_toothbrush	Frying	Running_water	Speech	Vacuum_cleaner
0.0	0.064	0.01275601051747799	0.002782894531264901	0.005590423010289669	0.018931370228528976	0.008557266555726528	0.0021772626787424088	0.057329654693603516	0.007338250521570444	0.9459115862846375	0.00311840558424592
0.064	0.128	0.01275601051747799	0.002782894531264901	0.005590423010289669	0.018931370228528976	0.008557266555726528	0.0021772626787424088	0.057329654693603516	0.007338250521570444	0.9459115862846375	0.00311840558424592
0.128	0.192	0.013250885531306267	0.002726580947637558	0.005721743684262037	0.019192755222320557	0.0100723747164011	0.0021772626787424088	0.058089789003133774	0.007338250521570444	0.9620242714881897	0.0025840115267783403
0.192	0.256	0.014037561602890491	0.002726580947637558	0.0058049694634974	0.01961321383714676	0.011530796065926552	0.002140359254553914	0.05901316553354263	0.007109587546437979	0.9727325439453125	0.0025107362307608128
0.256	0.32	0.01418102253228426	0.002726580947637558	0.005804991815239191	0.01967806927859783	0.012431937269866467	0.0021385936997830868	0.060369446873664856	0.006739114411175251	0.9761229157447815	0.0025107362307608128
0.32	0.384	0.014307971112430096	0.002382804872468114	0.005929967388510704	0.019913803786039352	0.012431937269866467	0.001972450176253915	0.06435610353946686	0.006473930552601814	0.9761229157447815	0.0025107362307608128
0.384	0.448	0.014307971112430096	0.002256261184811592	0.005929967388510704	0.019913803786039352	0.012431937269866467	0.001959234708920121	0.0657811388373375	0.00639698002487421	0.9761229157447815	0.0025107362307608128
0.448	0.512	0.014307971112430096	0.0021884681191295385	0.005804991815239191	0.019913803786039352	0.012431937269866467	0.0019221699330955744	0.06621463596820831	0.006369368173182011	0.9761229157447815	0.0025864141061902046
0.512	0.576	0.014503654092550278	0.0020918305963277817	0.005929967388510704	0.01991458609700203	0.011696900241076946	0.0019221699330955744	0.06652414798736572	0.006369368173182011	0.9750657677650452	0.002602502005174756
