onset	offset	Alarm_bell_ringing	Blender	Cat	Dishes	Dog	Electric_shaver_toothbrush	Frying	Running_water	Speech	Vacuum_cleaner
0.0	0.064	0.008541281335055828	0.4421548545360565	0.006063033826649189	0.00909402221441269	0.036328841000795364	0.009749910794198513	0.01587441749870777	0.03528011962771416	0.066227488219738	0.10258061438798904
0.064	0.128	0.008541281335055828	0.4421548545360565	0.006063033826649189	0.00909402221441269	0.036328841000795364	0.009749910794198513	0.01587441749870777	0.03528011962771416	0.066227488219738	0.10436015576124191
0.128	0.192	0.006825667805969715	0.4421548545360565	0.00538091454654932	0.006519545800983906	0.028823791071772575	0.009171350859105587	0.01607435755431652	0.030978642404079437	0.051204994320869446	0.10486851632595062
0.192	0.256	0.005964050069451332	0.4421548545360565	0.004869508091360331	0.004675867035984993	0.021053260192275047	0.00850843358784914	0.01607435755431652	0.022621702402830124	0.040682628750801086	0.10436015576124191
0.256	0.32	0.0052628787234425545	0.4421548545360565	0.004869508091360331	0.003983403090387583	0.01777377910912037	0.008273229002952576	0.01607435755431652	0.019397495314478874	0.040682628750801086	0.1031775176525116
0.32	0.384	0.004805057309567928	0.4295121729373932	0.004869508091360331	0.003640714567154646	0.01777377910912037	0.008273229002952576	0.016254564747214317	0.018165018409490585	0.040682628750801086	0.1031775176525116
0.384	0.448	0.00457220571115613	0.40489351749420166	0.004869508091360331	0.003640714567154646	0.01777377910912037	0.008273229002952576	0.016324982047080994	0.017358267679810524	0.040682628750801086	0.1031775176525116
0.448	0.512	0.004454575479030609	0.37464606761932373	0.004932229407131672	0.003640714567154646	0.01777377910912037	0.008273229002952576	0.0163703765720129	0.016569843515753746	0.04998818039894104	0.09961807727813721
0.512	0.576	0.004363935440778732	0.3421156108379364	0.0051893191412091255	0.003640714567154646	0.017959430813789368	0.008430171757936478	0.01651228778064251	0.015850737690925598	0.06532936543226242	0.09459792822599411
