onset	offset	Alarm_bell_ringing	Blender	Cat	Dishes	Dog	Electric_shaver_toothbrush	Frying	Running_water	Speech	Vacuum_cleaner
0.0	0.064	0.0009409052436240017	0.0003107058582827449	0.0004211587365716696	0.0023787098471075296	0.0005607246421277523	0.000267542724031955	0.0021059345453977585	0.0005321583012118936	0.001856170129030943	0.0005112328217364848
0.064	0.128	0.0009409052436240017	0.0003107058582827449	0.0004211587365716696	0.0023787098471075296	0.0005457042716443539	0.000267542724031955	0.0021059345453977585	0.0005321583012118936	0.001856170129030943	0.0005112328217364848
0.128	0.192	0.0007453375728800893	0.0002625703054945916	0.0003899555595126003	0.001727332710288465	0.0005457042716443539	0.0002523627772461623	0.001751100062392652	0.0004885437665507197	0.0016844526398926973	0.00043341369018889964
0.192	0.256	0.0006936053978279233	0.0002441992692183703	0.0003899555595126003	0.0014965542359277606	0.000545017363037914	0.0002436513314023614	0.0015414210502058268	0.00046053194091655314	0.0016054942971095443	0.0003985776857007295
0.256	0.32	0.0006706067360937595	0.00023494265042245388	0.0003899555595126003	0.0013993290485814214	0.000545017363037914	0.00023954569769557565	0.0013974333414807916	0.000438586255768314	0.0015858134720474482	0.0003661777591332793
0.32	0.384	0.0006592108402401209	0.0002323407679796219	0.0003899555595126003	0.001328826299868524	0.000545017363037914	0.00023916045029181987	0.001291845110245049	0.0004215615917928517	0.0015746504068374634	0.0003366134187672287
0.384	0.448	0.0006580087938345969	0.00023172794317360967	0.00039044994628056884	0.0013032462447881699	0.000545017363037914	0.00023916045029181987	0.001216396689414978	0.00041085813427343965	0.0015723791439086199	0.0003133307327516377
0.448	0.512	0.0006580087938345969	0.00022945200907997787	0.00039044994628056884	0.0013032462447881699	0.0005653538391925395	0.00023771822452545166	0.001164176152087748	0.0004018049512524158	0.0015723791439086199	0.00029222859302535653
0.512	0.576	0.0006580087938345969	0.0002282723580719903	0.00039044994628056884	0.0013032462447881699	0.0005813766620121896	0.00023686571512371302	0.0011058299569413066	0.00038779378519393504	0.0015723791439086199	0.00027395010692998767
