onset	offset	Alarm_bell_ringing	Blender	Cat	Dishes	Dog	Electric_shaver_toothbrush	Frying	Running_water	Speech	Vacuum_cleaner
0.0	0.064	0.0022751528304070234	0.007488472852855921	0.002422429621219635	0.0006566187366843224	0.0018552886322140694	0.0032935100607573986	0.0003864099271595478	0.0021567116491496563	0.0032739839516580105	0.38994669914245605
0.064	0.128	0.0030225280206650496	0.007488472852855921	0.002422429621219635	0.0006566187366843224	0.002364874817430973	0.003973422572016716	0.0003864099271595478	0.0021567116491496563	0.0032739839516580105	0.39972445368766785
0.128	0.192	0.004997788928449154	0.00836396124213934	0.0024769019801169634	0.0006566187366843224	0.0024520328734070063	0.004131960216909647	0.00038830796256661415	0.0029157069511711597	0.0028335198294371367	0.39972445368766785
0.192	0.256	0.0040891277603805065	0.044039465487003326	0.002422429621219635	0.0006275459309108555	0.0024520328734070063	0.003973422572016716	0.00038830796256661415	0.005915449932217598	0.0025641825050115585	0.43330201506614685
0.256	0.32	0.0030225280206650496	0.05551561340689659	0.002399980090558529	0.0006078742444515228	0.002364874817430973	0.003393919439986348	0.00038830796256661415	0.005915449932217598	0.0025641825050115585	0.43499666452407837
0.32	0.384	0.0030225280206650496	0.05551561340689659	0.0023703384213149548	0.0004892831202596426	0.002364874817430973	0.003393919439986348	0.0004565312701743096	0.005915449932217598	0.0025641825050115585	0.49498769640922546
0.384	0.448	0.0030225280206650496	0.05551561340689659	0.002352446084842086	0.0004465781385079026	0.002364874817430973	0.003393919439986348	0.0004993801121599972	0.005915449932217598	0.0025641825050115585	0.49498769640922546
0.448	0.512	0.0028040013276040554	0.05551561340689659	0.0019176561618223786	0.00042681346531026065	0.0023508004378527403	0.0032644271850585938	0.0005051365005783737	0.004655615892261267	0.0026079858653247356	0.49498769640922546
0.512	0.576	0.0025488033425062895	0.04871642217040062	0.0015504291513934731	0.0004266190226189792	0.002226232085376978	0.0031330049969255924	0.0005135716055519879	0.00443733436986804	0.0027749279979616404	0.49912771582603455
