onset	offset	Alarm_bell_ringing	Blender	Cat	Dishes	Dog	Electric_shaver_toothbrush	Frying	Running_water	Speech	Vacuum_cleaner
0.0	0.064	0.00017251924145966768	0.00023202707234304398	0.008565777912735939	0.0007624170393683016	0.0004955829936079681	0.0001222301652887836	0.0009570468100719154	0.0010246147867292166	0.0014482698170468211	0.0010799288284033537
0.064	0.128	0.00017251924145966768	0.00023202707234304398	0.00883539579808712	0.0007624170393683016	0.0004955829936079681	0.0001222301652887836	0.0009570468100719154	0.0010246147867292166	0.0014482698170468211	0.0010799288284033537
0.128	0.192	0.00015849272313062102	0.00020733437850140035	0.009980738162994385	0.0006768103339709342	0.0004995259805582464	0.00011143450683448464	0.0008932987693697214	0.0008988937479443848	0.0012783636339008808	0.0009806803427636623
0.192	0.256	0.00015693926252424717	0.00019514851737767458	0.009980738162994385	0.000658144592307508	0.0004965863772667944	0.0001114294063881971	0.0008414243930019438	0.0008404046529904008	0.0012493213871493936	0.0009296785574406385
0.256	0.32	0.00015294937475118786	0.00019514851737767458	0.009980738162994385	0.0006561583140864968	0.0004955829936079681	0.00011098117829533294	0.0008305091178044677	0.0007842507329769433	0.0012493213871493936	0.0008894479833543301
0.32	0.384	0.00015020575665403157	0.00019514851737767458	0.010545910336077213	0.0006561583140864968	0.0004930082941427827	0.00010974398901453242	0.0008305091178044677	0.0007419101893901825	0.0012493213871493936	0.0008613876416347921
0.384	0.448	0.0001467014371883124	0.00019514851737767458	0.011005192063748837	0.0006561583140864968	0.0004930082941427827	0.00010922428919002414	0.000830281525850296	0.0007015964947640896	0.0012493213871493936	0.0008256523287855089
0.448	0.512	0.0001418055035173893	0.00020293277339078486	0.0115188118070364	0.000658144592307508	0.000486176140839234	0.00010666396701708436	0.000830281525850296	0.0006633909652009606	0.0012496290728449821	0.0007928764098323882
0.512	0.576	0.0001360659080091864	0.0002162432501791045	0.012944979593157768	0.0006707393913529813	0.0004744816687889397	0.00010666396701708436	0.0008305091178044677	0.0006633909652009606	0.0012728688307106495	0.0007592750480398536
