onset	offset	Alarm_bell_ringing	Blender	Cat	Dishes	Dog	Electric_shaver_toothbrush	Frying	Running_water	Speech	Vacuum_cleaner
0.0	0.064	0.0011362230870872736	0.0006561220507137477	0.0037045420613139868	0.0016585079720243812	0.0015257943887263536	0.0007052086293697357	0.0013443173374980688	0.6694159507751465	0.009851986542344093	0.005630107596516609
0.064	0.128	0.0011362230870872736	0.0005326764076016843	0.004334155470132828	0.0016585079720243812	0.0015808300813660026	0.0007052086293697357	0.0011487308656796813	0.6694159507751465	0.009851986542344093	0.005630107596516609
0.128	0.192	0.0012884396128356457	0.0005326764076016843	0.0049265786074101925	0.0018203945364803076	0.0017010057345032692	0.0007505521061830223	0.0011487308656796813	0.772713303565979	0.009851986542344093	0.005630107596516609
0.192	0.256	0.0012884396128356457	0.0005231475224718451	0.0049265786074101925	0.0018203945364803076	0.0017010057345032692	0.0007505521061830223	0.0010217430535703897	0.7745529413223267	0.009851986542344093	0.005630107596516609
0.256	0.32	0.0012884396128356457	0.0004734141402877867	0.0065825991332530975	0.0018203945364803076	0.0017010057345032692	0.0007505521061830223	0.00083509786054492	0.7761279940605164	0.009851986542344093	0.005630107596516609
0.32	0.384	0.0014815637841820717	0.0004624580906238407	0.0065825991332530975	0.0022741768043488264	0.0018866666359826922	0.001003323239274323	0.0007385910721495748	0.796218991279602	0.013328051194548607	0.005042066797614098
0.384	0.448	0.0014815637841820717	0.00046076110447756946	0.0065825991332530975	0.0026967443991452456	0.0018951443489640951	0.001003323239274323	0.0006618431652896106	0.8165330290794373	0.022402146831154823	0.005001201760023832
0.448	0.512	0.0014815637841820717	0.00046076110447756946	0.0065825991332530975	0.0027111470699310303	0.0020625030156224966	0.001003323239274323	0.0006618431652896106	0.8594527840614319	0.03211551159620285	0.004727724939584732
0.512	0.576	0.0014815637841820717	0.0004624580906238407	0.006060879677534103	0.0027111470699310303	0.002078594407066703	0.001003323239274323	0.0006618431652896106	0.8953360915184021	0.04871825501322746	0.004586891271173954
