onset	offset	Alarm_bell_ringing	Blender	Cat	Dishes	Dog	Electric_shaver_toothbrush	Frying	Running_water	Speech	Vacuum_cleaner
0.0	0.064	0.004153633955866098	0.0002167619823012501	0.012426594272255898	0.0014967866009101272	0.010112305171787739	0.0015667076222598553	0.0016143297543749213	0.0011623401660472155	0.0053408159874379635	0.0020515702199190855
0.064	0.128	0.00394186656922102	0.0002167619823012501	0.012426594272255898	0.0014967866009101272	0.010112305171787739	0.0015570549294352531	0.0016143297543749213	0.0011511007323861122	0.0053408159874379635	0.0020515702199190855
0.128	0.192	0.00394186656922102	0.00019808691286016256	0.015362211503088474	0.0013433428248390555	0.010698970407247543	0.0015570549294352531	0.0014007097342982888	0.0011511007323861122	0.0047107236459851265	0.0018112935358658433
0.192	0.256	0.0036660239566117525	0.00017929788737092167	0.015362211503088474	0.001145693939179182	0.010863098315894604	0.001438031205907464	0.0012967094080522656	0.0011444035917520523	0.004455905873328447	0.00149764702655375
0.256	0.32	0.003175575053319335	0.0001704461028566584	0.015362211503088474	0.0010737895499914885	0.010863098315894604	0.0013289795024320483	0.001236544456332922	0.001089343335479498	0.004177966620773077	0.0013108160346746445
0.32	0.384	0.002992540132254362	0.00016445024812128395	0.015362211503088474	0.0010586013086140156	0.010863098315894604	0.0012538627488538623	0.0011956356465816498	0.001039469032548368	0.003932399209588766	0.0011811682488769293
0.384	0.448	0.0028719217516481876	0.00016190278984140605	0.01580384187400341	0.0010551568120718002	0.011282923631370068	0.0011994249653071165	0.0011499520624056458	0.000990028609521687	0.0037286137230694294	0.0010824099881574512
0.448	0.512	0.002590568969026208	0.00016190278984140605	0.01580384187400341	0.0010275127133354545	0.011370024643838406	0.0011994249653071165	0.001104978146031499	0.000941789650823921	0.0037286137230694294	0.0010824099881574512
0.512	0.576	0.002293429570272565	0.00016190278984140605	0.01580384187400341	0.0010013822466135025	0.011370024643838406	0.0011994249653071165	0.001104978146031499	0.000941789650823921	0.0037286137230694294	0.0010824099881574512
