onset	offset	Alarm_bell_ringing	Blender	Cat	Dishes	Dog	Electric_shaver_toothbrush	Frying	Running_water	Speech	Vacuum_cleaner
0.0	0.064	0.004893521312624216	0.06304378062486649	0.01020717527717352	0.21451576054096222	0.011501711793243885	0.0024895817041397095	0.5536843538284302	0.2257888913154602	0.017237365245819092	0.031161492690443993
0.064	0.128	0.004893521312624216	0.06304378062486649	0.01020717527717352	0.21451576054096222	0.011501711793243885	0.0024895817041397095	0.5536843538284302	0.2257888913154602	0.017237365245819092	0.031161492690443993
0.128	0.192	0.004109213128685951	0.05381545051932335	0.008502704091370106	0.1767631620168686	0.011501711793243885	0.001962716691195965	0.5505660176277161	0.18582884967327118	0.013345921412110329	0.02825545147061348
0.192	0.256	0.0037903916090726852	0.03946402296423912	0.008381832391023636	0.1241404190659523	0.010576295666396618	0.0017599730053916574	0.514161229133606	0.1431839019060135	0.011415647342801094	0.020207203924655914
0.256	0.32	0.002940780483186245	0.022199956700205803	0.006157933734357357	0.06801396608352661	0.00755738839507103	0.0014515634393319488	0.4482017159461975	0.10921161621809006	0.008106471970677376	0.012189441360533237
0.32	0.384	0.0028636599890887737	0.009887662716209888	0.003991721197962761	0.030085653066635132	0.0031478190794587135	0.001153616583906114	0.43752485513687134	0.07013991475105286	0.005949238780885935	0.008798902854323387
0.384	0.448	0.0019090380519628525	0.005211147014051676	0.003871167078614235	0.014805495738983154	0.0017975234659388661	0.0008500301046296954	0.42429932951927185	0.055003080517053604	0.005190645810216665	0.005807320587337017
0.448	0.512	0.0013146131532266736	0.0036490855272859335	0.003871167078614235	0.010897181928157806	0.0017975234659388661	0.0007746893679723144	0.40714147686958313	0.055003080517053604	0.004790660925209522	0.004472794011235237
0.512	0.576	0.0013146131532266736	0.0031170332804322243	0.003871167078614235	0.010897181928157806	0.0017975234659388661	0.0007746893679723144	0.40714147686958313	0.055003080517053604	0.004790660925209522	0.00414431095123291
