onset	offset	Alarm_bell_ringing	Blender	Cat	Dishes	Dog	Electric_shaver_toothbrush	Frying	Running_water	Speech	Vacuum_cleaner
0.0	0.064	0.00048537712427787483	0.0011157862609252334	0.0007067857077345252	0.0011873001931235194	0.00042934389784932137	0.0001954170293174684	0.000503754592500627	0.0030588547233492136	0.0018241023644804955	0.0023040901869535446
0.064	0.128	0.00048537712427787483	0.0011157862609252334	0.0007067857077345252	0.0011873001931235194	0.00042934389784932137	0.0001954170293174684	0.000503754592500627	0.0030588547233492136	0.0018241023644804955	0.0023040901869535446
0.128	0.192	0.0003951523103751242	0.0009966737125068903	0.0006409544148482382	0.0009188656695187092	0.00040764326695352793	0.00018425111193209887	0.00042848612065427005	0.002754724584519863	0.0015792481135576963	0.001997866667807102
0.192	0.256	0.00036202947376295924	0.0009418291738256812	0.0006366436718963087	0.0008695878204889596	0.00040764326695352793	0.00018260898650623858	0.0003833036753349006	0.0024868277832865715	0.0015132719418033957	0.0017444329569116235
0.256	0.32	0.0003440870204940438	0.0008743522921577096	0.0006345480214804411	0.000842676789034158	0.00040764326695352793	0.00018070937949232757	0.00035231831134296954	0.0023089535534381866	0.0015132719418033957	0.001610861043445766
0.32	0.384	0.00033451098715886474	0.0008086675079539418	0.0006334689096547663	0.0008167026680894196	0.00040764326695352793	0.00017765567463357002	0.00032651046058163047	0.0021919049322605133	0.0015132719418033957	0.0015100697055459023
0.384	0.448	0.00033096419065259397	0.0007512791198678315	0.0006338937091641128	0.0007851431728340685	0.0004077808407600969	0.00017428888531867415	0.00030246053938753903	0.0021388442255556583	0.0015132719418033957	0.001424537505954504
0.448	0.512	0.0003289384476374835	0.0007206079317256808	0.0006345480214804411	0.0007635614601895213	0.00041276856791228056	0.0001727918570395559	0.0002833863254636526	0.0021129457745701075	0.0015273134922608733	0.0013515332248061895
0.512	0.576	0.00032786268275231123	0.00071602693060413	0.0006345480214804411	0.0007547392742708325	0.0004167123115621507	0.0001727918570395559	0.00026849511777982116	0.0021129457745701075	0.0015427535399794579	0.0012816099915653467
