onset	offset	Alarm_bell_ringing	Blender	Cat	Dishes	Dog	Electric_shaver_toothbrush	Frying	Running_water	Speech	Vacuum_cleaner
0.0	0.064	0.0012070449301972985	0.01274397037923336	0.0009181589703075588	0.0018432540819048882	0.005846650339663029	0.0021745171397924423	0.002305219415575266	0.003022193443030119	0.009493480436503887	0.017096251249313354
0.064	0.128	0.00149623304605484	0.014237153343856335	0.0009181589703075588	0.0018432540819048882	0.006064057350158691	0.0021745171397924423	0.0024003032594919205	0.0030559913720935583	0.009493480436503887	0.017096251249313354
0.128	0.192	0.001622325973585248	0.014237153343856335	0.0009034632239490747	0.001811006455682218	0.006588607095181942	0.002207609359174967	0.002410606015473604	0.0030559913720935583	0.010134429670870304	0.015903279185295105
0.192	0.256	0.0015805440489202738	0.014794878661632538	0.0009034632239490747	0.0017984093865379691	0.006588607095181942	0.002207609359174967	0.002410606015473604	0.003022193443030119	0.010134429670870304	0.01437419280409813
0.256	0.32	0.00149623304605484	0.014794878661632538	0.0009034632239490747	0.0017759030451998115	0.006588607095181942	0.002207609359174967	0.002410606015473604	0.0029582304414361715	0.010134429670870304	0.012823544442653656
0.32	0.384	0.00149623304605484	0.014794878661632538	0.0009034632239490747	0.001759865554049611	0.007402723655104637	0.002266803290694952	0.002426863182336092	0.0029326346702873707	0.011235085316002369	0.011947929859161377
0.384	0.448	0.00149623304605484	0.014794878661632538	0.0009128650417551398	0.001759865554049611	0.008366809226572514	0.0022990491706877947	0.002460216637700796	0.0028443620540201664	0.012693608179688454	0.011432497762143612
0.448	0.512	0.001474858378060162	0.014204914681613445	0.0009151819976978004	0.001732806907966733	0.009364613331854343	0.0023007800336927176	0.0024923530872911215	0.0028382905293256044	0.0146552175283432	0.011294174008071423
0.512	0.576	0.001431913347914815	0.012971160933375359	0.0009164899820461869	0.001732806907966733	0.010514376685023308	0.0023044266272336245	0.0025097308680415154	0.0028382905293256044	0.01701810210943222	0.011243496090173721
