onset	offset	Alarm_bell_ringing	Blender	Cat	Dishes	Dog	Electric_shaver_toothbrush	Frying	Running_water	Speech	Vacuum_cleaner
0.0	0.064	0.0014182499144226313	0.006198938935995102	0.0031250237952917814	0.0007285799365490675	0.001754789031110704	0.0025262138806283474	0.0005822051898576319	0.0076291197910904884	0.00940288882702589	0.9765759706497192
0.064	0.128	0.0014182499144226313	0.006198938935995102	0.0031250237952917814	0.0007285799365490675	0.001754789031110704	0.0025262138806283474	0.0005822051898576319	0.0076291197910904884	0.00940288882702589	0.9765759706497192
0.128	0.192	0.0008972966461442411	0.004574906546622515	0.00200963718816638	0.0005863581318408251	0.0014914135681465268	0.002015416044741869	0.00041847038664855063	0.006671266630291939	0.00706837885081768	0.979375958442688
0.192	0.256	0.0007047141552902758	0.0036829051095992327	0.0017969408072531223	0.0004828612436540425	0.0014129073824733496	0.00170677260030061	0.000393856898881495	0.004875801503658295	0.004644986242055893	0.9799746870994568
0.256	0.32	0.0006228000856935978	0.003430759534239769	0.001745350775308907	0.00044031444122083485	0.0013943659141659737	0.0015783003764227033	0.00037680435343645513	0.004536155145615339	0.0041520856320858	0.9810404181480408
0.32	0.384	0.0005732796271331608	0.0033362251706421375	0.0016920800553634763	0.0004212157800793648	0.001359442132525146	0.0015339077217504382	0.00035862938966602087	0.004530556034296751	0.004054457414895296	0.9817467927932739
0.384	0.448	0.000542202265933156	0.0031836063135415316	0.0016848254017531872	0.00041321347816847265	0.001359442132525146	0.0015078067081049085	0.0003450223885010928	0.004524989519268274	0.004050294868648052	0.9819483757019043
0.448	0.512	0.0005246736109256744	0.0031836063135415316	0.0016848254017531872	0.00040733328205533326	0.001373507548123598	0.0014862281968817115	0.00033530182554386556	0.004524989519268274	0.004022617824375629	0.9819483757019043
0.512	0.576	0.0005112262442708015	0.0031836063135415316	0.0016517570475116372	0.0004044373636133969	0.0013943659141659737	0.001471680006943643	0.0003315032518003136	0.004524989519268274	0.003997146617621183	0.9819483757019043
