onset	offset	Alarm_bell_ringing	Blender	Cat	Dishes	Dog	Electric_shaver_toothbrush	Frying	Running_water	Speech	Vacuum_cleaner
0.0	0.064	0.004192433785647154	0.008282279595732689	0.18104290962219238	0.015480294823646545	0.05248398706316948	0.01614472083747387	0.08393919467926025	0.0712377279996872	0.18499168753623962	0.043941281735897064
0.064	0.128	0.004317564889788628	0.009623507969081402	0.18104290962219238	0.015480294823646545	0.05613227188587189	0.01614472083747387	0.08393919467926025	0.074614018201828	0.18499168753623962	0.043941281735897064
0.128	0.192	0.005197897553443909	0.009827646426856518	0.19936861097812653	0.01637590490281582	0.058581385761499405	0.015029980801045895	0.07988110184669495	0.074614018201828	0.1859518587589264	0.04177414998412132
0.192	0.256	0.005197897553443909	0.009827646426856518	0.29183757305145264	0.01637590490281582	0.058581385761499405	0.014974499121308327	0.07626428455114365	0.07681992650032043	0.1859518587589264	0.03628077730536461
0.256	0.32	0.004924276378005743	0.009623507969081402	0.40620824694633484	0.01637590490281582	0.058581385761499405	0.014686995185911655	0.07524137198925018	0.07792933285236359	0.1859518587589264	0.03277096524834633
0.32	0.384	0.004924276378005743	0.009623507969081402	0.4440338611602783	0.01722538098692894	0.060299426317214966	0.014686995185911655	0.07312586158514023	0.07792933285236359	0.1871998906135559	0.03114020824432373
0.384	0.448	0.004924276378005743	0.009623507969081402	0.4548790454864502	0.01790175400674343	0.06302428245544434	0.014907231554389	0.0704512670636177	0.07792933285236359	0.1876867115497589	0.03114020824432373
0.448	0.512	0.004924276378005743	0.009424984455108643	0.4579674303531647	0.01790175400674343	0.06302428245544434	0.014974499121308327	0.0671568214893341	0.07792933285236359	0.1876867115497589	0.03114020824432373
0.512	0.576	0.0047826021909713745	0.008915511891245842	0.4597238004207611	0.01790175400674343	0.0636432096362114	0.015029980801045895	0.06355781108140945	0.07499486207962036	0.1876867115497589	0.03114020824432373
