onset	offset	Alarm_bell_ringing	Blender	Cat	Dishes	Dog	Electric_shaver_toothbrush	Frying	Running_water	Speech	Vacuum_cleaner
0.0	0.064	0.0011753237340599298	0.008013596758246422	0.0006527191726490855	0.026391901075839996	0.0006461238372139633	0.01598108559846878	0.9819650053977966	0.005392422899603844	0.020461810752749443	0.014698012731969357
0.064	0.128	0.0011753237340599298	0.008013596758246422	0.0006527191726490855	0.026391901075839996	0.0006461238372139633	0.01598108559846878	0.9819650053977966	0.005392422899603844	0.020461810752749443	0.014698012731969357
0.128	0.192	0.0007158441585488617	0.005018582101911306	0.0005108886398375034	0.018633848056197166	0.0005093853687867522	0.01027141883969307	0.985508143901825	0.004097589757293463	0.017176635563373566	0.007090672384947538
0.192	0.256	0.0005301645142026246	0.003346038283780217	0.00043918596929870546	0.015683725476264954	0.00045293004950508475	0.008178559131920338	0.9868484139442444	0.0033247198443859816	0.01519355084747076	0.004372826311737299
0.256	0.32	0.0004528633435256779	0.002540185349062085	0.00037287757731974125	0.014890828169882298	0.0004136754141654819	0.007522209547460079	0.9868484139442444	0.0027697193436324596	0.011769536882638931	0.0034176199696958065
0.32	0.384	0.00040494927088730037	0.00207303324714303	0.00032485215342603624	0.014510772190988064	0.0003749675233848393	0.0071145109832286835	0.9868484139442444	0.002410656539723277	0.008854076266288757	0.002902669133618474
0.384	0.448	0.00037941549089737236	0.0017778946785256267	0.0003038379654753953	0.014510772190988064	0.0003461267042439431	0.006887328345328569	0.9868484139442444	0.0022083742078393698	0.007596071809530258	0.0026294246781617403
0.448	0.512	0.00036696824827231467	0.0015776694053784013	0.00029236931004561484	0.014510772190988064	0.0003229644207749516	0.006808769423514605	0.9867416024208069	0.0021016933023929596	0.007132201921194792	0.0024987426586449146
0.512	0.576	0.00035692486562766135	0.0014435028424486518	0.00028179161017760634	0.014510772190988064	0.0003045978955924511	0.006731209810823202	0.9865027666091919	0.0020456870552152395	0.006977730896323919	0.0024318923242390156
