onset	offset	Alarm_bell_ringing	Blender	Cat	Dishes	Dog	Electric_shaver_toothbrush	Frying	Running_water	Speech	Vacuum_cleaner
0.0	0.064	0.0002268864627694711	0.0019522104412317276	0.0001315732952207327	0.0007375005516223609	0.0003549117536749691	0.00021663037477992475	0.0006406691973097622	0.00045761355431750417	0.004428907763212919	0.002068732865154743
0.064	0.128	0.0002268864627694711	0.0019522104412317276	0.0001315732952207327	0.0007375005516223609	0.0003549117536749691	0.00021663037477992475	0.0006406691973097622	0.00045761355431750417	0.004428907763212919	0.002068732865154743
0.128	0.192	0.0002268864627694711	0.0016319077694788575	0.00012230292486492544	0.0006128565291874111	0.0003334573993925005	0.00020169973140582442	0.000542444468010217	0.0004209799226373434	0.003640878712758422	0.0017391465371474624
0.192	0.256	0.0002268864627694711	0.001521527417935431	0.00012129943206673488	0.0005939450347796082	0.0003187422698829323	0.00020023042452521622	0.0004687061009462923	0.0003838488773908466	0.003352325176820159	0.0016669409815222025
0.256	0.32	0.00022285936574917287	0.0013820561580359936	0.00012066678027622402	0.0005413066246546805	0.0003135249426122755	0.0001982255926122889	0.000388545508030802	0.0002852458565030247	0.0022830942180007696	0.0014837987255305052
0.32	0.384	0.0002159241121262312	0.001349161146208644	0.00011966417514486238	0.0005390353035181761	0.0003135249426122755	0.00019755878020077944	0.00037613342283293605	0.00023106695152819157	0.0018254034221172333	0.0011427152203395963
0.384	0.448	0.0002145394973922521	0.0012507656356319785	0.00011268482194282115	0.0004882502253167331	0.0003135249426122755	0.0001961811794899404	0.0003680117370095104	0.0002141728182323277	0.0018254034221172333	0.0008711261907592416
0.448	0.512	0.00021152381668798625	0.001234044786542654	0.00010805605415953323	0.00046096759615466	0.0003135249426122755	0.0001958109496627003	0.0003534176794346422	0.0002109351335093379	0.0018254034221172333	0.000820138375274837
0.512	0.576	0.00018797550001181662	0.0011176153784617782	0.00010684821609174833	0.0004004664078820497	0.00031610761652700603	0.0001958109496627003	0.0003136469458695501	0.00020296528236940503	0.0018254034221172333	0.0008184622274711728
