onset	offset	Alarm_bell_ringing	Blender	Cat	Dishes	Dog	Electric_shaver_toothbrush	Frying	Running_water	Speech	Vacuum_cleaner
0.0	0.064	0.0014075480867177248	0.012504435144364834	0.001400967943482101	0.0007336050039157271	0.001905727433040738	0.002349318005144596	0.0002039268729276955	0.0017127025639638305	0.0038054068572819233	0.4499164819717407
0.064	0.128	0.0008795990725047886	0.012504435144364834	0.001400967943482101	0.0004768516810145229	0.001905727433040738	0.0017909023445099592	0.0002209846570622176	0.0017127025639638305	0.003704990493133664	0.4499164819717407
0.128	0.192	0.0008795990725047886	0.037662655115127563	0.0011375377653166652	0.0004768516810145229	0.001988958800211549	0.0017909023445099592	0.0002397513308096677	0.002740483032539487	0.003704990493133664	0.7357038855552673
0.192	0.256	0.0008766121463850141	0.037662655115127563	0.0008975380915217102	0.0004224474250804633	0.001905727433040738	0.0017606918700039387	0.0002209846570622176	0.002740483032539487	0.0034396008122712374	0.8114774227142334
0.256	0.32	0.0008552826475352049	0.037662655115127563	0.000873712298925966	0.0003337894449941814	0.0018583843484520912	0.0015475862892344594	0.00020889822917524725	0.002740483032539487	0.00322157284244895	0.8644441366195679
0.32	0.384	0.0008552826475352049	0.037662655115127563	0.0008631430682726204	0.0003244237741455436	0.0018583843484520912	0.0015188971301540732	0.00020889822917524725	0.002740483032539487	0.002989234169945121	0.8936055898666382
0.384	0.448	0.0007620875840075314	0.026017876341938972	0.0008627524366602302	0.00029260021983645856	0.0016604544362053275	0.001497898017987609	0.00020889822917524725	0.002501715673133731	0.0027379768434911966	0.9060056805610657
0.448	0.512	0.0005979822017252445	0.02088933438062668	0.0008406462147831917	0.0002716454619076103	0.0014738166937604547	0.0014463706174865365	0.00017805572133511305	0.0023246186319738626	0.002603860106319189	0.9073066711425781
0.512	0.576	0.0004924989189021289	0.01913362741470337	0.0008217365248128772	0.00026421743677929044	0.001210254617035389	0.0014237345894798636	0.00016423023771494627	0.002203958109021187	0.0025481560733169317	0.9076111912727356
