onset	offset	Alarm_bell_ringing	Blender	Cat	Dishes	Dog	Electric_shaver_toothbrush	Frying	Running_water	Speech	Vacuum_cleaner
0.0	0.064	0.0007140555535443127	0.0019194805063307285	0.0017318816389888525	0.20727775990962982	0.0013175299391150475	0.0005426984280347824	0.15400430560112	0.0010823528282344341	0.045436762273311615	0.001310086576268077
0.064	0.128	0.0007140555535443127	0.0019194805063307285	0.0017318816389888525	0.20727775990962982	0.0013175299391150475	0.0005426984280347824	0.15378452837467194	0.0010823528282344341	0.045436762273311615	0.001310086576268077
0.128	0.192	0.000567438721191138	0.0016609035665169358	0.0017318816389888525	0.167917862534523	0.0011837567435577512	0.0004253611550666392	0.15378452837467194	0.0010823528282344341	0.050152234733104706	0.001303287222981453
0.192	0.256	0.000567438721191138	0.0016422488261014223	0.0017318816389888525	0.167917862534523	0.0011837567435577512	0.0004253611550666392	0.15378452837467194	0.0010823528282344341	0.050152234733104706	0.001303287222981453
0.256	0.32	0.000567438721191138	0.0016422488261014223	0.0017318816389888525	0.167917862534523	0.0011837567435577512	0.0004253611550666392	0.15378452837467194	0.0010823528282344341	0.06405755877494812	0.001303287222981453
0.32	0.384	0.000567438721191138	0.0016422488261014223	0.0017649861983954906	0.167917862534523	0.0011837567435577512	0.0004253611550666392	0.15400430560112	0.0009945991914719343	0.13180363178253174	0.001303287222981453
0.384	0.448	0.0012321139220148325	0.0016422488261014223	0.007960574701428413	0.46501901745796204	0.002992321038618684	0.0006572322454303503	0.1691981554031372	0.0009593967697583139	0.35688847303390503	0.001303287222981453
0.448	0.512	0.002372611779719591	0.0017263044137507677	0.014600987546145916	0.682353675365448	0.0061661479994654655	0.0009423017618246377	0.19268812239170074	0.0009593967697583139	0.7786312103271484	0.001303287222981453
0.512	0.576	0.002621640218421817	0.0020022543612867594	0.016422724351286888	0.703079104423523	0.0061661479994654655	0.0009423017618246377	0.26862117648124695	0.0011763013899326324	0.7786312103271484	0.001303287222981453
