onset	offset	Alarm_bell_ringing	Blender	Cat	Dishes	Dog	Electric_shaver_toothbrush	Frying	Running_water	Speech	Vacuum_cleaner
0.0	0.064	0.001899204682558775	0.0008259891183115542	0.010107466951012611	0.017089081928133965	0.08011753857135773	0.001549913315102458	0.004850095137953758	0.0050896694883704185	0.058409493416547775	0.002019275212660432
0.064	0.128	0.001899204682558775	0.0008259891183115542	0.010107466951012611	0.017089081928133965	0.08011753857135773	0.0015681463992223144	0.004850095137953758	0.0050896694883704185	0.058409493416547775	0.002019275212660432
0.128	0.192	0.001765791210345924	0.0018346596043556929	0.013714964501559734	0.017089081928133965	0.4071321487426758	0.0016061211936175823	0.0041823615320026875	0.007508715149015188	0.08313418924808502	0.00206294865347445
0.192	0.256	0.0013002618215978146	0.0019881839398294687	0.013714964501559734	0.017089081928133965	0.6613162755966187	0.001591015257872641	0.0032047093845903873	0.008207534439861774	0.097198486328125	0.00206294865347445
0.256	0.32	0.001084467163309455	0.0019881839398294687	0.013714964501559734	0.017089081928133965	0.6613162755966187	0.0015681463992223144	0.002967461012303829	0.008207534439861774	0.097198486328125	0.00206294865347445
0.32	0.384	0.0010645483853295445	0.0019881839398294687	0.013714964501559734	0.015810813754796982	0.6613162755966187	0.0015681463992223144	0.002764074830338359	0.008207534439861774	0.097198486328125	0.00206294865347445
0.384	0.448	0.0010279460111632943	0.0019881839398294687	0.01357391756027937	0.014105765148997307	0.6613162755966187	0.0015681463992223144	0.002476002089679241	0.008207534439861774	0.097198486328125	0.002019427018240094
0.448	0.512	0.0008975146920420229	0.0012373874196782708	0.008835851214826107	0.011774158105254173	0.6253930330276489	0.0012604256626218557	0.0017738161841407418	0.006757158786058426	0.09311037510633469	0.0015193194849416614
0.512	0.576	0.0006609471165575087	0.000631381815765053	0.008835851214826107	0.006948663387447596	0.20917022228240967	0.0007688070763833821	0.0012203598162159324	0.003882085904479027	0.08423684537410736	0.0011141266440972686
