onset	offset	Alarm_bell_ringing	Blender	Cat	Dishes	Dog	Electric_shaver_toothbrush	Frying	Running_water	Speech	Vacuum_cleaner
0.0	0.064	0.001457080477848649	0.0016224541468545794	0.01297208946198225	0.020339610055088997	0.002604428678750992	0.001083272392861545	0.000527623516973108	0.004231746308505535	0.005472330376505852	0.0006906668422743678
0.064	0.128	0.001457080477848649	0.0016224541468545794	0.01297208946198225	0.020339610055088997	0.002604428678750992	0.001083272392861545	0.000527623516973108	0.004231746308505535	0.005472330376505852	0.0006906668422743678
0.128	0.192	0.0010913948062807322	0.0012194616720080376	0.007788882590830326	0.0123817790299654	0.0019065865781158209	0.0008967525791376829	0.00043538896716199815	0.0032414987217634916	0.00400781212374568	0.0006044189794920385
0.192	0.256	0.0007644580909982324	0.0009210553835146129	0.00548647902905941	0.006842912174761295	0.0014349273405969143	0.000725347432307899	0.0003797694225795567	0.0025671208277344704	0.0031784926541149616	0.0005373188760131598
0.256	0.32	0.0006264809635467827	0.0008041242836043239	0.00493086501955986	0.005702105350792408	0.0013354275142773986	0.0006501228199340403	0.00035001873038709164	0.002367244102060795	0.002891568234190345	0.00047960388474166393
0.32	0.384	0.0006181272328831255	0.0007928775739856064	0.004506593570113182	0.005185185000300407	0.0012834557564929128	0.000647959066554904	0.0003091416147071868	0.002320061204954982	0.0027981128077954054	0.00045818532817065716
0.384	0.448	0.0005709629622288048	0.000774083542637527	0.004339416511356831	0.00517013156786561	0.0012048165081068873	0.0006218256312422454	0.0002701629127841443	0.002233362291008234	0.0027028541080653667	0.00042674876749515533
0.448	0.512	0.0004931859439238906	0.0007242453866638243	0.004190091509371996	0.004723119083791971	0.0011319643817842007	0.0005574564565904438	0.00024411571212112904	0.001801381236873567	0.0026410510763525963	0.00038590814801864326
0.512	0.576	0.0004467037506401539	0.0007178621599450707	0.0040977708995342255	0.004501276183873415	0.0011319643817842007	0.0005529894260689616	0.00022756026010029018	0.0017596351681277156	0.0026368643157184124	0.00037224392872303724
