onset	offset	Alarm_bell_ringing	Blender	Cat	Dishes	Dog	Electric_shaver_toothbrush	Frying	Running_water	Speech	Vacuum_cleaner
0.0	0.064	0.013676895759999752	0.0036214273422956467	0.00450956542044878	0.0023382974322885275	0.0006364646833389997	0.0008589619537815452	0.001746198395267129	0.003959903493523598	0.008822713978588581	0.9604477286338806
0.064	0.128	0.014004639349877834	0.0036214273422956467	0.00450956542044878	0.0023382974322885275	0.0006364646833389997	0.0008589619537815452	0.001746198395267129	0.003959903493523598	0.008822713978588581	0.9596323370933533
0.128	0.192	0.017651392146945	0.0032498750369995832	0.006183377001434565	0.0028232785407453775	0.0005161283770576119	0.0007280677673406899	0.001746198395267129	0.003659376874566078	0.007361025549471378	0.9558529853820801
0.192	0.256	0.017651392146945	0.0030305306427180767	0.006183377001434565	0.0028232785407453775	0.0005161283770576119	0.0006272804457694292	0.001746198395267129	0.003620558651164174	0.006927449721843004	0.9558529853820801
0.256	0.32	0.02826991118490696	0.002920103259384632	0.006183377001434565	0.003523254068568349	0.0005161283770576119	0.0005486886366270483	0.001746198395267129	0.0035628138575702906	0.006828193087130785	0.95323246717453
0.32	0.384	0.060505859553813934	0.0025517423637211323	0.007482139393687248	0.003839566372334957	0.0005161283770576119	0.0005486886366270483	0.002000916050747037	0.0035628138575702906	0.006621257867664099	0.9472711682319641
0.384	0.448	0.060505859553813934	0.001681299414485693	0.007482139393687248	0.003839566372334957	0.0005422893445938826	0.0005486886366270483	0.002000916050747037	0.0035628138575702906	0.006448197178542614	0.9472711682319641
0.448	0.512	0.060505859553813934	0.001531952410005033	0.007482139393687248	0.003839566372334957	0.0005481672124005854	0.0005342205986380577	0.002000916050747037	0.0035628138575702906	0.006203390657901764	0.9472711682319641
0.512	0.576	0.060505859553813934	0.0014425774570554495	0.007482139393687248	0.003839566372334957	0.0005481672124005854	0.0005342205986380577	0.002000916050747037	0.0033923357259482145	0.00516992062330246	0.9472711682319641
