onset	offset	Alarm_bell_ringing	Blender	Cat	Dishes	Dog	Electric_shaver_toothbrush	Frying	Running_water	Speech	Vacuum_cleaner
0.0	0.064	0.0005560348508879542	0.004346172790974379	0.0051830848678946495	0.0013834547717124224	0.0008133138762786984	0.0003428711788728833	0.0010228855535387993	0.012499554082751274	0.004224839620292187	0.0013577633071690798
0.064	0.128	0.0005560348508879542	0.004346172790974379	0.0051830848678946495	0.0017828920390456915	0.0010219119722023606	0.0003428711788728833	0.0010228855535387993	0.012499554082751274	0.00554032763466239	0.0013577633071690798
0.128	0.192	0.0005560348508879542	0.00737041188403964	0.005522922612726688	0.0017828920390456915	0.001050953404046595	0.00037195428740233183	0.0011087233433499932	0.025236330926418304	0.005679534748196602	0.0016886298544704914
0.192	0.256	0.0005560348508879542	0.012909773737192154	0.005522922612726688	0.00183493469376117	0.001050953404046595	0.00040629104478284717	0.0016560109797865152	0.05582910031080246	0.005679534748196602	0.0020999677944928408
0.256	0.32	0.0005560348508879542	0.059583403170108795	0.005522922612726688	0.0023458548821508884	0.0017906398279592395	0.0005409375880844891	0.0016560109797865152	0.18211179971694946	0.006362394895404577	0.0024921693839132786
0.32	0.384	0.0006303614936769009	0.10969508439302444	0.005522922612726688	0.0023458548821508884	0.001919677946716547	0.0007088505080901086	0.0016560109797865152	0.19260837137699127	0.006362394895404577	0.0036895698867738247
0.384	0.448	0.0006548239034600556	0.12004542350769043	0.005204988643527031	0.0023458548821508884	0.0019615914206951857	0.0007088505080901086	0.0016560109797865152	0.19260837137699127	0.006362394895404577	0.004467862192541361
0.448	0.512	0.0006548239034600556	0.12004542350769043	0.00470364885404706	0.0023458548821508884	0.0019734229426831007	0.0007088505080901086	0.0012977052247151732	0.19260837137699127	0.006362394895404577	0.004854228347539902
0.512	0.576	0.0006805387674830854	0.12004542350769043	0.00470364885404706	0.002162791322916746	0.0019776837434619665	0.0007088505080901086	0.0010812397813424468	0.19260837137699127	0.005910917650908232	0.004854228347539902
