onset	offset	Alarm_bell_ringing	Blender	Cat	Dishes	Dog	Electric_shaver_toothbrush	Frying	Running_water	Speech	Vacuum_cleaner
0.0	0.064	0.0006528308731503785	0.00041072434396483004	0.0010612007463350892	0.000633298943284899	0.003716595470905304	0.000678884913213551	0.013434971682727337	0.07971648871898651	0.003551592817530036	0.013254689984023571
0.064	0.128	0.00060106604360044	0.00041072434396483004	0.0010612007463350892	0.000659574696328491	0.004235672298818827	0.0007763114990666509	0.013434971682727337	0.07971648871898651	0.003551592817530036	0.011574787087738514
0.128	0.192	0.00060106604360044	0.00041072434396483004	0.0009643840603530407	0.0006658813217654824	0.004300443455576897	0.0007763114990666509	0.024555549025535583	0.15508246421813965	0.0036366053391247988	0.01089387759566307
0.192	0.256	0.00043301639379933476	0.00038288990617729723	0.0009049398940987885	0.0006658813217654824	0.004300443455576897	0.0007763114990666509	0.03900352492928505	0.17127153277397156	0.0036366053391247988	0.01089387759566307
0.256	0.32	0.00032707874197512865	0.00035622104769572616	0.0008558965637348592	0.0006658813217654824	0.004300443455576897	0.0007763114990666509	0.044576458632946014	0.1714179664850235	0.0036366053391247988	0.008328162133693695
0.32	0.384	0.0002629403315950185	0.00031894867424853146	0.0008558965637348592	0.0006994231371209025	0.00441238796338439	0.0007864194340072572	0.044576458632946014	0.18939357995986938	0.003754466539248824	0.006639766041189432
0.384	0.448	0.0002404208789812401	0.00030562939355149865	0.0008558965637348592	0.0007211279589682817	0.004817530512809753	0.0008025377755984664	0.044576458632946014	0.19026824831962585	0.0037589387502521276	0.006303106900304556
0.448	0.512	0.0002404208789812401	0.00030381017131730914	0.0008558965637348592	0.0007231880445033312	0.004817530512809753	0.0008144322200678289	0.044576458632946014	0.1911783218383789	0.003761997213587165	0.006303106900304556
0.512	0.576	0.0002404208789812401	0.00029411326977424324	0.0009752928745001554	0.0007416497101075947	0.004817530512809753	0.0008144322200678289	0.04176032915711403	0.22697390615940094	0.0037691700272262096	0.006303106900304556
