onset	offset	Alarm_bell_ringing	Blender	Cat	Dishes	Dog	Electric_shaver_toothbrush	Frying	Running_water	Speech	Vacuum_cleaner
0.0	0.064	0.005626016762107611	0.001908371108584106	0.003244942519813776	0.002481828210875392	0.003499651560559869	0.0011644224869087338	0.0009440333233214915	0.0147799551486969	0.006650515832006931	0.009844831191003323
0.064	0.128	0.005626016762107611	0.001908371108584106	0.003244942519813776	0.002481828210875392	0.003499651560559869	0.0011644224869087338	0.0009440333233214915	0.0147799551486969	0.006650515832006931	0.009844831191003323
0.128	0.192	0.004636541474610567	0.00170511519536376	0.0027864845469594	0.002157496986910701	0.0029687308706343174	0.001059119706042111	0.0008898853557184339	0.011787847615778446	0.0058360169641673565	0.00839924905449152
0.192	0.256	0.003910816740244627	0.0015233010053634644	0.0025584432296454906	0.0016109294956550002	0.0024123324546962976	0.0008687488152645528	0.0008699735626578331	0.008081049658358097	0.004729819018393755	0.0069565484300255775
0.256	0.32	0.0034491312690079212	0.0015233010053634644	0.0025584432296454906	0.0011681285686790943	0.0019801210146397352	0.0007182440022006631	0.0008699652389623225	0.005693926941603422	0.00380021333694458	0.005837351083755493
0.32	0.384	0.0032942581456154585	0.0015233010053634644	0.0025584432296454906	0.000988345011137426	0.0019801210146397352	0.0007182440022006631	0.0008606783230789006	0.005502320826053619	0.00380021333694458	0.005837351083755493
0.384	0.448	0.003280674573034048	0.0015233010053634644	0.0025584432296454906	0.0009090672247111797	0.0019801210146397352	0.0006993711576797068	0.0008606783230789006	0.005265227984637022	0.00380021333694458	0.005837351083755493
0.448	0.512	0.003254865063354373	0.0015372810885310173	0.00279323966242373	0.0008939471445046365	0.001979738473892212	0.0006874809041619301	0.0008085888694040477	0.004965596832334995	0.00380021333694458	0.005797478370368481
0.512	0.576	0.003245503641664982	0.0015372810885310173	0.00279323966242373	0.0008594794198870659	0.001960749737918377	0.0006655142642557621	0.0006019773427397013	0.004900001455098391	0.00380021333694458	0.005273408722132444
