onset	offset	Alarm_bell_ringing	Blender	Cat	Dishes	Dog	Electric_shaver_toothbrush	Frying	Running_water	Speech	Vacuum_cleaner
0.0	0.064	0.0006899606669321656	0.002165276790037751	0.01255932915955782	0.004109123256057501	0.006533071864396334	0.0005876138457097113	0.0018848089966922998	0.08333048969507217	0.9538294672966003	0.002157296519726515
0.064	0.128	0.0006899606669321656	0.002156403847038746	0.01255932915955782	0.004109123256057501	0.006533071864396334	0.000580182415433228	0.0018848089966922998	0.08333048969507217	0.9538294672966003	0.002157296519726515
0.128	0.192	0.0006085765780881047	0.002156403847038746	0.01255932915955782	0.0038723801262676716	0.00716980779543519	0.0005796131445094943	0.00175941432826221	0.0709758922457695	0.9621397852897644	0.002157296519726515
0.192	0.256	0.0006085765780881047	0.001993848942220211	0.012082688510417938	0.0038723801262676716	0.007809176575392485	0.0005796131445094943	0.0017493913182988763	0.06525639444589615	0.9641773104667664	0.002157296519726515
0.256	0.32	0.0006085765780881047	0.0019874610006809235	0.012080235406756401	0.0038723801262676716	0.008304830640554428	0.0005683962954208255	0.0017104758881032467	0.06326527148485184	0.9649864435195923	0.0021332907490432262
0.32	0.384	0.0006085765780881047	0.001689615659415722	0.012080235406756401	0.0038723801262676716	0.008563616313040257	0.0005683962954208255	0.0016476457240059972	0.06326527148485184	0.9693255424499512	0.0019784527830779552
0.384	0.448	0.0005979040870442986	0.001689615659415722	0.012080235406756401	0.004335734061896801	0.008732417598366737	0.0005611042724922299	0.0016476457240059972	0.06326527148485184	0.9693255424499512	0.0017299354076385498
0.448	0.512	0.0005611898377537727	0.0015999524621292949	0.012080235406756401	0.004759256727993488	0.008732417598366737	0.0005589520442299545	0.0016476457240059972	0.06326527148485184	0.9693255424499512	0.001625393400900066
0.512	0.576	0.0005611898377537727	0.0015105688944458961	0.011173472739756107	0.004759256727993488	0.008732417598366737	0.0005557224503718317	0.0016476457240059972	0.07346139848232269	0.9693255424499512	0.0015139399329200387
