onset	offset	Alarm_bell_ringing	Blender	Cat	Dishes	Dog	Electric_shaver_toothbrush	Frying	Running_water	Speech	Vacuum_cleaner
0.0	0.064	0.002494820160791278	0.004124491009861231	0.0160541869699955	0.004194811452180147	0.6741929650306702	0.003194330260157585	0.0020772921852767467	0.009378704242408276	0.013835768215358257	0.005563637707382441
0.064	0.128	0.002494820160791278	0.004124491009861231	0.0160541869699955	0.004194811452180147	0.6741929650306702	0.0031903183553367853	0.0019163505639880896	0.009378704242408276	0.013835768215358257	0.005563637707382441
0.128	0.192	0.001864529331214726	0.004124491009861231	0.0160541869699955	0.0037989250849932432	0.6741929650306702	0.0031903183553367853	0.0019163505639880896	0.009378704242408276	0.013835768215358257	0.005202591419219971
0.192	0.256	0.001864529331214726	0.003914330620318651	0.0160541869699955	0.003249590750783682	0.6741929650306702	0.003102244110777974	0.001897455658763647	0.009378704242408276	0.014509891159832478	0.0038577173836529255
0.256	0.32	0.001864529331214726	0.003914330620318651	0.021052997559309006	0.0028825881890952587	0.7008883357048035	0.003102244110777974	0.0018244964303448796	0.009388296864926815	0.014605537056922913	0.0030318433418869972
0.32	0.384	0.001864529331214726	0.004124491009861231	0.021052997559309006	0.0028825881890952587	0.7706059813499451	0.003102244110777974	0.0015199228655546904	0.009588404558598995	0.014605537056922913	0.0030062473379075527
0.384	0.448	0.002187499776482582	0.004161396529525518	0.0182370413094759	0.0028825881890952587	0.7784603834152222	0.003102244110777974	0.0014830571599304676	0.010483154095709324	0.015243473462760448	0.0027476013638079166
0.448	0.512	0.0037905569188296795	0.004074701573699713	0.013879107311367989	0.0028825881890952587	0.8604376316070557	0.0048714280128479	0.00144681753590703	0.010483154095709324	0.01821102760732174	0.0026377637404948473
0.512	0.576	0.0050946506671607494	0.004074701573699713	0.013801049441099167	0.0028825881890952587	0.9299049973487854	0.006620367523282766	0.001417590887285769	0.010483154095709324	0.01821102760732174	0.002381125697866082
