onset	offset	Alarm_bell_ringing	Blender	Cat	Dishes	Dog	Electric_shaver_toothbrush	Frying	Running_water	Speech	Vacuum_cleaner
0.0	0.064	0.0014304304495453835	0.0002618445723783225	0.0004831169790122658	0.0015100123127922416	0.000845695729367435	0.0003351612249389291	0.0009069644147530198	0.00045605911873281	0.002514574909582734	0.001092605758458376
0.064	0.128	0.0014304304495453835	0.0002618445723783225	0.0004831169790122658	0.0015100123127922416	0.000845695729367435	0.0003351612249389291	0.0009069644147530198	0.00045605911873281	0.002514574909582734	0.001092605758458376
0.128	0.192	0.0012818127870559692	0.00021883549925405532	0.0004106566484551877	0.0011200731387361884	0.0007922669756226242	0.00027852150378748775	0.0008114278316497803	0.0004227266472298652	0.002041413215920329	0.0008915505604818463
0.192	0.256	0.0012657378101721406	0.0002095517556881532	0.00039106496842578053	0.0009814215591177344	0.0007922669756226242	0.0002666008658707142	0.0007438091561198235	0.000404731254093349	0.0018510768422856927	0.0008024880080483854
0.256	0.32	0.0012657378101721406	0.0002072651986964047	0.0003849515051115304	0.0009242367232218385	0.0007922669756226242	0.0002647167129907757	0.0006914723198860884	0.00039117757114581764	0.0017944921273738146	0.0007417850429192185
0.32	0.384	0.0012657378101721406	0.0002072651986964047	0.00038104792474769056	0.0008934608777053654	0.0007922669756226242	0.0002647167129907757	0.0006542209885083139	0.0003812173963524401	0.00177543715108186	0.0006977547309361398
0.384	0.448	0.0012657378101721406	0.0002072651986964047	0.00037766312016174197	0.0008724149665795267	0.0008068436873145401	0.0002647167129907757	0.000627532135695219	0.0003747425798792392	0.00177543715108186	0.0006650681607425213
0.448	0.512	0.0012859164271503687	0.0002072651986964047	0.0003744804416783154	0.0008724149665795267	0.000823286478407681	0.0002647167129907757	0.0006076020654290915	0.0003742185072042048	0.00177543715108186	0.0006402769940905273
0.512	0.576	0.0013103816891089082	0.0002066773158730939	0.0003716236387845129	0.0008724149665795267	0.0008379055070690811	0.0002657826407812536	0.0005917633534409106	0.0003742185072042048	0.00177543715108186	0.000621025450527668
