onset	offset	Alarm_bell_ringing	Blender	Cat	Dishes	Dog	Electric_shaver_toothbrush	Frying	Running_water	Speech	Vacuum_cleaner
0.0	0.064	0.005350208841264248	0.015156373381614685	0.005564777180552483	0.0014885262353345752	0.0020444062538444996	0.007410172838717699	0.004806459881365299	0.004955584183335304	0.01957811787724495	0.961765706539154
0.064	0.128	0.005350208841264248	0.015156373381614685	0.005564777180552483	0.0014885262353345752	0.0020444062538444996	0.007410172838717699	0.004806459881365299	0.004955584183335304	0.01957811787724495	0.9614546298980713
0.128	0.192	0.003854850772768259	0.012876433320343494	0.0045943958684802055	0.001172124408185482	0.0016564233228564262	0.006874121725559235	0.004005764611065388	0.004297920502722263	0.014182676561176777	0.9598751664161682
0.192	0.256	0.0031736146192997694	0.010571621358394623	0.003628709353506565	0.0009412433137185872	0.001500879181548953	0.006633743643760681	0.0035573786590248346	0.0035967302974313498	0.009829173795878887	0.9610996246337891
0.256	0.32	0.002705399179831147	0.009165997616946697	0.003628709353506565	0.0008659603772684932	0.001500879181548953	0.006423508748412132	0.0033239347394555807	0.0030932407826185226	0.009829173795878887	0.9614546298980713
0.32	0.384	0.0023462576791644096	0.008315353654325008	0.003628709353506565	0.0008659603772684932	0.001500879181548953	0.006056365091353655	0.0031658783555030823	0.0028025296051055193	0.009829173795878887	0.9614546298980713
0.384	0.448	0.0021412991918623447	0.008093304932117462	0.003628709353506565	0.0008659603772684932	0.001500879181548953	0.005704336334019899	0.0031658783555030823	0.0028025296051055193	0.009829173795878887	0.9614546298980713
0.448	0.512	0.002124025020748377	0.007907291874289513	0.0035922727547585964	0.0008659603772684932	0.001500879181548953	0.005436969455331564	0.0031658783555030823	0.0028025296051055193	0.017204277217388153	0.9631951451301575
0.512	0.576	0.0020219271536916494	0.0074280668050050735	0.0035922727547585964	0.0008831219747662544	0.001500879181548953	0.005026774946600199	0.0031658783555030823	0.0028025296051055193	0.02510109171271324	0.9641301035881042
