onset	offset	Alarm_bell_ringing	Blender	Cat	Dishes	Dog	Electric_shaver_toothbrush	Frying	Running_water	Speech	Vacuum_cleaner
0.0	0.064	0.009076901711523533	0.0024060234427452087	0.004696274176239967	0.01307817455381155	0.006747213192284107	0.00388961099088192	0.07301749289035797	0.0023389304988086224	0.9833264946937561	0.004087761044502258
0.064	0.128	0.009076901711523533	0.0024060234427452087	0.004696274176239967	0.01307817455381155	0.006747213192284107	0.00388961099088192	0.07301749289035797	0.0023389304988086224	0.9833264946937561	0.004087761044502258
0.128	0.192	0.00857806857675314	0.0023204255849123	0.004039339255541563	0.01307817455381155	0.00650722486898303	0.0035405547823756933	0.07563278079032898	0.0022041008342057467	0.9846504926681519	0.0035329540260136127
0.192	0.256	0.008485378697514534	0.0022790224757045507	0.003846303792670369	0.013040642254054546	0.006066689733415842	0.003510045353323221	0.07790575921535492	0.0021584033966064453	0.9846504926681519	0.003011045977473259
0.256	0.32	0.008414815180003643	0.0021392167545855045	0.0038156104274094105	0.013040642254054546	0.005963456351310015	0.003365830285474658	0.07828327268362045	0.0021036083344370127	0.9846504926681519	0.002786084543913603
0.32	0.384	0.008360770530998707	0.0020032371394336224	0.0037387562915682793	0.01307817455381155	0.0057006641291081905	0.0031869206577539444	0.08324593305587769	0.001990328077226877	0.9847205877304077	0.0026431684382259846
0.384	0.448	0.008329454809427261	0.001945424359291792	0.003621795680373907	0.013137063011527061	0.005174967925995588	0.00314378016628325	0.085179902613163	0.0018471129005774856	0.9846504926681519	0.0025125532411038876
0.448	0.512	0.008271919563412666	0.0018988132942467928	0.0035991559270769358	0.01294594258069992	0.005174967925995588	0.0029451625887304544	0.08545178174972534	0.0018290282459929585	0.9845882058143616	0.002505325013771653
0.512	0.576	0.00819000881165266	0.0017381352372467518	0.003159987973049283	0.01294594258069992	0.005022536497563124	0.0028222945984452963	0.09093985706567764	0.0018100767629221082	0.9828993082046509	0.0024810137692838907
