onset	offset	Alarm_bell_ringing	Blender	Cat	Dishes	Dog	Electric_shaver_toothbrush	Frying	Running_water	Speech	Vacuum_cleaner
0.0	0.064	0.002100918209180236	0.003137551946565509	0.044438302516937256	0.009738458320498466	0.9006440043449402	0.002825208241119981	0.008138061501085758	0.01017662975937128	0.017367150634527206	0.005885078571736813
0.064	0.128	0.0024768749717622995	0.003137551946565509	0.044438302516937256	0.009738458320498466	0.9006440043449402	0.002825208241119981	0.008138061501085758	0.01016146782785654	0.017367150634527206	0.005885078571736813
0.128	0.192	0.0024768749717622995	0.003187617054209113	0.03797797113656998	0.009741944260895252	0.930239737033844	0.00296863354742527	0.008138061501085758	0.010088891722261906	0.015557036735117435	0.005415260326117277
0.192	0.256	0.0025399993173778057	0.003137551946565509	0.03797797113656998	0.009738458320498466	0.9508631825447083	0.00296863354742527	0.007879095152020454	0.010088891722261906	0.01398292277008295	0.004698869772255421
0.256	0.32	0.002965194871649146	0.0031218375079333782	0.03797797113656998	0.00963521283119917	0.9659163951873779	0.00296863354742527	0.0074317133985459805	0.010088891722261906	0.01279014628380537	0.004175461828708649
0.32	0.384	0.0032193080987781286	0.003074223641306162	0.032761335372924805	0.009287342429161072	0.9700590372085571	0.00296863354742527	0.006715571042150259	0.00951403845101595	0.012019360437989235	0.0038602505810558796
0.384	0.448	0.003416371298953891	0.003074223641306162	0.030100926756858826	0.009287342429161072	0.9700590372085571	0.00296863354742527	0.006029597017914057	0.008644509129226208	0.011431463062763214	0.0038602505810558796
0.448	0.512	0.0036923266015946865	0.002982214791700244	0.02973112463951111	0.009287342429161072	0.9700590372085571	0.00296863354742527	0.006029597017914057	0.007958602160215378	0.010982103645801544	0.003662928706035018
0.512	0.576	0.003829930443316698	0.002714805770665407	0.029313670471310616	0.0082022650167346	0.9700590372085571	0.0028485034126788378	0.005953526124358177	0.007272803224623203	0.010529493913054466	0.003582191187888384
