onset	offset	Alarm_bell_ringing	Blender	Cat	Dishes	Dog	Electric_shaver_toothbrush	Frying	Running_water	Speech	Vacuum_cleaner
0.0	0.064	0.003067007288336754	0.9285076856613159	0.004892543889582157	0.014381665736436844	0.0016443288186565042	0.007504250388592482	0.007216617465019226	0.007541814353317022	0.01366349682211876	0.029068738222122192
0.064	0.128	0.003067007288336754	0.9285076856613159	0.004892543889582157	0.014381665736436844	0.0016443288186565042	0.007504250388592482	0.007216617465019226	0.007541814353317022	0.01366349682211876	0.029068738222122192
0.128	0.192	0.002776732202619314	0.9516390562057495	0.004813645500689745	0.01329764723777771	0.001584614277817309	0.0066976421512663364	0.007165790535509586	0.007541814353317022	0.012746579945087433	0.02290239743888378
0.192	0.256	0.002337474375963211	0.9592352509498596	0.004813645500689745	0.011317029595375061	0.001584614277817309	0.006288057658821344	0.00625305250287056	0.007118121720850468	0.012716462835669518	0.02036614716053009
0.256	0.32	0.0019720655400305986	0.9603598713874817	0.004555776249617338	0.009185886941850185	0.001584614277817309	0.0059646498411893845	0.005702010355889797	0.006950733717530966	0.011954388581216335	0.02033262513577938
0.32	0.384	0.0017951439367607236	0.9607493281364441	0.004399436060339212	0.007667743135243654	0.0015799497487023473	0.005879691336303949	0.005377350840717554	0.006345030386000872	0.01095876470208168	0.02026919275522232
0.384	0.448	0.0016775458352640271	0.9608327746391296	0.004298055078834295	0.006819457747042179	0.0015684920363128185	0.0057062371633946896	0.005173482932150364	0.005865446757525206	0.010421519167721272	0.02026919275522232
0.448	0.512	0.0016345807816833258	0.9608327746391296	0.004298055078834295	0.006498692091554403	0.0015684920363128185	0.005430310498923063	0.005094977095723152	0.005678323097527027	0.010230783373117447	0.02026919275522232
0.512	0.576	0.0016323436284437776	0.9608327746391296	0.004275895189493895	0.006372335832566023	0.0015684920363128185	0.00523027777671814	0.004988355562090874	0.005646856967359781	0.010053440928459167	0.02036614716053009
