onset	offset	Alarm_bell_ringing	Blender	Cat	Dishes	Dog	Electric_shaver_toothbrush	Frying	Running_water	Speech	Vacuum_cleaner
0.0	0.064	0.002755121560767293	0.0002489527687430382	0.0004944682004861534	0.0004939104546792805	0.0007517546764574945	0.00011606876796577126	0.0006204962264746428	0.0010811790125444531	0.0026981269475072622	0.0015588157111778855
0.064	0.128	0.002755121560767293	0.0002489527687430382	0.0004944682004861534	0.0004939104546792805	0.0007542669773101807	0.00011606876796577126	0.0006204962264746428	0.0010811790125444531	0.0026981269475072622	0.0015588157111778855
0.128	0.192	0.00233644712716341	0.00021159563038963825	0.0004609913157764822	0.0004044086381327361	0.0007542669773101807	0.00010845905489986762	0.0005369512946344912	0.0008906484581530094	0.002421844517812133	0.0011856587370857596
0.192	0.256	0.0022772192023694515	0.00019722375145647675	0.00045708994730375707	0.0003706036077346653	0.0007517546764574945	0.00010417438170406967	0.0004862973582930863	0.0008073797216638923	0.002350593451410532	0.0010373337427154183
0.256	0.32	0.0022552695591002703	0.0001918738998938352	0.0004483555385377258	0.0003579691401682794	0.0007435611914843321	0.00010085421672556549	0.00045199389569461346	0.0007512372685596347	0.0022870362736284733	0.0009658239432610571
0.32	0.384	0.002197071211412549	0.00018660844943951815	0.0004446606326382607	0.0003477254940662533	0.0007426507654599845	9.737905202200636e-05	0.00042369909351691604	0.0007155633647926152	0.002223813207820058	0.0009110755054280162
0.384	0.448	0.002149464562535286	0.00018000672571361065	0.0004381128237582743	0.00033650529803708196	0.0007412518607452512	9.440723079023883e-05	0.00040257253567688167	0.0006936315330676734	0.002180900890380144	0.0008537510293535888
0.448	0.512	0.0021378817036747932	0.00017411082808393985	0.00043804620509035885	0.0003286315768491477	0.0007412518607452512	9.205671813106164e-05	0.0003845675091724843	0.0006787090096622705	0.00214907294139266	0.0007985270931385458
0.512	0.576	0.002118017990142107	0.00017201511946041137	0.00043804620509035885	0.00032465369440615177	0.0007412518607452512	8.95736156962812e-05	0.000367719039786607	0.000668053631670773	0.002138315001502633	0.0007632991764694452
