onset	offset	Alarm_bell_ringing	Blender	Cat	Dishes	Dog	Electric_shaver_toothbrush	Frying	Running_water	Speech	Vacuum_cleaner
0.0	0.064	0.0005398831563070416	0.0001855140144471079	0.0008660395978949964	0.002663960447534919	0.004193501081317663	0.0003580781922210008	0.0004947276902385056	0.0009279625955969095	0.0018458825070410967	0.00037004423211328685
0.064	0.128	0.0005398831563070416	0.0001855140144471079	0.0009545556968078017	0.002663960447534919	0.004193501081317663	0.0003580781922210008	0.0004947276902385056	0.0009279625955969095	0.0018458825070410967	0.00037004423211328685
0.128	0.192	0.0003460844745859504	0.00012141840852564201	0.0010610243771225214	0.001468669273890555	0.004452822729945183	0.0002982440928462893	0.0004498468479141593	0.0007095283945091069	0.0016735729295760393	0.0002739023184403777
0.192	0.256	0.000286282243905589	0.00011107316822744906	0.0010610243771225214	0.001468669273890555	0.004452822729945183	0.0002982440928462893	0.00039132245001383126	0.0006595492595806718	0.0016735729295760393	0.00023962173145264387
0.256	0.32	0.00027064423193223774	0.00010859182657441124	0.0010610243771225214	0.001468669273890555	0.004452822729945183	0.0002982440928462893	0.00034604553366079926	0.0006180327036418021	0.0016735729295760393	0.00020290528482291847
0.32	0.384	0.00027064423193223774	0.00010859182657441124	0.0011451735626906157	0.001468669273890555	0.0060758744366467	0.0002982440928462893	0.0003105521609541029	0.0005846451967954636	0.0016735729295760393	0.00019563590467441827
0.384	0.448	0.00027064423193223774	0.00010859182657441124	0.0012402312131598592	0.0016585229896008968	0.007955556735396385	0.0003147003590129316	0.0003105521609541029	0.0005846451967954636	0.0017025424167513847	0.00019563590467441827
0.448	0.512	0.00027064423193223774	0.00011107316822744906	0.0015447932528331876	0.001774896401911974	0.010883133858442307	0.00032870707218535244	0.0003105521609541029	0.0005846451967954636	0.0017764795338734984	0.00019563590467441827
0.512	0.576	0.00027831128682009876	0.00013967668928671628	0.0019390565576031804	0.0022287415340542793	0.02239954099059105	0.00039787081186659634	0.0003105521609541029	0.0005846451967954636	0.0021609324030578136	0.00019563590467441827
