onset	offset	Alarm_bell_ringing	Blender	Cat	Dishes	Dog	Electric_shaver_toothbrush	Frying	Running_water	Speech	Vacuum_cleaner
0.0	0.064	0.0017258164007216692	0.987865149974823	0.0012331301113590598	0.00374312954954803	0.002213772851973772	0.0023629372008144855	0.0009494631085544825	0.003649898571893573	0.022492818534374237	0.01623789593577385
0.064	0.128	0.0017258164007216692	0.987865149974823	0.0012331301113590598	0.00374312954954803	0.002213772851973772	0.0023629372008144855	0.0009494631085544825	0.003649898571893573	0.022492818534374237	0.01623789593577385
0.128	0.192	0.0015065064653754234	0.9902920126914978	0.0010112845338881016	0.002345902845263481	0.0016458341851830482	0.0014150362694635987	0.0005447239382192492	0.0028717988170683384	0.013509927317500114	0.010483202524483204
0.192	0.256	0.0013962887460365891	0.9914010167121887	0.0008673405973240733	0.0016552717424929142	0.0013937564799562097	0.0010712071089074016	0.0004058706108480692	0.0023686003405600786	0.012066773138940334	0.006915480364114046
0.256	0.32	0.0013140717055648565	0.9918932914733887	0.0007325704209506512	0.001297862851060927	0.0012473524548113346	0.0008770135464146733	0.0003526372311171144	0.001950291101820767	0.011269335635006428	0.005007211584597826
0.32	0.384	0.001252653542906046	0.9920610189437866	0.0006111626280471683	0.0010843544732779264	0.0011644440237432718	0.0007434010040014982	0.00033484058803878725	0.001634861808270216	0.009951205924153328	0.004015024751424789
0.384	0.448	0.001217308221384883	0.992120623588562	0.0005322638317011297	0.0009810017654672265	0.001118366257287562	0.0006691393791697919	0.00033484058803878725	0.0014498753007501364	0.00936073437333107	0.003529294626787305
0.448	0.512	0.001195558812469244	0.9921655654907227	0.0004920808132737875	0.0009366267477162182	0.00108272151555866	0.0006305471761152148	0.00033484058803878725	0.0013526729308068752	0.009013539180159569	0.0032610588241368532
0.512	0.576	0.0011826702393591404	0.9922484159469604	0.000475307839224115	0.0009252862073481083	0.001058865454979241	0.0006104146013967693	0.00033484058803878725	0.0013008868554607034	0.0087671410292387	0.003100560512393713
