onset	offset	Alarm_bell_ringing	Blender	Cat	Dishes	Dog	Electric_shaver_toothbrush	Frying	Running_water	Speech	Vacuum_cleaner
0.0	0.064	0.01762307807803154	0.00236879987642169	0.015532669611275196	0.0059910430572927	0.003155897371470928	0.0007975632324814796	0.026127533987164497	0.5558466911315918	0.00710277771577239	0.03428950905799866
0.064	0.128	0.01762307807803154	0.00236879987642169	0.017139671370387077	0.0059910430572927	0.003155897371470928	0.0007975632324814796	0.028148602694272995	0.5535475015640259	0.00710277771577239	0.03428950905799866
0.128	0.192	0.01460912637412548	0.0021106486674398184	0.017139671370387077	0.005700072273612022	0.002771385945379734	0.0006173065630719066	0.028148602694272995	0.5535475015640259	0.00547450315207243	0.0307858195155859
0.192	0.256	0.013616723008453846	0.0019480332266539335	0.015532669611275196	0.00558157404884696	0.0027435212396085262	0.0005167766357772052	0.026127533987164497	0.5162214636802673	0.004153315909206867	0.02829292230308056
0.256	0.32	0.012308168224990368	0.0016375047853216529	0.014186756685376167	0.005207048263400793	0.0025984528474509716	0.0004140478267800063	0.025744719430804253	0.487579882144928	0.0037242111284285784	0.026993505656719208
0.32	0.384	0.010686405003070831	0.0013113711029291153	0.012116944417357445	0.004379038233309984	0.002527860691770911	0.000299170205835253	0.025067124515771866	0.48154541850090027	0.003510163864120841	0.026832588016986847
0.384	0.448	0.0103108836337924	0.0011537695536389947	0.009951600804924965	0.004265821073204279	0.002527860691770911	0.0002524284936953336	0.02402946539223194	0.4811709225177765	0.0033884269651025534	0.02681746892631054
0.448	0.512	0.0103108836337924	0.001073223422281444	0.009466154500842094	0.004265821073204279	0.0025080982595682144	0.0002378762437729165	0.0233777929097414	0.4775793254375458	0.0033293210435658693	0.02661769464612007
0.512	0.576	0.0103108836337924	0.0010168396402150393	0.009466154500842094	0.004265821073204279	0.0025080982595682144	0.00023234807304106653	0.023237423971295357	0.4713745415210724	0.0033293210435658693	0.02661769464612007
