onset	offset	Alarm_bell_ringing	Blender	Cat	Dishes	Dog	Electric_shaver_toothbrush	Frying	Running_water	Speech	Vacuum_cleaner
0.0	0.064	0.5289703011512756	0.008992687799036503	0.0015555433928966522	0.011609858833253384	0.002429005689918995	0.012650636024773121	0.05248688906431198	0.011557555757462978	0.006871486082673073	0.1270037740468979
0.064	0.128	0.5289703011512756	0.008992687799036503	0.0014793326845392585	0.011609858833253384	0.002429005689918995	0.013738209381699562	0.0522383376955986	0.012146999128162861	0.006871486082673073	0.1270037740468979
0.128	0.192	0.5024076104164124	0.007404401898384094	0.0014793326845392585	0.009717952460050583	0.001893993467092514	0.013738209381699562	0.0522383376955986	0.012146999128162861	0.005743974354118109	0.11486038565635681
0.192	0.256	0.5024076104164124	0.006508165970444679	0.0013782470487058163	0.008441482670605183	0.0015981643227860332	0.013300031423568726	0.05065546929836273	0.011679984629154205	0.005321644712239504	0.11025185883045197
0.256	0.32	0.4856013059616089	0.00563281262293458	0.0011595698306337	0.007123627699911594	0.0013511318247765303	0.012650636024773121	0.05065546929836273	0.011557555757462978	0.005101025570183992	0.10657961666584015
0.32	0.384	0.4017908275127411	0.005020583048462868	0.000982483383268118	0.00616319477558136	0.001138282474130392	0.012650636024773121	0.05065546929836273	0.011557555757462978	0.004954512231051922	0.10657961666584015
0.384	0.448	0.32596832513809204	0.004614694509655237	0.0008971324423328042	0.0055083101615309715	0.0009743640548549592	0.012285415083169937	0.05065546929836273	0.010669957846403122	0.004747024271637201	0.10657961666584015
0.448	0.512	0.27852320671081543	0.004614694509655237	0.0008971324423328042	0.0055083101615309715	0.000920214515645057	0.011160451918840408	0.05456447973847389	0.009759034030139446	0.0045301946811378	0.10488158464431763
0.512	0.576	0.27852320671081543	0.004614694509655237	0.0008971324423328042	0.0055083101615309715	0.000920214515645057	0.011160451918840408	0.05867864564061165	0.009759034030139446	0.0041038403287529945	0.10460066050291061
