onset	offset	Alarm_bell_ringing	Blender	Cat	Dishes	Dog	Electric_shaver_toothbrush	Frying	Running_water	Speech	Vacuum_cleaner
0.0	0.064	0.00037559628253802657	0.0012713450705632567	0.030287450179457664	0.0018205416854470968	0.0026028980500996113	0.0006446390179917216	0.001769116148352623	0.001765881315805018	0.005069036968052387	0.0033866483718156815
0.064	0.128	0.00037559628253802657	0.001270212815143168	0.029969921335577965	0.0018205416854470968	0.0026028980500996113	0.0006446390179917216	0.001769116148352623	0.001765881315805018	0.005069036968052387	0.0033866483718156815
0.128	0.192	0.00032801274210214615	0.001270212815143168	0.029969921335577965	0.0017113382928073406	0.0024798891972750425	0.0005719891632907093	0.0016805967316031456	0.0017462581163272262	0.004583951085805893	0.0031241087708622217
0.192	0.256	0.00028565217508003116	0.0012561680050566792	0.029841000214219093	0.0016064323717728257	0.0023274500854313374	0.0005090167396701872	0.0015967595390975475	0.0017462581163272262	0.004359388258308172	0.0031241087708622217
0.256	0.32	0.00024323332763742656	0.001254282076843083	0.029841000214219093	0.001447803690098226	0.0021371860057115555	0.0004525480908341706	0.0015471037477254868	0.0017462581163272262	0.004131556022912264	0.0031241087708622217
0.32	0.384	0.00022042301134206355	0.0012528504012152553	0.029969921335577965	0.0013730577193200588	0.0021371860057115555	0.00041723044705577195	0.0015471037477254868	0.0017462581163272262	0.004131556022912264	0.0031241087708622217
0.384	0.448	0.00021912716329097748	0.001248529297299683	0.029969921335577965	0.0013565638801082969	0.002134933602064848	0.00040214890032075346	0.0015471037477254868	0.0017635864205658436	0.004131556022912264	0.0031303614377975464
0.448	0.512	0.0002176728448830545	0.001218847930431366	0.03249847888946533	0.001343569136224687	0.0020979451946914196	0.00039582245517522097	0.0015471037477254868	0.0017854712205007672	0.004131556022912264	0.0031447322107851505
0.512	0.576	0.00021662417566403747	0.0011879564262926579	0.03575915843248367	0.0013228573370724916	0.0021325803827494383	0.00039003623533062637	0.001585223013535142	0.0017854712205007672	0.004145684652030468	0.0031447322107851505
