onset	offset	Alarm_bell_ringing	Blender	Cat	Dishes	Dog	Electric_shaver_toothbrush	Frying	Running_water	Speech	Vacuum_cleaner
0.0	0.064	0.0019905895460397005	0.016578679904341698	0.002494298154488206	0.001445832080207765	0.0015766556607559323	0.2683398127555847	0.0020027433056384325	0.014159534126520157	0.00900192279368639	0.3586874008178711
0.064	0.128	0.0019905895460397005	0.013994338922202587	0.002494298154488206	0.001445832080207765	0.0015766556607559323	0.2683398127555847	0.0020027433056384325	0.014159534126520157	0.00900192279368639	0.3586874008178711
0.128	0.192	0.0013342503225430846	0.013994338922202587	0.0022311126813292503	0.0011620845180004835	0.0014085014117881656	0.2612341642379761	0.001533276867121458	0.013401306234300137	0.007677726447582245	0.3687283992767334
0.192	0.256	0.0010243059368804097	0.011040616780519485	0.0015326411230489612	0.0008457150543108582	0.0013713142834603786	0.23300650715827942	0.0013885331572964787	0.008923246525228024	0.006891598459333181	0.42292511463165283
0.256	0.32	0.0009951157262548804	0.011040616780519485	0.0015326411230489612	0.0007988300640136003	0.0013454605359584093	0.2259071320295334	0.0013881379272788763	0.008328596130013466	0.005497485864907503	0.42292511463165283
0.32	0.384	0.0009688247228041291	0.011040616780519485	0.0015241948422044516	0.0007763410685583949	0.0013454605359584093	0.2236243188381195	0.001373982522636652	0.008277419954538345	0.004951534327119589	0.42292511463165283
0.384	0.448	0.0009655194589868188	0.011040616780519485	0.001459930557757616	0.0007568279979750514	0.0013689491897821426	0.22361761331558228	0.0013624654384329915	0.008258418180048466	0.004723804537206888	0.42292511463165283
0.448	0.512	0.0009444867027923465	0.011686674319207668	0.0014355917228385806	0.0007514788885600865	0.0013689491897821426	0.2223636507987976	0.001361032365821302	0.008184131234884262	0.004704235587269068	0.4267043471336365
0.512	0.576	0.0009176416788250208	0.011686674319207668	0.001459930557757616	0.0007462561479769647	0.0013689491897821426	0.21357235312461853	0.0013479468179866672	0.00810240488499403	0.0045577166602015495	0.4267043471336365
