onset	offset	Alarm_bell_ringing	Blender	Cat	Dishes	Dog	Electric_shaver_toothbrush	Frying	Running_water	Speech	Vacuum_cleaner
0.0	0.064	0.0009090317180380225	0.0015942711615934968	0.0005394973559305072	0.00206473795697093	0.0006305637070909142	0.9680384397506714	0.004150516353547573	0.0023723847698420286	0.005408626049757004	0.009184134192764759
0.064	0.128	0.0009090317180380225	0.0015942711615934968	0.0005394973559305072	0.00206473795697093	0.0006305637070909142	0.9680384397506714	0.004150516353547573	0.0023723847698420286	0.005408626049757004	0.009184134192764759
0.128	0.192	0.0007456422899849713	0.0010950283613055944	0.0004591240140143782	0.001563136582262814	0.0005142593872733414	0.9740392565727234	0.00340082123875618	0.001918164431117475	0.004556544125080109	0.00620955228805542
0.192	0.256	0.0006655608885921538	0.0007999193039722741	0.00043804076267406344	0.0013963989913463593	0.0004320825100876391	0.9777270555496216	0.0028911929111927748	0.001671014353632927	0.0045138210989534855	0.004618778824806213
0.256	0.32	0.0005894621135666966	0.0006688393768854439	0.0004270452191121876	0.001228175824508071	0.00041096232598647475	0.9793952107429504	0.002542387694120407	0.001547001302242279	0.004509953316301107	0.003967116586863995
0.32	0.384	0.0005416492931544781	0.0005846437998116016	0.00041360262548550963	0.001104697585105896	0.00039571549859829247	0.9803065657615662	0.00229449151083827	0.0014630438527092338	0.004509953316301107	0.0035466228146106005
0.384	0.448	0.0005127830663695931	0.0005228142836131155	0.0004004171642009169	0.001008420018479228	0.0003841893339995295	0.9808549284934998	0.00210341508500278	0.0013997043715789914	0.004509953316301107	0.0032370707485824823
0.448	0.512	0.0004933246527798474	0.0004755289410240948	0.0004004171642009169	0.0009277234203182161	0.00037952925777062774	0.9812291860580444	0.0019405113998800516	0.001352186081930995	0.004509953316301107	0.0029959906823933125
0.512	0.576	0.00047864249791018665	0.0004417804884724319	0.0004004171642009169	0.0008607259951531887	0.00037952925777062774	0.9815776944160461	0.0017998367547988892	0.0013202325208112597	0.004509953316301107	0.002803546842187643
