onset	offset	Alarm_bell_ringing	Blender	Cat	Dishes	Dog	Electric_shaver_toothbrush	Frying	Running_water	Speech	Vacuum_cleaner
0.0	0.064	0.0002854724880307913	0.00018277813796885312	0.00452007120475173	0.000951278256252408	0.0007985412376001477	0.00016053739818744361	0.0006388019537553191	0.0010934387100860476	0.0015098878648132086	0.00125959946308285
0.064	0.128	0.0002854724880307913	0.00018277813796885312	0.00452007120475173	0.000951278256252408	0.0007985412376001477	0.00016053739818744361	0.0006388019537553191	0.0010934387100860476	0.0015098878648132086	0.00125959946308285
0.128	0.192	0.0002527153119444847	0.0001596794172655791	0.00452007120475173	0.0007418285240419209	0.0007093390449881554	0.00014798330084886402	0.0005300354678183794	0.0009417462279088795	0.0014056325890123844	0.0010166328866034746
0.192	0.256	0.0002463718701619655	0.00013747610501013696	0.00452007120475173	0.0005985546740703285	0.0007093390449881554	0.00014341923815663904	0.0004541128291748464	0.0008556919055990875	0.001386034768074751	0.0008691624389030039
0.256	0.32	0.00024392538762185723	0.00010113157622981817	0.00452007120475173	0.0004686991742346436	0.0006933999247848988	0.00012566146324388683	0.000418616458773613	0.0008129067136906087	0.001369641744531691	0.0007368493243120611
0.32	0.384	0.000241357964114286	9.613733709556982e-05	0.004451002925634384	0.0004405155486892909	0.0006780850817449391	0.00012296468776185066	0.00038802874041721225	0.0007711311336606741	0.0013582877581939101	0.0007034671143628657
0.384	0.448	0.000230372475925833	8.861198148224503e-05	0.005004952661693096	0.0003967434458900243	0.0006780850817449391	0.00011530968913575634	0.0003548447566572577	0.0007313851965591311	0.0013582877581939101	0.0006339275860227644
0.448	0.512	0.00023016367049422115	8.835758490022272e-05	0.005074905697256327	0.0003825089952442795	0.0007093390449881554	0.000106615356344264	0.00034736734232865274	0.0006970817921683192	0.0013582877581939101	0.0005717253079637885
0.512	0.576	0.00023016367049422115	8.609714859630913e-05	0.005347865168005228	0.000350094836903736	0.0007145000854507089	9.866707841865718e-05	0.0003445917391218245	0.0006527549121528864	0.0013650917680934072	0.0005114923696964979
