onset	offset	Alarm_bell_ringing	Blender	Cat	Dishes	Dog	Electric_shaver_toothbrush	Frying	Running_water	Speech	Vacuum_cleaner
0.0	0.064	0.00049639493227005	0.18447619676589966	0.00036869803443551064	0.0011543284635990858	0.0010636952938511968	0.0008224016055464745	0.0005129377823323011	0.0011831923620775342	0.01559628639370203	0.010883272625505924
0.064	0.128	0.00049639493227005	0.18447619676589966	0.0005004593986086547	0.0013807531213387847	0.0012285442790016532	0.0011048228479921818	0.00048025051364675164	0.0011831923620775342	0.019032061100006104	0.0133977010846138
0.128	0.192	0.0006830054917372763	0.1887691766023636	0.0005601971643045545	0.0021870138589292765	0.0012588233221322298	0.0011048228479921818	0.00048025051364675164	0.0012117570731788874	0.02006726898252964	0.0133977010846138
0.192	0.256	0.0006830054917372763	0.39054587483406067	0.0005601971643045545	0.0021870138589292765	0.0012285442790016532	0.0011048228479921818	0.00046969050890766084	0.0012503397883847356	0.019032061100006104	0.017497437074780464
0.256	0.32	0.0006830054917372763	0.7790156006813049	0.0005583353922702372	0.0017930518370121717	0.0012007596669718623	0.000999164185486734	0.00040438937139697373	0.001434530597180128	0.01559628639370203	0.017497437074780464
0.32	0.384	0.0007690639467909932	0.9742385745048523	0.0005583353922702372	0.0017930518370121717	0.0012007596669718623	0.000999164185486734	0.0003517619043122977	0.001434530597180128	0.01559628639370203	0.017497437074780464
0.384	0.448	0.0007690639467909932	0.9903132915496826	0.0005583353922702372	0.0017930518370121717	0.0012007596669718623	0.000999164185486734	0.00031333250808529556	0.001434530597180128	0.014201736077666283	0.017497437074780464
0.448	0.512	0.0007690639467909932	0.9934481978416443	0.0005583353922702372	0.0017930518370121717	0.0008167937048710883	0.0008534826920367777	0.00021425882005132735	0.001434530597180128	0.00995623879134655	0.0155691122636199
0.512	0.576	0.0007690639467909932	0.9937441945075989	0.0004684778687078506	0.0011873975163325667	0.0006838464178144932	0.0007488596020266414	0.0001640145928831771	0.0013243851717561483	0.007218418642878532	0.011754577048122883
