onset	offset	Alarm_bell_ringing	Blender	Cat	Dishes	Dog	Electric_shaver_toothbrush	Frying	Running_water	Speech	Vacuum_cleaner
0.0	0.064	0.004096494056284428	0.025394892320036888	0.020192738622426987	0.005282117519527674	0.005755479913204908	0.18502022325992584	0.05947928503155708	0.014639546163380146	0.037066034972667694	0.40895015001296997
0.064	0.128	0.004096494056284428	0.025394892320036888	0.020192738622426987	0.005282117519527674	0.005755479913204908	0.18502022325992584	0.05947928503155708	0.014639546163380146	0.037066034972667694	0.40895015001296997
0.128	0.192	0.0031585057731717825	0.01896456442773342	0.020192738622426987	0.0036891985218971968	0.00572060514241457	0.1826794594526291	0.05383715778589249	0.012125754728913307	0.034598611295223236	0.42610257863998413
0.192	0.256	0.002547071548178792	0.016279108822345734	0.0200602225959301	0.003118601394817233	0.0056173671036958694	0.17963169515132904	0.04975437372922897	0.011333297938108444	0.03282023221254349	0.44872692227363586
0.256	0.32	0.0022137898486107588	0.01465524546802044	0.018477069213986397	0.0030566947534680367	0.005405012518167496	0.17963169515132904	0.047755077481269836	0.01091111358255148	0.029953747987747192	0.4727277457714081
0.32	0.384	0.0019143075915053487	0.012856677174568176	0.017067326232790947	0.002981494879350066	0.0047470759600400925	0.17963169515132904	0.04598335921764374	0.010349801741540432	0.029953747987747192	0.48871293663978577
0.384	0.448	0.0017090782057493925	0.011856941506266594	0.016288459300994873	0.002910395385697484	0.004489509854465723	0.17963169515132904	0.04422560706734657	0.009870228357613087	0.029953747987747192	0.4967356324195862
0.448	0.512	0.001589797087945044	0.011321031488478184	0.01605970971286297	0.002910395385697484	0.004424750804901123	0.18001335859298706	0.04263044148683548	0.009584560990333557	0.029470978304743767	0.5005356073379517
0.512	0.576	0.0015185985248535872	0.010850091464817524	0.015910347923636436	0.002910395385697484	0.004405277315527201	0.18323427438735962	0.04175524413585663	0.009505324997007847	0.028932780027389526	0.5005356073379517
