onset	offset	Alarm_bell_ringing	Blender	Cat	Dishes	Dog	Electric_shaver_toothbrush	Frying	Running_water	Speech	Vacuum_cleaner
0.0	0.064	0.0017405078979209065	0.03291948512196541	0.0008852914324961603	0.008731856942176819	0.011681420728564262	0.004817228764295578	0.0024045624304562807	0.00317871174775064	0.9846389889717102	0.006366547662764788
0.064	0.128	0.0017405078979209065	0.03291948512196541	0.0008852914324961603	0.008731856942176819	0.011681420728564262	0.004817228764295578	0.0024045624304562807	0.00317871174775064	0.9846389889717102	0.006366547662764788
0.128	0.192	0.0014051742618903518	0.024926135316491127	0.000884322274941951	0.006327488925307989	0.011681420728564262	0.004617468453943729	0.001954056555405259	0.00304724951274693	0.9854830503463745	0.005369485821574926
0.192	0.256	0.0014051742618903518	0.015842216089367867	0.0008346077520400286	0.00482345512136817	0.011603196151554585	0.003571264212951064	0.001753699965775013	0.002666017273440957	0.9860846996307373	0.004045017994940281
0.256	0.32	0.0014051742618903518	0.009305804967880249	0.0007895566523075104	0.004545615520328283	0.010755893774330616	0.0022120587527751923	0.0016011151019483805	0.0024516270495951176	0.9863433837890625	0.0031370939686894417
0.32	0.384	0.0014051742618903518	0.006356591358780861	0.0007722405134700239	0.004545615520328283	0.009783118031919003	0.0016432655975222588	0.001500166254118085	0.0021855784580111504	0.9863439798355103	0.00230228784494102
0.384	0.448	0.0013807201758027077	0.0050004287622869015	0.0007560530211776495	0.004311947617679834	0.008788184262812138	0.0013823779299855232	0.0014459608355537057	0.002110059140250087	0.9863433837890625	0.001718492596410215
0.448	0.512	0.0013807201758027077	0.004461980424821377	0.0007450165576301515	0.0041081830859184265	0.008380723185837269	0.0013629216700792313	0.0014459608355537057	0.0020719217136502266	0.9860846996307373	0.0014967252500355244
0.512	0.576	0.0013807201758027077	0.0042629786767065525	0.0007173533085733652	0.0039974236860871315	0.008131993934512138	0.0013214659411460161	0.0014459608355537057	0.0020023963879793882	0.9854830503463745	0.0013675737427547574
