onset	offset	Alarm_bell_ringing	Blender	Cat	Dishes	Dog	Electric_shaver_toothbrush	Frying	Running_water	Speech	Vacuum_cleaner
0.0	0.064	0.002461154479533434	0.0018325650598853827	0.009119481779634953	0.007949786260724068	0.4384274482727051	0.0012088922085240483	0.0043435306288301945	0.008670552633702755	0.024584632366895676	0.004307577386498451
0.064	0.128	0.0023150346241891384	0.00202589831314981	0.009119481779634953	0.008916324935853481	0.4384274482727051	0.0012965105706825852	0.0043435306288301945	0.008670552633702755	0.024584632366895676	0.004149637185037136
0.128	0.192	0.002461154479533434	0.00202589831314981	0.02106792852282524	0.009902953170239925	0.7588039636611938	0.0014331212732940912	0.004975166637450457	0.01193870697170496	0.02849939838051796	0.004149637185037136
0.192	0.256	0.002461154479533434	0.002306645503267646	0.021494729444384575	0.009677425026893616	0.8898074626922607	0.0014331212732940912	0.004975166637450457	0.01193870697170496	0.030478062108159065	0.0038190465420484543
0.256	0.32	0.002461154479533434	0.002306645503267646	0.021494729444384575	0.009137467481195927	0.9256443977355957	0.0014331212732940912	0.004975166637450457	0.01193870697170496	0.0337657555937767	0.0034524882212281227
0.32	0.384	0.0025024130009114742	0.002306645503267646	0.021494729444384575	0.009137467481195927	0.9443299770355225	0.0017496569780632854	0.004975166637450457	0.01193870697170496	0.03455909341573715	0.003082242561504245
0.384	0.448	0.0027169897221028805	0.002306645503267646	0.021494729444384575	0.009137467481195927	0.9561335444450378	0.0020729631651192904	0.004297683946788311	0.010703579522669315	0.03456553816795349	0.002738513518124819
0.448	0.512	0.002752879401668906	0.0022305387537926435	0.019293468445539474	0.009137467481195927	0.965094804763794	0.0022469821851700544	0.0034756253007799387	0.009427583776414394	0.03456553816795349	0.0023259748704731464
0.512	0.576	0.0027659668121486902	0.0021513369865715504	0.01757783070206642	0.008148444816470146	0.9692769050598145	0.002306048758327961	0.0027903919108211994	0.007956456393003464	0.03456553816795349	0.001921847928315401
