onset	offset	Alarm_bell_ringing	Blender	Cat	Dishes	Dog	Electric_shaver_toothbrush	Frying	Running_water	Speech	Vacuum_cleaner
0.0	0.064	0.0007057125330902636	0.00025284808361902833	0.0015933477552607656	0.0019236716907471418	0.00048820674419403076	0.0002503502182662487	0.008446477353572845	0.0033486359752714634	0.0016645627329126	0.007572691887617111
0.064	0.128	0.0007057125330902636	0.00025284808361902833	0.0015933477552607656	0.0019236716907471418	0.00048820674419403076	0.0002503502182662487	0.008446477353572845	0.0033486359752714634	0.0016645627329126	0.007572691887617111
0.128	0.192	0.0005373532185330987	0.00022551479924004525	0.0015616086311638355	0.0015095651615411043	0.0004918409395031631	0.00021823309361934662	0.007395165506750345	0.0029230855870991945	0.0015056453412398696	0.005957227200269699
0.192	0.256	0.0004746956401504576	0.00019858502491842955	0.0015616086311638355	0.0012991768307983875	0.0004918409395031631	0.00020090548787266016	0.006718433927744627	0.002715082373470068	0.0014870322775095701	0.005420080851763487
0.256	0.32	0.00043604811071418226	0.00018279904907103628	0.0015616086311638355	0.0011808600975200534	0.0004918409395031631	0.00019147913553752005	0.006293673999607563	0.002550894394516945	0.0014870322775095701	0.004983699880540371
0.32	0.384	0.0004112340684514493	0.00016870406398084015	0.0015616086311638355	0.0011171662481501698	0.000502444920130074	0.00018650759011507034	0.00607725465670228	0.0024471075739711523	0.0014870322775095701	0.004594805650413036
0.384	0.448	0.0003957362496294081	0.0001546012790640816	0.0015616086311638355	0.0010723271407186985	0.0005137635162100196	0.00018212434952147305	0.00600065104663372	0.0023604566231369972	0.0014870322775095701	0.004213888663798571
0.448	0.512	0.00039373000618070364	0.00014470719906967133	0.0015616086311638355	0.0010414409916847944	0.0005184025503695011	0.00017671968089416623	0.005945213139057159	0.0023138520773500204	0.0014968093018978834	0.003958651330322027
0.512	0.576	0.00039373000618070364	0.00013736746041104198	0.0015616086311638355	0.0010236582020297647	0.0005193867837078869	0.00017125805607065558	0.005945213139057159	0.0023138520773500204	0.001499910606071353	0.0037943979259580374
