onset	offset	Alarm_bell_ringing	Blender	Cat	Dishes	Dog	Electric_shaver_toothbrush	Frying	Running_water	Speech	Vacuum_cleaner
0.0	0.064	0.002230867510661483	0.00015960284508764744	0.0003352855273988098	0.0005008256994187832	0.0006556229200214148	0.00013550980656873435	0.000190232036402449	0.0007034972659312189	0.0017838248750194907	0.0003273002221249044
0.064	0.128	0.002230867510661483	0.00015960284508764744	0.0003379342961125076	0.0005008256994187832	0.0006810429040342569	0.00013550980656873435	0.000190232036402449	0.0007034972659312189	0.0017838248750194907	0.0003273002221249044
0.128	0.192	0.0022391139063984156	0.00014728688984178007	0.00034239672822877765	0.0004547236312646419	0.0006810429040342569	0.00013279895938467234	0.00017021906387526542	0.0006436126423068345	0.0016445145010948181	0.0002960587153211236
0.192	0.256	0.002230867510661483	0.00013966935512144119	0.0003379342961125076	0.00043559569166973233	0.0006735556526109576	0.0001301992015214637	0.00015210335550364107	0.0006115864962339401	0.0016128669958561659	0.0002676401927601546
0.256	0.32	0.0022254567593336105	0.00013301947910804302	0.0003352855273988098	0.0004184227727819234	0.0006556229200214148	0.00012758436787407845	0.00013700929412152618	0.0005807857378385961	0.0015874230302870274	0.00023993539798539132
0.32	0.384	0.0021757041104137897	0.00013090654101688415	0.00033210552646778524	0.00039577268762513995	0.0006556229200214148	0.00012347707524895668	0.00012464242172427475	0.0005579047719947994	0.0015428345650434494	0.00021726499835494906
0.384	0.448	0.0021757041104137897	0.00013064566883258522	0.0003208049456588924	0.00037437427090480924	0.0006236887420527637	0.0001199062098748982	0.00012186532694613561	0.0005018399097025394	0.0015007241163402796	0.0002009723539231345
0.448	0.512	0.0021712626330554485	0.00013058636977802962	0.00031694656354375184	0.00035467278212308884	0.0005867055733688176	0.00011546295718289912	0.00010992938041454181	0.000492891063913703	0.0014632751699537039	0.00018426342285238206
0.512	0.576	0.0021712626330554485	0.00013045307423453778	0.00031694656354375184	0.00035467278212308884	0.0005867055733688176	0.00011546295718289912	0.00010490937711438164	0.00048496187082491815	0.0014491451438516378	0.00016924880037549883
