onset	offset	Alarm_bell_ringing	Blender	Cat	Dishes	Dog	Electric_shaver_toothbrush	Frying	Running_water	Speech	Vacuum_cleaner
0.0	0.064	0.0027268375270068645	0.01681825891137123	0.0005288464599289	0.0019664911087602377	0.001151937060058117	0.005426088813692331	0.0014514501672238111	0.5251008868217468	0.0065492065623402596	0.03921354189515114
0.064	0.128	0.0027268375270068645	0.016595155000686646	0.0005288464599289	0.0019664911087602377	0.001151937060058117	0.005426088813692331	0.0014514501672238111	0.5251008868217468	0.0065492065623402596	0.03921354189515114
0.128	0.192	0.0020355181768536568	0.016595155000686646	0.0004147561267018318	0.0014044396812096238	0.0009241565712727606	0.005426088813692331	0.0011535375379025936	0.5180814862251282	0.004941611085087061	0.034763749688863754
0.192	0.256	0.0016751941293478012	0.01591164618730545	0.00039307179395109415	0.0010824893834069371	0.000825128227006644	0.005426088813692331	0.0010111823212355375	0.5180814862251282	0.003921517636626959	0.034677308052778244
0.256	0.32	0.0014320415211841464	0.014421024359762669	0.000385559193091467	0.0010583804687485099	0.000817921943962574	0.005426088813692331	0.0008172663510777056	0.5180814862251282	0.0033529384527355433	0.03426128998398781
0.32	0.384	0.001259815995581448	0.01270615216344595	0.0003575763839762658	0.0010559004731476307	0.0007487874827347696	0.0055091483518481255	0.0006895047845318913	0.4933921992778778	0.0030492364894598722	0.033906832337379456
0.384	0.448	0.0011683856137096882	0.011406170204281807	0.00032401763019151986	0.0010164096020162106	0.0007266242173500359	0.005729056894779205	0.0006895047845318913	0.4933921992778778	0.002875033998861909	0.03365695849061012
0.448	0.512	0.0011186448391526937	0.010363191366195679	0.0002921514096669853	0.0009612523135729134	0.0007225925801321864	0.005729056894779205	0.0006895047845318913	0.4933921992778778	0.0028074271976947784	0.03365695849061012
0.512	0.576	0.0010837699519470334	0.009555733762681484	0.00026474494370631874	0.0009132021805271506	0.0007072316948324442	0.005729056894779205	0.0006895047845318913	0.4933921992778778	0.0027877052780240774	0.03365695849061012
