onset	offset	Alarm_bell_ringing	Blender	Cat	Dishes	Dog	Electric_shaver_toothbrush	Frying	Running_water	Speech	Vacuum_cleaner
0.0	0.064	0.0015306196874007583	0.0034631274174898863	0.002168830018490553	0.004046318586915731	0.003572761081159115	0.0006748799351043999	0.0020710977260023355	0.0009462603484280407	0.9075990915298462	0.016299298033118248
0.064	0.128	0.0015306196874007583	0.0034631274174898863	0.002168830018490553	0.004046318586915731	0.003572761081159115	0.0006748799351043999	0.0030792332254350185	0.0009462603484280407	0.9075990915298462	0.016299298033118248
0.128	0.192	0.0021772461477667093	0.004999361000955105	0.00392306549474597	0.004569472279399633	0.007440747693181038	0.0009839492850005627	0.0033203267958015203	0.0010280106216669083	0.9779623746871948	0.011886241845786572
0.192	0.256	0.0027747973799705505	0.005466523114591837	0.005291822366416454	0.004656442441046238	0.009575719945132732	0.0011537078535184264	0.0031627495773136616	0.001035218476317823	0.9856566190719604	0.00978771597146988
0.256	0.32	0.0028641228564083576	0.005466523114591837	0.005313711706548929	0.004761992488056421	0.009920435957610607	0.0011537078535184264	0.0031308031175285578	0.001040652976371348	0.9867365956306458	0.008989921770989895
0.32	0.384	0.0029010302387177944	0.005466523114591837	0.005320349242538214	0.0047852578572928905	0.00995052419602871	0.0011537078535184264	0.0031627495773136616	0.0010424157371744514	0.9867655038833618	0.008624390698969364
0.384	0.448	0.0029010302387177944	0.005466523114591837	0.00542401522397995	0.0047897836193442345	0.010106817819178104	0.001203442458063364	0.0031627495773136616	0.0010662605054676533	0.9867655038833618	0.008476422168314457
0.448	0.512	0.0029013666789978743	0.005466523114591837	0.0057309288531541824	0.004911778029054403	0.01084018312394619	0.001203442458063364	0.0031627495773136616	0.0010727941989898682	0.9867655038833618	0.008476422168314457
0.512	0.576	0.0029244853649288416	0.005466523114591837	0.0061197117902338505	0.004911778029054403	0.011513135395944118	0.0011537078535184264	0.0031308031175285578	0.0010844169883057475	0.9867365956306458	0.008476422168314457
