onset	offset	Alarm_bell_ringing	Blender	Cat	Dishes	Dog	Electric_shaver_toothbrush	Frying	Running_water	Speech	Vacuum_cleaner
0.0	0.064	0.0010604584822431207	0.0020643144380301237	0.001595254405401647	0.002222964772954583	0.0009421867434866726	0.11360474675893784	0.0035715678241103888	0.004469701554626226	0.01314365491271019	0.011176470667123795
0.064	0.128	0.0010604584822431207	0.0020643144380301237	0.001595254405401647	0.002222964772954583	0.0009421867434866726	0.11360474675893784	0.0035715678241103888	0.004469701554626226	0.013527044095098972	0.011176470667123795
0.128	0.192	0.0008068313472904265	0.0019324024906381965	0.0015133828856050968	0.0019743952434509993	0.0008189942454919219	0.11360474675893784	0.0035510812886059284	0.004469701554626226	0.01591591164469719	0.010444884188473225
0.192	0.256	0.0007217866368591785	0.0018493711249902844	0.0014533062931150198	0.001967723947018385	0.0007838177843950689	0.11289231479167938	0.003377001965418458	0.004469701554626226	0.01591591164469719	0.009929229505360126
0.256	0.32	0.0006971608963795006	0.0018298153299838305	0.001331398612819612	0.0019372404785826802	0.0007838177843950689	0.10780707001686096	0.003158128820359707	0.004469701554626226	0.01591591164469719	0.009805820882320404
0.32	0.384	0.0006971608963795006	0.0017868526047095656	0.0012754155322909355	0.0018438586266711354	0.0007838177843950689	0.1028314009308815	0.0030378829687833786	0.004677118733525276	0.018598705530166626	0.009547275491058826
0.384	0.448	0.0006971608963795006	0.0016163460677489638	0.0012754155322909355	0.001685982453636825	0.0007838177843950689	0.10093139857053757	0.0029790112748742104	0.004846405237913132	0.021794259548187256	0.009457748383283615
0.448	0.512	0.0006971608963795006	0.0016163460677489638	0.0012754155322909355	0.0016263277502730489	0.0007921254145912826	0.10093139857053757	0.0029228106141090393	0.005171888042241335	0.02893032692372799	0.009416298009455204
0.512	0.576	0.0007216614903882146	0.0016163460677489638	0.0012754155322909355	0.0016263277502730489	0.0008161666337400675	0.10093139857053757	0.0027483853045850992	0.005650676321238279	0.04112916812300682	0.009386925958096981
