onset	offset	Alarm_bell_ringing	Blender	Cat	Dishes	Dog	Electric_shaver_toothbrush	Frying	Running_water	Speech	Vacuum_cleaner
0.0	0.064	0.00048557310947217047	0.0005802055820822716	0.0013665928272530437	0.0009598718024790287	0.0002474231878295541	0.00020056978974025697	0.0005188251961953938	0.0065551758743822575	0.0018561523174867034	0.0019234290812164545
0.064	0.128	0.00048557310947217047	0.0005802055820822716	0.0013665928272530437	0.0009598718024790287	0.0002474231878295541	0.00020056978974025697	0.0005188251961953938	0.0065551758743822575	0.0018561523174867034	0.0019234290812164545
0.128	0.192	0.00035863593802787364	0.0005076421657577157	0.0011848040157929063	0.0007573445909656584	0.0002474231878295541	0.00019685475854203105	0.00044474779861047864	0.0054039438255131245	0.0015277198981493711	0.0015916288830339909
0.192	0.256	0.00029411635478027165	0.00046591469435952604	0.001087363576516509	0.0006886596092954278	0.0002474231878295541	0.00019685475854203105	0.0004028182302135974	0.004947117064148188	0.0014502530684694648	0.0014070870820432901
0.256	0.32	0.0002606308553367853	0.0004332906100898981	0.001087363576516509	0.0006527070072479546	0.0002474231878295541	0.00019685475854203105	0.0003749069292098284	0.0046102083288133144	0.0014502530684694648	0.0012536387657746673
0.32	0.384	0.00024176514125429094	0.00040871024248190224	0.001087363576516509	0.0006210150895640254	0.00024806708097457886	0.00019685475854203105	0.0003507556102704257	0.004480978008359671	0.0014502530684694648	0.001124077825807035
0.384	0.448	0.00022914067085366696	0.00039387622382491827	0.001087363576516509	0.0006026837509125471	0.00026196293765679	0.00019856439030263573	0.0003336141526233405	0.004480978008359671	0.0014502530684694648	0.0010197199881076813
0.448	0.512	0.00022041943157091737	0.00039387622382491827	0.001096814638003707	0.0006026837509125471	0.0002846495190169662	0.00020247376232873648	0.00032089458545669913	0.004480978008359671	0.0014522838173434138	0.000939663965255022
0.512	0.576	0.0002176076959585771	0.00039387622382491827	0.0011886367574334145	0.0006026837509125471	0.0003110828693024814	0.00020831743313465267	0.000306836940580979	0.004480978008359671	0.0014788700500503182	0.000879268569406122
