onset	offset	Alarm_bell_ringing	Blender	Cat	Dishes	Dog	Electric_shaver_toothbrush	Frying	Running_water	Speech	Vacuum_cleaner
0.0	0.064	0.01401637215167284	0.004761184100061655	0.001235258998349309	0.010195355862379074	0.0015045854961499572	0.0010397571604698896	0.0012523075565695763	0.0023834228049963713	0.005226661916822195	0.0003114395949523896
0.064	0.128	0.01401637215167284	0.004761184100061655	0.001235258998349309	0.010195355862379074	0.0015720593510195613	0.0010397571604698896	0.0012523075565695763	0.0023834228049963713	0.005341644398868084	0.0003114395949523896
0.128	0.192	0.013113117776811123	0.008280947804450989	0.0014180669095367193	0.010195355862379074	0.0032163297291845083	0.0010397571604698896	0.0008880438981577754	0.0023834228049963713	0.007740253582596779	0.0003114395949523896
0.192	0.256	0.012086650356650352	0.008280947804450989	0.001235258998349309	0.010195355862379074	0.0032163297291845083	0.0010397571604698896	0.0008880438981577754	0.0023834228049963713	0.007740253582596779	0.0003114395949523896
0.256	0.32	0.011576343327760696	0.008479700423777103	0.0010650742333382368	0.010195355862379074	0.0032163297291845083	0.0009600972407497466	0.0008880438981577754	0.0023834228049963713	0.007740253582596779	0.0003114395949523896
0.32	0.384	0.01061373483389616	0.0485256053507328	0.0010303279850631952	0.015109339728951454	0.007798380684107542	0.0009178322507068515	0.0008880438981577754	0.002568525029346347	0.013174100778996944	0.0003867494815494865
0.384	0.448	0.00981104001402855	0.12485702335834503	0.0010303279850631952	0.015109339728951454	0.02035844326019287	0.0008213130058720708	0.001072636223398149	0.002568525029346347	0.024655750021338463	0.00040116693708114326
0.448	0.512	0.009725729003548622	0.13696175813674927	0.000525227515026927	0.015109339728951454	0.02035844326019287	0.0006590839475393295	0.001072636223398149	0.002568525029346347	0.024655750021338463	0.00040116693708114326
0.512	0.576	0.009321251884102821	0.13696175813674927	0.0004525433178059757	0.015109339728951454	0.02035844326019287	0.0005344729870557785	0.001072636223398149	0.002568525029346347	0.024655750021338463	0.00040116693708114326
