onset	offset	Alarm_bell_ringing	Blender	Cat	Dishes	Dog	Electric_shaver_toothbrush	Frying	Running_water	Speech	Vacuum_cleaner
0.0	0.064	0.0008771581342443824	0.0009698932990431786	0.0006343318964354694	0.030352769419550896	0.0005754955345764756	0.0004112348542548716	0.980997622013092	0.002663525752723217	0.020544275641441345	0.0008046017028391361
0.064	0.128	0.0008771581342443824	0.0009698932990431786	0.0006343318964354694	0.030352769419550896	0.0005754955345764756	0.0004112348542548716	0.980997622013092	0.002663525752723217	0.020544275641441345	0.0008046017028391361
0.128	0.192	0.0006157282623462379	0.000731856853235513	0.0005448890733532608	0.02359883300960064	0.00046340798144228756	0.00033830598113127053	0.9831451177597046	0.0021765034180134535	0.013551722280681133	0.0006323002162389457
0.192	0.256	0.00044858086039312184	0.0005435712519101799	0.0005069158505648375	0.01759067364037037	0.0003938936861231923	0.00028031974215991795	0.9836938977241516	0.001961151836439967	0.008830749429762363	0.0005108087789267302
0.256	0.32	0.0003900206065736711	0.0004737357667181641	0.0005069158505648375	0.015265120193362236	0.00037471076939255	0.0002530559722799808	0.9838632345199585	0.0019006803631782532	0.008830749429762363	0.00045615871204063296
0.32	0.384	0.0003601722710300237	0.00043456212733872235	0.0005069158505648375	0.01397725474089384	0.00035169871989637613	0.0002367117558605969	0.9838932752609253	0.0018720048246905208	0.008830749429762363	0.0004337947757449001
0.384	0.448	0.0003429643402341753	0.0004031584248878062	0.0005069158505648375	0.01287910621613264	0.00032716293935664	0.0002247396914754063	0.9839667677879333	0.0018623237265273929	0.008830749429762363	0.00042050526826642454
0.448	0.512	0.00033891029306687415	0.0003807862813118845	0.0005246403743512928	0.012346475385129452	0.0003109912504442036	0.00021740570082329214	0.9840191602706909	0.001861013239249587	0.010280000977218151	0.00042050526826642454
0.512	0.576	0.00033712261938489974	0.00037291328771971166	0.0005454014171846211	0.012346475385129452	0.00030881346901878715	0.00021429233311209828	0.9842984676361084	0.0018582872580736876	0.012316083535552025	0.00042050526826642454
