onset	offset	Alarm_bell_ringing	Blender	Cat	Dishes	Dog	Electric_shaver_toothbrush	Frying	Running_water	Speech	Vacuum_cleaner
0.0	0.064	0.0021585996728390455	0.0002994835376739502	0.00042624521302059293	0.0005773360026068985	0.0005360034992918372	0.0001466034009354189	0.00025915377773344517	0.0009456230909563601	0.0018768231384456158	0.0005557736149057746
0.064	0.128	0.0021585996728390455	0.0002994835376739502	0.00042624521302059293	0.0005773360026068985	0.0005383031675592065	0.0001466034009354189	0.00025915377773344517	0.0009456230909563601	0.0018768231384456158	0.0005557736149057746
0.128	0.192	0.00201059365645051	0.00025860214373096824	0.00042624521302059293	0.0004920304054394364	0.0005383031675592065	0.00014099691179580986	0.00023417064221575856	0.000776299275457859	0.0016975024482235312	0.0004679313860833645
0.192	0.256	0.0019802888855338097	0.00023048058210406452	0.00042624521302059293	0.0004493972228374332	0.0005383031675592065	0.00013702863361686468	0.0002081925340462476	0.0007074218592606485	0.001638562884181738	0.0004120621015317738
0.256	0.32	0.001980098430067301	0.00021543014736380428	0.00042624521302059293	0.00042751117143779993	0.0005383031675592065	0.00013480162306223065	0.0001884465746115893	0.0006764830322936177	0.001607827958650887	0.0003742491826415062
0.32	0.384	0.001980098430067301	0.00020637190027628094	0.0004350408853497356	0.0004128537839278579	0.0005410726880654693	0.00013278743426781148	0.00017609984206501395	0.0006591716082766652	0.001584670739248395	0.00035041055525653064
0.384	0.448	0.001980098430067301	0.00019989392603747547	0.00043997858301736414	0.0004020488413516432	0.0005432417965494096	0.00013083191879559308	0.0001688873890088871	0.0006528936792165041	0.0015688572311773896	0.00033498520497232676
0.448	0.512	0.0019802888855338097	0.00019456326845102012	0.0004461851785890758	0.0003956302534788847	0.0005474377539940178	0.0001294396206503734	0.00016405151109211147	0.000652529823128134	0.001557318028062582	0.0003239573852624744
0.512	0.576	0.001988404430449009	0.00018984335474669933	0.0004534631152637303	0.0003917841531801969	0.0005480078980326653	0.00012819311814382672	0.00015891143993940204	0.000652274873573333	0.0015450904611498117	0.00031293786014430225
