onset	offset	Alarm_bell_ringing	Blender	Cat	Dishes	Dog	Electric_shaver_toothbrush	Frying	Running_water	Speech	Vacuum_cleaner
0.0	0.064	0.9349034428596497	0.002999251475557685	0.00966919306665659	0.01268982607871294	0.0026966803707182407	0.0007910896674729884	0.0010054173180833459	0.006626997143030167	0.006155920214951038	0.0005759411142207682
0.064	0.128	0.9152451753616333	0.002999251475557685	0.00966919306665659	0.01268982607871294	0.0026966803707182407	0.0007910896674729884	0.0010054173180833459	0.006626997143030167	0.006155920214951038	0.0005759411142207682
0.128	0.192	0.8625550866127014	0.002048722468316555	0.007823454216122627	0.012055966071784496	0.002577956300228834	0.0006192248547449708	0.0006131524569354951	0.004777779337018728	0.00492901960387826	0.0003731481556314975
0.192	0.256	0.8625550866127014	0.0017744875513017178	0.003444524249061942	0.011919546872377396	0.0025504720397293568	0.0004965217667631805	0.00042218033922836185	0.0026274584233760834	0.00358030223287642	0.0002656341821420938
0.256	0.32	0.9152451753616333	0.0010337436106055975	0.003444524249061942	0.006115850526839495	0.0015428065089508891	0.0004965217667631805	0.00034103725920431316	0.002486566314473748	0.00358030223287642	0.0002656341821420938
0.32	0.384	0.9152451753616333	0.0010337436106055975	0.003444524249061942	0.004086936358362436	0.001265931874513626	0.0004965217667631805	0.00034103725920431316	0.00243547186255455	0.00358030223287642	0.00022904500656295568
0.384	0.448	0.9152451753616333	0.0010337436106055975	0.003444524249061942	0.003983679227530956	0.001265931874513626	0.0004965217667631805	0.00034103725920431316	0.0019994997419416904	0.00358030223287642	0.00021641959028784186
0.448	0.512	0.9708325862884521	0.0010337436106055975	0.004279457498341799	0.0035519085358828306	0.001265931874513626	0.00046064125490374863	0.00034103725920431316	0.0015349948080256581	0.004232807084918022	0.00018695538165047765
0.512	0.576	0.9708325862884521	0.0010337436106055975	0.004279457498341799	0.002862325869500637	0.001265931874513626	0.00046064125490374863	0.00034103725920431316	0.0015349948080256581	0.004232807084918022	0.00018695538165047765
