onset	offset	Alarm_bell_ringing	Blender	Cat	Dishes	Dog	Electric_shaver_toothbrush	Frying	Running_water	Speech	Vacuum_cleaner
0.0	0.064	0.02459118515253067	0.00314117968082428	0.006604415830224752	0.008388330228626728	0.013697237707674503	0.0033275005407631397	0.018074382096529007	0.002525690011680126	0.9892259240150452	0.0026602977886795998
0.064	0.128	0.02459118515253067	0.00314117968082428	0.006604415830224752	0.008388330228626728	0.013697237707674503	0.0033275005407631397	0.018074382096529007	0.002525690011680126	0.9892259240150452	0.0026602977886795998
0.128	0.192	0.024058589711785316	0.003007409395650029	0.005979040637612343	0.008388330228626728	0.013496389612555504	0.003172755241394043	0.01795291341841221	0.00231500924564898	0.990260660648346	0.0021455520763993263
0.192	0.256	0.024007881060242653	0.0028969089034944773	0.005683691240847111	0.008373335935175419	0.01289510726928711	0.0031096143648028374	0.01748129352927208	0.0021385052241384983	0.9907321333885193	0.0018134794663637877
0.256	0.32	0.023934083059430122	0.0027148614171892405	0.005339927040040493	0.00832962803542614	0.012568161822855473	0.002978644333779812	0.016825299710035324	0.002039929386228323	0.9907321333885193	0.0015849183546379209
0.32	0.384	0.02277325466275215	0.002604390261694789	0.005042432341724634	0.00822523795068264	0.012360159307718277	0.002783744363114238	0.01593039184808731	0.002037868369370699	0.9907321333885193	0.0014747761888429523
0.384	0.448	0.020949281752109528	0.0022804259788244963	0.004746451508253813	0.00822523795068264	0.011399876326322556	0.0025164340622723103	0.015219621360301971	0.0019608738366514444	0.9907321333885193	0.0014004729455336928
0.448	0.512	0.020164841786026955	0.0017162517178803682	0.004400417674332857	0.007910022512078285	0.008978739380836487	0.0023679593577980995	0.014878948219120502	0.001587834907695651	0.9907892346382141	0.0013933198060840368
0.512	0.576	0.01938764750957489	0.0015822547720745206	0.004215920343995094	0.007679147180169821	0.008172968402504921	0.0023679593577980995	0.014198271557688713	0.001587834907695651	0.9907892346382141	0.0011548915645107627
