onset	offset	Alarm_bell_ringing	Blender	Cat	Dishes	Dog	Electric_shaver_toothbrush	Frying	Running_water	Speech	Vacuum_cleaner
0.0	0.064	0.018392404541373253	0.00221737171523273	0.0011179710272699594	0.007716000080108643	0.0024464966263622046	0.0023691898677498102	0.013831344433128834	0.0023421025834977627	0.03185054659843445	0.0019369859946891665
0.064	0.128	0.018392404541373253	0.00221737171523273	0.0013366275234147906	0.007716000080108643	0.0024464966263622046	0.0023691898677498102	0.013831344433128834	0.0022688996978104115	0.03747137635946274	0.0018779856618493795
0.128	0.192	0.017047299072146416	0.0019625010900199413	0.0014029719168320298	0.006260046269744635	0.002342719817534089	0.0022623203694820404	0.01359182596206665	0.0022688996978104115	0.039484020322561264	0.0018779856618493795
0.192	0.256	0.01650707609951496	0.0018686347175389528	0.0013366275234147906	0.00612758519127965	0.002229382051154971	0.002109893597662449	0.0127790542319417	0.002260353649035096	0.039484020322561264	0.0018678505439311266
0.256	0.32	0.016200166195631027	0.0018136055441573262	0.0012294913176447153	0.006003496237099171	0.0020560258999466896	0.0020203276071697474	0.011870329268276691	0.0022442354820668697	0.042047083377838135	0.001572744338773191
0.32	0.384	0.01572815328836441	0.0018107426585629582	0.0012294913176447153	0.005614965222775936	0.001870497944764793	0.001920025097206235	0.010504954494535923	0.0021344460546970367	0.042047083377838135	0.0012507752981036901
0.384	0.448	0.01572815328836441	0.0017942845588549972	0.0012294913176447153	0.0053636543452739716	0.0014479773817583919	0.0018619339680299163	0.009157093241810799	0.0020837411284446716	0.042047083377838135	0.0010675783269107342
0.448	0.512	0.015346025116741657	0.0016984958201646805	0.0010508217383176088	0.005239853169769049	0.0012452334631234407	0.0017524976283311844	0.008663760498166084	0.0020818659104406834	0.042047083377838135	0.0009972212137654424
0.512	0.576	0.013290898874402046	0.0011927344603464007	0.0010508217383176088	0.004949096590280533	0.0012452334631234407	0.0014577257679775357	0.00814017467200756	0.0020452479366213083	0.029888341203331947	0.0009931443491950631
