onset	offset	Alarm_bell_ringing	Blender	Cat	Dishes	Dog	Electric_shaver_toothbrush	Frying	Running_water	Speech	Vacuum_cleaner
0.0	0.064	0.00396468723192811	0.0020751184783875942	0.0033929452765733004	0.000703333702404052	0.0026939306408166885	0.0012617643224075437	0.0005710671539418399	0.011848753318190575	0.009752857498824596	0.9784805774688721
0.064	0.128	0.00396468723192811	0.0020751184783875942	0.0033929452765733004	0.000733527762349695	0.0026939306408166885	0.0012617643224075437	0.0005710671539418399	0.011848753318190575	0.009752857498824596	0.9784805774688721
0.128	0.192	0.002331856871023774	0.0014148677000775933	0.002465119119733572	0.000742322881706059	0.0018531925743445754	0.0010628757299855351	0.0003695494378916919	0.011183814145624638	0.008070163428783417	0.9816604852676392
0.192	0.256	0.0018637230386957526	0.0011457353830337524	0.002465119119733572	0.000733527762349695	0.0018236682517454028	0.0008878861553966999	0.0003327856829855591	0.009903771802783012	0.007413174491375685	0.9831418991088867
0.256	0.32	0.0017462854739278555	0.0010193712078034878	0.002455705078318715	0.0007208476308733225	0.001817164709791541	0.0007533840835094452	0.0003327856829855591	0.009903771802783012	0.0067513976246118546	0.9843399524688721
0.32	0.384	0.0016239108517765999	0.0009866233449429274	0.002455705078318715	0.0007208476308733225	0.0018024988239631057	0.0006818738766014576	0.0003327856829855591	0.009903771802783012	0.006348792929202318	0.984733521938324
0.384	0.448	0.001503678853623569	0.0009866233449429274	0.002465119119733572	0.0007208476308733225	0.0017611343646422029	0.0006230242433957756	0.0003327856829855591	0.009903771802783012	0.005888011306524277	0.9849686026573181
0.448	0.512	0.0013932189904153347	0.0009866233449429274	0.0024700358044356108	0.0006922780885361135	0.0016864005010575056	0.0005801094230264425	0.000336736673489213	0.009927280247211456	0.005568644497543573	0.9851528406143188
0.512	0.576	0.0013546266127377748	0.0009866233449429274	0.002503234427422285	0.0006730715394951403	0.0016085682436823845	0.0005543488659895957	0.00034248028532601893	0.010273303836584091	0.005487436894327402	0.9853095412254333
