onset	offset	Alarm_bell_ringing	Blender	Cat	Dishes	Dog	Electric_shaver_toothbrush	Frying	Running_water	Speech	Vacuum_cleaner
0.0	0.064	0.0002937445242423564	0.00015781066031195223	0.004112178459763527	0.0006346069858409464	0.0004251619102433324	0.00010371099779149517	0.0010010740952566266	0.001096536754630506	0.0014715357683598995	0.0022422277834266424
0.064	0.128	0.0002937445242423564	0.00015781066031195223	0.004215502180159092	0.0006346069858409464	0.0004636324301827699	0.00010371099779149517	0.0010010740952566266	0.001096536754630506	0.0014715357683598995	0.0022422277834266424
0.128	0.192	0.0002304005902260542	0.000126535480376333	0.004565374925732613	0.0005129006458446383	0.0005020533571951091	9.295577910961583e-05	0.0008478593663312495	0.0009614877053536475	0.0013693678192794323	0.0019032420823350549
0.192	0.256	0.00021032261429354548	0.00011072462075389922	0.004565374925732613	0.0004987017600797117	0.0005020533571951091	9.001192665891722e-05	0.0007691562059335411	0.0008547864854335785	0.0013075125170871615	0.0016797209391370416
0.256	0.32	0.0001967613206943497	0.00010184298298554495	0.0043560839258134365	0.0004935485194437206	0.0005020533571951091	8.824432734400034e-05	0.0007201901753433049	0.0007863467326387763	0.0012937019346281886	0.0015126762446016073
0.32	0.384	0.00018995237769559026	9.716375643620268e-05	0.0043560839258134365	0.0004889069241471589	0.0005020533571951091	8.709824032848701e-05	0.0006912568351253867	0.0007368391961790621	0.0012937019346281886	0.0014024676056578755
0.384	0.448	0.0001878762268461287	9.654716268414631e-05	0.0043560839258134365	0.000460894254501909	0.0005020533571951091	8.650549716548994e-05	0.0006811240455135703	0.0006940858438611031	0.0012937019346281886	0.001331354840658605
0.448	0.512	0.00018252995505463332	9.346204751636833e-05	0.0043560839258134365	0.00042566334013827145	0.000511494348756969	8.640129817649722e-05	0.0006752103217877448	0.0006454465328715742	0.0012937019346281886	0.001244111335836351
0.512	0.576	0.00017287986702285707	9.339167445432395e-05	0.004018275532871485	0.00041133075137622654	0.0005250005633570254	8.43888774397783e-05	0.0006594254518859088	0.0006222091615200043	0.0013069174019619823	0.0011616627452895045
