onset	offset	Alarm_bell_ringing	Blender	Cat	Dishes	Dog	Electric_shaver_toothbrush	Frying	Running_water	Speech	Vacuum_cleaner
0.0	0.064	0.005941319745033979	0.02763272449374199	0.004023853689432144	0.008148683235049248	0.01005557645112276	0.007459393236786127	0.02590787038207054	0.0013514328747987747	0.9640011787414551	0.008590084500610828
0.064	0.128	0.006087038200348616	0.02763272449374199	0.004023853689432144	0.008148683235049248	0.01005557645112276	0.007459393236786127	0.02590787038207054	0.0013514328747987747	0.9640011787414551	0.008590084500610828
0.128	0.192	0.006087038200348616	0.024617312476038933	0.003943909890949726	0.007724357768893242	0.009998366236686707	0.007449550088495016	0.02840443328022957	0.0011777594918385148	0.9650737047195435	0.007110250182449818
0.192	0.256	0.006087038200348616	0.02305552549660206	0.003898416645824909	0.007724357768893242	0.009069095365703106	0.007001995109021664	0.02840443328022957	0.001095046754926443	0.9650737047195435	0.0060235559940338135
0.256	0.32	0.005941319745033979	0.022262342274188995	0.0037513163406401873	0.007724357768893242	0.008269067853689194	0.006860710214823484	0.02840443328022957	0.0010344164911657572	0.9652782678604126	0.005427010357379913
0.32	0.384	0.005938214715570211	0.021852731704711914	0.0033634842839092016	0.007724357768893242	0.007769966498017311	0.006489579100161791	0.02840443328022957	0.0009861956350505352	0.9653164744377136	0.004716347437351942
0.384	0.448	0.005938214715570211	0.021852731704711914	0.002967393258586526	0.008127107284963131	0.007129707373678684	0.006489579100161791	0.02840443328022957	0.0009765862487256527	0.9654131531715393	0.0042304485104978085
0.448	0.512	0.005931611638516188	0.021852731704711914	0.002967393258586526	0.008127107284963131	0.00686161033809185	0.006489579100161791	0.02793884091079235	0.0009143422357738018	0.9653164744377136	0.0042304485104978085
0.512	0.576	0.005684629548341036	0.021852731704711914	0.002967393258586526	0.008127107284963131	0.00631435913965106	0.006489579100161791	0.0274600051343441	0.0008579092682339251	0.9650737047195435	0.0042304485104978085
