onset	offset	Alarm_bell_ringing	Blender	Cat	Dishes	Dog	Electric_shaver_toothbrush	Frying	Running_water	Speech	Vacuum_cleaner
0.0	0.064	0.0016975065227597952	0.005943198222666979	0.0010421780170872808	0.18334795534610748	0.0020732267294079065	0.0016490512061864138	0.14391909539699554	0.0023481647949665785	0.019448261708021164	0.004391204100102186
0.064	0.128	0.0016975065227597952	0.0061362916603684425	0.0010421780170872808	0.18334795534610748	0.0020732267294079065	0.0016490512061864138	0.14391909539699554	0.0023481647949665785	0.019448261708021164	0.004391204100102186
0.128	0.192	0.0014428349677473307	0.0061362916603684425	0.0009675822220742702	0.18334795534610748	0.0018467166228219867	0.0013750676298514009	0.1382470428943634	0.0022857189178466797	0.019010288640856743	0.004269018303602934
0.192	0.256	0.0013386568753048778	0.005943198222666979	0.0009626385290175676	0.1731703132390976	0.0016915388405323029	0.0011165650794282556	0.13474056124687195	0.0022822178434580564	0.01829599216580391	0.0040031857788562775
0.256	0.32	0.0013030761620029807	0.00583632430061698	0.0009031305671669543	0.1731221079826355	0.0014939791290089488	0.0008289791294373572	0.13147899508476257	0.0019980967044830322	0.018240848556160927	0.0037392196245491505
0.32	0.384	0.0012243598466739058	0.005212069489061832	0.0007764446781948209	0.12338653206825256	0.0012571123661473393	0.0006269314326345921	0.1260109394788742	0.0016297391848638654	0.01554547343403101	0.0033716221805661917
0.384	0.448	0.0010323539609089494	0.004919652361422777	0.0006828968762420118	0.12338653206825256	0.0012571123661473393	0.000547650211956352	0.11371500045061111	0.0016297391848638654	0.01554547343403101	0.0030367043800652027
0.448	0.512	0.0008235418936237693	0.004785171709954739	0.0006409253692254424	0.12338653206825256	0.0012571123661473393	0.0005472732009366155	0.11207728087902069	0.0016297391848638654	0.01554547343403101	0.0028618997894227505
0.512	0.576	0.0008004400879144669	0.0047071524895727634	0.0006409253692254424	0.12338653206825256	0.0012571123661473393	0.0005472732009366155	0.11207728087902069	0.0016297391848638654	0.01554547343403101	0.0024739878717809916
