onset	offset	Alarm_bell_ringing	Blender	Cat	Dishes	Dog	Electric_shaver_toothbrush	Frying	Running_water	Speech	Vacuum_cleaner
0.0	0.064	0.004444052465260029	0.0002739678602665663	0.00045614439295604825	0.0007571338792331517	0.0005763963563367724	0.00026737977168522775	0.0006942065083421767	0.0006607131217606366	0.003060419810935855	0.00030243259971030056
0.064	0.128	0.007508441805839539	0.00028366531478241086	0.0005072280764579773	0.0007980714435689151	0.0005763963563367724	0.00027152791153639555	0.0006942065083421767	0.0006607131217606366	0.003060419810935855	0.00030243259971030056
0.128	0.192	0.008751966990530491	0.00028366531478241086	0.0005328195984475315	0.0011095580412074924	0.0005574527313001454	0.000323036772897467	0.0008469792082905769	0.0006336557562462986	0.003317698836326599	0.00030243259971030056
0.192	0.256	0.008751966990530491	0.00032526676659472287	0.0005328195984475315	0.0008774431771598756	0.0005491569172590971	0.00031449910602532327	0.0009151388658210635	0.0006222270312719047	0.003089512698352337	0.0002702363417483866
0.256	0.32	0.015494910068809986	0.0003266948333475739	0.0005328195984475315	0.0008774431771598756	0.0005491569172590971	0.00031449910602532327	0.0009151388658210635	0.0006222270312719047	0.003089512698352337	0.0002702363417483866
0.32	0.384	0.01706215925514698	0.000384966580895707	0.0005764790694229305	0.0011095580412074924	0.0005491569172590971	0.00037610038998536766	0.0009660139330662787	0.0006222270312719047	0.003317698836326599	0.0002702363417483866
0.384	0.448	0.017069613561034203	0.00041916334885172546	0.0006027624476701021	0.0011254915734753013	0.0005574527313001454	0.00039417241350747645	0.0010723358718678355	0.0006336557562462986	0.0033558302093297243	0.00032025520340539515
0.448	0.512	0.08812101185321808	0.0005015343776904047	0.0009972649859264493	0.0012463998282328248	0.0006107066874392331	0.0004437684256117791	0.001136625767685473	0.0008871660684235394	0.003747522598132491	0.00032025520340539515
0.512	0.576	0.6944981813430786	0.000646115280687809	0.0017197265988215804	0.0028150572907179594	0.0009435612591914833	0.0004990845918655396	0.0011663833865895867	0.0013770426157861948	0.0042504374869167805	0.0002739412011578679
