onset	offset	Alarm_bell_ringing	Blender	Cat	Dishes	Dog	Electric_shaver_toothbrush	Frying	Running_water	Speech	Vacuum_cleaner
0.0	0.064	0.985451340675354	0.0006340163527056575	0.0014700762694701552	0.005545171443372965	0.0016802953323349357	0.0004853533173445612	0.0004338105209171772	0.002249250654131174	0.0049428753554821014	0.0006278663058765233
0.064	0.128	0.985451340675354	0.0006340163527056575	0.0014700762694701552	0.005545171443372965	0.0016802953323349357	0.0004853533173445612	0.0004338105209171772	0.002249250654131174	0.0049428753554821014	0.0006278663058765233
0.128	0.192	0.9902267456054688	0.0005692786653526127	0.0011041583493351936	0.0026587394531816244	0.0012652442092075944	0.0003373294894117862	0.00028171128360554576	0.0014449654845520854	0.004741978365927935	0.0003226606932003051
0.192	0.256	0.9902267456054688	0.0005692786653526127	0.0009570586262270808	0.0021067867055535316	0.001210695132613182	0.00027245498495176435	0.00023735449940431863	0.0012169760884717107	0.004534557927399874	0.0002519543340895325
0.256	0.32	0.9902267456054688	0.0005692786653526127	0.0008700498146936297	0.002030027564615011	0.0011174121173098683	0.00024286207917612046	0.00021193585416767746	0.0011009492445737123	0.004420702811330557	0.00021383556304499507
0.32	0.384	0.9902267456054688	0.0005660609458573163	0.0008507553720846772	0.0018075230764225125	0.001080713584087789	0.0002062764688162133	0.00018972952966578305	0.0010110537987202406	0.004328290931880474	0.00018149577954318374
0.384	0.448	0.9872999787330627	0.0005608837236650288	0.0008443518890999258	0.0017534038051962852	0.0010805483907461166	0.00012630174751393497	0.00015182601055130363	0.000868318893481046	0.004273912403732538	0.00015791060286574066
0.448	0.512	0.9358189702033997	0.0005587770720012486	0.00035046899574808776	0.001751528587192297	0.0008926066220737994	6.960276368772611e-05	9.271949238609523e-05	0.0005422495887614787	0.0028815646655857563	0.00011969509068876505
0.512	0.576	0.4338393211364746	0.000267305615125224	6.407668115571141e-05	0.0007180352113209665	0.0005725870141759515	4.000272383564152e-05	4.476897811400704e-05	0.00023154044174589217	0.00221706903539598	0.00011969509068876505
