onset	offset	Alarm_bell_ringing	Blender	Cat	Dishes	Dog	Electric_shaver_toothbrush	Frying	Running_water	Speech	Vacuum_cleaner
0.0	0.064	0.0037412289530038834	0.3230707347393036	0.0031576005276292562	0.013306627981364727	0.5901405215263367	0.008352534845471382	0.0039019547402858734	0.005895339883863926	0.06325627118349075	0.1061108186841011
0.064	0.128	0.0037412289530038834	0.3230707347393036	0.0031576005276292562	0.013306627981364727	0.5169991254806519	0.008352534845471382	0.0039019547402858734	0.005895339883863926	0.06325627118349075	0.1061108186841011
0.128	0.192	0.0028704185970127583	0.3717256784439087	0.0021945659536868334	0.00788207445293665	0.5169991254806519	0.005250840913504362	0.002291408833116293	0.00396385882049799	0.0442800410091877	0.09507787227630615
0.192	0.256	0.002192944986745715	0.3717256784439087	0.0020982087589800358	0.0045939418487250805	0.41489237546920776	0.005250840913504362	0.00123116304166615	0.0027310147415846586	0.031947147101163864	0.09507787227630615
0.256	0.32	0.0017270672833546996	0.4282578229904175	0.0015738215297460556	0.0017479389207437634	0.1552380919456482	0.005250840913504362	0.0007901053759269416	0.0026204523164778948	0.02797325700521469	0.09507787227630615
0.32	0.384	0.0008312631980516016	0.4282578229904175	0.0010346263879910111	0.000918989593628794	0.03444577753543854	0.004891269374638796	0.0005641039460897446	0.002262278227135539	0.027169937267899513	0.09507787227630615
0.384	0.448	0.0004716677940450609	0.4282578229904175	0.0008626571507193148	0.000845858477987349	0.015372708439826965	0.004700466524809599	0.0005128200282342732	0.0017507725860923529	0.025196323171257973	0.110375314950943
0.448	0.512	0.0003682775713969022	0.4282578229904175	0.0007258618716150522	0.000845858477987349	0.011413522064685822	0.004476283676922321	0.0005113687948323786	0.0015309273730963469	0.023522844538092613	0.12139006704092026
0.512	0.576	0.0002926451270468533	0.396083265542984	0.0006246759439818561	0.000845858477987349	0.00920905265957117	0.004476283676922321	0.0004739238938782364	0.0013575357152149081	0.0227603018283844	0.12409180402755737
