onset	offset	Alarm_bell_ringing	Blender	Cat	Dishes	Dog	Electric_shaver_toothbrush	Frying	Running_water	Speech	Vacuum_cleaner
0.0	0.064	0.4830179810523987	0.01379361841827631	0.004307155963033438	0.011348689906299114	0.004595015197992325	0.0020400253124535084	0.006643695756793022	0.02290651947259903	0.8451352715492249	0.18531621992588043
0.064	0.128	0.4830179810523987	0.01379361841827631	0.004307155963033438	0.011348689906299114	0.005540492478758097	0.0020400253124535084	0.006219517905265093	0.02290651947259903	0.8285406827926636	0.18531621992588043
0.128	0.192	0.6149543523788452	0.01379361841827631	0.004307155963033438	0.011348689906299114	0.005540492478758097	0.0017956678057089448	0.006219517905265093	0.021233513951301575	0.8066610097885132	0.18531621992588043
0.192	0.256	0.7108815908432007	0.01267336681485176	0.004163677338510752	0.011276467703282833	0.005337015260010958	0.0016709769843146205	0.006111066322773695	0.02059944160282612	0.8066610097885132	0.18531621992588043
0.256	0.32	0.7108815908432007	0.012379341758787632	0.0040400647558271885	0.010155042633414268	0.005289952736347914	0.0013520161155611277	0.005690799094736576	0.019727341830730438	0.822624146938324	0.18531621992588043
0.32	0.384	0.7108815908432007	0.010361554101109505	0.003645966062322259	0.010155042633414268	0.005289952736347914	0.0010970111470669508	0.005303650163114071	0.01928374543786049	0.8141487836837769	0.20552588999271393
0.384	0.448	0.7108815908432007	0.009976832196116447	0.0036157916765660048	0.009454349055886269	0.005289952736347914	0.0009753579506650567	0.005010778550058603	0.01905473880469799	0.8003264665603638	0.21768400073051453
0.448	0.512	0.7108815908432007	0.00889325886964798	0.0034956082236021757	0.008323040790855885	0.005066582467406988	0.0009249159484170377	0.005010778550058603	0.01905473880469799	0.7980695962905884	0.22772954404354095
0.512	0.576	0.7108815908432007	0.008424432948231697	0.0032546084839850664	0.008235217072069645	0.005041951779276133	0.0008831156883388758	0.004990855231881142	0.01905473880469799	0.7826452851295471	0.23097577691078186
