onset	offset	Alarm_bell_ringing	Blender	Cat	Dishes	Dog	Electric_shaver_toothbrush	Frying	Running_water	Speech	Vacuum_cleaner
0.0	0.064	0.0009715025662444532	0.00049494398990646	0.0016290978528559208	0.001977713778614998	0.048634570091962814	0.00041319336742162704	0.0010615451028570533	0.005966979544609785	0.004538640379905701	0.0018075505504384637
0.064	0.128	0.0009715025662444532	0.00049494398990646	0.0017930192407220602	0.001977713778614998	0.048634570091962814	0.00041319336742162704	0.0010615451028570533	0.005966979544609785	0.004538640379905701	0.0019329083152115345
0.128	0.192	0.0009715025662444532	0.000468874117359519	0.0020206209737807512	0.0016507076798006892	0.06177937239408493	0.00035434801247902215	0.0008596788393333554	0.005658864509314299	0.004120070952922106	0.0019329083152115345
0.192	0.256	0.0009715025662444532	0.000468874117359519	0.0020206209737807512	0.0016507076798006892	0.06177937239408493	0.00035434801247902215	0.0008596788393333554	0.004884186666458845	0.004120070952922106	0.0019329083152115345
0.256	0.32	0.0009715025662444532	0.000468874117359519	0.0017930192407220602	0.0016507076798006892	0.06177937239408493	0.00035434801247902215	0.0008596788393333554	0.004497403744608164	0.004120070952922106	0.0019329083152115345
0.32	0.384	0.001117661246098578	0.000468874117359519	0.0017930192407220602	0.0016507076798006892	0.12548977136611938	0.00035434801247902215	0.0008596788393333554	0.004278423730283976	0.004120070952922106	0.0019329083152115345
0.384	0.448	0.001309121842496097	0.00045138655696064234	0.0017930192407220602	0.003897128626704216	0.44903889298439026	0.0005282157799229026	0.0008593365200795233	0.004232907667756081	0.006396458949893713	0.0019329083152115345
0.448	0.512	0.0013130527222529054	0.0005411435849964619	0.0020206209737807512	0.004447281826287508	0.7940323352813721	0.0007194359786808491	0.0008593365200795233	0.004136674106121063	0.007169349584728479	0.0019283676519989967
0.512	0.576	0.001522727427072823	0.0005847875727340579	0.002025274559855461	0.004447281826287508	0.8017711639404297	0.0007194359786808491	0.0008592750527895987	0.0037919566966593266	0.007441294379532337	0.0016349084908142686
