onset	offset	Alarm_bell_ringing	Blender	Cat	Dishes	Dog	Electric_shaver_toothbrush	Frying	Running_water	Speech	Vacuum_cleaner
0.0	0.064	0.00038923113606870174	0.00042957381810992956	0.0008658110164105892	0.0005793446907773614	0.00047125565470196307	9.948563820216805e-05	0.0005436880164779723	0.003973537590354681	0.002204516204074025	0.00150949542876333
0.064	0.128	0.00038923113606870174	0.00042957381810992956	0.0008658110164105892	0.0005793446907773614	0.0005063802818767726	9.948563820216805e-05	0.0005436880164779723	0.003973537590354681	0.002204516204074025	0.00150949542876333
0.128	0.192	0.0003145222144667059	0.00038994516944512725	0.0008658110164105892	0.0004930917057208717	0.000559176376555115	9.48579836403951e-05	0.00046868447680026293	0.003500361694023013	0.002019301289692521	0.001309477142058313
0.192	0.256	0.00028458115411922336	0.0003504561318550259	0.0008658110164105892	0.0004797865985892713	0.000559176376555115	9.406432218383998e-05	0.00041910639265552163	0.0032389312982559204	0.001848267624154687	0.0011691844556480646
0.256	0.32	0.0002683712518773973	0.0003129894903395325	0.0008658110164105892	0.0004783312324434519	0.000559176376555115	9.405516902916133e-05	0.0004012342542409897	0.003077227156609297	0.0017896266654133797	0.0010261030402034521
0.32	0.384	0.0002589072973933071	0.00028005740023218095	0.0008943991269916296	0.00047082954552024603	0.0006011376972310245	9.296491043642163e-05	0.00039313160232268274	0.003077227156609297	0.0017896266654133797	0.0009124767384491861
0.384	0.448	0.00025410696980543435	0.0002617464924696833	0.0008967577014118433	0.00045976959518156946	0.0006097275763750076	9.112324914894998e-05	0.0003883694007527083	0.003077227156609297	0.0017896266654133797	0.0008409112924709916
0.448	0.512	0.0002496675297152251	0.00025232284679077566	0.0009188446565531194	0.00045976959518156946	0.0006213427986949682	9.112324914894998e-05	0.0003883694007527083	0.003077227156609297	0.0017896266654133797	0.0007865956285968423
0.512	0.576	0.0002440093521727249	0.0002503418654669076	0.0010062332730740309	0.00045976959518156946	0.0006640611100010574	9.112324914894998e-05	0.0003883694007527083	0.003131694858893752	0.0018349121091887355	0.0007482225773856044
