onset	offset	Alarm_bell_ringing	Blender	Cat	Dishes	Dog	Electric_shaver_toothbrush	Frying	Running_water	Speech	Vacuum_cleaner
0.0	0.064	0.00024798716185614467	0.00030154752312228084	0.000851023243740201	0.0006429155473597348	0.00023222959134727716	0.00013354182010516524	0.0004155506321694702	0.00452470825985074	0.002327863359823823	0.0014359921915456653
0.064	0.128	0.00024798716185614467	0.00030154752312228084	0.000851023243740201	0.0006429155473597348	0.00023222959134727716	0.00013354182010516524	0.0004155506321694702	0.00452470825985074	0.002327863359823823	0.0014359921915456653
0.128	0.192	0.00020282117475289851	0.00029033853206783533	0.000819304957985878	0.0005262586055323482	0.00022929237456992269	0.00012620340567082167	0.0003706736024469137	0.004238226916640997	0.002327863359823823	0.0012122737243771553
0.192	0.256	0.00019106167019344866	0.00027143809711560607	0.000819304957985878	0.00045485951704904437	0.00022558124328497797	0.00012452756345737725	0.0003264093247707933	0.004070866387337446	0.002327863359823823	0.0010597272776067257
0.256	0.32	0.00018313279724679887	0.0002689491375349462	0.000819304957985878	0.00042746044346131384	0.00022558124328497797	0.00012452756345737725	0.00031170068541541696	0.0039686416275799274	0.002327863359823823	0.0009594004368409514
0.32	0.384	0.0001777385186869651	0.00026771804550662637	0.0008188171777874231	0.00042641087202355266	0.00022558124328497797	0.00012452756345737725	0.000304180895909667	0.00396644277498126	0.0025970281567424536	0.0008742294157855213
0.384	0.448	0.00017019941878970712	0.0002645171189215034	0.0008188171777874231	0.00042641087202355266	0.00022929237456992269	0.00012452756345737725	0.00030335551127791405	0.003879293566569686	0.002723429352045059	0.0007540772203356028
0.448	0.512	0.00016583276737947017	0.0002645171189215034	0.000825303141027689	0.00042641087202355266	0.00022929237456992269	0.00013067158579360694	0.0003020525036845356	0.003748355433344841	0.002785251010209322	0.0006741918041370809
0.512	0.576	0.00016583276737947017	0.00026771804550662637	0.0008764329249970615	0.00042746044346131384	0.00022929237456992269	0.0001344173215329647	0.000289690651698038	0.003721770364791155	0.0027997498400509357	0.0006320604006759822
