onset	offset	Alarm_bell_ringing	Blender	Cat	Dishes	Dog	Electric_shaver_toothbrush	Frying	Running_water	Speech	Vacuum_cleaner
0.0	0.064	0.011174737475812435	0.0009485900518484414	0.0012752126203849912	0.00440868828445673	0.002785999560728669	0.002143373480066657	0.0018928456120193005	0.0009671269217506051	0.9629946351051331	0.00024011917412281036
0.064	0.128	0.011174737475812435	0.0009485900518484414	0.0012752126203849912	0.00440868828445673	0.002785999560728669	0.002143373480066657	0.0019382096361368895	0.0009671269217506051	0.9629946351051331	0.00024011917412281036
0.128	0.192	0.010597867891192436	0.0007757176645100117	0.001191584742628038	0.003784205997362733	0.002785999560728669	0.002223171992227435	0.0019382096361368895	0.0009290711022913456	0.9752809405326843	0.0001979109802050516
0.192	0.256	0.010597867891192436	0.0007757176645100117	0.001191584742628038	0.003784205997362733	0.002785999560728669	0.0024298259522765875	0.0020766695961356163	0.0008845831616781652	0.9765175580978394	0.0001848814863478765
0.256	0.32	0.010597867891192436	0.0007757176645100117	0.001260099234059453	0.003784205997362733	0.0026012917514890432	0.0026476269122213125	0.0021776719950139523	0.000848444877192378	0.9765175580978394	0.00017067429143935442
0.32	0.384	0.010255012661218643	0.0007096142508089542	0.001260099234059453	0.003784205997362733	0.0026012917514890432	0.002935532247647643	0.0021776719950139523	0.0008146445034071803	0.9765175580978394	0.00014523360005114228
0.384	0.448	0.010210109874606133	0.0006708819419145584	0.001260099234059453	0.003784205997362733	0.0020972536876797676	0.0031314133666455746	0.0021776719950139523	0.0007261960417963564	0.9765175580978394	0.00011223516776226461
0.448	0.512	0.010047719813883305	0.0006502092583104968	0.0011985644232481718	0.003895758418366313	0.001650848425924778	0.0031314133666455746	0.0021776719950139523	0.000642461352981627	0.9625164270401001	9.085790952667594e-05
0.512	0.576	0.010047719813883305	0.0005877275834791362	0.0011985644232481718	0.004056787583976984	0.0014089342439547181	0.0031314133666455746	0.0021523989271372557	0.0005687807570211589	0.9460455775260925	7.97437023720704e-05
