onset	offset	Alarm_bell_ringing	Blender	Cat	Dishes	Dog	Electric_shaver_toothbrush	Frying	Running_water	Speech	Vacuum_cleaner
0.0	0.064	0.025088272988796234	0.0004989166627638042	0.001177207799628377	0.001044188509695232	0.0017384098609909415	0.0005423881229944527	0.0008365273824892938	0.0022465342190116644	0.0040373047813773155	0.0033732347656041384
0.064	0.128	0.025431420654058456	0.0004989166627638042	0.0012311477912589908	0.001044188509695232	0.0017384098609909415	0.0005423881229944527	0.0008365273824892938	0.0022465342190116644	0.0040373047813773155	0.0033732347656041384
0.128	0.192	0.025431420654058456	0.00044863944640383124	0.0012311477912589908	0.0008949631010182202	0.0016668036114424467	0.0005731105920858681	0.0007383975316770375	0.0022465342190116644	0.00329322530888021	0.003014432033523917
0.192	0.256	0.025431420654058456	0.0004243450239300728	0.0012311477912589908	0.0008949631010182202	0.0016474113799631596	0.0005731105920858681	0.0007267243345268071	0.002243396360427141	0.002934858202934265	0.003008339088410139
0.256	0.32	0.025088272988796234	0.0004108295252081007	0.001177207799628377	0.0008798124035820365	0.0016282883007079363	0.0005757725448347628	0.0007243315922096372	0.0021244504023343325	0.002701772144064307	0.0028312208596616983
0.32	0.384	0.027282055467367172	0.0003978638269472867	0.001612709485925734	0.0008404924301430583	0.0016198523808270693	0.0006605006637983024	0.0007014086004346609	0.0020926878787577152	0.002507762983441353	0.002600852632895112
0.384	0.448	0.029335156083106995	0.00037096577580086887	0.0020228703506290913	0.0008284930954687297	0.0012400156119838357	0.0007121514063328505	0.0006156763411127031	0.0019156556809321046	0.0022959797643125057	0.0021670577116310596
0.448	0.512	0.03128751367330551	0.00035091786412522197	0.002268532756716013	0.0008106175228022039	0.0012217130279168487	0.0007121514063328505	0.0005622606258839369	0.001895695342682302	0.002259970875456929	0.0020597116090357304
0.512	0.576	0.027282055467367172	0.00032768267556093633	0.001612709485925734	0.0007497378974221647	0.0011948351748287678	0.0006605006637983024	0.0005453504854813218	0.0018874021479859948	0.002252747304737568	0.0020115296356379986
