onset	offset	Alarm_bell_ringing	Blender	Cat	Dishes	Dog	Electric_shaver_toothbrush	Frying	Running_water	Speech	Vacuum_cleaner
0.0	0.064	0.0027796318754553795	0.020228667184710503	0.002452290616929531	0.009898769669234753	0.0029693692922592163	0.00466547254472971	0.004701115656644106	0.002535942243412137	0.9596179723739624	0.008768998086452484
0.064	0.128	0.0027796318754553795	0.020228667184710503	0.002452290616929531	0.009898769669234753	0.0029693692922592163	0.00466547254472971	0.004701115656644106	0.002732024062424898	0.9596179723739624	0.008768998086452484
0.128	0.192	0.0024173487909138203	0.019054437056183815	0.002088645938783884	0.009898769669234753	0.0029693692922592163	0.004303883295506239	0.004195086192339659	0.0028582920785993338	0.969613254070282	0.008174452930688858
0.192	0.256	0.002269455697387457	0.018894298002123833	0.0019580379594117403	0.009473341517150402	0.0029693692922592163	0.004031780641525984	0.003937802277505398	0.002732024062424898	0.9754058122634888	0.007510463707149029
0.256	0.32	0.002254119608551264	0.01815713942050934	0.0019489486003294587	0.009451544843614101	0.0029693692922592163	0.0038054054602980614	0.003803498577326536	0.0025470182299613953	0.9764309525489807	0.007265566848218441
0.32	0.384	0.002254119608551264	0.018117237836122513	0.0019431202672421932	0.009451544843614101	0.0028346905019134283	0.0037865692283958197	0.003742578439414501	0.0025740161072462797	0.9771488904953003	0.0067081572487950325
0.384	0.448	0.002254119608551264	0.016856946051120758	0.0018308006692677736	0.009473341517150402	0.0028259996324777603	0.003754350822418928	0.0035829043481498957	0.0027303562965244055	0.9782469868659973	0.0063630519434809685
0.448	0.512	0.002254119608551264	0.015223066322505474	0.0017549301264807582	0.00988774187862873	0.0028163495007902384	0.003751651383936405	0.0033851228654384613	0.00261312467046082	0.9796800017356873	0.005792461801320314
0.512	0.576	0.0024501511361449957	0.014902575872838497	0.0017432939494028687	0.00988774187862873	0.0028163495007902384	0.0037343092262744904	0.0033044316805899143	0.0025740161072462797	0.9813247323036194	0.005227692890912294
