onset	offset	Alarm_bell_ringing	Blender	Cat	Dishes	Dog	Electric_shaver_toothbrush	Frying	Running_water	Speech	Vacuum_cleaner
0.0	0.064	0.000743417302146554	0.0001021067873807624	0.0017943494021892548	0.0028018488083034754	0.02404542826116085	0.0003696641360875219	0.00047728774370625615	0.0009761197143234313	0.0018562963232398033	0.0004262878792360425
0.064	0.128	0.000743417302146554	0.00011858686048071831	0.0017943494021892548	0.003727027215063572	0.031137041747570038	0.00036964862374588847	0.00047728774370625615	0.0010051712160930037	0.002368269255384803	0.0004262878792360425
0.128	0.192	0.000743417302146554	0.00014201457088347524	0.0017943494021892548	0.003727027215063572	0.031137041747570038	0.0003696641360875219	0.00047728774370625615	0.0010909504489973187	0.002368269255384803	0.0004300523432902992
0.192	0.256	0.000743417302146554	0.00014201457088347524	0.0017943494021892548	0.003727027215063572	0.05090811848640442	0.0003696641360875219	0.00047728774370625615	0.0010909504489973187	0.0024205544032156467	0.0004300523432902992
0.256	0.32	0.0007190150790847838	0.0001762690080795437	0.0016432568663731217	0.0032980088144540787	0.15606476366519928	0.0003696641360875219	0.00047728774370625615	0.0010909504489973187	0.0032472889870405197	0.0004300523432902992
0.32	0.384	0.0007097194320522249	0.0004358602745924145	0.0013561260420829058	0.0032980088144540787	0.8150860667228699	0.0003696641360875219	0.0005294361035339534	0.0010909504489973187	0.005082276184111834	0.0007216212106868625
0.384	0.448	0.0007082687807269394	0.0004358602745924145	0.0013561260420829058	0.0032980088144540787	0.9340605139732361	0.00036271227872930467	0.0005294361035339534	0.0010909504489973187	0.005181457381695509	0.0007216212106868625
0.448	0.512	0.0006878253188915551	0.0004358602745924145	0.0013561260420829058	0.0019524362869560719	0.9340605139732361	0.00036271227872930467	0.0005294361035339534	0.0010909504489973187	0.005181457381695509	0.0007216212106868625
0.512	0.576	0.0006342164124362171	0.0004358602745924145	0.0013561260420829058	0.001856406801380217	0.9340605139732361	0.00036271227872930467	0.0005294361035339534	0.0010814055567607284	0.005181457381695509	0.0007216212106868625
