onset	offset	Alarm_bell_ringing	Blender	Cat	Dishes	Dog	Electric_shaver_toothbrush	Frying	Running_water	Speech	Vacuum_cleaner
0.0	0.064	0.003990962170064449	0.004899729508906603	0.040170442312955856	0.006907942239195108	0.019466301426291466	0.4520874321460724	0.003284804057329893	0.0032943536061793566	0.009618573822081089	0.04813055321574211
0.064	0.128	0.003990962170064449	0.004899729508906603	0.04228091239929199	0.006907942239195108	0.019466301426291466	0.4520874321460724	0.003284804057329893	0.003503381973132491	0.010016137734055519	0.04813055321574211
0.128	0.192	0.0035140688996762037	0.004672250710427761	0.04330024495720863	0.006815322209149599	0.018180131912231445	0.5135312080383301	0.003177883569151163	0.0036721231881529093	0.01190862338989973	0.048545245081186295
0.192	0.256	0.003349649952724576	0.004672250710427761	0.04330024495720863	0.006419261451810598	0.018180131912231445	0.5435640811920166	0.003177883569151163	0.0036721231881529093	0.01190862338989973	0.048545245081186295
0.256	0.32	0.003349649952724576	0.004672250710427761	0.04330024495720863	0.006419261451810598	0.018180131912231445	0.5513917803764343	0.003177883569151163	0.0036721231881529093	0.01190862338989973	0.048477653414011
0.32	0.384	0.003349649952724576	0.004672250710427761	0.0436151959002018	0.006419261451810598	0.018180131912231445	0.5513917803764343	0.003177883569151163	0.003811764298006892	0.014703930355608463	0.048477653414011
0.384	0.448	0.003349649952724576	0.005037195980548859	0.043915536254644394	0.006419261451810598	0.020249156281352043	0.5513917803764343	0.0032510494347661734	0.003811764298006892	0.018499335274100304	0.048545245081186295
0.448	0.512	0.0035599321126937866	0.0057894582860171795	0.0454099178314209	0.006072711199522018	0.02516292966902256	0.5513917803764343	0.0034008612856268883	0.003811764298006892	0.02410387434065342	0.04898092895746231
0.512	0.576	0.0035599321126937866	0.007007964886724949	0.04970230162143707	0.005960955750197172	0.033420272171497345	0.5344140529632568	0.0034865178167819977	0.003811764298006892	0.03391612693667412	0.04898092895746231
