onset	offset	Alarm_bell_ringing	Blender	Cat	Dishes	Dog	Electric_shaver_toothbrush	Frying	Running_water	Speech	Vacuum_cleaner
0.0	0.064	0.007737467531114817	0.005232307594269514	0.025207586586475372	0.01265711709856987	0.010296184569597244	0.004463961347937584	0.00658537819981575	0.0049080923199653625	0.9672844409942627	0.0015005534514784813
0.064	0.128	0.007737467531114817	0.005232307594269514	0.025207586586475372	0.01265711709856987	0.010296184569597244	0.004463961347937584	0.00658537819981575	0.0049080923199653625	0.9598798751831055	0.0015005534514784813
0.128	0.192	0.006364279426634312	0.004098844714462757	0.019983917474746704	0.010558202862739563	0.008838159963488579	0.004146909341216087	0.00632433220744133	0.004265466704964638	0.950019896030426	0.0013409422244876623
0.192	0.256	0.005296133924275637	0.0033242979552596807	0.01745757833123207	0.008893897756934166	0.007997764274477959	0.0037350316997617483	0.006040807347744703	0.0038423852529376745	0.950019896030426	0.0012405997840687633
0.256	0.32	0.004363460931926966	0.0028454752173274755	0.015430020168423653	0.008726991713047028	0.007106982171535492	0.003237874014303088	0.005742084700614214	0.003462661523371935	0.9366742372512817	0.0010142301907762885
0.32	0.384	0.003651088336482644	0.002812751801684499	0.01318336557596922	0.008359888568520546	0.005119608249515295	0.002615515608340502	0.005517459940165281	0.0033296579495072365	0.8549115657806396	0.0007392149418592453
0.384	0.448	0.003132597077637911	0.002812751801684499	0.012892178259789944	0.008305462077260017	0.003701245179399848	0.002533974591642618	0.005012571346014738	0.0030811310280114412	0.757644772529602	0.0007392149418592453
0.448	0.512	0.0026975497603416443	0.002762307645753026	0.012892178259789944	0.007916221395134926	0.003701245179399848	0.0025048423558473587	0.004636853933334351	0.0030811310280114412	0.757644772529602	0.0007392149418592453
0.512	0.576	0.0021933894604444504	0.002762307645753026	0.012892178259789944	0.006763909012079239	0.003701245179399848	0.002376813907176256	0.004511726088821888	0.0030811310280114412	0.757644772529602	0.0007392149418592453
