onset	offset	Alarm_bell_ringing	Blender	Cat	Dishes	Dog	Electric_shaver_toothbrush	Frying	Running_water	Speech	Vacuum_cleaner
0.0	0.064	0.009456251747906208	0.0219594556838274	0.0068831415846943855	0.0020520868711173534	0.0022632151376456022	0.19305601716041565	0.0026028917636722326	0.029148178175091743	0.010499970056116581	0.737354040145874
0.064	0.128	0.009456251747906208	0.021291762590408325	0.0068831415846943855	0.0020520868711173534	0.0022632151376456022	0.20058685541152954	0.0026028917636722326	0.029148178175091743	0.010499970056116581	0.737354040145874
0.128	0.192	0.007254644762724638	0.021291762590408325	0.0054134889505803585	0.0017185057513415813	0.0019158846698701382	0.20058685541152954	0.0020095882937312126	0.02667510323226452	0.009036127477884293	0.7267842888832092
0.192	0.256	0.005947741214185953	0.0210199523717165	0.004786743316799402	0.0013446625089272857	0.0019158846698701382	0.20336145162582397	0.0017387046245858073	0.022084297612309456	0.0072137750685215	0.7078253626823425
0.256	0.32	0.004859764128923416	0.021008994430303574	0.004387172404676676	0.0011528877075761557	0.0019158846698701382	0.20408257842063904	0.0016833615954965353	0.017610978335142136	0.005815235432237387	0.6982715129852295
0.32	0.384	0.004726145416498184	0.019409989938139915	0.004387172404676676	0.0011148029007017612	0.0019158846698701382	0.20912423729896545	0.0016760326689109206	0.016316484659910202	0.005615236237645149	0.6982715129852295
0.384	0.448	0.004707840271294117	0.018122538924217224	0.004387172404676676	0.00111186143476516	0.001953285885974765	0.21085673570632935	0.0016420314786955714	0.016135763376951218	0.005615236237645149	0.6982715129852295
0.448	0.512	0.004633442033082247	0.016964320093393326	0.004287198185920715	0.001111071091145277	0.0020116674713790417	0.22089965641498566	0.0015879635466262698	0.016071198508143425	0.005615236237645149	0.6982715129852295
0.512	0.576	0.0046075861901044846	0.01575605943799019	0.00423602806404233	0.001106657786294818	0.002117131371051073	0.22858329117298126	0.0015367380110546947	0.01592840440571308	0.005615236237645149	0.7074927687644958
