onset	offset	Alarm_bell_ringing	Blender	Cat	Dishes	Dog	Electric_shaver_toothbrush	Frying	Running_water	Speech	Vacuum_cleaner
0.0	0.064	0.0003008052590303123	0.00020061070972587913	0.005050709005445242	0.0007145749405026436	0.0003410901117604226	0.00017573787772562355	0.0007530972361564636	0.0012702515814453363	0.0015833864454180002	0.0023891611490398645
0.064	0.128	0.0003008052590303123	0.00020061070972587913	0.005517739802598953	0.0007145749405026436	0.00034724498982541263	0.00017573787772562355	0.0007530972361564636	0.0012702515814453363	0.0015833864454180002	0.0023891611490398645
0.128	0.192	0.00025831974926404655	0.00018734725017566234	0.005683691240847111	0.0006654755561612546	0.0003732453042175621	0.000160786192282103	0.0006141862249933183	0.0011263254564255476	0.0015716486377641559	0.0018445915775373578
0.192	0.256	0.00023398005578201264	0.00017121396376751363	0.005683691240847111	0.0006601828499697149	0.0003732453042175621	0.00015370904293376952	0.0005516630480997264	0.001032695290632546	0.0015640142373740673	0.0015203565126284957
0.256	0.32	0.00021918589482083917	0.0001503218081779778	0.005638378206640482	0.0006337710656225681	0.0003732453042175621	0.000153353888890706	0.0005510172341018915	0.0009241619845852256	0.0015578846214339137	0.0013454720610752702
0.32	0.384	0.00021851566270925105	0.00013738319103140384	0.005638378206640482	0.0006200114730745554	0.00040121839265339077	0.00015074093244038522	0.00055024673929438	0.0008700879407115281	0.0015571046387776732	0.001265623257495463
0.384	0.448	0.00021851566270925105	0.00012978010636288673	0.005683691240847111	0.0006063244654797018	0.0004016580933239311	0.000146489663165994	0.000544403912499547	0.0008435127092525363	0.0015571046387776732	0.0012022427981719375
0.448	0.512	0.00021851566270925105	0.00012423578300513327	0.005712942685931921	0.0006063244654797018	0.000401888886699453	0.00014403402747120708	0.0005346187390387058	0.0008269023383036256	0.0015571046387776732	0.0011435971828177571
0.512	0.576	0.00021851566270925105	0.00012058948777848855	0.005788673646748066	0.0006063244654797018	0.0004078070633113384	0.0001438218605471775	0.0005218141013756394	0.0008223271579481661	0.0015565212815999985	0.0011074930662289262
