onset	offset	Alarm_bell_ringing	Blender	Cat	Dishes	Dog	Electric_shaver_toothbrush	Frying	Running_water	Speech	Vacuum_cleaner
0.0	0.064	0.00019941515347454697	0.000559934473130852	0.023675039410591125	0.0010284763993695378	0.0026711774989962578	0.0002861021785065532	0.0005161461303941905	0.001947143580764532	0.00234396755695343	0.0013215742073953152
0.064	0.128	0.00019941515347454697	0.000559934473130852	0.023675039410591125	0.0010284763993695378	0.0026711774989962578	0.0002861021785065532	0.0005161461303941905	0.001947143580764532	0.00234396755695343	0.0013215742073953152
0.128	0.192	0.0001648246543481946	0.00044769508531317115	0.021731149405241013	0.0007910286076366901	0.002496932167559862	0.00026813597651198506	0.00044218936818651855	0.0017303250497207046	0.0020217637065798044	0.001188120455481112
0.192	0.256	0.00015384085418190807	0.00033866302692331374	0.0199587345123291	0.0006807949976064265	0.0020842617377638817	0.00025171326706185937	0.00037129074917174876	0.0014240971067920327	0.0018315180204808712	0.0010229747276753187
0.256	0.32	0.0001471642026444897	0.00022723003348801285	0.015453764237463474	0.0005916593363508582	0.0014269297244027257	0.00020821575890295208	0.00030105229234322906	0.0011988728074356914	0.001633504987694323	0.000810460711363703
0.32	0.384	0.00013371740351431072	0.0001652922510402277	0.010024904273450375	0.0005105685559101403	0.0009507698123343289	0.000161645351909101	0.0002828359720297158	0.0009818909456953406	0.0013870502589270473	0.0006845056195743382
0.384	0.448	0.00011908115266123787	0.00013518458581529558	0.008021659217774868	0.00046306769945658743	0.0007969049620442092	0.00013981939991936088	0.00027969718212261796	0.0008408636786043644	0.0012807967141270638	0.0006567012751474977
0.448	0.512	0.00010944365203613415	0.00011852694296976551	0.007094497326761484	0.00043635329348035157	0.0007305914186872542	0.0001281939767068252	0.00027969718212261796	0.0007513646851293743	0.0012198438635095954	0.0006421421421691775
0.512	0.576	0.00010382202890468761	0.00010861948976526037	0.006623470224440098	0.00041937496280297637	0.0007057444308884442	0.00012086208153050393	0.00027969718212261796	0.0006931626703590155	0.0011844491818919778	0.0006306709838099778
