onset	offset	Alarm_bell_ringing	Blender	Cat	Dishes	Dog	Electric_shaver_toothbrush	Frying	Running_water	Speech	Vacuum_cleaner
0.0	0.064	0.0018874021479859948	0.926633358001709	0.001084711984731257	0.002588678617030382	0.001531907357275486	0.010601773858070374	0.0036232569254934788	0.0017029931768774986	0.015261995606124401	0.04867416247725487
0.064	0.128	0.0018874021479859948	0.926633358001709	0.001084711984731257	0.002588678617030382	0.001531907357275486	0.010601773858070374	0.0036232569254934788	0.0017029931768774986	0.015261995606124401	0.04867416247725487
0.128	0.192	0.0012746661668643355	0.9217259883880615	0.000991853536106646	0.002098430646583438	0.0011646641651168466	0.01010096538811922	0.0029251654632389545	0.0013884353684261441	0.014363664202392101	0.04330212622880936
0.192	0.256	0.0008755364688113332	0.9228696227073669	0.0008375335019081831	0.001666040625423193	0.0008786859689280391	0.0092091653496027	0.002619536593556404	0.0009347100858576596	0.014177876524627209	0.03197139501571655
0.256	0.32	0.000659781857393682	0.926633358001709	0.0007106876000761986	0.0014177948469296098	0.000725472520571202	0.008062528446316719	0.0024880298878997564	0.0006978940800763667	0.01357211172580719	0.02612312324345112
0.32	0.384	0.0005835640477016568	0.9292955994606018	0.0006516025750897825	0.001293259090743959	0.0006594709702767432	0.007318921387195587	0.0024159234017133713	0.0006083425832912326	0.012966260313987732	0.023426292464137077
0.384	0.448	0.0005835640477016568	0.9292955994606018	0.0006046589696779847	0.0012245511170476675	0.0006257130298763514	0.006613869685679674	0.0023637355770915747	0.000582570384722203	0.012662654742598534	0.02178453840315342
0.448	0.512	0.0005835640477016568	0.9292955994606018	0.0005593146779574454	0.0011653867550194263	0.0006075577111914754	0.005828952882438898	0.0023374108131974936	0.000582570384722203	0.012565504759550095	0.02016964554786682
0.512	0.576	0.0005835640477016568	0.9350388050079346	0.000527035677805543	0.0011198053834959865	0.0006075577111914754	0.005209187511354685	0.002299737185239792	0.000582570384722203	0.012509823776781559	0.018952015787363052
