onset	offset	Alarm_bell_ringing	Blender	Cat	Dishes	Dog	Electric_shaver_toothbrush	Frying	Running_water	Speech	Vacuum_cleaner
0.0	0.064	0.0015636419411748648	0.0011986911995336413	0.0009060243028216064	0.0025631042663007975	0.0008346177055500448	0.9655393958091736	0.004326801747083664	0.0025915708392858505	0.004130343906581402	0.003971068188548088
0.064	0.128	0.0015636419411748648	0.0011986911995336413	0.0009060243028216064	0.0025631042663007975	0.0008346177055500448	0.9655393958091736	0.004326801747083664	0.0025915708392858505	0.004130343906581402	0.003971068188548088
0.128	0.192	0.00132080412004143	0.0009108880767598748	0.0007839888567104936	0.0019383304752409458	0.0006432894733734429	0.9682287573814392	0.0033890921622514725	0.0021935896947979927	0.004016341175884008	0.003059173235669732
0.192	0.256	0.0012075623963028193	0.0007451518904417753	0.0007154771592468023	0.0015693705063313246	0.0005847803549841046	0.9694300293922424	0.002853963989764452	0.0020233700051903725	0.003948008641600609	0.0026696305721998215
0.256	0.32	0.0011324584484100342	0.0006816636305302382	0.0007058413466438651	0.0014174525858834386	0.0005807998823001981	0.970592200756073	0.002593118231743574	0.0018883941229432821	0.003946739248931408	0.0024669652339071035
0.32	0.384	0.001062801806256175	0.00062903220532462	0.0007057579350657761	0.001303898636251688	0.00057392125017941	0.9712652564048767	0.002419937402009964	0.0017856047488749027	0.003946739248931408	0.002311720047146082
0.384	0.448	0.0009841247228905559	0.0005728112882934511	0.0006919040461070836	0.001189146307297051	0.0005400437512435019	0.9712689518928528	0.0022734280209988356	0.0016862753545865417	0.0039108446799218655	0.0021453590597957373
0.448	0.512	0.000914469943381846	0.000523880822584033	0.000681314617395401	0.001096072024665773	0.0005121292197145522	0.9713153839111328	0.0021321552339941263	0.0015963901532813907	0.0038900042418390512	0.0019929707050323486
0.512	0.576	0.0008846746059134603	0.0004835035069845617	0.0006635812460444868	0.0010262023424729705	0.0005119528505019844	0.9713500142097473	0.0020004066172987223	0.001527613727375865	0.0039053650107234716	0.0018666009418666363
