onset	offset	Alarm_bell_ringing	Blender	Cat	Dishes	Dog	Electric_shaver_toothbrush	Frying	Running_water	Speech	Vacuum_cleaner
0.0	0.064	0.005401192232966423	0.004007894080132246	0.0027536675333976746	0.009290825575590134	0.006302175112068653	0.12844109535217285	0.0018350448226556182	0.003576604649424553	0.9810971021652222	0.00407631229609251
0.064	0.128	0.00523501867428422	0.0037913783453404903	0.0027536675333976746	0.008920315653085709	0.005992792081087828	0.12844109535217285	0.0018350448226556182	0.003576604649424553	0.9810971021652222	0.00407631229609251
0.128	0.192	0.00523501867428422	0.0037913783453404903	0.0025824832264333963	0.008920315653085709	0.005434262566268444	0.12325543165206909	0.001876083668321371	0.0034469475504010916	0.9853264093399048	0.0036108065396547318
0.192	0.256	0.005167963448911905	0.0033810569439083338	0.002449100138619542	0.00835563987493515	0.005434262566268444	0.11704497784376144	0.001847483217716217	0.003430347191169858	0.9853264093399048	0.0031301588751375675
0.256	0.32	0.004983797203749418	0.003053276101127267	0.0024487075861543417	0.007501650135964155	0.005434262566268444	0.11348460614681244	0.0018350448226556182	0.003429882926866412	0.9853264093399048	0.002786519005894661
0.32	0.384	0.004630544688552618	0.0026953902561217546	0.002407963154837489	0.006748006213456392	0.0051119267009198666	0.11348460614681244	0.0018213731236755848	0.003402276197448373	0.9853264093399048	0.002503775293007493
0.384	0.448	0.00418225210160017	0.002225776668637991	0.0022900986950844526	0.006065079476684332	0.004699032288044691	0.11348460614681244	0.001847483217716217	0.003232389222830534	0.9827172160148621	0.0022552264854311943
0.448	0.512	0.0030984049662947655	0.0013284917222335935	0.0018613046268001199	0.004922681022435427	0.003481660271063447	0.11348460614681244	0.001847483217716217	0.0027339498046785593	0.969416618347168	0.0019898165483027697
0.512	0.576	0.0015919943107292056	0.0013284917222335935	0.0018613046268001199	0.003193290438503027	0.0018522075843065977	0.12794923782348633	0.001773494528606534	0.002729719039052725	0.919344425201416	0.0019898165483027697
