onset	offset	Alarm_bell_ringing	Blender	Cat	Dishes	Dog	Electric_shaver_toothbrush	Frying	Running_water	Speech	Vacuum_cleaner
0.0	0.064	0.004234636668115854	0.004750038962811232	0.0029116813093423843	0.0035736814606934786	0.00431074621155858	0.7258123159408569	0.010147841647267342	0.08643734455108643	0.004817235749214888	0.05438125506043434
0.064	0.128	0.004234636668115854	0.004750038962811232	0.0030241897329688072	0.0035736814606934786	0.00431074621155858	0.73133784532547	0.010147841647267342	0.08643734455108643	0.004817235749214888	0.05438125506043434
0.128	0.192	0.0037381877191364765	0.003660943591967225	0.0030241897329688072	0.0034054836723953485	0.003785529872402549	0.73133784532547	0.009741244837641716	0.06299928575754166	0.004095819313079119	0.04577059671282768
0.192	0.256	0.00366862746886909	0.0032309747766703367	0.002938587684184313	0.003365497337654233	0.0036129241343587637	0.7498670220375061	0.008555433712899685	0.056043509393930435	0.004077940247952938	0.04145088046789169
0.256	0.32	0.003624939126893878	0.003173993667587638	0.0029116813093423843	0.003312087384983897	0.0035697438288480043	0.7584166526794434	0.007828885689377785	0.055958833545446396	0.0039971936494112015	0.040352288633584976
0.32	0.384	0.003603039775043726	0.003136974759399891	0.002849787473678589	0.003260584780946374	0.003565706079825759	0.7639777064323425	0.007396363187581301	0.055687930434942245	0.0039971936494112015	0.0392332449555397
0.384	0.448	0.0035106989089399576	0.0029092414770275354	0.0028249139431864023	0.0031401137821376324	0.003480337094515562	0.7670504450798035	0.007031647022813559	0.052817706018686295	0.004024228546768427	0.03735232353210449
0.448	0.512	0.0032930122688412666	0.0027856577653437853	0.00274377828463912	0.0029813670553267	0.0032187034375965595	0.7708006501197815	0.006588001735508442	0.04764433950185776	0.004077940247952938	0.03487035632133484
0.512	0.576	0.003075799671933055	0.0027856577653437853	0.002595955040305853	0.0027910503558814526	0.0032178927212953568	0.7708006501197815	0.006230928935110569	0.044266872107982635	0.004095819313079119	0.032749809324741364
