onset	offset	Alarm_bell_ringing	Blender	Cat	Dishes	Dog	Electric_shaver_toothbrush	Frying	Running_water	Speech	Vacuum_cleaner
0.0	0.064	0.00031679036328569055	0.0006067106151022017	0.00018301635282114148	0.000392429152270779	0.00023309049720410258	0.0001060243885149248	0.00038141245022416115	0.000331113493302837	0.0022113295271992683	0.002393449656665325
0.064	0.128	0.00031679036328569055	0.0006067106151022017	0.00018301635282114148	0.000392429152270779	0.00023309049720410258	0.0001060243885149248	0.00038141245022416115	0.000331113493302837	0.0022113295271992683	0.002393449656665325
0.128	0.192	0.00028485964867286384	0.000516487576533109	0.00017756894521880895	0.00034809712087735534	0.0002191900712205097	0.00010036369349109009	0.0003388776385691017	0.000288794981315732	0.0019175639608874917	0.0019774192478507757
0.192	0.256	0.00027281109942123294	0.0004733326786663383	0.00017739161557983607	0.0003348322934471071	0.0002097058604704216	9.789858449948952e-05	0.0003056873974855989	0.00024912465596571565	0.0017223851755261421	0.0017440750962123275
0.256	0.32	0.00027094141114503145	0.0004586951108649373	0.00017739161557983607	0.0003308190789539367	0.0002097058604704216	9.645744285080582e-05	0.00028438097797334194	0.00022537591576110572	0.0016074259765446186	0.001634569838643074
0.32	0.384	0.0002697423624340445	0.0004543622781056911	0.00017739161557983607	0.0003302288823761046	0.0002097058604704216	9.645744285080582e-05	0.00026948380400426686	0.0002134536043740809	0.0015406521270051599	0.0015718350186944008
0.384	0.448	0.00026788757531903684	0.00044712721137329936	0.00017756894521880895	0.00032960111275315285	0.0002097058604704216	9.645744285080582e-05	0.0002577354898676276	0.00020665839838329703	0.001500095590017736	0.0014919895911589265
0.448	0.512	0.00026039936346933246	0.00043572753202170134	0.00017779157496988773	0.0003239524376112968	0.0002101486170431599	9.645744285080582e-05	0.00024775200290605426	0.00020101394329685718	0.0014771093847230077	0.0013905188534408808
0.512	0.576	0.00026039936346933246	0.00043572753202170134	0.00017924385610967875	0.0003239524376112968	0.00021773097978439182	9.660657087806612e-05	0.00023972938652150333	0.00019606258138082922	0.0014709982788190246	0.0012889913050457835
