onset	offset	Alarm_bell_ringing	Blender	Cat	Dishes	Dog	Electric_shaver_toothbrush	Frying	Running_water	Speech	Vacuum_cleaner
0.0	0.064	0.005367171484977007	0.9291183352470398	0.003715269500389695	0.0126966442912817	0.0037503684870898724	0.004365243017673492	0.004990183282643557	0.004249476827681065	0.01601271517574787	0.044612713158130646
0.064	0.128	0.005367171484977007	0.9291183352470398	0.003715269500389695	0.0126966442912817	0.0037503684870898724	0.004365243017673492	0.004990183282643557	0.004249476827681065	0.01601271517574787	0.044612713158130646
0.128	0.192	0.003851695219054818	0.9353295564651489	0.0026510488241910934	0.008811299689114094	0.0028813958633691072	0.003314121626317501	0.004499678034335375	0.0030951853841543198	0.013884183950722218	0.03620588406920433
0.192	0.256	0.0028639293741434813	0.9354268908500671	0.0021075094118714333	0.006531397812068462	0.002409289823845029	0.002731283660978079	0.003932488616555929	0.002478325506672263	0.013852082192897797	0.03225954994559288
0.256	0.32	0.0023137915413826704	0.935564398765564	0.0017946374136954546	0.0054368507117033005	0.002116704359650612	0.0022784576285630465	0.003507749643176794	0.002154800808057189	0.013823444955050945	0.027714019641280174
0.32	0.384	0.0019931886345148087	0.9366293549537659	0.0015916835982352495	0.004768713843077421	0.0019378444412723184	0.001945891068316996	0.0031927197705954313	0.0019531920552253723	0.013760052621364594	0.023409903049468994
0.384	0.448	0.0018406922463327646	0.9403582811355591	0.0014981662388890982	0.004363175015896559	0.0018917775014415383	0.001740562729537487	0.0029712854884564877	0.0018550350796431303	0.013540808111429214	0.02016112022101879
0.448	0.512	0.0017599292332306504	0.9450938105583191	0.0014558217953890562	0.004064833279699087	0.0018766705179587007	0.0015878425911068916	0.002837291918694973	0.0017978297546505928	0.013353325426578522	0.017516514286398888
0.512	0.576	0.0017094655195251107	0.9495880007743835	0.0014422483509406447	0.003814517753198743	0.0018656488973647356	0.0014553670771420002	0.002735735848546028	0.0017590976785868406	0.012479400262236595	0.015233692713081837
