onset	offset	Alarm_bell_ringing	Blender	Cat	Dishes	Dog	Electric_shaver_toothbrush	Frying	Running_water	Speech	Vacuum_cleaner
0.0	0.064	0.00031184128602035344	0.00033470973721705377	0.0004186062724329531	0.007512845564633608	0.0003769857867155224	0.0007921846699900925	0.9770142436027527	0.004719338845461607	0.005597017239779234	0.0030969649087637663
0.064	0.128	0.00031184128602035344	0.00033470973721705377	0.0004186062724329531	0.007512845564633608	0.00037372083170339465	0.0007921846699900925	0.9770142436027527	0.004719338845461607	0.005597017239779234	0.0030969649087637663
0.128	0.192	0.00022704963339492679	0.0002697037998586893	0.0003827442415058613	0.006711866706609726	0.00037372083170339465	0.0006816191598773003	0.9801521897315979	0.0037976473104208708	0.005375968292355537	0.002489091595634818
0.192	0.256	0.00018811786139849573	0.0002422704710625112	0.00037319297553040087	0.006168322637677193	0.00036963348975405097	0.0006251396262086928	0.9814576506614685	0.0037976473104208708	0.005325471982359886	0.0021931554656475782
0.256	0.32	0.0001675731473369524	0.00021441678109113127	0.00036825158167630434	0.006168322637677193	0.0003584759251680225	0.0005897304508835077	0.9817867875099182	0.0037976473104208708	0.005224889609962702	0.0020733352284878492
0.32	0.384	0.00015696707123424858	0.00019132837769575417	0.00035885616671293974	0.006168322637677193	0.00033795172930695117	0.0005662919138558209	0.9817874431610107	0.0037976473104208708	0.005224889609962702	0.0020733352284878492
0.384	0.448	0.00015501872985623777	0.00017423871031496674	0.00035885616671293974	0.006168322637677193	0.00033784154220484197	0.0005534137017093599	0.9818702936172485	0.003884941805154085	0.005224889609962702	0.002046991838142276
0.448	0.512	0.00015501872985623777	0.00016097826301120222	0.00035885616671293974	0.006246478762477636	0.00033784154220484197	0.0005488034221343696	0.9818844199180603	0.004160325508564711	0.005224889609962702	0.002045135945081711
0.512	0.576	0.00015501872985623777	0.00015280972002074122	0.0003585239464882761	0.006594711448997259	0.00033784154220484197	0.0005462634726427495	0.9818702936172485	0.0045264349319040775	0.005476424936205149	0.002040462102741003
