onset	offset	Alarm_bell_ringing	Blender	Cat	Dishes	Dog	Electric_shaver_toothbrush	Frying	Running_water	Speech	Vacuum_cleaner
0.0	0.064	0.0032988078892230988	0.0006549025420099497	0.0013678896939381957	0.09174679219722748	0.0016865531215444207	0.0022612344473600388	0.9719803333282471	0.007858531549572945	0.6238439083099365	0.0030057444237172604
0.064	0.128	0.0032988078892230988	0.0006549025420099497	0.00144948810338974	0.09174679219722748	0.0016865531215444207	0.0022612344473600388	0.9719803333282471	0.007858531549572945	0.638254702091217	0.0030057444237172604
0.128	0.192	0.0024781853426247835	0.0004537602071650326	0.0018671127036213875	0.06963591277599335	0.0016007418744266033	0.0018142539774999022	0.9782276153564453	0.005645411089062691	0.638254702091217	0.0023207918275147676
0.192	0.256	0.002087133005261421	0.0004192700143903494	0.0018671127036213875	0.05283833295106888	0.0015891091898083687	0.0013675185618922114	0.9815282821655273	0.004900338593870401	0.6429800391197205	0.0017923658015206456
0.256	0.32	0.001642843708395958	0.0004093516035936773	0.0018671127036213875	0.041449081152677536	0.0015334527706727386	0.001230939058586955	0.9842543601989746	0.004554185084998608	0.6934682726860046	0.0014740959741175175
0.32	0.384	0.0014203678583726287	0.00039763914537616074	0.0021488266065716743	0.03750625252723694	0.0014571081846952438	0.0011835097102448344	0.9858481884002686	0.004554185084998608	0.6934682726860046	0.0012830524938181043
0.384	0.448	0.0013290084898471832	0.00039763914537616074	0.0021945417392998934	0.037023939192295074	0.0015334527706727386	0.0011431582970544696	0.9868729114532471	0.004554185084998608	0.6934682726860046	0.001185122993774712
0.448	0.512	0.0012423889711499214	0.00039763914537616074	0.0021945417392998934	0.03547294810414314	0.0015517495339736342	0.0010982308303937316	0.9877327680587769	0.004554185084998608	0.6934682726860046	0.0011724740033969283
0.512	0.576	0.001151090837083757	0.00039763914537616074	0.0021945417392998934	0.03541266545653343	0.0015334527706727386	0.0010709648486226797	0.9882169365882874	0.00457199290394783	0.6804645657539368	0.0011724740033969283
