onset	offset	Alarm_bell_ringing	Blender	Cat	Dishes	Dog	Electric_shaver_toothbrush	Frying	Running_water	Speech	Vacuum_cleaner
0.0	0.064	0.002309278817847371	0.011447494849562645	0.00423632375895977	0.0018120505847036839	0.0032043547835201025	0.0016880141338333488	0.001349495374597609	0.002828249940648675	0.029190219938755035	0.7485212087631226
0.064	0.128	0.003313300898298621	0.011447494849562645	0.004813547246158123	0.0025699830148369074	0.0032043547835201025	0.0016880141338333488	0.001591256121173501	0.0030412725172936916	0.029190219938755035	0.7485212087631226
0.128	0.192	0.003313300898298621	0.010890861973166466	0.004813547246158123	0.0026442017406225204	0.0024084155447781086	0.002402952406555414	0.0019377502612769604	0.0030412725172936916	0.06464369595050812	0.8152734041213989
0.192	0.256	0.002821973990648985	0.010890861973166466	0.004610832780599594	0.0026442017406225204	0.0018687181873247027	0.0024079345166683197	0.0019377502612769604	0.003151239827275276	0.36236193776130676	0.8990802764892578
0.256	0.32	0.0026931301690638065	0.010470913723111153	0.00423632375895977	0.0025699830148369074	0.0018634932348504663	0.002523349830880761	0.002033534226939082	0.0033842255361378193	0.38732925057411194	0.9191080331802368
0.32	0.384	0.0026931301690638065	0.008142889477312565	0.00423632375895977	0.0025699830148369074	0.0018047841731458902	0.002705597085878253	0.002033534226939082	0.003409462282434106	0.38732925057411194	0.9278199076652527
0.384	0.448	0.0026931301690638065	0.007180830463767052	0.0042020659893751144	0.0025699830148369074	0.0017471236642450094	0.002705597085878253	0.002033534226939082	0.003409462282434106	0.38732925057411194	0.9341229200363159
0.448	0.512	0.0025599196087569	0.006740426644682884	0.004183910321444273	0.002424240577965975	0.0017471236642450094	0.0026993155479431152	0.002033534226939082	0.0033842255361378193	0.38732925057411194	0.9517345428466797
0.512	0.576	0.00238909968174994	0.004690513946115971	0.003051946870982647	0.0014005344128236175	0.0015014088712632656	0.0026993155479431152	0.0015259162755683064	0.003280395409092307	0.15337207913398743	0.9689837694168091
