onset	offset	Alarm_bell_ringing	Blender	Cat	Dishes	Dog	Electric_shaver_toothbrush	Frying	Running_water	Speech	Vacuum_cleaner
0.0	0.064	0.00042973493691533804	0.00025933448341675103	0.0034009458031505346	0.0014571677893400192	0.0026676596608012915	0.0003884388133883476	0.0009195510647259653	0.0017051866743713617	0.002060620579868555	0.0009097422007471323
0.064	0.128	0.00042973493691533804	0.00025933448341675103	0.003604060271754861	0.0014571677893400192	0.0027421475388109684	0.0003884388133883476	0.0009195510647259653	0.0017051866743713617	0.002060620579868555	0.0009097422007471323
0.128	0.192	0.00033378912485204637	0.0001987593132071197	0.003989268559962511	0.0011415999615564942	0.0032442668452858925	0.0003324029385112226	0.000834863109048456	0.0014624428004026413	0.0018386818701401353	0.0007754782564006746
0.192	0.256	0.00030076567782089114	0.0001693222438916564	0.003989268559962511	0.0010740929283201694	0.0032442668452858925	0.0003244918189011514	0.0007526847766712308	0.0013310291105881333	0.001755078905262053	0.0006851524231024086
0.256	0.32	0.0002822726673912257	0.0001496574841439724	0.003989268559962511	0.0010269945487380028	0.0032442668452858925	0.0003221387742087245	0.0007017315947450697	0.0012436741963028908	0.001755078905262053	0.0006508698570542037
0.32	0.384	0.00027097834390588105	0.00013946800027042627	0.0042426204308867455	0.0009974645217880607	0.003562353318557143	0.0003198393387719989	0.0006366087472997606	0.001173458294942975	0.001755078905262053	0.0006059258594177663
0.384	0.448	0.00026256454293616116	0.0001383028575219214	0.004369509872049093	0.0009854246163740754	0.0036910639610141516	0.000318661768687889	0.0005682454211637378	0.001131778466515243	0.001755078905262053	0.0005603036843240261
0.448	0.512	0.0002547000185586512	0.00013817119179293513	0.004396143369376659	0.0009741588728502393	0.003821657970547676	0.00031460708123631775	0.0005212043761275709	0.0011129025369882584	0.0018081847811117768	0.0005253594717942178
0.512	0.576	0.0002498527755960822	0.00013757182750850916	0.004434059839695692	0.0009741588728502393	0.004069310612976551	0.00031460708123631775	0.0004929018905386329	0.0011129025369882584	0.0018434111261740327	0.0005029955063946545
