onset	offset	Alarm_bell_ringing	Blender	Cat	Dishes	Dog	Electric_shaver_toothbrush	Frying	Running_water	Speech	Vacuum_cleaner
0.0	0.064	0.002766458783298731	0.0005514375516213477	0.005128183867782354	0.010145710781216621	0.019714834168553352	0.0013751122169196606	0.01161142811179161	0.008602133952081203	0.02513951249420643	0.0007646044832654297
0.064	0.128	0.002766458783298731	0.0005514375516213477	0.005128183867782354	0.010145710781216621	0.019714834168553352	0.0013751122169196606	0.01161142811179161	0.008582819253206253	0.026682637631893158	0.0007646044832654297
0.128	0.192	0.002095558913424611	0.0005109507474116981	0.004389345645904541	0.007937888614833355	0.01736241579055786	0.001088912831619382	0.011442444287240505	0.008582819253206253	0.026682637631893158	0.0007470932905562222
0.192	0.256	0.0017936477670446038	0.000492437626235187	0.004170745145529509	0.006390715949237347	0.016028545796871185	0.0008981045102700591	0.011442444287240505	0.008327689953148365	0.026339028030633926	0.0007398721645586193
0.256	0.32	0.0017936477670446038	0.00045317274634726346	0.004170745145529509	0.00496269715949893	0.016028545796871185	0.0007587799336761236	0.011442444287240505	0.00806242972612381	0.026339028030633926	0.0007256873068399727
0.32	0.384	0.0017936477670446038	0.00045317274634726346	0.004170745145529509	0.00496269715949893	0.016028545796871185	0.0007052993169054389	0.011442444287240505	0.007976757362484932	0.026682637631893158	0.0006818449473939836
0.384	0.448	0.0017936477670446038	0.00045317274634726346	0.004170745145529509	0.00496269715949893	0.016028545796871185	0.0007052993169054389	0.011690337210893631	0.00793061126023531	0.02679072692990303	0.0006818449473939836
0.448	0.512	0.001885311328805983	0.00045317274634726346	0.004814207553863525	0.00496269715949893	0.021149007603526115	0.0007052993169054389	0.011690337210893631	0.007536016870290041	0.034828655421733856	0.0006818449473939836
0.512	0.576	0.0024587016087025404	0.00046942196786403656	0.007943929173052311	0.005035439506173134	0.05598606914281845	0.0007052993169054389	0.011690337210893631	0.007212068419903517	0.05743449926376343	0.0006818449473939836
