onset	offset	Alarm_bell_ringing	Blender	Cat	Dishes	Dog	Electric_shaver_toothbrush	Frying	Running_water	Speech	Vacuum_cleaner
0.0	0.064	0.06623556464910507	0.00033370862365700305	0.0007424363866448402	0.0021690826397389174	0.0012666325783357024	0.00040251092286780477	0.00013100205978844315	0.0024746961425989866	0.0034447498619556427	0.00031720922561362386
0.064	0.128	0.06623556464910507	0.0004388767119962722	0.0012460141442716122	0.0021690826397389174	0.0017155013047158718	0.0005596450064331293	0.00017512998601887375	0.0024746961425989866	0.0034447498619556427	0.00037805791362188756
0.128	0.192	0.20839323103427887	0.0004388767119962722	0.0012460141442716122	0.0021690826397389174	0.0017155013047158718	0.0005596450064331293	0.00017512998601887375	0.0024746961425989866	0.004170997068285942	0.00037805791362188756
0.192	0.256	0.9801186323165894	0.0006099725724197924	0.0012460141442716122	0.0021690826397389174	0.0014909961028024554	0.0005767497350461781	0.00016756579861976206	0.0024746961425989866	0.004170997068285942	0.00031720922561362386
0.256	0.32	0.9964642524719238	0.0006448433268815279	0.0012054156977683306	0.0021583768539130688	0.0014759717741981149	0.0005767497350461781	0.00015398673713207245	0.0023019362706691027	0.004170997068285942	0.0002491104241926223
0.32	0.384	0.9977188110351562	0.0006905536283738911	0.0012054156977683306	0.0021583768539130688	0.0014759717741981149	0.0005767497350461781	0.00015398673713207245	0.001656200154684484	0.0042837513610720634	0.00021836340602021664
0.384	0.448	0.9979642629623413	0.0007311771623790264	0.0012054156977683306	0.001694762846454978	0.0014759717741981149	0.0005767497350461781	0.00015963631449267268	0.0014345617964863777	0.0042837513610720634	0.0001861909549916163
0.448	0.512	0.9980223178863525	0.0007311771623790264	0.0009836419485509396	0.001561263925395906	0.0014493486378341913	0.00048085107118822634	0.00015963631449267268	0.0013172407634556293	0.0042837513610720634	0.00017496023792773485
0.512	0.576	0.9980340600013733	0.0007640502299182117	0.0008406753768213093	0.0014977197861298919	0.0014493486378341913	0.0004331365635152906	0.00015963631449267268	0.0012504494516178966	0.0042837513610720634	0.00016907573444768786
