onset	offset	Alarm_bell_ringing	Blender	Cat	Dishes	Dog	Electric_shaver_toothbrush	Frying	Running_water	Speech	Vacuum_cleaner
0.0	0.064	0.000350343732861802	0.0004054713645018637	0.0006156578310765326	0.0004723147430922836	0.00022320346033666283	9.832360228756443e-05	0.000790894846431911	0.004011076409369707	0.0021738188806921244	0.001380724716000259
0.064	0.128	0.000350343732861802	0.0004054713645018637	0.0006156578310765326	0.0004723147430922836	0.00022639811504632235	0.00010502489021746442	0.000790894846431911	0.0044205645099282265	0.0021738188806921244	0.001380724716000259
0.128	0.192	0.0002666832588147372	0.00036492981598712504	0.0006156578310765326	0.0003871536173392087	0.00022753009398002177	0.00011003498366335407	0.0006998661556281149	0.004821632988750935	0.0020813865121454	0.001142557361163199
0.192	0.256	0.00023628491908311844	0.00036492981598712504	0.0006156578310765326	0.0003871536173392087	0.00022753009398002177	0.00011003498366335407	0.0006822759751230478	0.004821632988750935	0.0020813865121454	0.000985397957265377
0.256	0.32	0.00022631502361036837	0.00036492981598712504	0.0006156578310765326	0.0003871536173392087	0.00022753009398002177	0.00011003498366335407	0.0006822759751230478	0.004915202967822552	0.0020813865121454	0.0008671208051964641
0.32	0.384	0.00022631502361036837	0.00036492981598712504	0.0006565736839547753	0.0003871536173392087	0.0002363432722631842	0.00011634202382992953	0.0006822759751230478	0.005672720726579428	0.0020813865121454	0.0008671208051964641
0.384	0.448	0.00022631502361036837	0.00037755025550723076	0.0007484750240109861	0.0004226973978802562	0.00026143970899283886	0.0001234351802850142	0.0006822759751230478	0.007046692073345184	0.0020868051797151566	0.0008671208051964641
0.448	0.512	0.00022631502361036837	0.0004652986826840788	0.0009898287244141102	0.0004880578489974141	0.0003283650439698249	0.0001341685128863901	0.0007496438920497894	0.011361243203282356	0.0021507516503334045	0.0008671208051964641
0.512	0.576	0.00031125612440519035	0.0007270374335348606	0.001395926927216351	0.0006690618465654552	0.00045769597636535764	0.00016665436851326376	0.0008551705977879465	0.028594743460416794	0.0023613451048731804	0.0010720473947003484
