onset	offset	Alarm_bell_ringing	Blender	Cat	Dishes	Dog	Electric_shaver_toothbrush	Frying	Running_water	Speech	Vacuum_cleaner
0.0	0.064	0.0012816929956898093	0.00226122816093266	0.0009436831460334361	0.004108639433979988	0.002472491469234228	0.0018363581039011478	0.02688857726752758	0.12640713155269623	0.016174469143152237	0.011155684478580952
0.064	0.128	0.0012816929956898093	0.00226122816093266	0.0009436831460334361	0.004108639433979988	0.002472491469234228	0.0018363581039011478	0.028534235432744026	0.12640713155269623	0.01797015592455864	0.011155684478580952
0.128	0.192	0.001350521226413548	0.002093077404424548	0.0009458641870878637	0.003634803928434849	0.0024699969217181206	0.0015071930829435587	0.028534235432744026	0.13639838993549347	0.02363630197942257	0.009936409071087837
0.192	0.256	0.001350521226413548	0.002052844734862447	0.0009458641870878637	0.003634803928434849	0.0024699969217181206	0.0015071930829435587	0.028534235432744026	0.13639838993549347	0.02363630197942257	0.00970617588609457
0.256	0.32	0.001350521226413548	0.002052844734862447	0.0009458641870878637	0.003634803928434849	0.0024699969217181206	0.0015071930829435587	0.0276997871696949	0.13639838993549347	0.02619810774922371	0.00970617588609457
0.32	0.384	0.0013830765383318067	0.002052844734862447	0.0010415224824100733	0.003634803928434849	0.0024699969217181206	0.0015071930829435587	0.0276997871696949	0.15948700904846191	0.07760236412286758	0.009619523771107197
0.384	0.448	0.0014983281726017594	0.002052844734862447	0.0019685146398842335	0.005825621075928211	0.0029583752620965242	0.0016953389858826995	0.0276997871696949	0.16625650227069855	0.3673870861530304	0.009572762995958328
0.448	0.512	0.00209363317117095	0.002205611439421773	0.0027098723221570253	0.009774553589522839	0.0034761156421154737	0.0017834980972111225	0.027606435120105743	0.16625650227069855	0.8271946310997009	0.0095432223752141
0.512	0.576	0.0037421712186187506	0.0033048682380467653	0.0034004251938313246	0.013550939038395882	0.0075875502079725266	0.0021464312449097633	0.027159420773386955	0.16800856590270996	0.9427616000175476	0.0077548762783408165
