onset	offset	Alarm_bell_ringing	Blender	Cat	Dishes	Dog	Electric_shaver_toothbrush	Frying	Running_water	Speech	Vacuum_cleaner
0.0	0.064	0.0021019852720201015	0.030439026653766632	0.002727426355704665	0.013939675875008106	0.0007293976377695799	0.33680737018585205	0.35833320021629333	0.008750184439122677	0.006617079023271799	0.018845029175281525
0.064	0.128	0.0021019852720201015	0.030439026653766632	0.002727426355704665	0.013939675875008106	0.0007293976377695799	0.33680737018585205	0.35833320021629333	0.008750184439122677	0.006617079023271799	0.018845029175281525
0.128	0.192	0.0016015651635825634	0.026531828567385674	0.002727426355704665	0.0111275939270854	0.0005768830305896699	0.3568837344646454	0.333233118057251	0.006827465258538723	0.005160957109183073	0.01483514066785574
0.192	0.256	0.0014298699097707868	0.02321968972682953	0.002727426355704665	0.009372636675834656	0.0004933079471811652	0.4129747450351715	0.2837204039096832	0.006379274185746908	0.004880273714661598	0.013479653745889664
0.256	0.32	0.0012862643925473094	0.019799981266260147	0.002727426355704665	0.008747666142880917	0.00045132311061024666	0.4501076638698578	0.25045323371887207	0.005752531345933676	0.004880273714661598	0.011520176194608212
0.32	0.384	0.0012221273500472307	0.016601068899035454	0.002734313951805234	0.0083527322858572	0.00040398360579274595	0.4644802510738373	0.22884534299373627	0.005021333694458008	0.004880273714661598	0.009784984402358532
0.384	0.448	0.0011842579115182161	0.014346931129693985	0.0028612222522497177	0.008005920797586441	0.00035814629518426955	0.4671057462692261	0.21235167980194092	0.004503973759710789	0.004880273714661598	0.008381519466638565
0.448	0.512	0.0011481248075142503	0.013131643645465374	0.002899309154599905	0.0074205887503921986	0.0003337149682920426	0.4671057462692261	0.19958540797233582	0.004212100058794022	0.005409538745880127	0.007457928266376257
0.512	0.576	0.00111096422187984	0.012353042140603065	0.002923074644058943	0.006867240648716688	0.00031568811391480267	0.46993112564086914	0.19056111574172974	0.004041552077978849	0.005409538745880127	0.006849776022136211
