onset	offset	Alarm_bell_ringing	Blender	Cat	Dishes	Dog	Electric_shaver_toothbrush	Frying	Running_water	Speech	Vacuum_cleaner
0.0	0.064	0.0023474679328501225	0.1154782846570015	0.002384932478889823	0.0016392073594033718	0.002372022485360503	0.0019559350330382586	0.00100229331292212	0.00666224118322134	0.010389138013124466	0.7784964442253113
0.064	0.128	0.0023474679328501225	0.1154782846570015	0.002384932478889823	0.0016392073594033718	0.002372022485360503	0.0019559350330382586	0.00100229331292212	0.00666224118322134	0.010389138013124466	0.7784964442253113
0.128	0.192	0.0018600631738081574	0.1426749974489212	0.0021561370231211185	0.0014751646667718887	0.002372022485360503	0.0016649632016196847	0.0009220317006111145	0.006395283620804548	0.008335672318935394	0.7548009157180786
0.192	0.256	0.0016298859845846891	0.18713712692260742	0.0020703421905636787	0.0013933874433860183	0.0023636040277779102	0.0014761157799512148	0.000902140571270138	0.006395283620804548	0.007579472381621599	0.7048754096031189
0.256	0.32	0.0015766097931191325	0.22874432802200317	0.0020215383265167475	0.0012506633065640926	0.0022998256608843803	0.0013058516196906567	0.0008944340515881777	0.00634364178404212	0.007230699528008699	0.6534956097602844
0.32	0.384	0.0015717122005298734	0.2656475901603699	0.0018030359642580152	0.0010993562173098326	0.0021969915833324194	0.0010920370696112514	0.0008830656879581511	0.005240723490715027	0.007187072187662125	0.6072983145713806
0.384	0.448	0.001555244205519557	0.29627496004104614	0.001598854549229145	0.000977479387074709	0.0021969915833324194	0.0009002335136756301	0.0008538718684576452	0.004296337254345417	0.007135660853236914	0.5587917566299438
0.448	0.512	0.0014802069636061788	0.3116856515407562	0.0014262056211009622	0.0008918848470784724	0.002133978996425867	0.0007596854120492935	0.0008185994811356068	0.003564103739336133	0.007049245294183493	0.5195859670639038
0.512	0.576	0.001419653883203864	0.3161562383174896	0.0013361488236114383	0.0008454536437056959	0.002095348434522748	0.0006610932759940624	0.0008094199583865702	0.0031090215779840946	0.007049245294183493	0.49707865715026855
