onset	offset	Alarm_bell_ringing	Blender	Cat	Dishes	Dog	Electric_shaver_toothbrush	Frying	Running_water	Speech	Vacuum_cleaner
0.0	0.064	0.011569748632609844	0.002523161470890045	0.0014910775935277343	0.011013575829565525	0.007383802440017462	0.00790184736251831	0.010673240758478642	0.005264414474368095	0.9547373652458191	0.0011569526977837086
0.064	0.128	0.011994024738669395	0.002693577203899622	0.0014910775935277343	0.011013575829565525	0.007383802440017462	0.008069812320172787	0.010673240758478642	0.0054914564825594425	0.9547373652458191	0.0011569526977837086
0.128	0.192	0.011994024738669395	0.002693577203899622	0.0015518447617068887	0.011013575829565525	0.00804157368838787	0.008069812320172787	0.009297833777964115	0.0054914564825594425	0.9701662063598633	0.0009541315957903862
0.192	0.256	0.011994024738669395	0.002523161470890045	0.0016817277064546943	0.010892613790929317	0.00914010126143694	0.00790184736251831	0.008523975498974323	0.005367932841181755	0.9768469929695129	0.0009240051731467247
0.256	0.32	0.011899039149284363	0.0024475862737745047	0.0017146316822618246	0.010517139919102192	0.00919017568230629	0.007870057597756386	0.00800848938524723	0.005367932841181755	0.9783647656440735	0.000899558246601373
0.32	0.384	0.01195639930665493	0.002523161470890045	0.0017352219438180327	0.010517139919102192	0.009238227270543575	0.007703881245106459	0.007681615184992552	0.0054914564825594425	0.9783647656440735	0.0008441861136816442
0.384	0.448	0.01195639930665493	0.0025341480504721403	0.0017537627136334777	0.010881686583161354	0.009278228506445885	0.007587043102830648	0.007391246967017651	0.005534621421247721	0.9783647656440735	0.0007974834297783673
0.448	0.512	0.011899039149284363	0.0025341480504721403	0.0017723359633237123	0.010881686583161354	0.009278228506445885	0.007218841463327408	0.007175648119300604	0.005786480847746134	0.9783647656440735	0.0007461896748282015
0.512	0.576	0.011873035691678524	0.0024475862737745047	0.001835171482525766	0.010881686583161354	0.009278228506445885	0.0066117835231125355	0.007131726481020451	0.006126051768660545	0.9775117635726929	0.0007228749454952776
