onset	offset	Alarm_bell_ringing	Blender	Cat	Dishes	Dog	Electric_shaver_toothbrush	Frying	Running_water	Speech	Vacuum_cleaner
0.0	0.064	0.0005745709058828652	0.000795947213191539	0.010964229702949524	0.00971241109073162	0.0175298061221838	0.000485517579363659	0.000760257535148412	0.0018609059043228626	0.006313766352832317	0.0005879256059415638
0.064	0.128	0.0005745709058828652	0.000795947213191539	0.010964229702949524	0.00971241109073162	0.02241620235145092	0.000485517579363659	0.0008299896726384759	0.0018609059043228626	0.007039528805762529	0.0005879256059415638
0.128	0.192	0.0008270295802503824	0.0009616416064091027	0.01649409905076027	0.007211804855614901	0.02241620235145092	0.00048678918392397463	0.0008299896726384759	0.0013527475530281663	0.007073216140270233	0.0006881222943775356
0.192	0.256	0.0008270295802503824	0.0009616416064091027	0.030528269708156586	0.006921048741787672	0.024422239512205124	0.00048678918392397463	0.0008479441166855395	0.0011163708986714482	0.007073216140270233	0.0006363512948155403
0.256	0.32	0.001040090573951602	0.0009616416064091027	0.16808761656284332	0.005883851088583469	0.0844295546412468	0.00048678918392397463	0.0010225801961496472	0.0009322294499725103	0.014765950851142406	0.0005879256059415638
0.32	0.384	0.001040090573951602	0.0011623849859461188	0.3006710410118103	0.005745911039412022	0.09828265011310577	0.0007645669975318015	0.0010225801961496472	0.0006151695852167904	0.02042297273874283	0.0005464527639560401
0.384	0.448	0.001040090573951602	0.0011894204653799534	0.3006710410118103	0.00563374487683177	0.13620160520076752	0.0008773711742833257	0.0010225801961496472	0.0005042453412897885	0.026591798290610313	0.0005464527639560401
0.448	0.512	0.001040090573951602	0.0011894204653799534	0.3006710410118103	0.00563374487683177	0.1680433750152588	0.0008773711742833257	0.0010225801961496472	0.0004904427914880216	0.03142887353897095	0.0005464527639560401
0.512	0.576	0.0009340894757770002	0.0011894204653799534	0.3006710410118103	0.005259694065898657	0.2020758092403412	0.0008773711742833257	0.0009538361919112504	0.0004872824065387249	0.03142887353897095	0.00047160129179246724
