onset	offset	Alarm_bell_ringing	Blender	Cat	Dishes	Dog	Electric_shaver_toothbrush	Frying	Running_water	Speech	Vacuum_cleaner
0.0	0.064	0.0032793667633086443	0.025298064574599266	0.004993941634893417	0.0026180020067840815	0.0031308105681091547	0.22851842641830444	0.008260246366262436	0.008820196613669395	0.0071276589296758175	0.7912312150001526
0.064	0.128	0.0032793667633086443	0.025298064574599266	0.004993941634893417	0.0026180020067840815	0.0031308105681091547	0.2707791030406952	0.008260246366262436	0.009668887592852116	0.0071276589296758175	0.7904472947120667
0.128	0.192	0.0025120489299297333	0.02057361789047718	0.004616469144821167	0.002127663465216756	0.003196110250428319	0.2793522775173187	0.006988788489252329	0.009668887592852116	0.005474448669701815	0.781944751739502
0.192	0.256	0.0021084032487124205	0.017814289778470993	0.004054649733006954	0.0019529196433722973	0.003196110250428319	0.2793522775173187	0.005972803570330143	0.00962552148848772	0.004824572242796421	0.781944751739502
0.256	0.32	0.0018667270196601748	0.01652897521853447	0.004039471969008446	0.0019529196433722973	0.0031308105681091547	0.3163796067237854	0.005246453452855349	0.008820196613669395	0.00453158188611269	0.781944751739502
0.32	0.384	0.0017385347746312618	0.014113353565335274	0.0040261284448206425	0.0019529196433722973	0.0031043021008372307	0.34631630778312683	0.004732832312583923	0.00865977257490158	0.004457335919141769	0.7734001278877258
0.384	0.448	0.0016200629761442542	0.012242946773767471	0.004020570311695337	0.0019452464766800404	0.0031043021008372307	0.36689597368240356	0.004732832312583923	0.00865977257490158	0.004456606227904558	0.7609898447990417
0.448	0.512	0.0014929964672774076	0.011032279580831528	0.004011398181319237	0.0019452464766800404	0.0031043021008372307	0.38690611720085144	0.004732832312583923	0.007721371948719025	0.004441387020051479	0.7425490021705627
0.512	0.576	0.0013724968302994967	0.010247687809169292	0.003855376271530986	0.0019452464766800404	0.002969764405861497	0.40163591504096985	0.004732832312583923	0.007068653125315905	0.004389655776321888	0.7224461436271667
