onset	offset	Alarm_bell_ringing	Blender	Cat	Dishes	Dog	Electric_shaver_toothbrush	Frying	Running_water	Speech	Vacuum_cleaner
0.0	0.064	0.0017948569729924202	0.004070955328643322	0.0015662721125409007	0.00180999212898314	0.0007371120154857635	0.31215330958366394	0.005662179552018642	0.004032711498439312	0.005731232929974794	0.01613081432878971
0.064	0.128	0.0017948569729924202	0.004070955328643322	0.0015662721125409007	0.00180999212898314	0.0007371120154857635	0.3143032193183899	0.005662179552018642	0.004244496580213308	0.005731232929974794	0.01613081432878971
0.128	0.192	0.00196011527441442	0.004251319449394941	0.0016113544115796685	0.0015251683071255684	0.0005939492839388549	0.3219086229801178	0.005055213812738657	0.004281098023056984	0.0051451679319143295	0.014817901886999607
0.192	0.256	0.00196011527441442	0.004253558814525604	0.0016113544115796685	0.0015172252897173166	0.0005579332355409861	0.3219086229801178	0.004524336662143469	0.004281098023056984	0.005120353773236275	0.014094371348619461
0.256	0.32	0.00196011527441442	0.004421028308570385	0.0016059261979535222	0.0015022892039269209	0.0005256389267742634	0.3219086229801178	0.004066040273755789	0.004576168023049831	0.0051042018458247185	0.013526210561394691
0.32	0.384	0.0025619391817599535	0.0049202595837414265	0.0016059261979535222	0.001443835673853755	0.0005256389267742634	0.32844990491867065	0.0036731406580656767	0.004971660207957029	0.005092717241495848	0.013097027316689491
0.384	0.448	0.002904362976551056	0.00498546427115798	0.0016059261979535222	0.0013978480128571391	0.0005256389267742634	0.32844990491867065	0.0034701230470091105	0.004971660207957029	0.005025871098041534	0.012824177742004395
0.448	0.512	0.002904362976551056	0.00498546427115798	0.0016059261979535222	0.0013341334415599704	0.0005256389267742634	0.3319437801837921	0.0034701230470091105	0.004971660207957029	0.005092717241495848	0.012559140101075172
0.512	0.576	0.002904362976551056	0.00498546427115798	0.0015555655118077993	0.0013341334415599704	0.0005436416831798851	0.3332968056201935	0.0033921117428690195	0.004971660207957029	0.005092717241495848	0.01250498741865158
