onset	offset	Alarm_bell_ringing	Blender	Cat	Dishes	Dog	Electric_shaver_toothbrush	Frying	Running_water	Speech	Vacuum_cleaner
0.0	0.064	0.004220530856400728	0.5632455945014954	0.0028843116015195847	0.07905329763889313	0.004142897669225931	0.007274792995303869	0.005512049421668053	0.009599324315786362	0.9845243096351624	0.015796396881341934
0.064	0.128	0.0036981760058552027	0.5632455945014954	0.0028843116015195847	0.07905329763889313	0.004142897669225931	0.007274792995303869	0.005512049421668053	0.009599324315786362	0.9845243096351624	0.015796396881341934
0.128	0.192	0.0036981760058552027	0.5090430378913879	0.002532241865992546	0.06290637701749802	0.0047192564234137535	0.007857185788452625	0.005390083882957697	0.009015276096761227	0.9884804487228394	0.012223346158862114
0.192	0.256	0.00322428485378623	0.4386236071586609	0.002532241865992546	0.050052888691425323	0.0050837211310863495	0.008884201757609844	0.004465947858989239	0.008495025336742401	0.9901381731033325	0.010735065676271915
0.256	0.32	0.002946306951344013	0.4386236071586609	0.002532241865992546	0.04797506332397461	0.0051168594509363174	0.009663291275501251	0.004353727214038372	0.007900063879787922	0.9904048442840576	0.009118077345192432
0.32	0.384	0.002931209048256278	0.4386236071586609	0.002532241865992546	0.046211760491132736	0.0051172045059502125	0.01041541900485754	0.00433587608858943	0.007625316269695759	0.9904512166976929	0.00813263189047575
0.384	0.448	0.002841790672391653	0.4386236071586609	0.002693196991458535	0.04590959474444389	0.005186934024095535	0.011109785176813602	0.00433587608858943	0.007294486276805401	0.9905984997749329	0.00813263189047575
0.448	0.512	0.0026862972881644964	0.45896244049072266	0.0030365255661308765	0.045697227120399475	0.005269385874271393	0.012008702382445335	0.00433587608858943	0.007294486276805401	0.9905984997749329	0.00813263189047575
0.512	0.576	0.0024131815880537033	0.49603500962257385	0.0035182104911655188	0.04467155039310455	0.005362128373235464	0.013189470395445824	0.004337708931416273	0.007294486276805401	0.9905984997749329	0.00813263189047575
