onset	offset	Alarm_bell_ringing	Blender	Cat	Dishes	Dog	Electric_shaver_toothbrush	Frying	Running_water	Speech	Vacuum_cleaner
0.0	0.064	0.0038410876877605915	0.005329163279384375	0.006636245176196098	0.023526009172201157	0.0047144764102995396	0.009959313087165356	0.07413627952337265	0.8026823997497559	0.8278582096099854	0.009129432030022144
0.064	0.128	0.0038410876877605915	0.005329163279384375	0.006561267655342817	0.023526009172201157	0.0047144764102995396	0.009959313087165356	0.07413627952337265	0.8026823997497559	0.8278582096099854	0.009129432030022144
0.128	0.192	0.0028792747762054205	0.004148327279835939	0.006636245176196098	0.020380135625600815	0.004134286195039749	0.009044081903994083	0.08474228531122208	0.8026823997497559	0.8278582096099854	0.008207786828279495
0.192	0.256	0.0025115625467151403	0.003495214506983757	0.006561267655342817	0.01689600571990013	0.004134286195039749	0.008484608493745327	0.09417495131492615	0.8026823997497559	0.8278582096099854	0.008042726665735245
0.256	0.32	0.0022231193725019693	0.003268942004069686	0.006540801841765642	0.015163571573793888	0.004002300091087818	0.007709091063588858	0.11360582709312439	0.8026823997497559	0.8278582096099854	0.00775097357109189
0.32	0.384	0.0022169528529047966	0.0031268219463527203	0.006283592898398638	0.01476091518998146	0.0039679198525846004	0.006666224449872971	0.14280934631824493	0.8145645260810852	0.8067866563796997	0.007509017363190651
0.384	0.448	0.0022059124894440174	0.0026057481300085783	0.006003009155392647	0.01332638319581747	0.0038956403732299805	0.006335699465125799	0.17072594165802002	0.8550652265548706	0.5785264372825623	0.007328819017857313
0.448	0.512	0.0021940742153674364	0.0021261980291455984	0.00515594519674778	0.011161119677126408	0.0034371106885373592	0.005314727779477835	0.19532734155654907	0.8550652265548706	0.3576892018318176	0.006364249158650637
0.512	0.576	0.0021528678480535746	0.0015737391076982021	0.0032067301217466593	0.009762759320437908	0.0026594996452331543	0.0037250162567943335	0.19970786571502686	0.8550652265548706	0.2147977650165558	0.005589177832007408
