onset	offset	Alarm_bell_ringing	Blender	Cat	Dishes	Dog	Electric_shaver_toothbrush	Frying	Running_water	Speech	Vacuum_cleaner
0.0	0.064	0.002460821997374296	0.9906469583511353	0.0019160397350788116	0.02571054734289646	0.004049444571137428	0.0014302670024335384	0.006593053694814444	0.006630284711718559	0.06267931312322617	0.03645802289247513
0.064	0.128	0.002460821997374296	0.9906469583511353	0.0019160397350788116	0.02571054734289646	0.004049444571137428	0.0014302670024335384	0.006593053694814444	0.006630284711718559	0.06267931312322617	0.03645802289247513
0.128	0.192	0.001668255659751594	0.9906469583511353	0.0018656327156350017	0.019755791872739792	0.0034343760926276445	0.0011271664407104254	0.005166993010789156	0.005866247694939375	0.06887142360210419	0.025217939168214798
0.192	0.256	0.0012628819094970822	0.9906469583511353	0.0015758239896968007	0.012977365404367447	0.0034033646807074547	0.0010221428237855434	0.003961630165576935	0.005210909992456436	0.06267931312322617	0.021288231015205383
0.256	0.32	0.0010081860236823559	0.9906469583511353	0.0011706639779731631	0.008807878009974957	0.0030801717657595873	0.0009443068993277848	0.0030353607144206762	0.004827744327485561	0.06263810396194458	0.02095448225736618
0.32	0.384	0.0009702870738692582	0.9907277822494507	0.000875640835147351	0.0069694360718131065	0.002762753050774336	0.0008865779964253306	0.0025158917997032404	0.00454765884205699	0.06262926757335663	0.020847847685217857
0.384	0.448	0.0009702870738692582	0.9907277822494507	0.0007093194872140884	0.0062596905045211315	0.002487997990101576	0.0008320060442201793	0.0023512623738497496	0.003652591025456786	0.06262926757335663	0.020575933158397675
0.448	0.512	0.0009702870738692582	0.9907277822494507	0.0006063114269636571	0.0060544079169631	0.002294455422088504	0.0007919178460724652	0.002204831689596176	0.0029972002375870943	0.04813835397362709	0.020575933158397675
0.512	0.576	0.0009702870738692582	0.9907107949256897	0.0005356138572096825	0.006040844600647688	0.0021733874455094337	0.00074839370790869	0.0021290164440870285	0.0026346019003540277	0.03799748048186302	0.019946785643696785
