onset	offset	Alarm_bell_ringing	Blender	Cat	Dishes	Dog	Electric_shaver_toothbrush	Frying	Running_water	Speech	Vacuum_cleaner
0.0	0.064	0.0021187267266213894	0.001660216599702835	0.001576379407197237	0.004818312358111143	0.011982581578195095	0.00047392185661010444	0.0010795271955430508	0.0013591788010671735	0.023669572547078133	0.0014227904612198472
0.064	0.128	0.0021187267266213894	0.0018570299725979567	0.001576379407197237	0.004818312358111143	0.017890136688947678	0.00047392185661010444	0.0011289067333564162	0.0013591788010671735	0.023669572547078133	0.0014227904612198472
0.128	0.192	0.0021187267266213894	0.0018570299725979567	0.0016944361850619316	0.003802969353273511	0.017890136688947678	0.00047392185661010444	0.0012203273363411427	0.0013591788010671735	0.02419312857091427	0.0013692979700863361
0.192	0.256	0.0021187267266213894	0.0019878556486219168	0.0033399451058357954	0.003802969353273511	0.01983228325843811	0.00047392185661010444	0.0011532277567312121	0.0013591788010671735	0.05202680453658104	0.0012356119696050882
0.256	0.32	0.0021187267266213894	0.0026797964237630367	0.006996479816734791	0.003802969353273511	0.0479324609041214	0.00047392185661010444	0.0011289067333564162	0.0013591788010671735	0.18958817422389984	0.0010848705423995852
0.32	0.384	0.002064336324110627	0.002983244601637125	0.013086135499179363	0.003802969353273511	0.08424834161996841	0.0005220730672590435	0.0011289067333564162	0.001536669209599495	0.5236877202987671	0.0009260993683710694
0.384	0.448	0.002045414410531521	0.0036697080358862877	0.02006734348833561	0.003857688046991825	0.11619368940591812	0.0006260243826545775	0.0011289067333564162	0.0017491582548245788	0.6429030299186707	0.0008076598169282079
0.448	0.512	0.002045414410531521	0.0036697080358862877	0.0207812562584877	0.004178396891802549	0.13969875872135162	0.0006260243826545775	0.0010816988069564104	0.0019868218805640936	0.6915081739425659	0.0007833660347387195
0.512	0.576	0.002045414410531521	0.0036697080358862877	0.0207812562584877	0.004211104474961758	0.162652388215065	0.0006260243826545775	0.0010261881398037076	0.0021301412489265203	0.6915081739425659	0.0007642749114893377
