onset	offset	Alarm_bell_ringing	Blender	Cat	Dishes	Dog	Electric_shaver_toothbrush	Frying	Running_water	Speech	Vacuum_cleaner
0.0	0.064	0.0008491331245750189	0.000935854681301862	0.0002811451558955014	0.01492245588451624	0.0004672591749113053	0.00383348879404366	0.9742804169654846	0.003166609676554799	0.019452035427093506	0.005460695829242468
0.064	0.128	0.0008491331245750189	0.000935854681301862	0.0002811451558955014	0.01492245588451624	0.0004672591749113053	0.00383348879404366	0.9742804169654846	0.003166609676554799	0.019452035427093506	0.005460695829242468
0.128	0.192	0.0006377754034474492	0.000767142919357866	0.00024422394926659763	0.014583717100322247	0.0004061944200657308	0.003601660020649433	0.9746659994125366	0.0031150912400335073	0.019452035427093506	0.004979580640792847
0.192	0.256	0.0005223629414103925	0.0006901579326950014	0.0002367654669797048	0.014583717100322247	0.00035548064624890685	0.003594536567106843	0.9754676222801208	0.0031150912400335073	0.019452035427093506	0.0047671981155872345
0.256	0.32	0.0004586662398651242	0.000667311018332839	0.0002367654669797048	0.014583717100322247	0.00035548064624890685	0.003594536567106843	0.9766004085540771	0.0031150912400335073	0.019452035427093506	0.004752761218696833
0.32	0.384	0.0004586662398651242	0.0006432587979361415	0.0002367654669797048	0.014583717100322247	0.00035548064624890685	0.003594536567106843	0.9769412875175476	0.0031150912400335073	0.022385403513908386	0.004704519174993038
0.384	0.448	0.0004586662398651242	0.0006432587979361415	0.0002367654669797048	0.018645526841282845	0.00035548064624890685	0.003594536567106843	0.9769412875175476	0.003489893861114979	0.033106669783592224	0.004616508260369301
0.448	0.512	0.0004586662398651242	0.0006432587979361415	0.0002571610966697335	0.026990672573447227	0.00037484115455299616	0.0037230842281132936	0.9769412875175476	0.004033722914755344	0.07627631723880768	0.004493057262152433
0.512	0.576	0.0005681896000169218	0.0006432587979361415	0.0003474850964266807	0.04488208889961243	0.0004056248289998621	0.003823539474979043	0.9769412875175476	0.004340693820267916	0.26530325412750244	0.004389495123177767
