onset	offset	Alarm_bell_ringing	Blender	Cat	Dishes	Dog	Electric_shaver_toothbrush	Frying	Running_water	Speech	Vacuum_cleaner
0.0	0.064	0.0011301704216748476	0.0026925564743578434	0.0008657487342134118	0.0022335886023938656	0.0008756783790886402	0.00036548124626278877	0.0038123868871480227	0.0008860137895680964	0.006087586283683777	0.216027170419693
0.064	0.128	0.0011301704216748476	0.0026925564743578434	0.0008657487342134118	0.0022335886023938656	0.0008756783790886402	0.00036548124626278877	0.0037419917061924934	0.0008860137895680964	0.006087586283683777	0.216027170419693
0.128	0.192	0.0007582262624055147	0.002559761516749859	0.0007187219453044236	0.0016355375992134213	0.0007877657772041857	0.00032280621235258877	0.0037419917061924934	0.0007907358231022954	0.0040671792812645435	0.20684540271759033
0.192	0.256	0.0006696417694911361	0.0025174373295158148	0.0006270879530347884	0.0013994923792779446	0.0007743107853457332	0.0002886958827730268	0.0036587268114089966	0.0007604416459798813	0.003350267419591546	0.19796356558799744
0.256	0.32	0.0006696417694911361	0.0024302895180881023	0.0006220295326784253	0.0012912546517327428	0.0007687928155064583	0.00027263376978226006	0.003379193600267172	0.0007433787104673684	0.003179380903020501	0.19590096175670624
0.32	0.384	0.0006613655132241547	0.0021109390072524548	0.0006220295326784253	0.001173633267171681	0.0007687928155064583	0.00027263376978226006	0.003071111161261797	0.0006760925170965493	0.0030904600862413645	0.1793752759695053
0.384	0.448	0.000661084137391299	0.0021109390072524548	0.0006220295326784253	0.001107499934732914	0.0007687928155064583	0.0002587007766123861	0.003060894086956978	0.0006151836132630706	0.002905444474890828	0.1757080852985382
0.448	0.512	0.000649403256829828	0.0021109390072524548	0.0006220295326784253	0.001107499934732914	0.0007877657772041857	0.00024318021314684302	0.002988728228956461	0.0005687845987267792	0.0027747179847210646	0.1757080852985382
0.512	0.576	0.000649403256829828	0.0021109390072524548	0.0006322869448922575	0.001107499934732914	0.0007907546823844314	0.00024015925009734929	0.002976206596940756	0.0005687845987267792	0.002660037251189351	0.1757080852985382
