onset	offset	Alarm_bell_ringing	Blender	Cat	Dishes	Dog	Electric_shaver_toothbrush	Frying	Running_water	Speech	Vacuum_cleaner
0.0	0.064	0.0041167717427015305	0.916414201259613	0.002500375034287572	0.007893179543316364	0.0018898840062320232	0.002227212069556117	0.007897306233644485	0.0035896727349609137	0.032895687967538834	0.05923772603273392
0.064	0.128	0.0041167717427015305	0.916414201259613	0.002500375034287572	0.007893179543316364	0.001777013880200684	0.002227212069556117	0.007437937892973423	0.0035896727349609137	0.032895687967538834	0.05923772603273392
0.128	0.192	0.0037356631364673376	0.9470326900482178	0.002240867121145129	0.00739520788192749	0.001777013880200684	0.0017899011727422476	0.007437937892973423	0.0035896727349609137	0.026765424758195877	0.04814029112458229
0.192	0.256	0.003716627135872841	0.9499914646148682	0.0021608027163892984	0.006414351519197226	0.0017307145753875375	0.001641758717596531	0.007245755288749933	0.0035868047270923853	0.02040749602019787	0.04814029112458229
0.256	0.32	0.003703445428982377	0.9499914646148682	0.0020415771286934614	0.005392760969698429	0.0016476756427437067	0.0016102332156151533	0.007245755288749933	0.003419808577746153	0.01477849017828703	0.04814029112458229
0.32	0.384	0.0036234271246939898	0.9507420063018799	0.0019183270633220673	0.004935903009027243	0.0015274835750460625	0.0016093411250039935	0.007367460522800684	0.00306806736625731	0.012585535645484924	0.04807528108358383
0.384	0.448	0.003561892779543996	0.9534813761711121	0.0019183270633220673	0.004915561992675066	0.0015095305861905217	0.0015967655926942825	0.007367460522800684	0.0027677600737661123	0.011877428740262985	0.04557880759239197
0.448	0.512	0.003561892779543996	0.9534813761711121	0.0019183270633220673	0.004915561992675066	0.0015095305861905217	0.001555133145302534	0.007367460522800684	0.0027677600737661123	0.011293737217783928	0.04606366902589798
0.512	0.576	0.003561892779543996	0.9528629183769226	0.0019183270633220673	0.004915561992675066	0.0015019115526229143	0.001510397531092167	0.007656876929104328	0.0027677600737661123	0.010612523183226585	0.04790521413087845
