onset	offset	Alarm_bell_ringing	Blender	Cat	Dishes	Dog	Electric_shaver_toothbrush	Frying	Running_water	Speech	Vacuum_cleaner
0.0	0.064	0.003924109507352114	0.13967686891555786	0.005464050453156233	0.0017386216204613447	0.001740656211040914	0.04230660945177078	0.0007344199693761766	0.012594788335263729	0.007675315253436565	0.6654526591300964
0.064	0.128	0.003924109507352114	0.13967686891555786	0.009192243218421936	0.0017386216204613447	0.0023724897764623165	0.04230660945177078	0.0007344199693761766	0.012594788335263729	0.007675315253436565	0.6654526591300964
0.128	0.192	0.0031135829631239176	0.1296638399362564	0.009192243218421936	0.0014405847759917378	0.0023724897764623165	0.049247171729803085	0.0005650901002809405	0.011026573367416859	0.005369068123400211	0.6929669976234436
0.192	0.256	0.002863554982468486	0.1296638399362564	0.009660288691520691	0.0014405847759917378	0.0021571365650743246	0.049247171729803085	0.0004947055713273585	0.010085472837090492	0.004357079043984413	0.6929669976234436
0.256	0.32	0.002146398648619652	0.11126822978258133	0.009660288691520691	0.0014405847759917378	0.002026016591116786	0.049247171729803085	0.0004097899072803557	0.007889610715210438	0.004357079043984413	0.6929669976234436
0.32	0.384	0.0016300411662086844	0.09731543809175491	0.009660288691520691	0.0014405847759917378	0.002026016591116786	0.06350772827863693	0.0003327821905259043	0.007489033509045839	0.004357079043984413	0.6929669976234436
0.384	0.448	0.0014364791568368673	0.09261329472064972	0.009660288691520691	0.0014640528243035078	0.002026016591116786	0.07878585904836655	0.0002846495190169662	0.007251238916069269	0.004357079043984413	0.6834585070610046
0.448	0.512	0.0014078872045502067	0.08560501039028168	0.008015112951397896	0.0015689715510234237	0.00196955562569201	0.09153276681900024	0.00025583661044947803	0.00685163214802742	0.004443219397217035	0.6328442692756653
0.512	0.576	0.0013062994694337249	0.07668255269527435	0.006832437124103308	0.0016559045761823654	0.0017966689774766564	0.10393582284450531	0.00024189724354073405	0.006111151073127985	0.004494061693549156	0.5897999405860901
