onset	offset	Alarm_bell_ringing	Blender	Cat	Dishes	Dog	Electric_shaver_toothbrush	Frying	Running_water	Speech	Vacuum_cleaner
0.0	0.064	0.0002918251557275653	0.0001667475007707253	0.008367616683244705	0.000720053561963141	0.0005318623734638095	0.00018270740110892802	0.0009868902852758765	0.0017650156514719129	0.002406102605164051	0.0010379934683442116
0.064	0.128	0.0002918251557275653	0.0001667475007707253	0.009264914318919182	0.000720053561963141	0.0005318623734638095	0.00018270740110892802	0.0009868902852758765	0.0017640833975747228	0.0024591076653450727	0.0010379934683442116
0.128	0.192	0.0002712867280934006	0.00015901269216556102	0.010643047280609608	0.0007173078483901918	0.0005737013998441398	0.00016284940647892654	0.0009071434033103287	0.0017650156514719129	0.0025993487797677517	0.0009188946569338441
0.192	0.256	0.00024980894522741437	0.0001574142079334706	0.010643047280609608	0.0007173078483901918	0.0005737013998441398	0.00015480778529308736	0.0009071434033103287	0.0017650156514719129	0.0025993487797677517	0.000797396874986589
0.256	0.32	0.00024285812105517834	0.0001574142079334706	0.010643047280609608	0.0007173078483901918	0.0005737013998441398	0.00015480778529308736	0.0009071434033103287	0.0017650156514719129	0.0025993487797677517	0.000797396874986589
0.32	0.384	0.00024285812105517834	0.0001574142079334706	0.01224280335009098	0.0007173078483901918	0.0006409580819308758	0.00015480778529308736	0.0009071434033103287	0.0018429383635520935	0.0027577942237257957	0.000797396874986589
0.384	0.448	0.00024285812105517834	0.0001574142079334706	0.01613321155309677	0.000741536554414779	0.0007220865809358656	0.00015480778529308736	0.0009363795979879797	0.0019918980542570353	0.0029693408869206905	0.000797396874986589
0.448	0.512	0.00024285812105517834	0.0001731786469463259	0.025893380865454674	0.0008104348089545965	0.0008006772841326892	0.00015810706827323884	0.0009388237958773971	0.00219483720138669	0.0034483037889003754	0.000834107690025121
0.512	0.576	0.00024381655384786427	0.0001927588600665331	0.043467823415994644	0.0008569076308049262	0.0009224314126186073	0.00016553433670196682	0.0009566853404976428	0.0025360025465488434	0.004303102381527424	0.0008827144047245383
