onset	offset	Alarm_bell_ringing	Blender	Cat	Dishes	Dog	Electric_shaver_toothbrush	Frying	Running_water	Speech	Vacuum_cleaner
0.0	0.064	0.0030730345752090216	0.02272297814488411	0.005109713412821293	0.04645635932683945	0.00547205051407218	0.004466942045837641	0.006277164909988642	0.003833521157503128	0.9474816918373108	0.0028102321084588766
0.064	0.128	0.0030730345752090216	0.022630685940384865	0.005109713412821293	0.04645635932683945	0.006125335115939379	0.004466942045837641	0.006277164909988642	0.003833521157503128	0.9474816918373108	0.002830686280503869
0.128	0.192	0.0029481814708560705	0.022630685940384865	0.0049439044669270515	0.04466412216424942	0.006157352589070797	0.004431696608662605	0.006277164909988642	0.0037402037996798754	0.9422645568847656	0.002889365190640092
0.192	0.256	0.002924590837210417	0.022271187976002693	0.0049439044669270515	0.041557926684617996	0.006125335115939379	0.004261902067810297	0.006294559221714735	0.003715117694810033	0.9422645568847656	0.002889365190640092
0.256	0.32	0.00271969148889184	0.020238876342773438	0.0049439044669270515	0.041557926684617996	0.0055296579375863075	0.004253047984093428	0.006318075582385063	0.0036594863049685955	0.9422645568847656	0.002830686280503869
0.32	0.384	0.002326188376173377	0.020238876342773438	0.0049439044669270515	0.041557926684617996	0.006125335115939379	0.004221675451844931	0.006318075582385063	0.0036483851727098227	0.910865843296051	0.002830686280503869
0.384	0.448	0.002132980152964592	0.020238876342773438	0.0049439044669270515	0.041557926684617996	0.006157352589070797	0.003548525972291827	0.006294559221714735	0.0036483851727098227	0.8301724791526794	0.002830686280503869
0.448	0.512	0.0021050290670245886	0.020238876342773438	0.00491383858025074	0.04872649908065796	0.006157352589070797	0.0029967427253723145	0.006200848612934351	0.0035465103574097157	0.48650673031806946	0.0020453734323382378
0.512	0.576	0.0019793908577412367	0.0168499443680048	0.004700216464698315	0.04872649908065796	0.0055296579375863075	0.002754524350166321	0.006067046895623207	0.0033561557065695524	0.165314182639122	0.0018181154737249017
