onset	offset	Alarm_bell_ringing	Blender	Cat	Dishes	Dog	Electric_shaver_toothbrush	Frying	Running_water	Speech	Vacuum_cleaner
0.0	0.064	0.0005601979210041463	0.002155965892598033	0.001958725741133094	0.005468078888952732	0.000875325407832861	0.0003567647945601493	0.00019414466805756092	0.01864304207265377	0.00629234965890646	0.0011902626138180494
0.064	0.128	0.0005601979210041463	0.002155965892598033	0.001958725741133094	0.005468078888952732	0.000875325407832861	0.0003567647945601493	0.00019414466805756092	0.01864304207265377	0.00629234965890646	0.0011902626138180494
0.128	0.192	0.0004537290660664439	0.001986399292945862	0.0015903490129858255	0.00489131361246109	0.0007334781112149358	0.000281814718618989	0.00016988064453471452	0.01578027382493019	0.005043643061071634	0.0010394378332421184
0.192	0.256	0.0003310859901830554	0.0019171906169503927	0.0011693208944052458	0.0029851284343749285	0.000649131543468684	0.00021107718930579722	0.00016373893595300615	0.012114176526665688	0.003870227374136448	0.0010305027244612575
0.256	0.32	0.0002627857029438019	0.0018324718112125993	0.0010972102172672749	0.001956653781235218	0.0005167491035535932	0.00016625106218270957	0.00016373893595300615	0.010082220658659935	0.002830777782946825	0.000914341420866549
0.32	0.384	0.00022619096853304654	0.0017141265561804175	0.0008783449302427471	0.001126615796238184	0.0003726405557245016	0.00013703947479370981	0.00016373893595300615	0.008067740127444267	0.00244174525141716	0.0008545747841708362
0.384	0.448	0.0002012440818361938	0.0009587638778612018	0.0007342054159380496	0.0008910481701605022	0.0002896638761740178	0.00012725169654004276	0.00016373893595300615	0.006540906615555286	0.0021462903823703527	0.0006886533810757101
0.448	0.512	0.00015640071069356054	0.0004214342625346035	0.0006628092378377914	0.0006661967490799725	0.00026174000231549144	0.00010740260040620342	0.00016373893595300615	0.005563769489526749	0.001887572812847793	0.0004917373298667371
0.512	0.576	0.00014106954040471464	0.0003272268804721534	0.0006628092378377914	0.0005770562565885484	0.0002608705253805965	0.00010177802323596552	0.00016373893595300615	0.004834365099668503	0.001767655718140304	0.0004242067225277424
