onset	offset	Alarm_bell_ringing	Blender	Cat	Dishes	Dog	Electric_shaver_toothbrush	Frying	Running_water	Speech	Vacuum_cleaner
0.0	0.064	0.00045364946709014475	0.0011911789188161492	0.00035527991713024676	0.037428852170705795	0.0006635882309637964	0.000554232916329056	0.024348193779587746	0.0015084522310644388	0.023860879242420197	0.0023476288188248873
0.064	0.128	0.00053449283586815	0.001359270652756095	0.00035527991713024676	0.037428852170705795	0.0006635882309637964	0.000554232916329056	0.024348193779587746	0.0015084522310644388	0.023860879242420197	0.0023432616144418716
0.128	0.192	0.00053449283586815	0.001359270652756095	0.0003795645316131413	0.10754882544279099	0.000814044673461467	0.0006027428898960352	0.024348193779587746	0.0021338847000151873	0.057679276913404465	0.0023432616144418716
0.192	0.256	0.0007551651797257364	0.001929833902977407	0.00041631009662523866	0.3662349283695221	0.0018103229813277721	0.0006027428898960352	0.024348193779587746	0.0032236487604677677	0.17105065286159515	0.0022966046817600727
0.256	0.32	0.0008199528092518449	0.0019391340902075171	0.00041631009662523866	0.3662349283695221	0.002371792448684573	0.0006027428898960352	0.024295849725604057	0.0032236487604677677	0.2676455080509186	0.002109006280079484
0.32	0.384	0.0008764713420532644	0.0019391340902075171	0.00041631009662523866	0.3662349283695221	0.002371792448684573	0.0006183069781400263	0.024295849725604057	0.0032236487604677677	0.33409038186073303	0.0020733922719955444
0.384	0.448	0.0009377567330375314	0.0019391340902075171	0.00041631009662523866	0.3662349283695221	0.002371792448684573	0.0006642792141065001	0.018255025148391724	0.0032236487604677677	0.4195402264595032	0.0017458933871239424
0.448	0.512	0.0009694882319308817	0.0019391340902075171	0.00034295147634111345	0.1928125023841858	0.002371792448684573	0.0006642792141065001	0.014067172072827816	0.0022560798097401857	0.7526822686195374	0.001698466599918902
0.512	0.576	0.0009928883519023657	0.001568067935295403	0.00034295147634111345	0.09482194483280182	0.0016673568170517683	0.0006442702142521739	0.013785326853394508	0.0022560798097401857	0.9616685509681702	0.001577916438691318
