onset	offset	Alarm_bell_ringing	Blender	Cat	Dishes	Dog	Electric_shaver_toothbrush	Frying	Running_water	Speech	Vacuum_cleaner
0.0	0.064	0.0037509084213525057	0.0032006101682782173	0.004157341085374355	0.04455086961388588	0.005273035727441311	0.0034815510734915733	0.2934790551662445	0.03020593337714672	0.9586052894592285	0.020627154037356377
0.064	0.128	0.0037509084213525057	0.0032216054387390614	0.004157341085374355	0.04455086961388588	0.005273035727441311	0.0034815510734915733	0.29799962043762207	0.03020593337714672	0.9586052894592285	0.020627154037356377
0.128	0.192	0.00402595242485404	0.0032752652186900377	0.004236283712089062	0.040193915367126465	0.005615455098450184	0.0034815510734915733	0.30053848028182983	0.030519526451826096	0.968083918094635	0.01814643293619156
0.192	0.256	0.00402595242485404	0.0032736933790147305	0.004209912847727537	0.03957675024867058	0.0053842379711568356	0.0034144253004342318	0.30053848028182983	0.030519526451826096	0.9718305468559265	0.01781720295548439
0.256	0.32	0.00402595242485404	0.0032736933790147305	0.004209912847727537	0.039562780410051346	0.005273035727441311	0.0034007516223937273	0.30053848028182983	0.030519526451826096	0.97514408826828	0.01720334216952324
0.32	0.384	0.004397801123559475	0.0032736933790147305	0.004209912847727537	0.03919583186507225	0.005179459694772959	0.0033220297191292048	0.30441051721572876	0.031528931111097336	0.9753519296646118	0.015750965103507042
0.384	0.448	0.004397801123559475	0.0032736933790147305	0.004209912847727537	0.03919583186507225	0.005179459694772959	0.003264067228883505	0.3106909692287445	0.03293556347489357	0.9753519296646118	0.014379726722836494
0.448	0.512	0.004397801123559475	0.0032736933790147305	0.004209912847727537	0.03919583186507225	0.00501801585778594	0.0032365582883358	0.32520782947540283	0.03322034329175949	0.9753519296646118	0.01310031209141016
0.512	0.576	0.004397801123559475	0.003170701675117016	0.004209912847727537	0.03763173520565033	0.00475261639803648	0.0031571893487125635	0.3374823033809662	0.03328089043498039	0.9753519296646118	0.01310031209141016
