onset	offset	Alarm_bell_ringing	Blender	Cat	Dishes	Dog	Electric_shaver_toothbrush	Frying	Running_water	Speech	Vacuum_cleaner
0.0	0.064	0.006951372139155865	0.10842201858758926	0.0054536983370780945	0.0071806819178164005	0.002206547651439905	0.05820532888174057	0.0032556913793087006	0.005885354708880186	0.005791791714727879	0.17605705559253693
0.064	0.128	0.006951372139155865	0.10842201858758926	0.0054536983370780945	0.0071806819178164005	0.002206547651439905	0.05809488892555237	0.0032556913793087006	0.005885354708880186	0.005791791714727879	0.17939810454845428
0.128	0.192	0.005964391864836216	0.11587534099817276	0.004948922898620367	0.006010505836457014	0.001878848415799439	0.05820532888174057	0.003088931553065777	0.004896468948572874	0.004580410197377205	0.17939810454845428
0.192	0.256	0.005242868792265654	0.11655441671609879	0.004314286634325981	0.00484113022685051	0.0017196489498019218	0.05820532888174057	0.0029530073516070843	0.00431325426325202	0.003906888421624899	0.17605705559253693
0.256	0.32	0.004503248725086451	0.11712166666984558	0.0037749416660517454	0.004032979253679514	0.0016135021578520536	0.05820532888174057	0.002722695004194975	0.004072608891874552	0.0037247564177960157	0.1738191545009613
0.32	0.384	0.0041195605881512165	0.11733313649892807	0.0034766511525958776	0.003640033071860671	0.0015551064861938357	0.05875280499458313	0.0025214855559170246	0.0038523341063410044	0.0036357862409204245	0.1738191545009613
0.384	0.448	0.00396651029586792	0.11733313649892807	0.0034766511525958776	0.0036064786836504936	0.001529797911643982	0.06052723526954651	0.0023996068630367517	0.00365440989844501	0.003575060050934553	0.16668137907981873
0.448	0.512	0.003915059845894575	0.11712166666984558	0.003433187957853079	0.0036064786836504936	0.001528158551082015	0.061151910573244095	0.002310805022716522	0.0034948622342199087	0.003575060050934553	0.16051514446735382
0.512	0.576	0.003897052491083741	0.11587534099817276	0.0033864921424537897	0.003563905833289027	0.0015224715461954474	0.061151910573244095	0.002221465576440096	0.003372324164956808	0.003573340130969882	0.15568655729293823
