onset	offset	Alarm_bell_ringing	Blender	Cat	Dishes	Dog	Electric_shaver_toothbrush	Frying	Running_water	Speech	Vacuum_cleaner
0.0	0.064	0.001509158406406641	0.0010288972407579422	0.0037134909071028233	0.004080299753695726	0.0024619915056973696	0.0009288927540183067	0.004971877206116915	0.0021764144767075777	0.038045693188905716	0.00452495738863945
0.064	0.128	0.001509158406406641	0.0010288972407579422	0.0037134909071028233	0.004080299753695726	0.0024619915056973696	0.0009288927540183067	0.004971877206116915	0.0021764144767075777	0.038045693188905716	0.004716598428785801
0.128	0.192	0.0011580906575545669	0.0007713295635767281	0.0038563082925975323	0.0029522436670958996	0.002242705784738064	0.0007752483943477273	0.00498494366183877	0.0022489530965685844	0.048584260046482086	0.004762191791087389
0.192	0.256	0.0011580906575545669	0.0007264861487783492	0.0038563082925975323	0.0029522436670958996	0.002242705784738064	0.0007752483943477273	0.004971877206116915	0.0022489530965685844	0.048584260046482086	0.004716598428785801
0.256	0.32	0.0011580906575545669	0.0007264861487783492	0.0038563082925975323	0.0029522436670958996	0.002242705784738064	0.0007752483943477273	0.004775958601385355	0.0022489530965685844	0.05053667724132538	0.00452495738863945
0.32	0.384	0.0011580906575545669	0.0007264861487783492	0.005060447379946709	0.0029522436670958996	0.002242705784738064	0.0007752483943477273	0.004725053906440735	0.002330359537154436	0.1177726686000824	0.00452495738863945
0.384	0.448	0.001196305500343442	0.0007264861487783492	0.008882707916200161	0.003244638442993164	0.0028254997450858355	0.0008175381808541715	0.004671534523367882	0.0025415692944079638	0.32698509097099304	0.004152367822825909
0.448	0.512	0.001656896434724331	0.0009221529471687973	0.013558284379541874	0.00393042154610157	0.003743557957932353	0.0009960912866517901	0.0038381421472877264	0.0025965897366404533	0.6305140256881714	0.0035483341198414564
0.512	0.576	0.0018753936747089028	0.0013839699095115066	0.016893083229660988	0.004588232841342688	0.005408866796642542	0.0009960912866517901	0.0034705093130469322	0.003363052848726511	0.8081871271133423	0.003382287919521332
