onset	offset	Alarm_bell_ringing	Blender	Cat	Dishes	Dog	Electric_shaver_toothbrush	Frying	Running_water	Speech	Vacuum_cleaner
0.0	0.064	0.0028377899434417486	0.013391966931521893	0.005961170420050621	0.04343857616186142	0.017195329070091248	0.003162324195727706	0.006625067442655563	0.005874983035027981	0.9597623348236084	0.01843949221074581
0.064	0.128	0.0028377899434417486	0.013391966931521893	0.005961170420050621	0.04343857616186142	0.017195329070091248	0.003162324195727706	0.006625067442655563	0.005985221825540066	0.9597623348236084	0.01843949221074581
0.128	0.192	0.0026012989692389965	0.010896493680775166	0.005209360271692276	0.03459474816918373	0.015571554191410542	0.002737595234066248	0.0064399330876767635	0.005985221825540066	0.9677175283432007	0.016744356602430344
0.192	0.256	0.002501670503988862	0.00876795407384634	0.00491184089332819	0.03011288307607174	0.013807747513055801	0.0023442974779754877	0.006322307046502829	0.005985221825540066	0.9693358540534973	0.015197460539638996
0.256	0.32	0.002501670503988862	0.007575032766908407	0.0047929054126143456	0.028275541961193085	0.01265613455325365	0.0021952707320451736	0.006274678744375706	0.006042511202394962	0.9696857333183289	0.013979352079331875
0.32	0.384	0.002501670503988862	0.006952717900276184	0.0047929054126143456	0.02428286336362362	0.01188938319683075	0.0021727122366428375	0.006205313373357058	0.006162548903375864	0.9697195887565613	0.013737241737544537
0.384	0.448	0.002501670503988862	0.0067298319190740585	0.0047929054126143456	0.02428286336362362	0.01181360986083746	0.0021254930179566145	0.006001083645969629	0.006172284949570894	0.9701287150382996	0.01321443822234869
0.448	0.512	0.0026088629383593798	0.006594624370336533	0.0047929054126143456	0.02428286336362362	0.01163253840059042	0.0020878410432487726	0.005958139430731535	0.0063065094873309135	0.972531795501709	0.011501229368150234
0.512	0.576	0.003097482956945896	0.00616014888510108	0.004831152036786079	0.02428286336362362	0.01143129076808691	0.0020380099304020405	0.005845719017088413	0.006162548903375864	0.9750590920448303	0.009182281792163849
