onset	offset	Alarm_bell_ringing	Blender	Cat	Dishes	Dog	Electric_shaver_toothbrush	Frying	Running_water	Speech	Vacuum_cleaner
0.0	0.064	0.002654586685821414	0.0004321234882809222	0.0009513284894637764	0.0018968424992635846	0.0016213731141760945	0.00020975206280127168	0.0015053886454552412	0.0019872954580932856	0.019465714693069458	0.0009703175746835768
0.064	0.128	0.003447597846388817	0.0006647944101132452	0.0011358599876984954	0.0020873683970421553	0.0017810006393119693	0.00024095673870760947	0.0015022398438304663	0.0019872954580932856	0.019465714693069458	0.0011478076921775937
0.128	0.192	0.003798567457124591	0.0006647944101132452	0.0011358599876984954	0.0020873683970421553	0.0017810006393119693	0.00030372649780474603	0.0015022398438304663	0.0025046553928405046	0.07513878494501114	0.0013675992377102375
0.192	0.256	0.003798567457124591	0.000731922104023397	0.0019474696600809693	0.003476462559774518	0.0025528641417622566	0.00030372649780474603	0.0013848408125340939	0.003306313883513212	0.6073339581489563	0.0013585698325186968
0.256	0.32	0.003798567457124591	0.001109398901462555	0.002572005381807685	0.004129455424845219	0.004263484384864569	0.0003214441821910441	0.0013473089784383774	0.003373672254383564	0.8741780519485474	0.0013585698325186968
0.32	0.384	0.004100970923900604	0.0011639472795650363	0.0026376645546406507	0.004181410185992718	0.004738160874694586	0.00034003815380856395	0.0013473089784383774	0.003373672254383564	0.9120470285415649	0.0013675992377102375
0.384	0.448	0.004133755806833506	0.001174714183434844	0.0028808482456952333	0.0043254210613667965	0.006010815966874361	0.0003497021971270442	0.0013473089784383774	0.003373672254383564	0.9164990782737732	0.00137048726901412
0.448	0.512	0.0059374491684138775	0.0011847633868455887	0.00365194003097713	0.005172695033252239	0.010773219168186188	0.00035329474485479295	0.0013204764109104872	0.003373672254383564	0.927376389503479	0.001401634537614882
0.512	0.576	0.008976074866950512	0.0014697844162583351	0.00365194003097713	0.006436415947973728	0.014575091190636158	0.0003542679187376052	0.001311316853389144	0.00328855961561203	0.948854386806488	0.001401634537614882
