onset	offset	Alarm_bell_ringing	Blender	Cat	Dishes	Dog	Electric_shaver_toothbrush	Frying	Running_water	Speech	Vacuum_cleaner
0.0	0.064	0.0015909047797322273	0.012399803847074509	0.017304083332419395	0.009953569620847702	0.009146658703684807	0.002651296090334654	0.002579091815277934	0.011018278077244759	0.9577106833457947	0.005729388445615768
0.064	0.128	0.0015909047797322273	0.012399529106914997	0.017910055816173553	0.009953569620847702	0.009146658703684807	0.002651296090334654	0.002579091815277934	0.010661213658750057	0.9577106833457947	0.005729388445615768
0.128	0.192	0.001421936322003603	0.01165100745856762	0.017910055816173553	0.008803540840744972	0.010390114039182663	0.002501740586012602	0.002579091815277934	0.010661213658750057	0.9577106833457947	0.0054898918606340885
0.192	0.256	0.0013073611771687865	0.01165100745856762	0.017304083332419395	0.008294057101011276	0.01051102764904499	0.0024078828282654285	0.0025733807124197483	0.010671262629330158	0.9577106833457947	0.005148857366293669
0.256	0.32	0.001187558169476688	0.01165100745856762	0.017304083332419395	0.00775280361995101	0.010923636145889759	0.0023551108315587044	0.0024268378037959337	0.010671262629330158	0.9577106833457947	0.0049460092559456825
0.32	0.384	0.0010329029755666852	0.010782059282064438	0.017910055816173553	0.006977533455938101	0.010923636145889759	0.0023015113547444344	0.0023866677656769753	0.010645910166203976	0.9413759708404541	0.004761445801705122
0.384	0.448	0.0008871820755302906	0.009785400703549385	0.018152473494410515	0.006283464375883341	0.010923636145889759	0.002121906727552414	0.002177358837798238	0.010482154786586761	0.8897018432617188	0.004551250021904707
0.448	0.512	0.0007767524803057313	0.00845529604703188	0.01820601522922516	0.005171843804419041	0.010923636145889759	0.0018501653103157878	0.00214406824670732	0.010253135114908218	0.8038608431816101	0.0045401835814118385
0.512	0.576	0.0006464921752922237	0.007105579134076834	0.021330365911126137	0.0037894337438046932	0.009828288108110428	0.0016484459629282355	0.00214406824670732	0.008252253755927086	0.6848145127296448	0.004350096918642521
