onset	offset	Alarm_bell_ringing	Blender	Cat	Dishes	Dog	Electric_shaver_toothbrush	Frying	Running_water	Speech	Vacuum_cleaner
0.0	0.064	0.000685631821397692	0.8444787859916687	0.003885701997205615	0.011341539211571217	0.0015041541773825884	0.005913826636970043	0.004964819643646479	0.001892531174235046	0.36150482296943665	0.04980119317770004
0.064	0.128	0.000685631821397692	0.8444787859916687	0.003885701997205615	0.011341539211571217	0.0015041541773825884	0.005913826636970043	0.004964819643646479	0.0017354110023006797	0.36150482296943665	0.05169126018881798
0.128	0.192	0.000685631821397692	0.9026929140090942	0.0041312831453979015	0.009304662235081196	0.0021124521736055613	0.005112652201205492	0.004964819643646479	0.0017045836430042982	0.36150482296943665	0.05838515982031822
0.192	0.256	0.0006366764428094029	0.9095268249511719	0.0041312831453979015	0.009304662235081196	0.0021952311508357525	0.004235696513205767	0.004964819643646479	0.0017045836430042982	0.36150482296943665	0.05838515982031822
0.256	0.32	0.0006349421455524862	0.914273738861084	0.0041312831453979015	0.009304662235081196	0.0021952311508357525	0.0035286203492432833	0.00459925876930356	0.0017045836430042982	0.36150482296943665	0.05594350025057793
0.32	0.384	0.0006349421455524862	0.933154284954071	0.0041312831453979015	0.006410766858607531	0.0021952311508357525	0.0030697465408593416	0.004565858282148838	0.0016489899717271328	0.2783450782299042	0.05594350025057793
0.384	0.448	0.0005786835681647062	0.9572364687919617	0.0024320476222783327	0.0035514021292328835	0.0021952311508357525	0.0030637779273092747	0.0018635782180354	0.0014499567914754152	0.18625007569789886	0.05594350025057793
0.448	0.512	0.000564676069188863	0.9645648002624512	0.0019732932560145855	0.0017511076293885708	0.0012806191807612777	0.0029424556996673346	0.0009629541309550405	0.0014333534054458141	0.13510382175445557	0.05594350025057793
0.512	0.576	0.0005786835681647062	0.965897262096405	0.001967348624020815	0.0011280719190835953	0.0009958370355889201	0.002599431434646249	0.0007373632397502661	0.00141155777964741	0.09742645919322968	0.05550923943519592
