onset	offset	Alarm_bell_ringing	Blender	Cat	Dishes	Dog	Electric_shaver_toothbrush	Frying	Running_water	Speech	Vacuum_cleaner
0.0	0.064	0.003579407697543502	0.002517840825021267	0.0016005284851416945	0.0007084624958224595	0.001599882380105555	0.0007696547545492649	0.0016815747367218137	0.0016092974692583084	0.006549666170030832	0.9909383058547974
0.064	0.128	0.003579407697543502	0.002517840825021267	0.0016005284851416945	0.0007084624958224595	0.002024006564170122	0.0007696547545492649	0.0016815747367218137	0.0016092974692583084	0.006549666170030832	0.9909383058547974
0.128	0.192	0.0021336660720407963	0.0013192727928981185	0.000994152040220797	0.0006526352372020483	0.0021110596135258675	0.0006464238394983113	0.0010102834785357118	0.0012468731729313731	0.005121923051774502	0.9922635555267334
0.192	0.256	0.0016412788536399603	0.0008780804928392172	0.0009839447448030114	0.0006418288685381413	0.0020582990255206823	0.0006251140148378909	0.0009007633198052645	0.00106529810000211	0.004615189973264933	0.9938679337501526
0.256	0.32	0.001502974540926516	0.0007206251029856503	0.0009839447448030114	0.0006186930113472044	0.002024006564170122	0.0005710870609618723	0.0009005925967358053	0.000949292560108006	0.004443164449185133	0.994147777557373
0.32	0.384	0.001502974540926516	0.0006358687533065677	0.0009839447448030114	0.0006096540600992739	0.002024006564170122	0.0005381733644753695	0.0008983364095911384	0.0008820455987006426	0.004296239465475082	0.994147777557373
0.384	0.448	0.001502974540926516	0.0005828591529279947	0.000994152040220797	0.0006096540600992739	0.002024006564170122	0.000520589470397681	0.0008932829950936139	0.0008399540092796087	0.0042824274860322475	0.994147777557373
0.448	0.512	0.001502974540926516	0.0005400257650762796	0.000996902002952993	0.000600915402173996	0.0019824167247861624	0.00050501519581303	0.0008929217583499849	0.0008183276513591409	0.0042824274860322475	0.994147777557373
0.512	0.576	0.0015670836437493563	0.0005020662792958319	0.0010091748554259539	0.0005871363100595772	0.0018885397585108876	0.0004878659383393824	0.0008897853549569845	0.0008087087771855295	0.004254988860338926	0.9940715432167053
