onset	offset	Alarm_bell_ringing	Blender	Cat	Dishes	Dog	Electric_shaver_toothbrush	Frying	Running_water	Speech	Vacuum_cleaner
0.0	0.064	0.0003890948137268424	0.0008778415503911674	0.28804007172584534	0.0054016378708183765	0.0056348880752921104	0.000870940217282623	0.0034074019640684128	0.004285380709916353	0.008302563801407814	0.0035417056642472744
0.064	0.128	0.0003899211878888309	0.000949183595366776	0.28804007172584534	0.0054016378708183765	0.0056348880752921104	0.000870940217282623	0.0039215548895299435	0.004285380709916353	0.008302563801407814	0.0035417056642472744
0.128	0.192	0.0003899211878888309	0.000949183595366776	0.5499430298805237	0.006171954330056906	0.006634362041950226	0.0008514065993949771	0.0039215548895299435	0.004285380709916353	0.008830523118376732	0.003455585101619363
0.192	0.256	0.0003890948137268424	0.0011110900668427348	0.7605971097946167	0.006171954330056906	0.009783538989722729	0.0008385941036976874	0.004094739910215139	0.00405888631939888	0.010510150343179703	0.0034441917669028044
0.256	0.32	0.00036373361945152283	0.0011110900668427348	0.7605971097946167	0.006171954330056906	0.012637658044695854	0.0008118175901472569	0.004094739910215139	0.0037686529103666544	0.010510150343179703	0.0032468815334141254
0.32	0.384	0.00036217892193235457	0.0011110900668427348	0.7605971097946167	0.006171954330056906	0.012637658044695854	0.0007730647339485586	0.004094739910215139	0.003073119092732668	0.010510150343179703	0.0024423084687441587
0.384	0.448	0.000254590529948473	0.0011110900668427348	0.7605971097946167	0.00504132267087698	0.012637658044695854	0.0006479766452684999	0.004094739910215139	0.0028883516788482666	0.010510150343179703	0.002412255620583892
0.448	0.512	0.0002118144475389272	0.0009191673598252237	0.6390381455421448	0.0031469424720853567	0.012637658044695854	0.0004944705287925899	0.002940953942015767	0.0028071762062609196	0.007751292549073696	0.002403940074145794
0.512	0.576	0.00018389412434771657	0.0006801883573643863	0.4285382032394409	0.002358643803745508	0.011120141483843327	0.0004141518147662282	0.0023573630023747683	0.0022428734228014946	0.007751292549073696	0.0021758852526545525
