onset	offset	Alarm_bell_ringing	Blender	Cat	Dishes	Dog	Electric_shaver_toothbrush	Frying	Running_water	Speech	Vacuum_cleaner
0.0	0.064	0.0012701837113127112	0.0011065443977713585	0.037503961473703384	0.0040738508105278015	0.00678580766543746	0.0006516171852126718	0.002704160287976265	0.0013840035535395145	0.4564152956008911	0.0007251594215631485
0.064	0.128	0.0012701837113127112	0.0011065443977713585	0.037503961473703384	0.0040738508105278015	0.00678580766543746	0.0006557600572705269	0.0027497983537614346	0.0013840035535395145	0.4564152956008911	0.0007251594215631485
0.128	0.192	0.0011276679579168558	0.0011301543563604355	0.04541600123047829	0.0033230059780180454	0.00803576409816742	0.0006719854427501559	0.002957635559141636	0.0012584674404934049	0.5418705344200134	0.0007251594215631485
0.192	0.256	0.001111550023779273	0.0011065443977713585	0.057864122092723846	0.0033230059780180454	0.008499368093907833	0.0006557600572705269	0.002957635559141636	0.0011817089980468154	0.6133409738540649	0.0007251594215631485
0.256	0.32	0.0010309289209544659	0.0010661996202543378	0.0616876482963562	0.0033007150050252676	0.010170022025704384	0.0006533091072924435	0.0027497983537614346	0.0011817089980468154	0.6389811038970947	0.0007251594215631485
0.32	0.384	0.000840325781609863	0.0010421467013657093	0.06354742497205734	0.0032797111198306084	0.013319142162799835	0.0006533091072924435	0.0027497983537614346	0.0011817089980468154	0.6389811038970947	0.000783356255851686
0.384	0.448	0.0006857311236672103	0.0010421467013657093	0.06354742497205734	0.0032359908800572157	0.015840373933315277	0.0006533091072924435	0.0027497983537614346	0.0011817089980468154	0.6389811038970947	0.000783356255851686
0.448	0.512	0.0005780876381322742	0.001005970174446702	0.06354742497205734	0.0032359908800572157	0.01824982650578022	0.0006001018336974084	0.002731757704168558	0.0012298222864046693	0.6389811038970947	0.000783356255851686
0.512	0.576	0.00047369013191200793	0.0009917094139382243	0.06354742497205734	0.0032032523304224014	0.01824982650578022	0.0005381086957640946	0.002695057075470686	0.0012710988521575928	0.6322823166847229	0.000783356255851686
