onset	offset	Alarm_bell_ringing	Blender	Cat	Dishes	Dog	Electric_shaver_toothbrush	Frying	Running_water	Speech	Vacuum_cleaner
0.0	0.064	0.0015559085877612233	0.0020970271434634924	0.0009426245233044028	0.03842448443174362	0.0015350758330896497	0.0005925182485952973	0.02308008447289467	0.0019099003402516246	0.941166341304779	0.0008954057702794671
0.064	0.128	0.0015559085877612233	0.0020970271434634924	0.0009516792488284409	0.03740731254220009	0.0015350758330896497	0.0005925182485952973	0.024955853819847107	0.0019099003402516246	0.941166341304779	0.0008954057702794671
0.128	0.192	0.002015337347984314	0.0022169570438563824	0.0009689807775430381	0.03740731254220009	0.0019364632898941636	0.0008183725294657052	0.025001773610711098	0.0020469557493925095	0.9760787487030029	0.0006131427944637835
0.192	0.256	0.0021109632216393948	0.002228116150945425	0.0009689807775430381	0.03740731254220009	0.0020407671108841896	0.0008823578245937824	0.024955853819847107	0.002144832629710436	0.9828703999519348	0.0005486549343913794
0.256	0.32	0.00214495905674994	0.002228116150945425	0.0009689807775430381	0.03740731254220009	0.002065079053863883	0.0008937232196331024	0.024955853819847107	0.0021749341394752264	0.9839335083961487	0.0004909696872346103
0.32	0.384	0.0022424175404012203	0.002228116150945425	0.0009835014352574944	0.0376250334084034	0.0021278539206832647	0.0008968025795184076	0.025001773610711098	0.0021749341394752264	0.9843078255653381	0.00044207810424268246
0.384	0.448	0.002508222358301282	0.0022169570438563824	0.0010673506185412407	0.0376250334084034	0.0021278539206832647	0.0008968025795184076	0.025160012766718864	0.0021749341394752264	0.984938383102417	0.00040022554458118975
0.448	0.512	0.002784153213724494	0.0021047606132924557	0.0011768153635784984	0.040068481117486954	0.002065079053863883	0.0008968025795184076	0.027092570438981056	0.002144832629710436	0.9861328601837158	0.00039877567905932665
0.512	0.576	0.003029320854693651	0.001969784265384078	0.0011768153635784984	0.04264916852116585	0.0020513106137514114	0.0008968025795184076	0.028721127659082413	0.0019452375127002597	0.9865404963493347	0.00038695198600180447
