onset	offset	Alarm_bell_ringing	Blender	Cat	Dishes	Dog	Electric_shaver_toothbrush	Frying	Running_water	Speech	Vacuum_cleaner
0.0	0.064	0.9513963460922241	0.0251582283526659	0.0014313148567453027	0.005421811249107122	0.0016386228380724788	0.00017003931861836463	0.001990741118788719	0.002010821597650647	0.007672105450183153	0.12503671646118164
0.064	0.128	0.9513963460922241	0.0251582283526659	0.0014313148567453027	0.005421811249107122	0.0017712723929435015	0.00017003931861836463	0.001990741118788719	0.002010821597650647	0.007672105450183153	0.12503671646118164
0.128	0.192	0.9513963460922241	0.02141053043305874	0.0013454720610752702	0.004406542982906103	0.0019373694667592645	0.0001569060405017808	0.001798821846023202	0.00197136914357543	0.006946353707462549	0.103278249502182
0.192	0.256	0.9513963460922241	0.02099432796239853	0.0013116522459313273	0.00335324602201581	0.0019373694667592645	0.00012685528781730682	0.0015944935148581862	0.0016779541037976742	0.006556216161698103	0.09867148846387863
0.256	0.32	0.9513963460922241	0.01967444457113743	0.0011111648054793477	0.002590667689219117	0.0019373694667592645	0.00011138086119899526	0.0014612025115638971	0.0016697405371814966	0.006292740348726511	0.09867148846387863
0.32	0.384	0.9415547847747803	0.01967444457113743	0.0009444176102988422	0.0021344581618905067	0.0020350764971226454	9.857699478743598e-05	0.0013446278171613812	0.0016559022478759289	0.005897866562008858	0.09867148846387863
0.384	0.448	0.9313923120498657	0.01967444457113743	0.0008654894190840423	0.0018849668558686972	0.002036773832514882	8.588403579778969e-05	0.0012611408019438386	0.0016453115968033671	0.005665511824190617	0.09867148846387863
0.448	0.512	0.921720027923584	0.01967444457113743	0.0008304231450892985	0.0017445575213059783	0.0020541325211524963	7.537216151831672e-05	0.0012353836791589856	0.0016453115968033671	0.00556372432038188	0.10375373065471649
0.512	0.576	0.9134598970413208	0.020421694964170456	0.0008038445375859737	0.0016463545616716146	0.002088960027322173	6.986677180975676e-05	0.0012353836791589856	0.0016697405371814966	0.005484627094119787	0.11053433269262314
