onset	offset	Alarm_bell_ringing	Blender	Cat	Dishes	Dog	Electric_shaver_toothbrush	Frying	Running_water	Speech	Vacuum_cleaner
0.0	0.064	0.0018239981727674603	0.002495964290574193	0.008717876859009266	0.01573077403008938	0.09162569046020508	0.0015849876217544079	0.0014708072412759066	0.005671634338796139	0.014974323101341724	0.003801936050876975
0.064	0.128	0.002309007104486227	0.002495964290574193	0.009465600363910198	0.01573077403008938	0.1062803640961647	0.0015849876217544079	0.001537617645226419	0.006078639999032021	0.017870265990495682	0.0036663131322711706
0.128	0.192	0.0026041113305836916	0.002179159317165613	0.009465600363910198	0.013466419652104378	0.1062803640961647	0.0015849876217544079	0.001788003952242434	0.006078639999032021	0.017870265990495682	0.0036663131322711706
0.192	0.256	0.0024051847867667675	0.002179159317165613	0.01699524000287056	0.013270615600049496	0.13617408275604248	0.0015338085358962417	0.001788003952242434	0.006692271213978529	0.02020140551030636	0.003618355840444565
0.256	0.32	0.002309007104486227	0.002179159317165613	0.046907275915145874	0.012133748270571232	0.20446327328681946	0.001509074936620891	0.001788003952242434	0.008355454541742802	0.023189017549157143	0.0033404116984456778
0.32	0.384	0.002309007104486227	0.002179159317165613	0.05008416622877121	0.01142896804958582	0.2640206217765808	0.001501004328019917	0.001900677802041173	0.00869030226022005	0.023189017549157143	0.0032907656859606504
0.384	0.448	0.0024051847867667675	0.0026138443499803543	0.05008416622877121	0.011202623136341572	0.326433926820755	0.0012024815659970045	0.001900677802041173	0.009877216070890427	0.023189017549157143	0.0031421964522451162
0.448	0.512	0.002453381661325693	0.003910255618393421	0.05365006998181343	0.010206230916082859	0.42041727900505066	0.0010682203574106097	0.001900677802041173	0.011096617206931114	0.023189017549157143	0.0030219461768865585
0.512	0.576	0.0024051847867667675	0.005649971775710583	0.058149535208940506	0.009399580769240856	0.4660506546497345	0.0010682203574106097	0.001900677802041173	0.011096617206931114	0.023189017549157143	0.0029052221216261387
