onset	offset	Alarm_bell_ringing	Blender	Cat	Dishes	Dog	Electric_shaver_toothbrush	Frying	Running_water	Speech	Vacuum_cleaner
0.0	0.064	0.003765356494113803	0.004786663688719273	0.0019477903842926025	0.030784182250499725	0.0026031085290014744	0.0005833171308040619	0.02947957254946232	0.004074494354426861	0.9799627065658569	0.0018757275538519025
0.064	0.128	0.003765356494113803	0.004786663688719273	0.0019477903842926025	0.030784182250499725	0.0026031085290014744	0.0005833171308040619	0.02947957254946232	0.004074494354426861	0.9799627065658569	0.0018757275538519025
0.128	0.192	0.0032918937504291534	0.004601990804076195	0.0019132274901494384	0.02554663084447384	0.0034003073815256357	0.000558822532184422	0.026486949995160103	0.0033599811140447855	0.9850688576698303	0.0015809278702363372
0.192	0.256	0.0031719922553747892	0.003951332997530699	0.0018351873150095344	0.020197907462716103	0.0038397887255996466	0.000506854965351522	0.020397450774908066	0.0028069347608834505	0.9850688576698303	0.001392200356349349
0.256	0.32	0.002988002495840192	0.0034995232708752155	0.0018063962925225496	0.01834842935204506	0.003869324689731002	0.00048324247472919524	0.017886869609355927	0.0023899455554783344	0.9850688576698303	0.0012631063582375646
0.32	0.384	0.0029721586033701897	0.0032299505546689034	0.0017938048113137484	0.017268354073166847	0.004064466804265976	0.000455981120467186	0.015905601903796196	0.0020889798179268837	0.9850688576698303	0.001252379734069109
0.384	0.448	0.0029721586033701897	0.0031989007256925106	0.0017784001538529992	0.017268354073166847	0.004118997137993574	0.000439640658441931	0.015243702568113804	0.0020412595476955175	0.983304500579834	0.0011738407192751765
0.448	0.512	0.0029215002432465553	0.0023492632899433374	0.0016629542224109173	0.017268354073166847	0.004151750355958939	0.000437109760241583	0.015243702568113804	0.0019781533628702164	0.9815582633018494	0.0011262326734140515
0.512	0.576	0.0028664772398769855	0.0016617672517895699	0.0016115860780701041	0.017268354073166847	0.004151750355958939	0.0003630284627433866	0.015243702568113804	0.001975522143766284	0.9809793829917908	0.0009276398923248053
