onset	offset	Alarm_bell_ringing	Blender	Cat	Dishes	Dog	Electric_shaver_toothbrush	Frying	Running_water	Speech	Vacuum_cleaner
0.0	0.064	0.000494167092256248	0.0002650172100402415	0.0013814903795719147	0.0008741028141230345	0.0011646897764876485	0.00014996346726547927	0.0002711662382353097	0.004624629393219948	0.0017125712474808097	0.002332224976271391
0.064	0.128	0.000494167092256248	0.0002650172100402415	0.001394079066812992	0.0008741028141230345	0.001265507540665567	0.00014996346726547927	0.0002711662382353097	0.004624629393219948	0.0017125712474808097	0.002332224976271391
0.128	0.192	0.0010821811156347394	0.0002650172100402415	0.0024138372391462326	0.0012927601346746087	0.001997683197259903	0.0001808067609090358	0.0002536608371883631	0.005971608683466911	0.0018119600135833025	0.0020891011226922274
0.192	0.256	0.0010821811156347394	0.0002650172100402415	0.0024138372391462326	0.0012927601346746087	0.001997683197259903	0.0001808067609090358	0.0002536608371883631	0.005971608683466911	0.0018119600135833025	0.0020600175485014915
0.256	0.32	0.0009363238350488245	0.0002437933289911598	0.003109466517344117	0.0010367333889007568	0.0025274986401200294	0.0001808067609090358	0.0002511336060706526	0.005971608683466911	0.0017125712474808097	0.0018144187051802874
0.32	0.384	0.0009363238350488245	0.00023253711697179824	0.003109466517344117	0.0010367333889007568	0.0025274986401200294	0.0001808067609090358	0.00023195786343421787	0.0072484142147004604	0.001702936482615769	0.0017890706658363342
0.384	0.448	0.0009363238350488245	0.00022657819499727339	0.003109466517344117	0.0010367333889007568	0.0025274986401200294	0.0001808067609090358	0.0002296356251463294	0.0072484142147004604	0.001702936482615769	0.0017260556342080235
0.448	0.512	0.0009363238350488245	0.00022657819499727339	0.003109466517344117	0.0010367333889007568	0.0025274986401200294	0.0001808067609090358	0.0002296356251463294	0.0072484142147004604	0.0016697087557986379	0.0016169316368177533
0.512	0.576	0.0006899731233716011	0.00022587501734960824	0.0021336276549845934	0.0007883391226641834	0.001738029415719211	0.00017944324645213783	0.0002296356251463294	0.007540433201938868	0.0016178024234250188	0.0016099035274237394
