onset	offset	Alarm_bell_ringing	Blender	Cat	Dishes	Dog	Electric_shaver_toothbrush	Frying	Running_water	Speech	Vacuum_cleaner
0.0	0.064	0.0024790449533611536	0.024334413930773735	0.005455425940454006	0.01737632416188717	0.42439112067222595	0.004671452566981316	0.0062206643633544445	0.01351829245686531	0.013025767169892788	0.020762363448739052
0.064	0.128	0.002790682716295123	0.024334413930773735	0.005455425940454006	0.01737632416188717	0.42439112067222595	0.004671452566981316	0.0062206643633544445	0.01351829245686531	0.013025767169892788	0.020762363448739052
0.128	0.192	0.0031292648054659367	0.024914037436246872	0.006704492028802633	0.017044588923454285	0.45176225900650024	0.004436339717358351	0.006359902210533619	0.01351829245686531	0.012020798400044441	0.023590197786688805
0.192	0.256	0.0031292648054659367	0.024914037436246872	0.008927603252232075	0.012786389328539371	0.5033702850341797	0.004193172790110111	0.008611984550952911	0.013938273303210735	0.01147409062832594	0.029700348153710365
0.256	0.32	0.002892063232138753	0.024914037436246872	0.012673956342041492	0.011617187410593033	0.565753161907196	0.004173643887042999	0.008983742445707321	0.013938273303210735	0.011161940172314644	0.034493546932935715
0.32	0.384	0.002892063232138753	0.024914037436246872	0.013333124108612537	0.011296432465314865	0.5715650916099548	0.00415831059217453	0.008983742445707321	0.013938273303210735	0.01036603283137083	0.034493546932935715
0.384	0.448	0.002892063232138753	0.02333221398293972	0.014421118423342705	0.010243166238069534	0.5730783343315125	0.004102022852748632	0.008983742445707321	0.013655525632202625	0.009811804629862309	0.034493546932935715
0.448	0.512	0.002892063232138753	0.021543467417359352	0.015691634267568588	0.008746959269046783	0.5758237838745117	0.0037196846678853035	0.008983742445707321	0.013459737412631512	0.009706960059702396	0.034493546932935715
0.512	0.576	0.002490432234480977	0.019195573404431343	0.01715313084423542	0.006934854201972485	0.5758237838745117	0.0032934583723545074	0.00826643593609333	0.013299992308020592	0.009706960059702396	0.03259604424238205
