onset	offset	Alarm_bell_ringing	Blender	Cat	Dishes	Dog	Electric_shaver_toothbrush	Frying	Running_water	Speech	Vacuum_cleaner
0.0	0.064	0.0012785985600203276	0.0008576109539717436	0.000619730562902987	0.004194471053779125	0.0007691067876294255	0.0001991402095882222	0.0024615346919745207	0.0006973123527131975	0.01402941346168518	0.0007107005221769214
0.064	0.128	0.0012785985600203276	0.0008576109539717436	0.000619730562902987	0.004194471053779125	0.0007801417959854007	0.0001991402095882222	0.0024615346919745207	0.0007164846174418926	0.023882491514086723	0.0007107005221769214
0.128	0.192	0.0012785985600203276	0.0008576109539717436	0.000947107735555619	0.004977933596819639	0.0009871004149317741	0.0001991402095882222	0.002116939052939415	0.0009887857595458627	0.02467767894268036	0.0006045877817086875
0.192	0.256	0.0012785985600203276	0.0008576109539717436	0.000947107735555619	0.004977933596819639	0.0009871004149317741	0.0001991402095882222	0.0018160284962505102	0.0009887857595458627	0.02467767894268036	0.0005629722727462649
0.256	0.32	0.0012785985600203276	0.0008576109539717436	0.0010942030930891633	0.004977933596819639	0.0009871004149317741	0.0001991402095882222	0.001777916681021452	0.0009887857595458627	0.3097325563430786	0.0005269580869935453
0.32	0.384	0.0018548187799751759	0.0015271665761247277	0.001773448078893125	0.01149169821292162	0.0018409069161862135	0.00021711400768253952	0.0015015903627499938	0.0013751403894275427	0.8537477850914001	0.0005192048847675323
0.384	0.448	0.002399162854999304	0.0026382855139672756	0.002656306605786085	0.013647480867803097	0.0030764166731387377	0.0003439673164393753	0.0010242467978969216	0.001484234002418816	0.971021831035614	0.00048721118946559727
0.448	0.512	0.0025646165013313293	0.0026382855139672756	0.0027273560408502817	0.013647480867803097	0.0048612081445753574	0.0004124810511711985	0.0010242467978969216	0.001484234002418816	0.9872148036956787	0.00040050665847957134
0.512	0.576	0.002735312795266509	0.0026382855139672756	0.0030762061942368746	0.013647480867803097	0.005132901016622782	0.0004960468504577875	0.0010242467978969216	0.001484234002418816	0.9912646412849426	0.0002865965652745217
