onset	offset	Alarm_bell_ringing	Blender	Cat	Dishes	Dog	Electric_shaver_toothbrush	Frying	Running_water	Speech	Vacuum_cleaner
0.0	0.064	0.004210726823657751	0.02647116780281067	0.015256048180162907	0.0034900514874607325	0.003910996485501528	0.0021658630575984716	0.0021985245402902365	0.0037899501621723175	0.015297673642635345	0.21976765990257263
0.064	0.128	0.0049346876330673695	0.02647116780281067	0.018201371654868126	0.0034900514874607325	0.003910996485501528	0.0023707400541752577	0.0022178010549396276	0.0036887135356664658	0.015297673642635345	0.21976765990257263
0.128	0.192	0.0049346876330673695	0.027599049732089043	0.018201371654868126	0.0033872548956424	0.003938890993595123	0.0023707400541752577	0.0022598858922719955	0.0036887135356664658	0.011201957240700722	0.2166672796010971
0.192	0.256	0.004991328809410334	0.02776423841714859	0.01862490363419056	0.0031434649135917425	0.003938890993595123	0.0023979328107088804	0.0022598858922719955	0.0036160890012979507	0.009888199158012867	0.21501892805099487
0.256	0.32	0.005492263939231634	0.028211886063218117	0.022288471460342407	0.003108140779659152	0.003938890993595123	0.00258215656504035	0.0022598858922719955	0.0035389552358537912	0.009888199158012867	0.2131037563085556
0.32	0.384	0.005572265479713678	0.028347047045826912	0.024423029273748398	0.003078988753259182	0.004208891186863184	0.002648507244884968	0.002319025108590722	0.0035389552358537912	0.009888199158012867	0.21164360642433167
0.384	0.448	0.005782189313322306	0.028347047045826912	0.028215011581778526	0.0030091144144535065	0.00456932932138443	0.0026860598009079695	0.002393389353528619	0.0035389552358537912	0.009888199158012867	0.21041817963123322
0.448	0.512	0.006704907864332199	0.029915781691670418	0.04117400571703911	0.0028542489744722843	0.005465763621032238	0.0028088907711207867	0.0025178275536745787	0.0034560994245111942	0.01052603218704462	0.2071976512670517
0.512	0.576	0.006704907864332199	0.031662993133068085	0.050621725618839264	0.002636483171954751	0.00779462605714798	0.0028088907711207867	0.0026126226875931025	0.00339696416631341	0.011898808181285858	0.1996382623910904
