onset	offset	Alarm_bell_ringing	Blender	Cat	Dishes	Dog	Electric_shaver_toothbrush	Frying	Running_water	Speech	Vacuum_cleaner
0.0	0.064	0.002393434988334775	0.002678426681086421	0.0024477748665958643	0.005070434417575598	0.0024231523275375366	0.004712159279733896	0.05709882080554962	0.005043224431574345	0.006130850408226252	0.01113093737512827
0.064	0.128	0.002393434988334775	0.002678426681086421	0.0024477748665958643	0.005070434417575598	0.0024231523275375366	0.004712159279733896	0.05709882080554962	0.005043224431574345	0.006688860710710287	0.01113093737512827
0.128	0.192	0.0018907154444605112	0.0019516206812113523	0.0019593113102018833	0.003698088461533189	0.002128076506778598	0.004712159279733896	0.059953778982162476	0.004754651803523302	0.007622746750712395	0.010088334791362286
0.192	0.256	0.0018907154444605112	0.0019516206812113523	0.001894435379654169	0.003426525043323636	0.002128076506778598	0.004712159279733896	0.059953778982162476	0.00474950298666954	0.007622746750712395	0.009384248405694962
0.256	0.32	0.0018907154444605112	0.0019516206812113523	0.001894435379654169	0.003426525043323636	0.002128076506778598	0.004712159279733896	0.059953778982162476	0.00474950298666954	0.007622746750712395	0.008815166540443897
0.32	0.384	0.0018907154444605112	0.0019516206812113523	0.001894435379654169	0.003426525043323636	0.002128076506778598	0.005031265784054995	0.06433509290218353	0.00474950298666954	0.008887977339327335	0.008253732696175575
0.384	0.448	0.002023228444159031	0.002021725056692958	0.001894435379654169	0.003426525043323636	0.002137472853064537	0.005749943666160107	0.06841998547315598	0.004754651803523302	0.0107312286272645	0.008067533373832703
0.448	0.512	0.0022637222427874804	0.0021259645000100136	0.0021197039168328047	0.003733548568561673	0.0022100768983364105	0.006947956047952175	0.07231520861387253	0.004835030063986778	0.014573859050869942	0.008032271638512611
0.512	0.576	0.0025276322849094868	0.002298385137692094	0.0023809410631656647	0.00452971737831831	0.0024047018960118294	0.008131020702421665	0.0783010870218277	0.005091528873890638	0.02480338327586651	0.007947567850351334
