onset	offset	Alarm_bell_ringing	Blender	Cat	Dishes	Dog	Electric_shaver_toothbrush	Frying	Running_water	Speech	Vacuum_cleaner
0.0	0.064	0.00474980054423213	0.01881389506161213	0.011715341359376907	0.005327384453266859	0.0044025760143995285	0.19149737060070038	0.01241033710539341	0.004278096836060286	0.21738757193088531	0.015123667195439339
0.064	0.128	0.00474980054423213	0.01881389506161213	0.01257163006812334	0.005327384453266859	0.0044025760143995285	0.19622090458869934	0.01241033710539341	0.004278096836060286	0.22628413140773773	0.015123667195439339
0.128	0.192	0.0038939793594181538	0.01881389506161213	0.014463144354522228	0.004312099423259497	0.004230611026287079	0.20350047945976257	0.011455451138317585	0.004278096836060286	0.22694434225559235	0.013981429859995842
0.192	0.256	0.003557909280061722	0.01881389506161213	0.014463144354522228	0.003987328615039587	0.004155462142080069	0.20350047945976257	0.011412182822823524	0.004278096836060286	0.22694434225559235	0.01348975207656622
0.256	0.32	0.0035246156621724367	0.01881389506161213	0.014463144354522228	0.003983073867857456	0.004096881486475468	0.20710177719593048	0.011380508542060852	0.004278096836060286	0.22694434225559235	0.013199380598962307
0.32	0.384	0.00345832877792418	0.0189119391143322	0.014463144354522228	0.003971979022026062	0.004096881486475468	0.2104107290506363	0.011054166592657566	0.004511143546551466	0.22694434225559235	0.012711619026958942
0.384	0.448	0.0031857590656727552	0.020289428532123566	0.014463144354522228	0.0039619277231395245	0.004096881486475468	0.2128276824951172	0.010495739988982677	0.00471259281039238	0.22694434225559235	0.01202603243291378
0.448	0.512	0.002901729429140687	0.02184535190463066	0.014625756070017815	0.003906636033207178	0.004096881486475468	0.21381907165050507	0.010129890404641628	0.00471259281039238	0.22694434225559235	0.01121450960636139
0.512	0.576	0.0026736645959317684	0.02367868646979332	0.014631157740950584	0.003906636033207178	0.004096881486475468	0.21440410614013672	0.009833300486207008	0.00471259281039238	0.22131970524787903	0.01117892749607563
