onset	offset	Alarm_bell_ringing	Blender	Cat	Dishes	Dog	Electric_shaver_toothbrush	Frying	Running_water	Speech	Vacuum_cleaner
0.0	0.064	0.013426643796265125	0.01105993427336216	0.007155006751418114	0.015667816624045372	0.03125213831663132	0.05448823794722557	0.05550513416528702	0.016974953934550285	0.9810421466827393	0.008803549222648144
0.064	0.128	0.013426643796265125	0.01103216502815485	0.007155006751418114	0.016082096844911575	0.03125213831663132	0.053595833480358124	0.05550513416528702	0.016974953934550285	0.9810421466827393	0.008803549222648144
0.128	0.192	0.013335075229406357	0.01103216502815485	0.006875066552311182	0.018263550475239754	0.03331640735268593	0.05276072397828102	0.05299249291419983	0.01618977263569832	0.9829713702201843	0.008225766941905022
0.192	0.256	0.013060534372925758	0.011005361564457417	0.006675027310848236	0.018263550475239754	0.03772914782166481	0.05276072397828102	0.048283204436302185	0.014278597198426723	0.9829713702201843	0.007977708242833614
0.256	0.32	0.0117829954251647	0.010467540472745895	0.006593199912458658	0.016082096844911575	0.03772914782166481	0.04987522214651108	0.046254053711891174	0.01349881011992693	0.9829713702201843	0.007971307262778282
0.32	0.384	0.0117829954251647	0.008104636333882809	0.0064413947984576225	0.016082096844911575	0.03772914782166481	0.03890189155936241	0.043560661375522614	0.012832747772336006	0.9829713702201843	0.00773316714912653
0.384	0.448	0.0117829954251647	0.005725722294300795	0.0063996086828410625	0.016082096844911575	0.03772914782166481	0.02738257683813572	0.03830129653215408	0.01107149850577116	0.9822577834129333	0.007194278761744499
0.448	0.512	0.0117829954251647	0.003592332126572728	0.005018767900764942	0.013259881176054478	0.022974854335188866	0.01873510144650936	0.037741340696811676	0.007696495857089758	0.9813277125358582	0.0064386543817818165
0.512	0.576	0.011475885286927223	0.0033857279922813177	0.0044622477144002914	0.012735046446323395	0.018666313961148262	0.01793232001364231	0.037741340696811676	0.006709355860948563	0.9802022576332092	0.005151770077645779
