onset	offset	Alarm_bell_ringing	Blender	Cat	Dishes	Dog	Electric_shaver_toothbrush	Frying	Running_water	Speech	Vacuum_cleaner
0.0	0.064	0.004334363620728254	0.048787251114845276	0.0033343688119202852	0.001106647658161819	0.0022774552926421165	0.007567455060780048	0.002354629337787628	0.0034928820095956326	0.011944569647312164	0.9745450615882874
0.064	0.128	0.004334363620728254	0.048787251114845276	0.0033343688119202852	0.001106647658161819	0.0022774552926421165	0.007567455060780048	0.002354629337787628	0.0034928820095956326	0.011944569647312164	0.9745450615882874
0.128	0.192	0.00177215866278857	0.022297192364931107	0.0018159738974645734	0.0007567407446913421	0.0011998621048405766	0.005272220820188522	0.0016762663144618273	0.0020526698790490627	0.007311992347240448	0.9783509373664856
0.192	0.256	0.0009664352401159704	0.015536105260252953	0.0016158882062882185	0.0006321808905340731	0.0011154754320159554	0.004344441927969456	0.0015754663618281484	0.0014366754330694675	0.005169991869479418	0.9784708619117737
0.256	0.32	0.0008110973285511136	0.014299209229648113	0.0015840742271393538	0.0006321808905340731	0.0011154754320159554	0.00411064550280571	0.0015680596698075533	0.0013102239463478327	0.004953736439347267	0.9787830114364624
0.32	0.384	0.0007648738683201373	0.013502436690032482	0.0015566893853247166	0.0006321808905340731	0.0010957875056192279	0.003948852885514498	0.0015369399916380644	0.0012801112607121468	0.004946129396557808	0.9787830114364624
0.384	0.448	0.0007648738683201373	0.01291702501475811	0.0015475715044885874	0.0006321808905340731	0.0010945940157398582	0.0038247848860919476	0.0015334754716604948	0.0012221361976116896	0.004901369102299213	0.9787830114364624
0.448	0.512	0.0007648738683201373	0.01273148600012064	0.0015475715044885874	0.0006448885542340577	0.0010945940157398582	0.0037486727815121412	0.001490989699959755	0.0011677619768306613	0.004901369102299213	0.9787830114364624
0.512	0.576	0.0007648738683201373	0.01265155803412199	0.0014776657335460186	0.0006686870474368334	0.0010945940157398582	0.0036820475943386555	0.0014497165102511644	0.0011515679070726037	0.004946129396557808	0.9786232709884644
