onset	offset	Alarm_bell_ringing	Blender	Cat	Dishes	Dog	Electric_shaver_toothbrush	Frying	Running_water	Speech	Vacuum_cleaner
0.0	0.064	0.005450522527098656	0.0002803034149110317	0.0003593004948925227	0.0010254561202600598	0.0006792774656787515	0.00035796474548988044	0.001204908825457096	0.0010660086991265416	0.011082754470407963	0.000517979497089982
0.064	0.128	0.005450522527098656	0.0002803034149110317	0.0003593004948925227	0.0010254561202600598	0.0006801824783906341	0.00035796474548988044	0.001204908825457096	0.0010660086991265416	0.01154624205082655	0.000517979497089982
0.128	0.192	0.005229434464126825	0.00025749526685103774	0.00034258514642715454	0.0008813067688606679	0.000705390761140734	0.00034273474011570215	0.001032150350511074	0.0010137236677110195	0.012506654486060143	0.0004475410678423941
0.192	0.256	0.005229434464126825	0.0002473453350830823	0.00033358868677169085	0.0008057330851443112	0.000705390761140734	0.0003385719901416451	0.0008804413955658674	0.000962040270678699	0.012506654486060143	0.0003897201386280358
0.256	0.32	0.005229434464126825	0.00023627093469258398	0.00033358868677169085	0.0007728427299298346	0.000705390761140734	0.0003385719901416451	0.0007734217797406018	0.0009201838402077556	0.012506654486060143	0.00034878257429227233
0.32	0.384	0.005229434464126825	0.00023627093469258398	0.00033358868677169085	0.0007728427299298346	0.0007516364566981792	0.0003385719901416451	0.0007095371838659048	0.0009201838402077556	0.014033490791916847	0.0003184470406267792
0.384	0.448	0.00537466537207365	0.00023627093469258398	0.00033358868677169085	0.0007728427299298346	0.0007978145149536431	0.0003338304813951254	0.0006471620290540159	0.0009201838402077556	0.016616763547062874	0.0002892802585847676
0.448	0.512	0.006070567294955254	0.00023627093469258398	0.0003787355381064117	0.0007728427299298346	0.0008518722606822848	0.0003295706119388342	0.0005927704041823745	0.0009201838402077556	0.026694269850850105	0.00027488675550557673
0.512	0.576	0.00794740580022335	0.000253909092862159	0.0004464602388907224	0.001025356468744576	0.0008947550668381155	0.000328629685100168	0.0005927704041823745	0.0009958678856492043	0.06775611639022827	0.00025885843206197023
