onset	offset	Alarm_bell_ringing	Blender	Cat	Dishes	Dog	Electric_shaver_toothbrush	Frying	Running_water	Speech	Vacuum_cleaner
0.0	0.064	0.0004261631693225354	0.0005336417234502733	0.0035499827936291695	0.0015401534037664533	0.0007876820745877922	0.00014653954713139683	0.0004059950588271022	0.01446082629263401	0.003196836682036519	0.001067161443643272
0.064	0.128	0.0004261631693225354	0.0005336417234502733	0.0035499827936291695	0.0015401534037664533	0.0007876820745877922	0.00014653954713139683	0.0004059950588271022	0.01446082629263401	0.003196836682036519	0.001067161443643272
0.128	0.192	0.0003242586681153625	0.00047472870210185647	0.0028347016777843237	0.001143929548561573	0.0005944329313933849	0.00012792667257599533	0.00037409079959616065	0.012899545952677727	0.0028179341461509466	0.0009716033819131553
0.192	0.256	0.0002389475703239441	0.00038834571023471653	0.0026311834808439016	0.0008259915630333126	0.0005357540212571621	0.00011387074482627213	0.0003402344882488251	0.011198198422789574	0.0026084049604833126	0.0009363425197079778
0.256	0.32	0.00023780459014233202	0.0003299670643173158	0.00261865952052176	0.0007535401964560151	0.0005351853906176984	0.00011323577928123996	0.00029103245469741523	0.010923512279987335	0.0023951625917106867	0.0008416560594923794
0.32	0.384	0.00023780459014233202	0.000319944869261235	0.00261865952052176	0.0007098607602529228	0.0005351853906176984	0.00011316821473883465	0.00027310618315823376	0.01048359926789999	0.0022946486715227365	0.0007665473385713995
0.384	0.448	0.00023780459014233202	0.000315387878799811	0.00261865952052176	0.0006833913503214717	0.0005351853906176984	0.00011164382885908708	0.00024929954088293016	0.01048359926789999	0.0022204332053661346	0.0007522165542468429
0.448	0.512	0.00023780459014233202	0.00030152511317282915	0.0026311834808439016	0.0006766974693164229	0.0005357540212571621	0.00010838235903065652	0.00023647714988328516	0.01048359926789999	0.002154676942154765	0.000698764924891293
0.512	0.576	0.00023896033235359937	0.0002982162113767117	0.002789183519780636	0.0006435620016418397	0.0005457708612084389	0.00010815717541845515	0.00022709748009219766	0.01048359926789999	0.0020988360047340393	0.0006712218164466321
