onset	offset	Alarm_bell_ringing	Blender	Cat	Dishes	Dog	Electric_shaver_toothbrush	Frying	Running_water	Speech	Vacuum_cleaner
0.0	0.064	0.0018065624171867967	0.002120204037055373	0.002441222546622157	0.05403110384941101	0.1334204524755478	0.002011711709201336	0.006519061513245106	0.008554584346711636	0.06312228739261627	0.005766508635133505
0.064	0.128	0.002307663206011057	0.002120204037055373	0.002441222546622157	0.0491173155605793	0.1334204524755478	0.002011711709201336	0.007066350430250168	0.008554584346711636	0.06312228739261627	0.005766508635133505
0.128	0.192	0.002307663206011057	0.002108355052769184	0.0034176053013652563	0.0491173155605793	0.25505921244621277	0.0020104253198951483	0.007066350430250168	0.008554584346711636	0.06878112256526947	0.005765194073319435
0.192	0.256	0.0022267301101237535	0.002108355052769184	0.0034176053013652563	0.03918583318591118	0.6064865589141846	0.0020104253198951483	0.006519061513245106	0.008426286280155182	0.08018806576728821	0.005765194073319435
0.256	0.32	0.002159763826057315	0.002120204037055373	0.0034176053013652563	0.023720690980553627	0.785620391368866	0.0020104253198951483	0.006083793006837368	0.005932618398219347	0.08018806576728821	0.0037157160695642233
0.32	0.384	0.002159763826057315	0.0020610226783901453	0.0034176053013652563	0.016429681330919266	0.8009682893753052	0.0020104253198951483	0.004967689514160156	0.004281862173229456	0.08018806576728821	0.003367059165611863
0.384	0.448	0.002159763826057315	0.001959232846274972	0.0031678066588938236	0.013094894587993622	0.8009682893753052	0.0021066062618047	0.004069455433636904	0.0035175371449440718	0.08018806576728821	0.003074168460443616
0.448	0.512	0.002130109816789627	0.0019461021292954683	0.0028551353607326746	0.011185923591256142	0.8009682893753052	0.0021066062618047	0.0036966183688491583	0.0030526549089699984	0.07630682736635208	0.002970406785607338
0.512	0.576	0.0019847899675369263	0.0016985080437734723	0.0028173511382192373	0.00941883772611618	0.8009682893753052	0.0021066062618047	0.003540304023772478	0.0026014812756329775	0.07478132843971252	0.0027940948493778706
