onset	offset	Alarm_bell_ringing	Blender	Cat	Dishes	Dog	Electric_shaver_toothbrush	Frying	Running_water	Speech	Vacuum_cleaner
0.0	0.064	0.0016008865786716342	0.0016230380861088634	0.0028761017601937056	0.01447485201060772	0.013037757016718388	0.0005062538548372686	0.01123243197798729	0.8162692189216614	0.004830901976674795	0.0016323490999639034
0.064	0.128	0.00144368433393538	0.0016230380861088634	0.0028761017601937056	0.01447485201060772	0.012698163278400898	0.0005062538548372686	0.01123243197798729	0.8162692189216614	0.004830901976674795	0.0016323490999639034
0.128	0.192	0.00144368433393538	0.0011707587400451303	0.0025002406910061836	0.014096438884735107	0.012698163278400898	0.0004913007142022252	0.00847316812723875	0.8707725405693054	0.004429721273481846	0.0012889071367681026
0.192	0.256	0.001303833443671465	0.0010096700862050056	0.0019346532644703984	0.013483363203704357	0.012380408123135567	0.000435100169852376	0.007961425930261612	0.8854911923408508	0.00420610886067152	0.0010829789098352194
0.256	0.32	0.001303833443671465	0.0008554024971090257	0.0013525066897273064	0.013483363203704357	0.009479348547756672	0.0003829170891549438	0.007051651831716299	0.8933797478675842	0.004077382851392031	0.0009893836686387658
0.32	0.384	0.001303833443671465	0.0008554024971090257	0.0013525066897273064	0.013483363203704357	0.007030232343822718	0.0003829170891549438	0.0057422807440161705	0.8977741599082947	0.0040230113081634045	0.0008975544478744268
0.384	0.448	0.001303833443671465	0.0008554024971090257	0.0013525066897273064	0.013483363203704357	0.006417626049369574	0.0003807583125308156	0.004159434232860804	0.8977741599082947	0.0040230113081634045	0.0008887842413969338
0.448	0.512	0.0015148217789828777	0.0008554024971090257	0.0013525066897273064	0.024585675448179245	0.00598631426692009	0.0003584462101571262	0.00396058801561594	0.8965712785720825	0.0040230113081634045	0.0008457030053250492
0.512	0.576	0.0015148217789828777	0.0010061182547360659	0.0013210204197093844	0.02972760610282421	0.005811638664454222	0.0003502822946757078	0.003589003812521696	0.8933797478675842	0.003884710604324937	0.0007848514360375702
