onset	offset	Alarm_bell_ringing	Blender	Cat	Dishes	Dog	Electric_shaver_toothbrush	Frying	Running_water	Speech	Vacuum_cleaner
0.0	0.064	0.0006722573307342827	0.001525208237580955	0.05620818957686424	0.00600699707865715	0.0026216779369860888	0.0010045866947621107	0.0029286486096680164	0.0028148149140179157	0.1962074339389801	0.0021426016464829445
0.064	0.128	0.0006722573307342827	0.001525208237580955	0.05620818957686424	0.00600699707865715	0.0026216779369860888	0.0010145395062863827	0.0029286486096680164	0.0028148149140179157	0.1962074339389801	0.002229661215096712
0.128	0.192	0.0006213472224771976	0.0016336333937942982	0.0703858882188797	0.005198119208216667	0.002935461001470685	0.0010145395062863827	0.0029286486096680164	0.0028148149140179157	0.22959204018115997	0.002229661215096712
0.192	0.256	0.0005784966051578522	0.0020962439011782408	0.0703858882188797	0.004545880947262049	0.0036588902585208416	0.0010145395062863827	0.0028797893319278955	0.0028148149140179157	0.3132734000682831	0.0021426016464829445
0.256	0.32	0.0005442529800347984	0.0022940384224057198	0.0703858882188797	0.004004001617431641	0.004684929735958576	0.0010045866947621107	0.00280940905213356	0.0028148149140179157	0.42672497034072876	0.002105593215674162
0.32	0.384	0.0005238211015239358	0.0022940384224057198	0.0703858882188797	0.00398264080286026	0.004684929735958576	0.0010045866947621107	0.0028068397659808397	0.002716531278565526	0.42672497034072876	0.0021426016464829445
0.384	0.448	0.0005099425907246768	0.0022940384224057198	0.0579337514936924	0.003920387011021376	0.004684929735958576	0.0009993984131142497	0.0027049011550843716	0.002716531278565526	0.42672497034072876	0.002031167736276984
0.448	0.512	0.0004431724373716861	0.0022940384224057198	0.046218063682317734	0.0036575000267475843	0.004684929735958576	0.000755435845348984	0.0023661116138100624	0.002716531278565526	0.42672497034072876	0.001814486226066947
0.512	0.576	0.0003835434326902032	0.0010649109026417136	0.03571149334311485	0.002561955014243722	0.004339900333434343	0.00045059682452119887	0.001532097696326673	0.002716531278565526	0.22632819414138794	0.001797350705601275
