onset	offset	Alarm_bell_ringing	Blender	Cat	Dishes	Dog	Electric_shaver_toothbrush	Frying	Running_water	Speech	Vacuum_cleaner
0.0	0.064	0.004465940874069929	0.0024743350222706795	0.0013051715213805437	0.02331499569118023	0.005858913995325565	0.0005361450603231788	0.0068383123725652695	0.0023139920085668564	0.0034561813808977604	0.0013275651726871729
0.064	0.128	0.004465940874069929	0.0024743350222706795	0.0013051715213805437	0.02331499569118023	0.005858913995325565	0.0005361450603231788	0.0068383123725652695	0.0023139920085668564	0.0034561813808977604	0.0013275651726871729
0.128	0.192	0.003255549119785428	0.0022443474736064672	0.0011498015373945236	0.020134752616286278	0.0051238988526165485	0.0004420315381139517	0.006647838279604912	0.0021151024848222733	0.002980569377541542	0.0012689305003732443
0.192	0.256	0.0025582462549209595	0.001960538560524583	0.0011498015373945236	0.01580653339624405	0.0051238988526165485	0.0003778775571845472	0.006202799268066883	0.0019343391759321094	0.0029610644560307264	0.0012227422557771206
0.256	0.32	0.0023428048007190228	0.001960538560524583	0.0011498015373945236	0.01580653339624405	0.0051238988526165485	0.0003312246117275208	0.005842242855578661	0.0016036335146054626	0.0029610644560307264	0.0010857845190912485
0.32	0.384	0.0019352553645148873	0.001960538560524583	0.0011498015373945236	0.01580653339624405	0.0051238988526165485	0.0003312246117275208	0.005842242855578661	0.0016036335146054626	0.0029610644560307264	0.0010857845190912485
0.384	0.448	0.0018632910214364529	0.001960538560524583	0.0013254244113340974	0.01580653339624405	0.006667298264801502	0.0003312246117275208	0.005842242855578661	0.0016036335146054626	0.0029610644560307264	0.0010857845190912485
0.448	0.512	0.0016696903621777892	0.0020489536691457033	0.0013876045122742653	0.017840372398495674	0.021145612001419067	0.0003312246117275208	0.005842242855578661	0.0016036335146054626	0.004834277555346489	0.0010857845190912485
0.512	0.576	0.0014993735821917653	0.004845418501645327	0.0014213590184226632	0.04275653138756752	0.11137010902166367	0.0004902742803096771	0.005842242855578661	0.001668892684392631	0.0055284807458519936	0.0012191502610221505
