onset	offset	Alarm_bell_ringing	Blender	Cat	Dishes	Dog	Electric_shaver_toothbrush	Frying	Running_water	Speech	Vacuum_cleaner
0.0	0.064	0.0014327766839414835	0.001270104548893869	0.0003934776468668133	0.08821042627096176	0.0010632991325110197	0.00024388538440689445	0.07821429520845413	0.0008262654882855713	0.006998723838478327	0.0009325063438154757
0.064	0.128	0.0014327766839414835	0.001270104548893869	0.0003934776468668133	0.08821042627096176	0.0010632991325110197	0.00024388538440689445	0.07837724685668945	0.0008262654882855713	0.006998723838478327	0.0009325063438154757
0.128	0.192	0.001205970998853445	0.0009660309879109263	0.0003934776468668133	0.06152404844760895	0.0007462070789188147	0.00023653669632039964	0.07913140952587128	0.0006842854782007635	0.005062372889369726	0.0008569590863771737
0.192	0.256	0.0008187395287677646	0.0007495046593248844	0.0003934776468668133	0.06152404844760895	0.0007462070789188147	0.00023653669632039964	0.07913140952587128	0.0005847697611898184	0.004876722581684589	0.0007024629157967865
0.256	0.32	0.0008187395287677646	0.0007495046593248844	0.0003934776468668133	0.06152404844760895	0.0007462070789188147	0.00023653669632039964	0.07913140952587128	0.0005847697611898184	0.004876722581684589	0.0005198578000999987
0.32	0.384	0.0008187395287677646	0.0007495046593248844	0.0004918311024084687	0.06152404844760895	0.0007462070789188147	0.00023653669632039964	0.08827149868011475	0.0005847697611898184	0.004876722581684589	0.00047469924902543426
0.384	0.448	0.0008187395287677646	0.0007495046593248844	0.0007792534888722003	0.13316994905471802	0.0009333227062597871	0.0002687927335500717	0.10857436060905457	0.0005847697611898184	0.004876722581684589	0.0004483329248614609
0.448	0.512	0.0024875220842659473	0.0014740832848474383	0.00154385797213763	0.7429261803627014	0.002094125375151634	0.0003601612988859415	0.1507042497396469	0.0008892056648619473	0.009809145703911781	0.0004317662678658962
0.512	0.576	0.00382045260630548	0.0019505973905324936	0.0016625005519017577	0.9411236643791199	0.0025677031371742487	0.0003601612988859415	0.15228043496608734	0.0012960105668753386	0.010749274864792824	0.00040335909579880536
