onset	offset	Alarm_bell_ringing	Blender	Cat	Dishes	Dog	Electric_shaver_toothbrush	Frying	Running_water	Speech	Vacuum_cleaner
0.0	0.064	0.016374975442886353	0.0031658541411161423	0.0029765476938337088	0.009683476760983467	0.4136938750743866	0.0011816347250714898	0.001286233658902347	0.007317899726331234	0.7503527998924255	0.003201644867658615
0.064	0.128	0.016374975442886353	0.0031658541411161423	0.0028762933798134327	0.009683476760983467	0.4136938750743866	0.0011816347250714898	0.001286233658902347	0.007317899726331234	0.726557731628418	0.003201644867658615
0.128	0.192	0.012863081879913807	0.0028219709638506174	0.0028762933798134327	0.008322017267346382	0.2791101038455963	0.0011428969446569681	0.0008629234507679939	0.0056174760684370995	0.726557731628418	0.002270315308123827
0.192	0.256	0.009964642114937305	0.0022390575613826513	0.0025517086032778025	0.006612929981201887	0.2791101038455963	0.0010739312274381518	0.000536892912350595	0.0034616265911608934	0.6543456315994263	0.0016996257472783327
0.256	0.32	0.00866739358752966	0.0012961976462975144	0.0015911584487184882	0.0033862877171486616	0.22141911089420319	0.0006833447841927409	0.0003594850131776184	0.002104459097608924	0.41710570454597473	0.0014324670191854239
0.32	0.384	0.00822556484490633	0.0009068979416042566	0.0015911584487184882	0.0033862877171486616	0.1333140879869461	0.000455710367532447	0.0003283049736637622	0.001608631806448102	0.41710570454597473	0.00120255327783525
0.384	0.448	0.00822556484490633	0.0009068979416042566	0.0015911584487184882	0.0033862877171486616	0.1333140879869461	0.0004404786159284413	0.0003283049736637622	0.001608631806448102	0.41710570454597473	0.0011853956384584308
0.448	0.512	0.00822556484490633	0.0009068979416042566	0.0015911584487184882	0.0033862877171486616	0.1333140879869461	0.00041710876394063234	0.0003283049736637622	0.001608631806448102	0.41710570454597473	0.0010974862379953265
0.512	0.576	0.00822556484490633	0.0009068979416042566	0.0019886919762939215	0.003402180504053831	0.1333140879869461	0.00041710876394063234	0.0003283049736637622	0.001608631806448102	0.509942889213562	0.00089881761232391
