onset	offset	Alarm_bell_ringing	Blender	Cat	Dishes	Dog	Electric_shaver_toothbrush	Frying	Running_water	Speech	Vacuum_cleaner
0.0	0.064	0.0018461172003298998	0.002938461722806096	0.001860479242168367	0.0018128614174202085	0.050496656447649	0.0004023855144623667	0.0009930506348609924	0.0020648716017603874	0.00942878145724535	0.0247198436409235
0.064	0.128	0.0018461172003298998	0.003761307569220662	0.001860479242168367	0.0018128614174202085	0.050496656447649	0.0005125759053044021	0.0009930506348609924	0.0021420391276478767	0.013339712284505367	0.025779930874705315
0.128	0.192	0.0018999911844730377	0.003761307569220662	0.0018727871356531978	0.0018128614174202085	0.0794496163725853	0.0005769288982264698	0.0009930506348609924	0.0022527805995196104	0.013339712284505367	0.025779930874705315
0.192	0.256	0.0018461172003298998	0.004866264760494232	0.002407053718343377	0.0017595499521121383	0.27382707595825195	0.0005769288982264698	0.0008533818763680756	0.0021420391276478767	0.01350423414260149	0.0247198436409235
0.256	0.32	0.0017910858150571585	0.004866264760494232	0.002407053718343377	0.0016661635600030422	0.8168165683746338	0.0005769288982264698	0.0008005304844118655	0.0020648716017603874	0.018331123515963554	0.02234286069869995
0.32	0.384	0.001776251127012074	0.004866264760494232	0.002407053718343377	0.0013515938771888614	0.9228535890579224	0.0005769288982264698	0.0006874097744002938	0.0019265366718173027	0.018331123515963554	0.019192278385162354
0.384	0.448	0.001776251127012074	0.004866264760494232	0.002407053718343377	0.0012278733775019646	0.9228535890579224	0.0005769288982264698	0.0006178301409818232	0.001528930733911693	0.018331123515963554	0.016224373131990433
0.448	0.512	0.001776251127012074	0.00416517024859786	0.002123907906934619	0.0009859809651970863	0.9228535890579224	0.0005769288982264698	0.0006062365719117224	0.001245821826159954	0.018331123515963554	0.015307346358895302
0.512	0.576	0.001776251127012074	0.0038233648519963026	0.001968611031770706	0.0008588015916757286	0.9228535890579224	0.0004673193034250289	0.0005662905750796199	0.0011463970877230167	0.017842989414930344	0.015307346358895302
