onset	offset	Alarm_bell_ringing	Blender	Cat	Dishes	Dog	Electric_shaver_toothbrush	Frying	Running_water	Speech	Vacuum_cleaner
0.0	0.064	0.001041710958816111	0.00612199492752552	0.20770201086997986	0.009533347561955452	0.17507143318653107	0.0008383159292861819	0.0014547581085935235	0.005189257208257914	0.008632201701402664	0.002014526166021824
0.064	0.128	0.001041710958816111	0.00612199492752552	0.20625832676887512	0.009533347561955452	0.16784940659999847	0.0008383159292861819	0.0014376958133652806	0.005189257208257914	0.008632201701402664	0.002014526166021824
0.128	0.192	0.0009036361007019877	0.00580314826220274	0.20625832676887512	0.007777348626405001	0.16784940659999847	0.0007507430855184793	0.0014376958133652806	0.004005477298051119	0.0076048364862799644	0.002014526166021824
0.192	0.256	0.0007859837496653199	0.004960799589753151	0.18781651556491852	0.005738454405218363	0.16500848531723022	0.0007157090003602207	0.0014035518979653716	0.0034552980214357376	0.00640325341373682	0.001981394598260522
0.256	0.32	0.0006796410889364779	0.0033056631218641996	0.14642934501171112	0.0041774665005505085	0.14426305890083313	0.0005810113507322967	0.0011633408721536398	0.003032688284292817	0.005076131317764521	0.001953889150172472
0.32	0.384	0.0005855276831425726	0.0022376400884240866	0.11120521277189255	0.0034679356031119823	0.1131223663687706	0.0005101489368826151	0.000848641328047961	0.002321563893929124	0.004359409213066101	0.001910532359033823
0.384	0.448	0.0004191773186903447	0.0015389103209599853	0.08106902241706848	0.0028152447193861008	0.0793115571141243	0.00043621231452561915	0.0005895168869756162	0.0017571428325027227	0.004017726052552462	0.0018630560953170061
0.448	0.512	0.00039454083889722824	0.0013633279595524073	0.07731244713068008	0.0025545023381710052	0.06689126789569855	0.0003756970982067287	0.0005268992390483618	0.0016353600658476353	0.003842591308057308	0.0015757319051772356
0.512	0.576	0.0003860056458506733	0.001177916070446372	0.06650713831186295	0.0022887929808348417	0.04579112306237221	0.0003286766877863556	0.000512049940880388	0.001589567051269114	0.003534868359565735	0.0012308447621762753
