onset	offset	Alarm_bell_ringing	Blender	Cat	Dishes	Dog	Electric_shaver_toothbrush	Frying	Running_water	Speech	Vacuum_cleaner
0.0	0.064	0.008196390233933926	0.0027971684467047453	0.003221806138753891	0.04748502001166344	0.004910146817564964	0.010436740703880787	0.8926432728767395	0.002057189354673028	0.9741953611373901	0.005381815601140261
0.064	0.128	0.008196390233933926	0.0027971684467047453	0.003221806138753891	0.04748502001166344	0.004910146817564964	0.010436740703880787	0.8926432728767395	0.002057189354673028	0.9738579392433167	0.005381815601140261
0.128	0.192	0.007269577588886023	0.002526720054447651	0.0028152221348136663	0.044783443212509155	0.004483827389776707	0.009757468476891518	0.9030440449714661	0.0018961906898766756	0.9718068838119507	0.004556420724838972
0.192	0.256	0.006643302738666534	0.00225433730520308	0.0025090707931667566	0.04341575503349304	0.0041791037656366825	0.00905661191791296	0.910764753818512	0.0018125836504623294	0.9718068838119507	0.00411255145445466
0.256	0.32	0.0061637177132070065	0.0020858789794147015	0.002276710933074355	0.04341575503349304	0.0038280298467725515	0.008601979352533817	0.9175724387168884	0.0017517036758363247	0.9718068838119507	0.00389823573641479
0.32	0.384	0.0061637177132070065	0.0018241779180243611	0.002276710933074355	0.04341575503349304	0.0034881981555372477	0.008266948163509369	0.9183907508850098	0.0017143280711025	0.9700171947479248	0.0036398046649992466
0.384	0.448	0.0057889423333108425	0.0018241779180243611	0.002276710933074355	0.04313554987311363	0.0034881981555372477	0.007339282892644405	0.9184356331825256	0.001709901262074709	0.9674966335296631	0.0033764182589948177
0.448	0.512	0.005630523897707462	0.00176715524867177	0.002276710933074355	0.04313554987311363	0.0034881981555372477	0.006963835563510656	0.9207156300544739	0.0017079690005630255	0.9674966335296631	0.0032390316482633352
0.512	0.576	0.005362609401345253	0.00176715524867177	0.002304736990481615	0.04194136708974838	0.0034881981555372477	0.006908861454576254	0.9218114018440247	0.0017079690005630255	0.9674966335296631	0.003110740799456835
