onset	offset	Alarm_bell_ringing	Blender	Cat	Dishes	Dog	Electric_shaver_toothbrush	Frying	Running_water	Speech	Vacuum_cleaner
0.0	0.064	0.0011143336305394769	0.0010626829462125897	0.0008596546831540763	0.09738067537546158	0.0005222840700298548	0.0010417120065540075	0.9559882879257202	0.0016043076757341623	0.005297807045280933	0.0030160201713442802
0.064	0.128	0.0011143336305394769	0.0010626829462125897	0.0009985769866034389	0.09738067537546158	0.0005222840700298548	0.0010417120065540075	0.9559882879257202	0.0016043076757341623	0.005297807045280933	0.0030160201713442802
0.128	0.192	0.0007296159164980054	0.0010626829462125897	0.0012626383686438203	0.10474061220884323	0.0005222840700298548	0.0008711701957508922	0.9589299559593201	0.0013350199442356825	0.004736290313303471	0.0024423643480986357
0.192	0.256	0.0007296159164980054	0.0010302936425432563	0.0012626383686438203	0.10474061220884323	0.0005222840700298548	0.0008156313560903072	0.9623187780380249	0.0012328635202720761	0.004724199417978525	0.002366006840020418
0.256	0.32	0.0006612558499909937	0.0008832570747472346	0.0012626383686438203	0.10474061220884323	0.00047996544162742794	0.000810846162494272	0.9637952446937561	0.0012018185807392001	0.004588372074067593	0.0023061276879161596
0.32	0.384	0.000625911692623049	0.0008534135995432734	0.0012830402702093124	0.14220194518566132	0.00042880725231952965	0.0007988502620719373	0.9637952446937561	0.0011456977808848023	0.004506430588662624	0.002233467297628522
0.384	0.448	0.0006220286013558507	0.0008534135995432734	0.001468028873205185	0.1606454849243164	0.00047996544162742794	0.0007988502620719373	0.9637952446937561	0.0011456977808848023	0.004506430588662624	0.002233467297628522
0.448	0.512	0.000625911692623049	0.0010302936425432563	0.0015024406602606177	0.1665520817041397	0.000511534046381712	0.0007988502620719373	0.963849663734436	0.0011456977808848023	0.004724199417978525	0.0023061276879161596
0.512	0.576	0.000625911692623049	0.0010685346787795424	0.0015024406602606177	0.17549002170562744	0.000514896004460752	0.0007988502620719373	0.9637952446937561	0.0011456977808848023	0.004736290313303471	0.0023061276879161596
