onset	offset	Alarm_bell_ringing	Blender	Cat	Dishes	Dog	Electric_shaver_toothbrush	Frying	Running_water	Speech	Vacuum_cleaner
0.0	0.064	0.004658188670873642	0.0027027372270822525	0.003260544268414378	0.0010899511398747563	0.001995116239413619	0.0024221311323344707	0.0014663934707641602	0.005910072010010481	0.007468938361853361	0.9852889180183411
0.064	0.128	0.004658188670873642	0.0027027372270822525	0.003260544268414378	0.0010899511398747563	0.001995116239413619	0.0024221311323344707	0.0014663934707641602	0.005910072010010481	0.007468938361853361	0.9852889180183411
0.128	0.192	0.0027553101535886526	0.0018813476199284196	0.0024302746169269085	0.0007667902973480523	0.001923879492096603	0.0018185835797339678	0.0009708229335956275	0.004122306127101183	0.004515809938311577	0.9875926375389099
0.192	0.256	0.0023557832464575768	0.0014527051243931055	0.0020414860919117928	0.000643370090983808	0.0018993699923157692	0.0016193336341530085	0.0008371525909751654	0.0033030391205102205	0.0038828698452562094	0.9877177476882935
0.256	0.32	0.0021781618706882	0.001118822256103158	0.0019312009681016207	0.0006227419944480062	0.00179322250187397	0.0014782927464693785	0.0007228855974972248	0.0027208260726183653	0.0038236842956393957	0.9877177476882935
0.32	0.384	0.0019214346539229155	0.0009683491080068052	0.0018458438571542501	0.0006019687280058861	0.0017782400827854872	0.0013645015424117446	0.0006693074246868491	0.002386942273005843	0.0037951029371470213	0.9877177476882935
0.384	0.448	0.0016814209520816803	0.0008936316589824855	0.001707308110781014	0.0005802731029689312	0.0017826850526034832	0.0012743694242089987	0.0006568233948200941	0.0021683829836547375	0.003790472634136677	0.9877177476882935
0.448	0.512	0.0016200668178498745	0.000834164151456207	0.0016332321101799607	0.0005776555626653135	0.00179322250187397	0.001236734096892178	0.0006538024754263461	0.002046053996309638	0.003790472634136677	0.9875659346580505
0.512	0.576	0.0015959350857883692	0.0007878412143327296	0.0016332321101799607	0.0005776555626653135	0.00179322250187397	0.0012177256867289543	0.0006479312432929873	0.0019879171159118414	0.003790472634136677	0.9875596165657043
