onset	offset	Alarm_bell_ringing	Blender	Cat	Dishes	Dog	Electric_shaver_toothbrush	Frying	Running_water	Speech	Vacuum_cleaner
0.0	0.064	0.00048728729598224163	0.00024600757751613855	0.0005466316943056881	0.0007884721271693707	0.0005688588717021048	0.00013648002641275525	0.00043127266690135	0.0034145440440624952	0.0013581474777311087	0.00142414472065866
0.064	0.128	0.00048728729598224163	0.00024600757751613855	0.0005466316943056881	0.0007884721271693707	0.0005794178578071296	0.00013648002641275525	0.00043127266690135	0.0034145440440624952	0.0013581474777311087	0.00142414472065866
0.128	0.192	0.0004203072749078274	0.0002243838389404118	0.00048813415924087167	0.0007307034684345126	0.0005794178578071296	0.00013330619549378753	0.00038143969140946865	0.00300732534378767	0.0012339308159425855	0.0011184647446498275
0.192	0.256	0.0003982626076322049	0.00021047284826636314	0.00048067557509057224	0.0006832985091023147	0.0005728364340029657	0.0001326592464465648	0.00033799969241954386	0.00300732534378767	0.0012339308159425855	0.0009430682403035462
0.256	0.32	0.00039433385245501995	0.00019278310355730355	0.000469850841909647	0.0006340777035802603	0.0005715297302231193	0.00013220398977864534	0.0003188419505022466	0.00300732534378767	0.0012339308159425855	0.000832441495731473
0.32	0.384	0.00039076441316865385	0.00019276895909570158	0.00045609453809447587	0.0006139120669104159	0.0005715297302231193	0.0001316214766120538	0.0002986720355693251	0.00300732534378767	0.0012339308159425855	0.0007545925909653306
0.384	0.448	0.0003855986869893968	0.00019232486374676228	0.0004415207076817751	0.0005842983955517411	0.0005715297302231193	0.00013150231097824872	0.00028386819758452475	0.0030868863686919212	0.001241284771822393	0.0006977202137932181
0.448	0.512	0.00038190544000826776	0.00019088212866336107	0.00043679572991095483	0.0005486436421051621	0.0005647264188155532	0.00013053009752184153	0.00027461667195893824	0.003190796123817563	0.0013073979644104838	0.0006513473927043378
0.512	0.576	0.0003723213158082217	0.0001896447065519169	0.00043060939060524106	0.0005284617654979229	0.0005334250745363533	0.0001302390592172742	0.00025770204956643283	0.0032025182154029608	0.0013380571035668254	0.0005814063479192555
