onset	offset	Alarm_bell_ringing	Blender	Cat	Dishes	Dog	Electric_shaver_toothbrush	Frying	Running_water	Speech	Vacuum_cleaner
0.0	0.064	0.0012068185023963451	0.002457615453749895	0.003710466669872403	0.009792417287826538	0.6288713216781616	0.00043747806921601295	0.001327943871729076	0.004830457270145416	0.00683229137212038	0.003001993056386709
0.064	0.128	0.0013519851490855217	0.002457615453749895	0.003710466669872403	0.00959626492112875	0.6288713216781616	0.0004852867277804762	0.001327943871729076	0.004830457270145416	0.007373035419732332	0.003001993056386709
0.128	0.192	0.0013519851490855217	0.002517184941098094	0.004173112567514181	0.00959626492112875	0.7934845089912415	0.0005445170099847019	0.0013118390925228596	0.004500212147831917	0.007823510095477104	0.0027420746628195047
0.192	0.256	0.0012068185023963451	0.002517184941098094	0.004173112567514181	0.007695537991821766	0.9573678374290466	0.000544367590919137	0.0011665434576570988	0.004479978699237108	0.007823510095477104	0.0025373357348144054
0.256	0.32	0.001161973224952817	0.002517184941098094	0.004338417202234268	0.004970313515514135	0.9764675498008728	0.0004852867277804762	0.0008705208892934024	0.0031558750197291374	0.007574404589831829	0.0018280926160514355
0.32	0.384	0.0011699236929416656	0.002517184941098094	0.004338417202234268	0.003739802399650216	0.9809550642967224	0.0004852867277804762	0.0005793416639789939	0.002664744621142745	0.007574404589831829	0.001661420799791813
0.384	0.448	0.0011699236929416656	0.002404952421784401	0.004338417202234268	0.00292096845805645	0.9809550642967224	0.0004852867277804762	0.0004761886957567185	0.0020745580550283194	0.007574404589831829	0.0014752693241462111
0.448	0.512	0.001161973224952817	0.0018629186088219285	0.004149355459958315	0.0025923498906195164	0.9809550642967224	0.00045794472680427134	0.00044471301953308284	0.0016990004805848002	0.007574404589831829	0.0011637582210823894
0.512	0.576	0.0011391767766326666	0.001555824070237577	0.003763600718230009	0.002470063976943493	0.9809550642967224	0.0004174415080342442	0.0004262158181518316	0.0013906427193433046	0.0069574411027133465	0.000979810836724937
