onset	offset	Alarm_bell_ringing	Blender	Cat	Dishes	Dog	Electric_shaver_toothbrush	Frying	Running_water	Speech	Vacuum_cleaner
0.0	0.064	0.004683173727244139	0.0026228614151477814	0.0015629059635102749	0.1372508406639099	0.0008449607412330806	0.0003469828807283193	0.003479114966467023	0.0078058745712041855	0.0225910022854805	0.0016790430527180433
0.064	0.128	0.004683173727244139	0.0025657950900495052	0.001548883505165577	0.10739001631736755	0.0008449607412330806	0.0003469828807283193	0.003479114966467023	0.007463702000677586	0.0225910022854805	0.0016790430527180433
0.128	0.192	0.004306252114474773	0.0025657950900495052	0.001548883505165577	0.07673726230859756	0.0007478640181943774	0.0003108329838141799	0.0030296375043690205	0.007463702000677586	0.0216569434851408	0.0014102604473009706
0.192	0.256	0.0034467147197574377	0.0019883031491190195	0.0008676056168042123	0.07673726230859756	0.0006394488736987114	0.000281367712887004	0.0029092293698340654	0.006956393830478191	0.01563926599919796	0.0012950869277119637
0.256	0.32	0.0028204594273120165	0.0014500098768621683	0.0006014867103658617	0.03642828017473221	0.0004585418791975826	0.0002135932445526123	0.0029092293698340654	0.005588403902947903	0.008856245316565037	0.0010747172636911273
0.32	0.384	0.0020607684273272753	0.001152262557297945	0.0005620912997983396	0.02934722788631916	0.00041327846702188253	0.0001813757116906345	0.0029092293698340654	0.005588403902947903	0.006638008169829845	0.0008956830715760589
0.384	0.448	0.0016075799940153956	0.001106499694287777	0.0005620912997983396	0.02934722788631916	0.00041327846702188253	0.0001813757116906345	0.0029092293698340654	0.005588403902947903	0.006247212179005146	0.0008956830715760589
0.448	0.512	0.001427450217306614	0.0010475373128429055	0.0005620912997983396	0.02523503638803959	0.00041327846702188253	0.00017677513824310154	0.003930238541215658	0.005588403902947903	0.006197367329150438	0.0008956830715760589
0.512	0.576	0.0012553882552310824	0.0009301951504312456	0.000546709808986634	0.024883635342121124	0.00041327846702188253	0.00017335113079752773	0.003930238541215658	0.005588403902947903	0.005506220273673534	0.0008556392858736217
