onset	offset	Alarm_bell_ringing	Blender	Cat	Dishes	Dog	Electric_shaver_toothbrush	Frying	Running_water	Speech	Vacuum_cleaner
0.0	0.064	0.0034765652380883694	0.00025440732133574784	0.00042881484841927886	0.0010633578058332205	0.0008450315217487514	0.0005571950459852815	0.00037914811400696635	0.0004576556384563446	0.011264856904745102	0.0005462546250782907
0.064	0.128	0.004946344997733831	0.00026066144346259534	0.00042881484841927886	0.0015633620787411928	0.0010186785366386175	0.0006211865111254156	0.000387596373911947	0.0005645969649776816	0.011264856904745102	0.0005462546250782907
0.128	0.192	0.006669136695563793	0.0003449817595537752	0.0005631240783259273	0.0016312770312651992	0.001372576574794948	0.0007481153006665409	0.000387596373911947	0.000625742832198739	0.014227580279111862	0.0005871321191079915
0.192	0.256	0.006669136695563793	0.0003449817595537752	0.0005631240783259273	0.0016312770312651992	0.001372576574794948	0.0007481153006665409	0.000387596373911947	0.000625742832198739	0.03415953740477562	0.0005871321191079915
0.256	0.32	0.009240522980690002	0.0003449817595537752	0.0005631240783259273	0.002881584921851754	0.0016255549853667617	0.0007481153006665409	0.000387596373911947	0.0007212723721750081	0.21136726438999176	0.0005871321191079915
0.32	0.384	0.014471356756985188	0.0005416666390374303	0.0008961704443208873	0.0050341784954071045	0.003260042518377304	0.0012789054308086634	0.000387596373911947	0.0009678316419012845	0.7491310834884644	0.0008881594403646886
0.384	0.448	0.026976488530635834	0.0007494217716157436	0.0008961704443208873	0.006853186525404453	0.005338678602129221	0.001900098635815084	0.000387596373911947	0.001417625229805708	0.921753466129303	0.0008881594403646886
0.448	0.512	0.03540705144405365	0.0009717991924844682	0.0008961704443208873	0.007988893426954746	0.007408047094941139	0.001900098635815084	0.0003732262412086129	0.0014927185839042068	0.921753466129303	0.0008881594403646886
0.512	0.576	0.03540705144405365	0.0010509314015507698	0.0008961704443208873	0.012152819894254208	0.010513623245060444	0.001900098635815084	0.00036933302180841565	0.0016615402419120073	0.921753466129303	0.0008881594403646886
