onset	offset	Alarm_bell_ringing	Blender	Cat	Dishes	Dog	Electric_shaver_toothbrush	Frying	Running_water	Speech	Vacuum_cleaner
0.0	0.064	0.00018446978356223553	0.00015126490325201303	0.0010597293730825186	0.0005559921846725047	0.0004040625935886055	7.6526019256562e-05	0.0009076413698494434	0.0037926912773400545	0.0016684994334354997	0.000666056468617171
0.064	0.128	0.00018446978356223553	0.00015126490325201303	0.0010597293730825186	0.0005559921846725047	0.0004040625935886055	7.6526019256562e-05	0.0009076413698494434	0.0037926912773400545	0.0016684994334354997	0.000666056468617171
0.128	0.192	0.00016113228048197925	0.0001379294990329072	0.001044853706844151	0.00047114474000409245	0.0004056422330904752	7.09945525159128e-05	0.000773697451222688	0.003181752748787403	0.0015689991414546967	0.0005509352195076644
0.192	0.256	0.0001514171453891322	0.00013190406025387347	0.0010307501070201397	0.0004587744770105928	0.0004040625935886055	6.833131919847801e-05	0.0007164347916841507	0.0029173986986279488	0.0014941521221771836	0.00048277355381287634
0.256	0.32	0.00014704299974255264	0.0001276228140341118	0.0010307501070201397	0.0004556761123239994	0.0004033694276586175	6.656623008893803e-05	0.0006854177918285131	0.0027241548523306847	0.0014197139535099268	0.00044170449837110937
0.32	0.384	0.00014643490430898964	0.0001248147600563243	0.0010307501070201397	0.00045085264719091356	0.0003982874914072454	6.444461178034544e-05	0.0006330798496492207	0.0026002181693911552	0.0013792600948363543	0.0004174844943918288
0.384	0.448	0.00014610603102482855	0.00012467546912375838	0.001038401504047215	0.000438384129665792	0.0004006212402600795	6.285982090048492e-05	0.0005771283176727593	0.0024970544036477804	0.0013658239040523767	0.0003945365024264902
0.448	0.512	0.0001451650750823319	0.00012396408419590443	0.001038401504047215	0.0004330446827225387	0.0004006212402600795	6.213421875145286e-05	0.0005480533582158387	0.0024360374081879854	0.0013550983276218176	0.00037509409594349563
0.512	0.576	0.0001441110944142565	0.00012233371671754867	0.001060104463249445	0.00043056326103396714	0.0004006212402600795	6.179515912663192e-05	0.0005343601806089282	0.0024058357812464237	0.0013453535502776504	0.00035780962207354605
