onset	offset	Alarm_bell_ringing	Blender	Cat	Dishes	Dog	Electric_shaver_toothbrush	Frying	Running_water	Speech	Vacuum_cleaner
0.0	0.064	0.011789464391767979	0.6533332467079163	0.001931617152877152	0.03385147452354431	0.003259481629356742	0.006320908199995756	0.004406861029565334	0.0054739839397370815	0.07434697449207306	0.0627836212515831
0.064	0.128	0.011789464391767979	0.6533332467079163	0.001987484749406576	0.03385147452354431	0.003259481629356742	0.006167661864310503	0.004406861029565334	0.0054739839397370815	0.07434697449207306	0.06236875802278519
0.128	0.192	0.011117498390376568	0.7409869432449341	0.001987484749406576	0.03385147452354431	0.0027623246423900127	0.006167661864310503	0.004406861029565334	0.0054739839397370815	0.06284302473068237	0.06236875802278519
0.192	0.256	0.010825712233781815	0.8003706336021423	0.001931617152877152	0.03385147452354431	0.002428097650408745	0.006068921182304621	0.0042544519528746605	0.0054739839397370815	0.05222950130701065	0.06205543503165245
0.256	0.32	0.010271186009049416	0.8272619843482971	0.0018335790373384953	0.03385147452354431	0.0021032257936894894	0.005513617768883705	0.00423869164660573	0.0054739839397370815	0.04517873749136925	0.0565987266600132
0.32	0.384	0.00861072726547718	0.8272619843482971	0.0016923710936680436	0.031162815168499947	0.0016728456830605865	0.005490302573889494	0.00423869164660573	0.005079311318695545	0.04517873749136925	0.0542859211564064
0.384	0.448	0.005194246768951416	0.8371616005897522	0.001599848154000938	0.022205349057912827	0.0016073441365733743	0.0047728391364216805	0.00423869164660573	0.00460817851126194	0.04517873749136925	0.0540364608168602
0.448	0.512	0.0034933830611407757	0.8411040306091309	0.001599848154000938	0.019024264067411423	0.0016073441365733743	0.004497429821640253	0.00423869164660573	0.004222030285745859	0.04517873749136925	0.05289372429251671
0.512	0.576	0.0026209172792732716	0.844138503074646	0.001599848154000938	0.01883077807724476	0.0016073441365733743	0.004497429821640253	0.004321365151554346	0.004182879347354174	0.04886810854077339	0.052135951817035675
