onset	offset	Alarm_bell_ringing	Blender	Cat	Dishes	Dog	Electric_shaver_toothbrush	Frying	Running_water	Speech	Vacuum_cleaner
0.0	0.064	0.0006841534632258117	0.00019903844804503024	0.0006473356042988598	0.0017652272945269942	0.0015242942608892918	0.00029499788070097566	0.0012326267315074801	0.0006494778790511191	0.0033310430590063334	0.0010257067624479532
0.064	0.128	0.0006841534632258117	0.00019903844804503024	0.0006473356042988598	0.0017652272945269942	0.0017153010703623295	0.00029499788070097566	0.0012326267315074801	0.0006494778790511191	0.003480358514934778	0.0010257067624479532
0.128	0.192	0.0005767291295342147	0.00016179167141672224	0.0005875721108168364	0.0013098015915602446	0.0017320482293143868	0.000250873010372743	0.0010546568082645535	0.000597844016738236	0.003893492743372917	0.0008627245551906526
0.192	0.256	0.0005516833043657243	0.00015081929450388998	0.0005875721108168364	0.0012803705176338553	0.0017320482293143868	0.00023716877331025898	0.0009758622036315501	0.0005525213200598955	0.003893492743372917	0.0007616179063916206
0.256	0.32	0.0005109651247039437	0.0001442038919776678	0.0005875721108168364	0.0012803705176338553	0.0017320482293143868	0.0002346015244256705	0.0008966646273620427	0.000516348285600543	0.003893492743372917	0.0006537510780617595
0.32	0.384	0.0005109651247039437	0.00013866310473531485	0.0005875721108168364	0.0012803705176338553	0.0018316898494958878	0.00022735228412784636	0.0008277299930341542	0.0004796368011739105	0.00425355089828372	0.0005777235492132604
0.384	0.448	0.0005109651247039437	0.00013469922123476863	0.0005911914049647748	0.0012803705176338553	0.0020529364701360464	0.00022735228412784636	0.0007723162416368723	0.0004796368011739105	0.004586405586451292	0.0005257850280031562
0.448	0.512	0.0005109651247039437	0.00013469922123476863	0.0006106441142037511	0.001308215083554387	0.002351163886487484	0.00022735228412784636	0.0007559482473880053	0.0004796368011739105	0.0049945698119699955	0.0004871110722888261
0.512	0.576	0.000518023909535259	0.00013469922123476863	0.0006402513827197254	0.0014031730825081468	0.0028639608062803745	0.00022735228412784636	0.0007559482473880053	0.0004796368011739105	0.005493571516126394	0.00046204146929085255
