onset	offset	Alarm_bell_ringing	Blender	Cat	Dishes	Dog	Electric_shaver_toothbrush	Frying	Running_water	Speech	Vacuum_cleaner
0.0	0.064	0.0012332844780758023	0.00029985923902131617	0.0018659132765606046	0.0017333726864308119	0.017775235697627068	0.0002464251883793622	0.00058890221407637	0.0010561072267591953	0.00261899596080184	0.001523840008303523
0.064	0.128	0.0013103766832500696	0.00029985923902131617	0.0018659132765606046	0.0017333726864308119	0.021890392526984215	0.0002464251883793622	0.0005819119396619499	0.0010561072267591953	0.00261899596080184	0.001523840008303523
0.128	0.192	0.0013103766832500696	0.0002528143231756985	0.0021610732655972242	0.0013935872120782733	0.022266121581196785	0.0002299910265719518	0.0005819119396619499	0.0010561072267591953	0.002273085294291377	0.0014632096281275153
0.192	0.256	0.0012767603620886803	0.00021986383944749832	0.0029084328562021255	0.0011862117098644376	0.022266121581196785	0.0002299910265719518	0.0005651272367686033	0.0010561072267591953	0.0021498287096619606	0.0014172514202073216
0.256	0.32	0.0012767603620886803	0.00021986383944749832	0.0034857753198593855	0.0011862117098644376	0.02444872260093689	0.0002299910265719518	0.0005182343302294612	0.0010561072267591953	0.0021498287096619606	0.0013552370946854353
0.32	0.384	0.0013103766832500696	0.00021986383944749832	0.0045911348424851894	0.0011862117098644376	0.029134303331375122	0.0002299910265719518	0.0004891956923529506	0.0010603731498122215	0.0021498287096619606	0.0013187665026634932
0.384	0.448	0.001313593122176826	0.00019858806626871228	0.007106460630893707	0.0011862117098644376	0.04308932647109032	0.00025708929751999676	0.00048742970102466643	0.0012149839894846082	0.0020488316658884287	0.001318000489845872
0.448	0.512	0.0013645197032019496	0.00019206482102163136	0.016734767705202103	0.0012675195466727018	0.04308932647109032	0.00032537008519284427	0.00048609901568852365	0.0012776149669662118	0.002032653894275427	0.0013117090566083789
0.512	0.576	0.0016829152591526508	0.00018833036301657557	0.01997503824532032	0.0012675195466727018	0.04308932647109032	0.00034649958251975477	0.0004305564798414707	0.0012776149669662118	0.0020321751944720745	0.0009019660064950585
