onset	offset	Alarm_bell_ringing	Blender	Cat	Dishes	Dog	Electric_shaver_toothbrush	Frying	Running_water	Speech	Vacuum_cleaner
0.0	0.064	0.0040496597066521645	0.003827817039564252	0.0015440558781847358	0.08251280337572098	0.0037057632580399513	0.011032097972929478	0.9559165239334106	0.015742102637887	0.9804926514625549	0.007627268321812153
0.064	0.128	0.0040496597066521645	0.003827817039564252	0.0015440558781847358	0.08251280337572098	0.0037057632580399513	0.011032097972929478	0.9559165239334106	0.015742102637887	0.9804926514625549	0.007627268321812153
0.128	0.192	0.003278532763943076	0.002903386950492859	0.0013423555064946413	0.07358681410551071	0.0032719371374696493	0.009833755902945995	0.9619953632354736	0.013460130430758	0.982032060623169	0.006004677154123783
0.192	0.256	0.0032402663491666317	0.0023144984152168036	0.001251692301593721	0.0686173364520073	0.003211525734513998	0.008625634014606476	0.9645549654960632	0.012632214464247227	0.9828035831451416	0.00548236770555377
0.256	0.32	0.0031299195252358913	0.0018999450840055943	0.0011785563547164202	0.06808436661958694	0.00317809684202075	0.007493291050195694	0.9659008979797363	0.01239633560180664	0.9828035831451416	0.005448693409562111
0.32	0.384	0.003066753502935171	0.0016416101716458797	0.0011481045512482524	0.06808436661958694	0.00317809684202075	0.006789700128138065	0.9680427312850952	0.012073123827576637	0.9828035831451416	0.005363349337130785
0.384	0.448	0.002992891240864992	0.001482425257563591	0.001136773033067584	0.06808436661958694	0.00317809684202075	0.006319587584584951	0.9703088402748108	0.01151337381452322	0.9828035831451416	0.005257165525108576
0.448	0.512	0.0028550594579428434	0.0013154015177860856	0.0011319315526634455	0.06778419017791748	0.00317809684202075	0.006041273940354586	0.9715757966041565	0.01096589956432581	0.9827471971511841	0.005233553238213062
0.512	0.576	0.0027328648138791323	0.0012412285432219505	0.001095259445719421	0.06417021155357361	0.0031553003937005997	0.005279933102428913	0.9740758538246155	0.010345646180212498	0.9784854054450989	0.005167544819414616
