onset	offset	Alarm_bell_ringing	Blender	Cat	Dishes	Dog	Electric_shaver_toothbrush	Frying	Running_water	Speech	Vacuum_cleaner
0.0	0.064	0.010499251075088978	0.005146579351276159	0.005012457258999348	0.008303510956466198	0.006629584357142448	0.0005959004047326744	0.003561747260391712	0.004018775653094053	0.7033344507217407	0.0024862836580723524
0.064	0.128	0.010499251075088978	0.005146579351276159	0.005012457258999348	0.008217493072152138	0.006629584357142448	0.0005959004047326744	0.003929531201720238	0.004018775653094053	0.7033344507217407	0.0024862836580723524
0.128	0.192	0.011049038730561733	0.004603585693985224	0.007975508458912373	0.008217493072152138	0.00818899367004633	0.0005959004047326744	0.004419939126819372	0.0037381432484835386	0.8115662336349487	0.002325786743313074
0.192	0.256	0.01162975374609232	0.004234421532601118	0.009411731734871864	0.006616869010031223	0.0092844907194376	0.0005959004047326744	0.004419939126819372	0.0033822061959654093	0.8115662336349487	0.002042217645794153
0.256	0.32	0.011667869053781033	0.0036961454898118973	0.009637574665248394	0.006616869010031223	0.009406340308487415	0.0005767362308688462	0.0048683504574000835	0.0031752956565469503	0.8179742097854614	0.0018848016625270247
0.32	0.384	0.011736025102436543	0.0036961454898118973	0.010525177232921124	0.006616869010031223	0.009536400437355042	0.0005767362308688462	0.005616615992039442	0.0028660029638558626	0.8222322463989258	0.0017225089250132442
0.384	0.448	0.013429771177470684	0.0036961454898118973	0.011902638711035252	0.006616869010031223	0.010044172406196594	0.00047737470595166087	0.005770373158156872	0.0027230214327573776	0.8222322463989258	0.0015552205732092261
0.448	0.512	0.01617511548101902	0.0036961454898118973	0.013803728856146336	0.008141044527292252	0.010344249196350574	0.0004479480267036706	0.006253932602703571	0.0026042365934699774	0.8179742097854614	0.0013936596224084496
0.512	0.576	0.017635399475693703	0.003561947029083967	0.013803728856146336	0.009657703340053558	0.010512284003198147	0.0004468502302188426	0.006603417452424765	0.0026042365934699774	0.8119702339172363	0.001362991752102971
