onset	offset	Alarm_bell_ringing	Blender	Cat	Dishes	Dog	Electric_shaver_toothbrush	Frying	Running_water	Speech	Vacuum_cleaner
0.0	0.064	0.0042482768185436726	0.002033752156421542	0.003439362160861492	0.010602109134197235	0.005159006454050541	0.0008652959368191659	0.0015617151511833072	0.0018950413214042783	0.00406373105943203	0.001078408327884972
0.064	0.128	0.0042482768185436726	0.002540792105719447	0.004190119449049234	0.010602109134197235	0.008135263808071613	0.0008652959368191659	0.0015617151511833072	0.0018950413214042783	0.004472214728593826	0.0013013596180826426
0.128	0.192	0.0042482768185436726	0.0026310535613447428	0.005242436192929745	0.015216005966067314	0.008135263808071613	0.0009100721799768507	0.0016298959963023663	0.0019385581836104393	0.005906746722757816	0.0013208625605329871
0.192	0.256	0.0035212093498557806	0.0026310535613447428	0.005242436192929745	0.015216005966067314	0.00819854624569416	0.0009100721799768507	0.0016298959963023663	0.0019385581836104393	0.005906746722757816	0.0013208625605329871
0.256	0.32	0.003317010123282671	0.007639759220182896	0.004190119449049234	0.016040755435824394	0.021770546212792397	0.0009100721799768507	0.0015617151511833072	0.0019385581836104393	0.008142477832734585	0.0025026940274983644
0.32	0.384	0.002660458441823721	0.05122101679444313	0.004190119449049234	0.029145583510398865	0.104159876704216	0.0010520466603338718	0.001494443858973682	0.0019385581836104393	0.01017044484615326	0.003533724695444107
0.384	0.448	0.002660458441823721	0.05122101679444313	0.004190119449049234	0.029145583510398865	0.104159876704216	0.0010520466603338718	0.001494443858973682	0.0019385581836104393	0.013247326016426086	0.003533724695444107
0.448	0.512	0.002660458441823721	0.05122101679444313	0.003930652979761362	0.029145583510398865	0.104159876704216	0.0010520466603338718	0.001494443858973682	0.0019385581836104393	0.016594883054494858	0.003533724695444107
0.512	0.576	0.0018484259489923716	0.05122101679444313	0.003152520628646016	0.029145583510398865	0.104159876704216	0.0010520466603338718	0.0010345806367695332	0.0016391074750572443	0.017698127776384354	0.003533724695444107
