onset	offset	Alarm_bell_ringing	Blender	Cat	Dishes	Dog	Electric_shaver_toothbrush	Frying	Running_water	Speech	Vacuum_cleaner
0.0	0.064	0.006572357378900051	0.9085544943809509	0.006048436276614666	0.012345178984105587	0.0020884789992123842	0.005142703652381897	0.007178668864071369	0.005212277173995972	0.011858120560646057	0.0432998351752758
0.064	0.128	0.006572357378900051	0.9085544943809509	0.006048436276614666	0.012345178984105587	0.0020884789992123842	0.005142703652381897	0.007178668864071369	0.005212277173995972	0.011858120560646057	0.0432998351752758
0.128	0.192	0.005864221137017012	0.9386579990386963	0.0053367470391094685	0.011457541026175022	0.002075951313599944	0.004548870492726564	0.007178668864071369	0.004864334594458342	0.010376619175076485	0.03457515314221382
0.192	0.256	0.005140171851962805	0.9474180340766907	0.005002797115594149	0.009664125740528107	0.002067944500595331	0.004053652286529541	0.007178668864071369	0.004739526193588972	0.009489723481237888	0.028750792145729065
0.256	0.32	0.004454309120774269	0.9474180340766907	0.004607240203768015	0.008268344216048717	0.0019879539031535387	0.003646591678261757	0.007099045906215906	0.004674719646573067	0.008868047036230564	0.028750792145729065
0.32	0.384	0.00399107625707984	0.9474180340766907	0.004159321542829275	0.0074219657108187675	0.0018594893626868725	0.0033866465091705322	0.007099045906215906	0.0044282772578299046	0.008300703950226307	0.028750792145729065
0.384	0.448	0.0037384594324976206	0.9474180340766907	0.0038375244475901127	0.006821893621236086	0.0016669671749696136	0.003250885521993041	0.006627426948398352	0.004124258179217577	0.007660152856260538	0.028750792145729065
0.448	0.512	0.003514152253046632	0.9418121576309204	0.00354782328940928	0.006678170524537563	0.001447108923457563	0.00324336183257401	0.00633956165984273	0.003869467880576849	0.007084527984261513	0.031022701412439346
0.512	0.576	0.0032343179918825626	0.9415177702903748	0.003385761519894004	0.006629848387092352	0.0012786315055564046	0.003226119326427579	0.00633956165984273	0.003738585626706481	0.006948959548026323	0.03168005868792534
