onset	offset	Alarm_bell_ringing	Blender	Cat	Dishes	Dog	Electric_shaver_toothbrush	Frying	Running_water	Speech	Vacuum_cleaner
0.0	0.064	0.0013739850837737322	0.0007949220598675311	0.002562492387369275	0.001994299702346325	0.005272013135254383	0.0005639069131575525	0.004670366179198027	0.0026269634254276752	0.003155957441776991	0.006774433888494968
0.064	0.128	0.0013739850837737322	0.0007949220598675311	0.0028432165272533894	0.001994299702346325	0.005272013135254383	0.0005639069131575525	0.004748315084725618	0.0026269634254276752	0.003155957441776991	0.006774433888494968
0.128	0.192	0.001039163558743894	0.0007949220598675311	0.003308231243863702	0.0017472751205787063	0.0045780823566019535	0.0005234460695646703	0.004748315084725618	0.0026269634254276752	0.003155957441776991	0.006265153642743826
0.192	0.256	0.0008675848366692662	0.0007949220598675311	0.003086126409471035	0.0017472751205787063	0.00436278386041522	0.0005234460695646703	0.0047334409318864346	0.0026215233374387026	0.003155957441776991	0.005896790884435177
0.256	0.32	0.0008335448219440877	0.0007949220598675311	0.002860395470634103	0.0017472751205787063	0.00436278386041522	0.0005136592080816627	0.0047334409318864346	0.0025819488801062107	0.003155957441776991	0.005896790884435177
0.32	0.384	0.0007878554752096534	0.0007959627546370029	0.003086126409471035	0.0017472751205787063	0.00436278386041522	0.0005128881894052029	0.0047334409318864346	0.0025769975036382675	0.0035880799405276775	0.005896790884435177
0.384	0.448	0.0007666755118407309	0.0008768404950387776	0.003242978360503912	0.0018103229813277721	0.00436278386041522	0.0005082233692519367	0.0047334409318864346	0.0025311196222901344	0.003838922595605254	0.005896790884435177
0.448	0.512	0.0007666755118407309	0.0009559746249578893	0.003308231243863702	0.0018897508271038532	0.006067388691008091	0.0005090169725008309	0.004704756196588278	0.002503877505660057	0.004107826389372349	0.006478343158960342
0.512	0.576	0.0007666755118407309	0.0009634593734517694	0.003369770711287856	0.0020479173399508	0.008313599973917007	0.0005128881894052029	0.0046843718737363815	0.0025007615331560373	0.0049605593085289	0.007056562229990959
