onset	offset	Alarm_bell_ringing	Blender	Cat	Dishes	Dog	Electric_shaver_toothbrush	Frying	Running_water	Speech	Vacuum_cleaner
0.0	0.064	0.0021784708369523287	0.006125860381871462	0.000754910463001579	0.0030502642039209604	0.0008208240615203977	0.0005136870895512402	0.000882517546415329	0.001647877972573042	0.011984049342572689	0.003089276375249028
0.064	0.128	0.0021784708369523287	0.006125860381871462	0.000754910463001579	0.0030502642039209604	0.0008208240615203977	0.0005136870895512402	0.000882517546415329	0.001647877972573042	0.011984049342572689	0.003089276375249028
0.128	0.192	0.001562295714393258	0.004392749164253473	0.0006458489806391299	0.002075142227113247	0.0006666615954600275	0.00044677185360342264	0.000712299020960927	0.0015233895974233747	0.00827301386743784	0.0027361949905753136
0.192	0.256	0.0011379116913303733	0.002916480414569378	0.0005487872404046357	0.0011472960468381643	0.0005927791935391724	0.00037159581552259624	0.0005917029920965433	0.001230646506883204	0.00474967435002327	0.0022446145303547382
0.256	0.32	0.0009548999951221049	0.002313606906682253	0.00046257246867753565	0.000696153671015054	0.000590493727941066	0.0003289218002464622	0.0005591047229245305	0.0010291599901393056	0.0036126200575381517	0.0018836358794942498
0.32	0.384	0.0008635946433059871	0.0019805715419352055	0.0004321010201238096	0.0005161847220733762	0.000590493727941066	0.0003120426263194531	0.0005548124318011105	0.00089687091531232	0.0030339774675667286	0.0016358544817194343
0.384	0.448	0.000781645008828491	0.001640868722461164	0.0004278571286704391	0.0005161847220733762	0.000590493727941066	0.0003120426263194531	0.0005192254320718348	0.000790571968536824	0.002550645498558879	0.0014719791943207383
0.448	0.512	0.000781645008828491	0.001640868722461164	0.00042610327363945544	0.0005161847220733762	0.000590493727941066	0.0003113490529358387	0.0004898402839899063	0.0006548292003571987	0.002550645498558879	0.0013210016768425703
0.512	0.576	0.000743828306440264	0.001640868722461164	0.0004255913372617215	0.0005161847220733762	0.000663620769046247	0.0003070807142648846	0.0004749961954075843	0.0005610820953734219	0.002550645498558879	0.0012507656356319785
