onset	offset	Alarm_bell_ringing	Blender	Cat	Dishes	Dog	Electric_shaver_toothbrush	Frying	Running_water	Speech	Vacuum_cleaner
0.0	0.064	0.0022495598532259464	0.02452760562300682	0.005242945626378059	0.09461271017789841	0.000715243979357183	0.0016686598537489772	0.014125533401966095	0.004599603824317455	0.005281361285597086	0.005233051721006632
0.064	0.128	0.0022495598532259464	0.02452760562300682	0.0051755099557340145	0.08453676849603653	0.000715243979357183	0.0016686598537489772	0.014125533401966095	0.0044056749902665615	0.005281361285597086	0.005233051721006632
0.128	0.192	0.0017624323954805732	0.023168817162513733	0.0051755099557340145	0.08453676849603653	0.0006118086748756468	0.0014825904509052634	0.01283278875052929	0.0044056749902665615	0.0048037804663181305	0.005233051721006632
0.192	0.256	0.0014168674824759364	0.021428538486361504	0.004931658506393433	0.07055658102035522	0.0005613684770651162	0.001285960664972663	0.011879153549671173	0.004261843394488096	0.00431367801502347	0.005128247197717428
0.256	0.32	0.0011607977794483304	0.018286067992448807	0.004274007864296436	0.03758981078863144	0.00046707550063729286	0.0010820244206115603	0.010470197536051273	0.003494935343042016	0.0038524691481143236	0.004811681807041168
0.32	0.384	0.0009845007443800569	0.012862724252045155	0.003067207057029009	0.01797843724489212	0.0003916603745892644	0.0009532837430015206	0.008601544424891472	0.0027155934367328882	0.00323619251139462	0.004381675273180008
0.384	0.448	0.0007608486339449883	0.007973656058311462	0.0018763720290735364	0.01104639284312725	0.0003677784698083997	0.0008782193181104958	0.00813980121165514	0.0022245212458074093	0.002771764062345028	0.004208648111671209
0.448	0.512	0.0007443083450198174	0.0062609100714325905	0.0015547859948128462	0.01104639284312725	0.0003348731261212379	0.0008309483528137207	0.008104279637336731	0.001987156691029668	0.0025071152485907078	0.0038466528058052063
0.512	0.576	0.0007443083450198174	0.0062609100714325905	0.0015547859948128462	0.01104639284312725	0.00033242799690924585	0.0007934546447359025	0.00769800366833806	0.0017754083964973688	0.002395541872829199	0.003666090313345194
