onset	offset	Alarm_bell_ringing	Blender	Cat	Dishes	Dog	Electric_shaver_toothbrush	Frying	Running_water	Speech	Vacuum_cleaner
0.0	0.064	0.0004982686368748546	0.0010325137991458178	0.0013031407725065947	0.0021576129365712404	0.003418221138417721	0.0007487447001039982	0.003959792200475931	0.8016102910041809	0.007714447565376759	0.010518872179090977
0.064	0.128	0.0005149494973011315	0.0010325137991458178	0.0013031407725065947	0.0021576129365712404	0.003793462412431836	0.0007487447001039982	0.003959792200475931	0.8016102910041809	0.00909541454166174	0.010518872179090977
0.128	0.192	0.0005149494973011315	0.0010325137991458178	0.0013031407725065947	0.0021576129365712404	0.003793462412431836	0.0008346237009391189	0.003959792200475931	0.9254836440086365	0.00909541454166174	0.010402441024780273
0.192	0.256	0.0004982686368748546	0.0010325137991458178	0.0012965432833880186	0.0017350600101053715	0.003759547835215926	0.0009560615289956331	0.0033974258694797754	0.9781249761581421	0.00977526418864727	0.008507045917212963
0.256	0.32	0.0004982686368748546	0.0009877975098788738	0.0011904757702723145	0.0017159773269668221	0.0036488929763436317	0.0009560615289956331	0.003278059186413884	0.9869439601898193	0.010556777939200401	0.005677556153386831
0.32	0.384	0.0005019423551857471	0.0009877975098788738	0.0009290733141824603	0.00144758855458349	0.0036488929763436317	0.0009560615289956331	0.0024931260850280523	0.9891208410263062	0.011232209391891956	0.003887603059411049
0.384	0.448	0.0005019423551857471	0.0007536098710261285	0.0007265249150805175	0.001216350239701569	0.0036488929763436317	0.0009560615289956331	0.0019928121473640203	0.9896689057350159	0.013903679326176643	0.0030990266241133213
0.448	0.512	0.0004998520598746836	0.0006512055406346917	0.0006252266466617584	0.001062374678440392	0.0033052938524633646	0.0009167739190161228	0.001690694480203092	0.9896689057350159	0.017452286556363106	0.0027431182097643614
0.512	0.576	0.0004982361570000648	0.000587147194892168	0.0005878435331396759	0.0009683093521744013	0.0028850561939179897	0.0008774431771598756	0.0014668055810034275	0.9896689057350159	0.019801072776317596	0.002502263290807605
