onset	offset	Alarm_bell_ringing	Blender	Cat	Dishes	Dog	Electric_shaver_toothbrush	Frying	Running_water	Speech	Vacuum_cleaner
0.0	0.064	0.0009784296853467822	0.0027431377675384283	0.007276180665940046	0.0617218017578125	0.023117030039429665	0.0030232982244342566	0.0028655517380684614	0.008037307299673557	0.008777017705142498	0.0016460786573588848
0.064	0.128	0.0009784296853467822	0.0027431377675384283	0.007276180665940046	0.055015500634908676	0.023117030039429665	0.0030232982244342566	0.0028655517380684614	0.008037307299673557	0.008777017705142498	0.0016460786573588848
0.128	0.192	0.0007434980943799019	0.0019348134519532323	0.0060541643761098385	0.055015500634908676	0.017839035019278526	0.0023146967869251966	0.002486248267814517	0.006957128178328276	0.008226914331316948	0.00131034420337528
0.192	0.256	0.0005984309245832264	0.0012712663738057017	0.0043275863863527775	0.038739319890737534	0.012910217046737671	0.0019034403376281261	0.0022012407425791025	0.00632680207490921	0.0069413199089467525	0.001075239502824843
0.256	0.32	0.00059516477631405	0.000945909705478698	0.003937465604394674	0.015464584343135357	0.008502446115016937	0.0015027811750769615	0.002086109248921275	0.005568870808929205	0.004962124861776829	0.0009153249557130039
0.32	0.384	0.0005725828814320266	0.0008098508114926517	0.0035706942435353994	0.009586199186742306	0.006684563122689724	0.0013212192570790648	0.001955996500328183	0.005329782608896494	0.003783844644203782	0.0008272103732451797
0.384	0.448	0.0004893316654488444	0.0006789008039049804	0.0032383971847593784	0.006999860052019358	0.005540130659937859	0.0011252622352913022	0.00191043212544173	0.004731347784399986	0.003228535410016775	0.0007740953005850315
0.448	0.512	0.0003793236392084509	0.0005565453902818263	0.0030735633336007595	0.005074530839920044	0.004735026974231005	0.0009722455288283527	0.0019022432388737798	0.004187846090644598	0.0029235442634671926	0.0007497782353311777
0.512	0.576	0.0002913928183261305	0.0004615385551005602	0.0030438052490353584	0.003831298556178808	0.0046177092008292675	0.0009517210419289768	0.0018644247902557254	0.0038057505153119564	0.0026981940027326345	0.0007441352936439216
