onset	offset	Alarm_bell_ringing	Blender	Cat	Dishes	Dog	Electric_shaver_toothbrush	Frying	Running_water	Speech	Vacuum_cleaner
0.0	0.064	0.0006090094102546573	0.0003223501262255013	0.00023735675495117903	0.011004230938851833	0.0014833438908681273	0.00029213164816610515	0.047686487436294556	0.0021949417423456907	0.006207392551004887	0.009181400761008263
0.064	0.128	0.0006090094102546573	0.0003223501262255013	0.00023735675495117903	0.011004230938851833	0.0014833438908681273	0.00029213164816610515	0.047686487436294556	0.0020920508541166782	0.005891775246709585	0.009181400761008263
0.128	0.192	0.00048207410145550966	0.0003015486872754991	0.00022438792802859098	0.009237781167030334	0.001302580931223929	0.00023904808040242642	0.03737068921327591	0.0020920508541166782	0.005891775246709585	0.0065937340259552
0.192	0.256	0.00045704966760240495	0.00029602344147861004	0.00022438792802859098	0.004428783897310495	0.0009653093293309212	0.0002077350945910439	0.0348941795527935	0.0015576991718262434	0.005891775246709585	0.005234532058238983
0.256	0.32	0.00037818370037712157	0.00019180000526830554	0.00022438792802859098	0.003081070724874735	0.000946275657042861	0.00018205959349870682	0.030676530674099922	0.0015576991718262434	0.005891775246709585	0.0038929819129407406
0.32	0.384	0.00037818370037712157	0.00019180000526830554	0.00022438792802859098	0.003081070724874735	0.000946275657042861	0.00018205959349870682	0.028668224811553955	0.0015576991718262434	0.006207392551004887	0.0038929819129407406
0.384	0.448	0.00037818370037712157	0.00019180000526830554	0.00024916339316405356	0.003081070724874735	0.000946275657042861	0.00018205959349870682	0.028668224811553955	0.0015576991718262434	0.007372431457042694	0.0038929819129407406
0.448	0.512	0.00037818370037712157	0.00019180000526830554	0.0002842676767613739	0.003081070724874735	0.000946275657042861	0.00018205959349870682	0.028668224811553955	0.0017163874581456184	0.018718577921390533	0.0038929819129407406
0.512	0.576	0.0004857625172007829	0.0002663087216205895	0.0004400372854433954	0.005630380008369684	0.001566159538924694	0.00020497424702625722	0.028668224811553955	0.002460661344230175	0.23766107857227325	0.004107987973839045
