onset	offset	Alarm_bell_ringing	Blender	Cat	Dishes	Dog	Electric_shaver_toothbrush	Frying	Running_water	Speech	Vacuum_cleaner
0.0	0.064	0.00041015257011167705	0.0002806355187203735	0.0012060456210747361	0.000598807237111032	0.0004974583280272782	0.000161020623636432	0.0003176065511070192	0.006190219894051552	0.0035707755014300346	0.0010372288525104523
0.064	0.128	0.00040233373874798417	0.0002806355187203735	0.001465282985009253	0.0006964585627429187	0.0005947029567323625	0.00017523956194054335	0.0003345460572745651	0.006190219894051552	0.003931835293769836	0.0010372288525104523
0.128	0.192	0.00041015257011167705	0.0002806355187203735	0.0015627704560756683	0.000836543389596045	0.0006507725338451564	0.00017705955542623997	0.0003481454332359135	0.007299936842173338	0.004729789681732655	0.0010372288525104523
0.192	0.256	0.00041015257011167705	0.0002806355187203735	0.0015627704560756683	0.000836543389596045	0.0006507725338451564	0.00017705955542623997	0.0003481454332359135	0.01266298908740282	0.004729789681732655	0.0010372288525104523
0.256	0.32	0.00041015257011167705	0.0002806355187203735	0.0015627704560756683	0.000836543389596045	0.0007056523463688791	0.00020541857520584017	0.0003664538380689919	0.025334831327199936	0.004729789681732655	0.0009915436385199428
0.32	0.384	0.00041015257011167705	0.0004272404476068914	0.0016946515534073114	0.0008946359739638865	0.0010706470347940922	0.0002216381544712931	0.000462994008557871	0.07772228866815567	0.00508421054109931	0.0009668905986472964
0.384	0.448	0.000407841318519786	0.0004272404476068914	0.0017618864076212049	0.0009961312171071768	0.0010947734117507935	0.00022189083392731845	0.0005791898001916707	0.10713783651590347	0.005104705225676298	0.0009207166731357574
0.448	0.512	0.0004160748212598264	0.0004508533456828445	0.0019058644538745284	0.0010241082636639476	0.001237046904861927	0.0002267234231112525	0.0006620979984290898	0.11279629170894623	0.005549301393330097	0.0008911160985007882
0.512	0.576	0.0004203057033009827	0.00047739717410877347	0.0019747165497392416	0.0010486036771908402	0.0014082728885114193	0.00022867537336423993	0.0007972015300765634	0.12405181676149368	0.006430515553802252	0.0008911160985007882
