onset	offset	Alarm_bell_ringing	Blender	Cat	Dishes	Dog	Electric_shaver_toothbrush	Frying	Running_water	Speech	Vacuum_cleaner
0.0	0.064	0.005128887016326189	0.1335914134979248	0.003869416657835245	0.003013059264048934	0.0021053615491837263	0.015980612486600876	0.0025353305973112583	0.0100316870957613	0.007866390980780125	0.7691740393638611
0.064	0.128	0.005128887016326189	0.1335914134979248	0.003869416657835245	0.003013059264048934	0.0021053615491837263	0.015980612486600876	0.0025353305973112583	0.0100316870957613	0.007866390980780125	0.7691740393638611
0.128	0.192	0.002989822532981634	0.10521861910820007	0.0028378681745380163	0.002594222314655781	0.0016342371236532927	0.013706827536225319	0.0018911444349214435	0.008248411118984222	0.006061212625354528	0.7956128716468811
0.192	0.256	0.002468390390276909	0.0884067714214325	0.0024707866832613945	0.002542295726016164	0.0015076178824529052	0.012955774553120136	0.0016103358939290047	0.008029259741306305	0.005143710877746344	0.8124706149101257
0.256	0.32	0.002105177380144596	0.08536047488451004	0.002419388387352228	0.002542295726016164	0.0013791682431474328	0.012839180417358875	0.0014645233750343323	0.007574515882879496	0.004654814023524523	0.8167864680290222
0.32	0.384	0.001903628814034164	0.07844225317239761	0.002385371597483754	0.002542295726016164	0.0013247996103018522	0.012668437324464321	0.0013208468444645405	0.007159367669373751	0.004449452273547649	0.8169455528259277
0.384	0.448	0.001903628814034164	0.07483657449483871	0.002385371597483754	0.002542295726016164	0.001261125784367323	0.012491393834352493	0.001258105388842523	0.006791568361222744	0.0043303463608026505	0.8172703981399536
0.448	0.512	0.001903628814034164	0.07204679399728775	0.002385371597483754	0.002561180153861642	0.001261125784367323	0.01247365865856409	0.0012086412170901895	0.0065460773184895515	0.0043303463608026505	0.8186012506484985
0.512	0.576	0.001903628814034164	0.06965351849794388	0.002385371597483754	0.0026562358252704144	0.001261125784367323	0.012471822090446949	0.0011786315590143204	0.0065460773184895515	0.0043303463608026505	0.8191208243370056
