onset	offset	Alarm_bell_ringing	Blender	Cat	Dishes	Dog	Electric_shaver_toothbrush	Frying	Running_water	Speech	Vacuum_cleaner
0.0	0.064	0.0027428194880485535	0.003077144967392087	0.0035739648155868053	0.0013077373150736094	0.001788330846466124	0.004151387605816126	0.0021764610428363085	0.005754255224019289	0.008375545032322407	0.958901584148407
0.064	0.128	0.0027428194880485535	0.003077144967392087	0.0035739648155868053	0.0013077373150736094	0.001788330846466124	0.004151387605816126	0.0021764610428363085	0.005754255224019289	0.008375545032322407	0.958901584148407
0.128	0.192	0.0016244234284386039	0.002378802513703704	0.0025950786657631397	0.0010172495385631919	0.0018902086885645986	0.0033180885948240757	0.0018181975465267897	0.004640594590455294	0.00605477811768651	0.9608507752418518
0.192	0.256	0.0013157092034816742	0.0019936971366405487	0.0022010691463947296	0.0010172495385631919	0.0018902086885645986	0.003298635594546795	0.0016911259153857827	0.004635828547179699	0.004697573836892843	0.9622828364372253
0.256	0.32	0.0011135865934193134	0.001591104781255126	0.0020242801401764154	0.0009901437442749739	0.0018902086885645986	0.0029319575987756252	0.001545252394862473	0.004319678992033005	0.004482056479901075	0.9665278196334839
0.32	0.384	0.0009924282785505056	0.0014052605256438255	0.0020199527498334646	0.0009123298805207014	0.0018902086885645986	0.0024803292471915483	0.0014558217953890562	0.003942063078284264	0.004481888841837645	0.9665278196334839
0.384	0.448	0.0009183160727843642	0.0013007300440222025	0.0019865543581545353	0.0008611271623522043	0.0018902086885645986	0.0022545012179762125	0.0013363963225856423	0.003457012353464961	0.00429350882768631	0.9665278196334839
0.448	0.512	0.0009130421094596386	0.0012250842992216349	0.0019145127153024077	0.0008392599993385375	0.0018902086885645986	0.002124462742358446	0.0012877187691628933	0.0030053043738007545	0.004121096339076757	0.9665278196334839
0.512	0.576	0.0008817644556984305	0.0012095505371689796	0.0016999017680063844	0.0007048801053315401	0.0017372550209984183	0.002099564066156745	0.0012261009542271495	0.0030053043738007545	0.003960526082664728	0.9658154845237732
