onset	offset	Alarm_bell_ringing	Blender	Cat	Dishes	Dog	Electric_shaver_toothbrush	Frying	Running_water	Speech	Vacuum_cleaner
0.0	0.064	0.0009917430579662323	0.00113012851215899	0.006306169088929892	0.0032152002677321434	0.001650890801101923	0.0007592638721689582	0.0017079064855352044	0.002865617163479328	0.002447565086185932	0.006181080359965563
0.064	0.128	0.0009917430579662323	0.00113012851215899	0.006306169088929892	0.0032152002677321434	0.001650890801101923	0.0007592638721689582	0.0017079064855352044	0.002865617163479328	0.002447565086185932	0.006181080359965563
0.128	0.192	0.0007790906238369644	0.0009002921869978309	0.00537773547694087	0.0024458402767777443	0.001650890801101923	0.0006569260731339455	0.0013845822541043162	0.002661770675331354	0.002158171497285366	0.004837019834667444
0.192	0.256	0.000679080025292933	0.0007878209580667317	0.00537773547694087	0.0021333699114620686	0.001650890801101923	0.0006161080673336983	0.0012160410406067967	0.002442360855638981	0.0020193338859826326	0.0041219438426196575
0.256	0.32	0.0006240116199478507	0.0007293833768926561	0.00537773547694087	0.002131813205778599	0.001650890801101923	0.0005970385391265154	0.0011137854307889938	0.002222005743533373	0.0019593345932662487	0.0036242310889065266
0.32	0.384	0.0005914109642617404	0.0006827084580436349	0.00537773547694087	0.002131813205778599	0.0016535368049517274	0.0005820555961690843	0.0010156928328797221	0.0020984115544706583	0.0019593345932662487	0.003190375864505768
0.384	0.448	0.0005640050512738526	0.0006458655698224902	0.005455151665955782	0.002131813205778599	0.001684799906797707	0.0005796125624328852	0.0009571306873112917	0.0020058059599250555	0.001953857485204935	0.00285774702206254
0.448	0.512	0.0005372106097638607	0.0006124892388470471	0.005708147771656513	0.002131813205778599	0.0017600198043510318	0.0005796125624328852	0.0009571306873112917	0.0019241689005866647	0.0019463383359834552	0.002625463530421257
0.512	0.576	0.0005227375077083707	0.0005713886930607259	0.0058719199150800705	0.0021684234961867332	0.0019008541712537408	0.0005796125624328852	0.0009571306873112917	0.0018593540880829096	0.001953857485204935	0.0024664748925715685
