onset	offset	Alarm_bell_ringing	Blender	Cat	Dishes	Dog	Electric_shaver_toothbrush	Frying	Running_water	Speech	Vacuum_cleaner
0.0	0.064	0.04729900509119034	0.005110450088977814	0.0030729088466614485	0.0035855185706168413	0.004987851716578007	0.014546209946274757	0.007114763371646404	0.004821514245122671	0.006243418902158737	0.011148507706820965
0.064	0.128	0.04729900509119034	0.005265622865408659	0.0030729088466614485	0.0035855185706168413	0.004987851716578007	0.014917261898517609	0.007114763371646404	0.004821514245122671	0.006243418902158737	0.011148507706820965
0.128	0.192	0.04729900509119034	0.005265622865408659	0.0030729088466614485	0.003262906800955534	0.004597912076860666	0.014917261898517609	0.007114763371646404	0.004578897263854742	0.005487973336130381	0.010120045393705368
0.192	0.256	0.04494990035891533	0.005110450088977814	0.0030729088466614485	0.0032224569004029036	0.004549030214548111	0.014708027243614197	0.007077112328261137	0.004561698995530605	0.005082131829112768	0.009581873193383217
0.256	0.32	0.043607283383607864	0.005110450088977814	0.0032837132457643747	0.003178522689267993	0.004512167535722256	0.014708027243614197	0.007062895689159632	0.0045376005582511425	0.004773180931806564	0.009013662114739418
0.32	0.384	0.04494990035891533	0.005168907810002565	0.0033260423224419355	0.0030116932466626167	0.0039643822237849236	0.014917261898517609	0.00694351876154542	0.0045376005582511425	0.0044299340806901455	0.008865302428603172
0.384	0.448	0.04494990035891533	0.005265622865408659	0.0034386347979307175	0.0030116932466626167	0.003572068177163601	0.015164176933467388	0.006888130214065313	0.0045376005582511425	0.004210642538964748	0.00884169526398182
0.448	0.512	0.04494990035891533	0.005265622865408659	0.0034386347979307175	0.0030116932466626167	0.0034815974067896605	0.015164176933467388	0.006888130214065313	0.004561698995530605	0.004196959547698498	0.008673053234815598
0.512	0.576	0.05718991160392761	0.0056638871319592	0.0033260423224419355	0.0030116932466626167	0.003423667047172785	0.016789693385362625	0.00683862017467618	0.004562705755233765	0.004144033417105675	0.008269998244941235
