onset	offset	Alarm_bell_ringing	Blender	Cat	Dishes	Dog	Electric_shaver_toothbrush	Frying	Running_water	Speech	Vacuum_cleaner
0.0	0.064	0.00013550811854656786	8.754632290219888e-05	0.004325198940932751	0.0006365199224092066	0.0005544617306441069	0.00010662542626960203	0.0008153123199008405	0.001103182672522962	0.001472846488468349	0.0012866172473877668
0.064	0.128	0.00013550811854656786	8.754632290219888e-05	0.004554781597107649	0.0006365199224092066	0.0005544617306441069	0.00010662542626960203	0.0008153123199008405	0.001103182672522962	0.001472846488468349	0.0012866172473877668
0.128	0.192	0.00012977641017641872	7.86988457548432e-05	0.004749651998281479	0.0005714494036510587	0.0005596087430603802	9.722558024805039e-05	0.0007696544053032994	0.0010254918597638607	0.0013396829599514604	0.0011280585313215852
0.192	0.256	0.00012836046516895294	7.310577348107472e-05	0.004749651998281479	0.0005514306831173599	0.0005596087430603802	9.422340372111648e-05	0.0007358603179454803	0.0009507000795565546	0.001305601093918085	0.000990827800706029
0.256	0.32	0.00012673594756051898	6.800745177315548e-05	0.004749651998281479	0.0005335748428478837	0.0005596087430603802	9.405509626958519e-05	0.0007077171467244625	0.0008646004134789109	0.0012815911322832108	0.0008914702339097857
0.32	0.384	0.00012385101581458002	6.452134402934462e-05	0.004908176138997078	0.0005226077628321946	0.000577646482270211	9.396338282385841e-05	0.0006856981199234724	0.0007871707202866673	0.0012815911322832108	0.0008085161098279059
0.384	0.448	0.00012122299813199788	6.239095819182694e-05	0.005056475289165974	0.0005121358553878963	0.0006010104552842677	9.387113095726818e-05	0.0006717882351949811	0.0007275852840393782	0.0012815911322832108	0.0007386125507764518
0.448	0.512	0.0001203284045914188	6.231853330973536e-05	0.005212024785578251	0.0005016194772906601	0.0006267126882448792	9.318493539467454e-05	0.0006717882351949811	0.000687667983584106	0.0012815911322832108	0.0006857598782517016
0.512	0.576	0.0001203284045914188	6.231853330973536e-05	0.005407591816037893	0.0005016194772906601	0.0006536046857945621	9.19337326195091e-05	0.0006717882351949811	0.0006642275839112699	0.0012930341763421893	0.0006475034751929343
