onset	offset	Alarm_bell_ringing	Blender	Cat	Dishes	Dog	Electric_shaver_toothbrush	Frying	Running_water	Speech	Vacuum_cleaner
0.0	0.064	0.000272442790446803	8.325926319230348e-05	0.0023967057932168245	0.0006346865557134151	0.010214703157544136	0.00011003278632415459	0.00024961421149782836	0.0006060153828002512	0.0017749801045283675	0.0005902827251702547
0.064	0.128	0.0003302773693576455	0.0001324461481999606	0.002901072846725583	0.0007784286281093955	0.01066870428621769	0.00013061202480457723	0.00024961421149782836	0.0006060153828002512	0.001886766403913498	0.0008316502207890153
0.128	0.192	0.0006273683393374085	0.0001324461481999606	0.002901072846725583	0.0010861182818189263	0.01066870428621769	0.00021248540724627674	0.00027771011809818447	0.0006116710719652474	0.002919500693678856	0.0008316502207890153
0.192	0.256	0.0006273683393374085	0.00014731287956237793	0.0037928102537989616	0.0010861182818189263	0.02975621074438095	0.00021248540724627674	0.00027771011809818447	0.0007088437560014427	0.002919500693678856	0.0008491452899761498
0.256	0.32	0.0006273683393374085	0.0003757859522011131	0.0056638894602656364	0.0011731610866263509	0.24218538403511047	0.00021248540724627674	0.00024961421149782836	0.0007757380371913314	0.00343532906845212	0.0015601166523993015
0.32	0.384	0.0008969649788923562	0.0007974355248734355	0.0056638894602656364	0.0014437922509387136	0.9267550706863403	0.00028171640587970614	0.000232896811212413	0.001324675977230072	0.005077767185866833	0.0015601166523993015
0.384	0.448	0.0008969649788923562	0.0007974355248734355	0.0056638894602656364	0.0014437922509387136	0.9773330688476562	0.0002895095676649362	0.000232896811212413	0.001324675977230072	0.005271838046610355	0.0015601166523993015
0.448	0.512	0.000929256493691355	0.0007974355248734355	0.0056638894602656364	0.0014437922509387136	0.9852777123451233	0.0002895095676649362	0.00023126773885451257	0.001324675977230072	0.0052753654308617115	0.0015601166523993015
0.512	0.576	0.000929256493691355	0.0007974355248734355	0.004660495091229677	0.0014663912588730454	0.9852777123451233	0.0002895095676649362	0.00020993953512515873	0.001324675977230072	0.0052753654308617115	0.0015568332746624947
