onset	offset	Alarm_bell_ringing	Blender	Cat	Dishes	Dog	Electric_shaver_toothbrush	Frying	Running_water	Speech	Vacuum_cleaner
0.0	0.064	0.9910611510276794	0.0010266272583976388	0.0013321266742423177	0.003361945739015937	0.002285922411829233	0.0004928940907120705	0.0005570681532844901	0.0026241340674459934	0.0055863033048808575	0.0007301883306354284
0.064	0.128	0.9910611510276794	0.0010266272583976388	0.0013321266742423177	0.003361945739015937	0.002285922411829233	0.0004928940907120705	0.0005570681532844901	0.0026241340674459934	0.0055863033048808575	0.0007301883306354284
0.128	0.192	0.9934806823730469	0.0007937143673188984	0.0008654125849716365	0.0019757947884500027	0.0017523124115541577	0.0003451793163549155	0.0003228280402254313	0.0018381393747404218	0.004796252585947514	0.0003790229093283415
0.192	0.256	0.9940945506095886	0.0007508947746828198	0.0007030224660411477	0.001559256692416966	0.001538977026939392	0.00028797207050956786	0.0002613041433505714	0.0016406289068982005	0.004568355157971382	0.00031204201513901353
0.256	0.32	0.9940945506095886	0.0007381798350252211	0.0006382910651154816	0.001405704184435308	0.001380263245664537	0.0002561504952609539	0.00023540119582321495	0.0015594117576256394	0.004390268586575985	0.0002832310274243355
0.32	0.384	0.9940945506095886	0.0007381798350252211	0.0006029123906046152	0.0013362544123083353	0.0012633505975827575	0.00023574911756440997	0.00022064147924538702	0.0015054539544507861	0.0042218356393277645	0.0002623608452267945
0.384	0.448	0.9940945506095886	0.0007381798350252211	0.0005790840950794518	0.001299327239394188	0.0011783537920564413	0.00021992715483065695	0.00020966787997167557	0.0014548508916050196	0.004074870143085718	0.0002466024016030133
0.448	0.512	0.9940527081489563	0.0007381798350252211	0.0005593327805399895	0.0012799875112250447	0.0011104504810646176	0.00020268525986466557	0.00019995130423922092	0.0013809240190312266	0.003937454428523779	0.00023545754083897918
0.512	0.576	0.993525505065918	0.0007436475716531277	0.0005357327754609287	0.0012707532150670886	0.0010483554797247052	0.00017474949709139764	0.00018590943363960832	0.001238251687027514	0.003732789307832718	0.00022929150145500898
