onset	offset	Alarm_bell_ringing	Blender	Cat	Dishes	Dog	Electric_shaver_toothbrush	Frying	Running_water	Speech	Vacuum_cleaner
0.0	0.064	0.010888339951634407	0.003154800971969962	0.00443371431902051	0.02103128843009472	0.012348940595984459	0.005681587383151054	0.080083929002285	0.010379068553447723	0.9661744832992554	0.004935153294354677
0.064	0.128	0.010974504053592682	0.003154800971969962	0.005465890746563673	0.02103128843009472	0.013860298320651054	0.005681587383151054	0.080083929002285	0.010379068553447723	0.9661744832992554	0.004935153294354677
0.128	0.192	0.011135824955999851	0.003123791189864278	0.005465890746563673	0.018521584570407867	0.013860298320651054	0.0061863986775279045	0.08407537639141083	0.009582565166056156	0.9747143387794495	0.003917974885553122
0.192	0.256	0.011135824955999851	0.002856338396668434	0.005354667082428932	0.018521584570407867	0.013544286601245403	0.006217614281922579	0.09557897597551346	0.008853834122419357	0.9803634285926819	0.003160181688144803
0.256	0.32	0.011135824955999851	0.002664013532921672	0.005318780429661274	0.018521584570407867	0.013142510317265987	0.006217614281922579	0.1005684956908226	0.008660238236188889	0.9821710586547852	0.0029320677276700735
0.32	0.384	0.011646428145468235	0.002651964547112584	0.005318780429661274	0.018521584570407867	0.013142510317265987	0.006217614281922579	0.10088241100311279	0.008230338804423809	0.9836139678955078	0.002651478862389922
0.384	0.448	0.011647184379398823	0.002649172442033887	0.005318780429661274	0.0190468467772007	0.013142510317265987	0.0061863986775279045	0.10109395533800125	0.008195290341973305	0.9836139678955078	0.0024564818013459444
0.448	0.512	0.011646428145468235	0.0025942197535187006	0.005318780429661274	0.0190468467772007	0.013055618852376938	0.0059944684617221355	0.10109395533800125	0.00811092834919691	0.9836139678955078	0.00236452161334455
0.512	0.576	0.011646428145468235	0.002534265164285898	0.0052770767360925674	0.0190468467772007	0.012603788636624813	0.005668582860380411	0.10088241100311279	0.007860268466174603	0.9836139678955078	0.002259967615827918
