onset	offset	Alarm_bell_ringing	Blender	Cat	Dishes	Dog	Electric_shaver_toothbrush	Frying	Running_water	Speech	Vacuum_cleaner
0.0	0.064	0.0022250968031585217	0.9745820760726929	0.0041366699151694775	0.01574571616947651	0.0011269645765423775	0.05484570190310478	0.003108120057731867	0.009235062636435032	0.026104703545570374	0.04227650910615921
0.064	0.128	0.0022250968031585217	0.9745820760726929	0.004447306506335735	0.01574571616947651	0.0011269645765423775	0.05484570190310478	0.003108120057731867	0.009235062636435032	0.026104703545570374	0.04227650910615921
0.128	0.192	0.0022155274637043476	0.9831002950668335	0.004595041275024414	0.011725437827408314	0.000996313407085836	0.04486078396439552	0.0016674670623615384	0.009235062636435032	0.01788887195289135	0.029261382296681404
0.192	0.256	0.002108808606863022	0.9866209030151367	0.004447306506335735	0.00846427958458662	0.0009338773088529706	0.03659646213054657	0.001083462848328054	0.009235062636435032	0.012196304276585579	0.01979863829910755
0.256	0.32	0.0020403205417096615	0.9873401522636414	0.0041512553580105305	0.006857715081423521	0.0009338773088529706	0.02984684146940708	0.0008745068917050958	0.009235062636435032	0.012196304276585579	0.014781782403588295
0.32	0.384	0.0019831254612654448	0.9873401522636414	0.0041512553580105305	0.006185789126902819	0.0009338773088529706	0.024729227647185326	0.0008118315599858761	0.009105066768825054	0.012196304276585579	0.012052824720740318
0.384	0.448	0.0019479934126138687	0.9873401522636414	0.0041512553580105305	0.005882724653929472	0.0009182810317724943	0.02165130153298378	0.0008118315599858761	0.008235770277678967	0.01201578788459301	0.010482748039066792
0.448	0.512	0.0018835641676560044	0.9873401522636414	0.003598287235945463	0.005566949024796486	0.0009135058498941362	0.0194548312574625	0.0008118315599858761	0.0073739876970648766	0.011988408863544464	0.009561656042933464
0.512	0.576	0.001782175968401134	0.9854907989501953	0.0029689681250602007	0.005202129948884249	0.0009135058498941362	0.017870912328362465	0.0008118315599858761	0.006389334797859192	0.011988408863544464	0.009070876985788345
