onset	offset	Alarm_bell_ringing	Blender	Cat	Dishes	Dog	Electric_shaver_toothbrush	Frying	Running_water	Speech	Vacuum_cleaner
0.0	0.064	0.0003305804275441915	0.0001751015952322632	0.0005700154579244554	0.00039607248618267477	0.00038054041215218604	0.00014223410107661039	0.0005244166241027415	0.0004776208952534944	0.0024623170029371977	0.050412558019161224
0.064	0.128	0.0003305804275441915	0.0001751015952322632	0.0005700154579244554	0.00039607248618267477	0.00038054041215218604	0.00014223410107661039	0.0005244166241027415	0.0004776208952534944	0.0024623170029371977	0.050412558019161224
0.128	0.192	0.0002736728638410568	0.00015545613132417202	0.0005203312612138689	0.0003072634572163224	0.0003750332980416715	0.0001229147455887869	0.000509507255628705	0.0004197337257210165	0.002032085321843624	0.044286154210567474
0.192	0.256	0.0002457094087731093	0.00013805188063997775	0.0004698504344560206	0.0002770952123682946	0.00037370456266216934	0.00011390744475647807	0.0005090446793474257	0.0003656497865449637	0.0018785621505230665	0.03853600472211838
0.256	0.32	0.00023313741257879883	0.0001297625422012061	0.0004420151235535741	0.00026674428954720497	0.00037370456266216934	0.00010872684651985765	0.0005036770598962903	0.0003339683171361685	0.0018163655186071992	0.03451894596219063
0.32	0.384	0.00022808375069871545	0.00012625937233678997	0.0004420151235535741	0.00026124835130758584	0.00037370456266216934	0.00010550188017077744	0.000501192407682538	0.00031893313280306756	0.001788357156328857	0.03218480199575424
0.384	0.448	0.00022560576326213777	0.00012396728561725467	0.0004420151235535741	0.0002578962594270706	0.00037370456266216934	0.00010332799865864217	0.0004941446823067963	0.00030639348551630974	0.0017690041568130255	0.030286984518170357
0.448	0.512	0.00022398307919502258	0.000122579513117671	0.0004420151235535741	0.00025476462906226516	0.00037766763125546277	0.00010142022802028805	0.0004829850804526359	0.00029645103495568037	0.0017577750841155648	0.028612790629267693
0.512	0.576	0.0002226179203717038	0.00012126821820857003	0.0004462447250261903	0.00025117170298472047	0.00038146463339217007	9.983935160562396e-05	0.00046858887071721256	0.0002885473077185452	0.0017457096837460995	0.02714294008910656
