onset	offset	Alarm_bell_ringing	Blender	Cat	Dishes	Dog	Electric_shaver_toothbrush	Frying	Running_water	Speech	Vacuum_cleaner
0.0	0.064	0.9734107851982117	0.004596301820129156	0.005830724257975817	0.004034209065139294	0.01025650929659605	0.004801271483302116	0.0007276310934685171	0.010856366716325283	0.007598372176289558	0.0010473435977473855
0.064	0.128	0.9734107851982117	0.004596301820129156	0.005830724257975817	0.004034209065139294	0.01025650929659605	0.0043822699226439	0.0007276310934685171	0.010856366716325283	0.007598372176289558	0.0010473435977473855
0.128	0.192	0.9834997653961182	0.0039807893335819244	0.005759271327406168	0.0024990374222397804	0.010128221474587917	0.0043822699226439	0.0006283110706135631	0.008464375510811806	0.007569628767669201	0.0005652665277011693
0.192	0.256	0.9834997653961182	0.003709511598572135	0.005055439192801714	0.001969214528799057	0.009890290908515453	0.003806106513366103	0.0006283110706135631	0.00631371233612299	0.007468892727047205	0.0004398483724799007
0.256	0.32	0.9834997653961182	0.003533623879775405	0.0048215738497674465	0.0017877892823889852	0.009729739278554916	0.003140698652714491	0.0006256439373828471	0.005194429308176041	0.007322581019252539	0.0003866750339511782
0.32	0.384	0.9834997653961182	0.0033441425766795874	0.0047055017203092575	0.0017130643827840686	0.00902133621275425	0.0028182354290038347	0.0006256439373828471	0.004599027335643768	0.007322581019252539	0.0003477304708212614
0.384	0.448	0.9823233485221863	0.003190721618011594	0.0047055017203092575	0.0016932557336986065	0.008207759819924831	0.0026943639386445284	0.0006283110706135631	0.0042363558895885944	0.007322581019252539	0.000313010677928105
0.448	0.512	0.9814283847808838	0.0031005649361759424	0.0047055017203092575	0.0016758880810812116	0.008207759819924831	0.0025383615866303444	0.0006304639391601086	0.003936624154448509	0.007322581019252539	0.0002824993571266532
0.512	0.576	0.9810870289802551	0.0030479435808956623	0.0047055017203092575	0.0016539484495297074	0.008207759819924831	0.0024936185218393803	0.0006573973805643618	0.00375501811504364	0.007503099273890257	0.0002549014170654118
