onset	offset	Alarm_bell_ringing	Blender	Cat	Dishes	Dog	Electric_shaver_toothbrush	Frying	Running_water	Speech	Vacuum_cleaner
0.0	0.064	0.0006307581788860261	0.0002289275435032323	0.0005246849032118917	0.0011776654282584786	0.00243315938860178	0.00016672859783284366	0.0013389296364039183	0.0006998635362833738	0.006764776539057493	0.0013606104766950011
0.064	0.128	0.0006307581788860261	0.0002289275435032323	0.0005246849032118917	0.0011776654282584786	0.0024500321596860886	0.00016672859783284366	0.0013389296364039183	0.0006998635362833738	0.006764776539057493	0.0013606104766950011
0.128	0.192	0.0005197740974836051	0.00017069072055164725	0.00046216388000175357	0.0009195015300065279	0.002551344223320484	0.0001472333970014006	0.001241163001395762	0.0006600180640816689	0.006994929630309343	0.0011879054363816977
0.192	0.256	0.0004906370886601508	0.0001470153802074492	0.00046216388000175357	0.0009195015300065279	0.002551344223320484	0.0001472333970014006	0.001174083910882473	0.0006466524209827185	0.006994929630309343	0.0010733759263530374
0.256	0.32	0.0004906370886601508	0.0001470153802074492	0.00046216388000175357	0.0009195015300065279	0.002551344223320484	0.0001472333970014006	0.0011473463382571936	0.0006466524209827185	0.006994929630309343	0.00100032240152359
0.32	0.384	0.0004906370886601508	0.0001470153802074492	0.00046216388000175357	0.0009195015300065279	0.0027499068528413773	0.0001472333970014006	0.001144322333857417	0.0006466524209827185	0.009023383259773254	0.0009680395596660674
0.384	0.448	0.0004906370886601508	0.0001470153802074492	0.0005297594470903277	0.0010407022200524807	0.003136745188385248	0.00014878810907248408	0.0011379155330359936	0.0006466524209827185	0.014039508998394012	0.0009680395596660674
0.448	0.512	0.0005137830739840865	0.00016088862321339548	0.0007440884946845472	0.001255552051588893	0.003945474047213793	0.00017083562852349132	0.0011379155330359936	0.0006998461904004216	0.031207459047436714	0.0009680395596660674
0.512	0.576	0.00068134960019961	0.00019047543173655868	0.0017614536918699741	0.0015554634155705571	0.006376117002218962	0.00018520595040172338	0.0011379155330359936	0.0007387241348624229	0.1350536346435547	0.0009680395596660674
