onset	offset	Alarm_bell_ringing	Blender	Cat	Dishes	Dog	Electric_shaver_toothbrush	Frying	Running_water	Speech	Vacuum_cleaner
0.0	0.064	0.0006695641786791384	0.00060706224758178	0.0021679592318832874	0.0013743332820013165	0.010391986928880215	0.0008853180333971977	0.0006666409899480641	0.0022321853321045637	0.0028145192191004753	0.0008632541284896433
0.064	0.128	0.0006695641786791384	0.00060706224758178	0.0021679592318832874	0.0013743332820013165	0.010391986928880215	0.0008853180333971977	0.0006666409899480641	0.0022321853321045637	0.0028145192191004753	0.0008632541284896433
0.128	0.192	0.0004374878481030464	0.0004948496352881193	0.001999791944399476	0.0010888148099184036	0.008198607712984085	0.0007181646069511771	0.0005879953969269991	0.001998124411329627	0.002421931829303503	0.0007308964268304408
0.192	0.256	0.00033890348277054727	0.00041440140921622515	0.0019311649957671762	0.000943328021094203	0.008069643750786781	0.0006416625110432506	0.0005502790445461869	0.0018674781313166022	0.0023489100858569145	0.0006516137509606779
0.256	0.32	0.0003004833997692913	0.0003467150672804564	0.001833761460147798	0.0008851121529005468	0.008069643750786781	0.0005851725582033396	0.0005242502084001899	0.0017193026142194867	0.0023489100858569145	0.0006045275367796421
0.32	0.384	0.0002909575414378196	0.0003467150672804564	0.0017712443368509412	0.0008851121529005468	0.008069643750786781	0.0005377585184760392	0.0005027870065532625	0.0016968303825706244	0.0023489100858569145	0.0006045275367796421
0.384	0.448	0.0002909575414378196	0.0003467150672804564	0.001722666434943676	0.0008851121529005468	0.008069643750786781	0.000516577681992203	0.0004912461154162884	0.0016407625516876578	0.0023489100858569145	0.0006045275367796421
0.448	0.512	0.0002909575414378196	0.00034526173840276897	0.0016728203045204282	0.0008851121529005468	0.011126619763672352	0.000515718711540103	0.0004805923963431269	0.0016031906707212329	0.0025086291134357452	0.0005785354878753424
0.512	0.576	0.0002909575414378196	0.0003342342679388821	0.0016728203045204282	0.0010454511502757668	0.015837950631976128	0.0005102674476802349	0.00048058555694296956	0.001551856636069715	0.002856711857020855	0.0005325588863343
