onset	offset	Alarm_bell_ringing	Blender	Cat	Dishes	Dog	Electric_shaver_toothbrush	Frying	Running_water	Speech	Vacuum_cleaner
0.0	0.064	0.16584621369838715	0.0030076599214226007	0.005076930858194828	0.004621816333383322	0.0046273586340248585	0.0012440445134416223	0.003671549493446946	0.3142175078392029	0.006997149437665939	0.023997457697987556
0.064	0.128	0.16584621369838715	0.0030076599214226007	0.005204247776418924	0.004413139540702105	0.0046273586340248585	0.0013431175611913204	0.003671549493446946	0.3142175078392029	0.006997149437665939	0.023997457697987556
0.128	0.192	0.21884410083293915	0.0028226864524185658	0.005204247776418924	0.004413139540702105	0.004589905496686697	0.0013773324899375439	0.0035210386849939823	0.31190919876098633	0.005759555380791426	0.023410676047205925
0.192	0.256	0.26505640149116516	0.002785677555948496	0.005919062998145819	0.004402170889079571	0.004524012096226215	0.0013773324899375439	0.0033977744169533253	0.31074947118759155	0.005134680774062872	0.020584382116794586
0.256	0.32	0.2890646755695343	0.0026632079388946295	0.00636339234188199	0.004380957223474979	0.0042884135618805885	0.0013489408884197474	0.0033977744169533253	0.3087659478187561	0.00477140536531806	0.019624950364232063
0.32	0.384	0.3008047044277191	0.0025403895415365696	0.00636339234188199	0.004380957223474979	0.003930059261620045	0.0013489408884197474	0.0033890889026224613	0.30835387110710144	0.0045378971844911575	0.019049664959311485
0.384	0.448	0.30560576915740967	0.0024415510706603527	0.00636339234188199	0.004262551665306091	0.0036966183688491583	0.0013489408884197474	0.003342604963108897	0.3087659478187561	0.0045378971844911575	0.018658332526683807
0.448	0.512	0.31295186281204224	0.002377463271841407	0.00636339234188199	0.004178674425929785	0.0036139267031103373	0.0013489408884197474	0.003342604963108897	0.31074947118759155	0.0045378971844911575	0.018634362146258354
0.512	0.576	0.32275328040122986	0.002316128695383668	0.006129995919764042	0.004173980560153723	0.003592687426134944	0.0013104765675961971	0.003342604963108897	0.31173375248908997	0.0045378971844911575	0.018634362146258354
