onset	offset	Alarm_bell_ringing	Blender	Cat	Dishes	Dog	Electric_shaver_toothbrush	Frying	Running_water	Speech	Vacuum_cleaner
0.0	0.064	0.001594080007635057	0.00240862974897027	0.0017728405073285103	0.0016551944427192211	0.00247113942168653	0.0010190741159021854	0.0005315116723068058	0.9921934604644775	0.013418452814221382	0.0008973701042123139
0.064	0.128	0.001594080007635057	0.00240862974897027	0.0017728405073285103	0.0016551944427192211	0.00247113942168653	0.0010190741159021854	0.0005315116723068058	0.9921934604644775	0.012660788372159004	0.0008973701042123139
0.128	0.192	0.0015863388543948531	0.00228902162052691	0.0012720379745587707	0.0013218586100265384	0.001763554522767663	0.0008025664137676358	0.0003435545659158379	0.9933885335922241	0.012660788372159004	0.000794446503277868
0.192	0.256	0.0014846234116703272	0.0022206951398402452	0.0012720379745587707	0.0012399193365126848	0.0017623250605538487	0.0006994495051912963	0.0003435545659158379	0.9942969679832458	0.011768906377255917	0.0006599614280276
0.256	0.32	0.0013673733919858932	0.0021715497132390738	0.0012720379745587707	0.0012399193365126848	0.0017363852821290493	0.0006387517205439508	0.0003435545659158379	0.9950390458106995	0.010255559347569942	0.0005727125098928809
0.32	0.384	0.0012946872739121318	0.002080411184579134	0.0012720379745587707	0.0012399193365126848	0.0017263834597542882	0.0006002997397445142	0.0003435545659158379	0.9954482913017273	0.009476841427385807	0.0005281429621390998
0.384	0.448	0.0012653050944209099	0.0019991828594356775	0.0012936779530718923	0.0012399193365126848	0.001719062216579914	0.0005774989258497953	0.0003453473327681422	0.9956966638565063	0.009122270159423351	0.0005002564284950495
0.448	0.512	0.0012556453002616763	0.0019801133312284946	0.0013309167698025703	0.0012399193365126848	0.001719062216579914	0.0005668684607371688	0.0003453473327681422	0.995817244052887	0.009122270159423351	0.00047621189150959253
0.512	0.576	0.001237245975062251	0.0019782730378210545	0.0013490526471287012	0.0012399193365126848	0.0017164545133709908	0.0005573273519985378	0.0003453473327681422	0.995817244052887	0.009122270159423351	0.0004538031935226172
