onset	offset	Alarm_bell_ringing	Blender	Cat	Dishes	Dog	Electric_shaver_toothbrush	Frying	Running_water	Speech	Vacuum_cleaner
0.0	0.064	0.0012575824512168765	0.0036050400231033564	0.004992591217160225	0.015987256541848183	0.37528911232948303	0.0007401423063129187	0.003827553242444992	0.00575776444748044	0.008249479345977306	0.0026508700102567673
0.064	0.128	0.0012575824512168765	0.0036050400231033564	0.004992591217160225	0.013714860193431377	0.37528911232948303	0.0007401423063129187	0.003827553242444992	0.00575776444748044	0.008249479345977306	0.0026508700102567673
0.128	0.192	0.0014092011842876673	0.0032868878915905952	0.005093309562653303	0.013714860193431377	0.3885365426540375	0.0007299268036149442	0.0026706107892096043	0.0039059920236468315	0.006936794612556696	0.0019790679216384888
0.192	0.256	0.0014092011842876673	0.0032868878915905952	0.005093309562653303	0.009116457775235176	0.4695458710193634	0.0007299268036149442	0.002230800921097398	0.003690841142088175	0.006936794612556696	0.001853473950177431
0.256	0.32	0.0014092011842876673	0.0032868878915905952	0.0051917219534516335	0.008644716814160347	0.47046515345573425	0.0007115937187336385	0.0018146856455132365	0.0029952118638902903	0.006936794612556696	0.0017071489710360765
0.32	0.384	0.001459457096643746	0.0032868878915905952	0.0051917219534516335	0.005240489263087511	0.6706107258796692	0.0006313698249869049	0.001134987105615437	0.0022196611389517784	0.006936794612556696	0.0016032938146963716
0.384	0.448	0.001459457096643746	0.0032868878915905952	0.0051917219534516335	0.004263836890459061	0.9754339456558228	0.000624291249550879	0.0011188253993168473	0.002186128403991461	0.008118289522826672	0.001305100624449551
0.448	0.512	0.0015617605531588197	0.0032868878915905952	0.0051917219534516335	0.004180623684078455	0.9879159927368164	0.0005661823670379817	0.0010580316884443164	0.0019235400250181556	0.008903187699615955	0.0011104007717221975
0.512	0.576	0.0015617605531588197	0.0032868878915905952	0.0043299393728375435	0.003257248317822814	0.9879159927368164	0.0005661823670379817	0.0009247810230590403	0.0016114487079903483	0.008903187699615955	0.000916694407351315
