onset	offset	Alarm_bell_ringing	Blender	Cat	Dishes	Dog	Electric_shaver_toothbrush	Frying	Running_water	Speech	Vacuum_cleaner
0.0	0.064	0.000931766873691231	0.0002528249460738152	0.00013239626423455775	0.0009976925794035196	0.00014949831529520452	0.0001236774114659056	0.0004433729045558721	0.0005973923252895474	0.002010393887758255	0.0005449160817079246
0.064	0.128	0.000931766873691231	0.0002528249460738152	0.00013239626423455775	0.0009976925794035196	0.0001499483041698113	0.0001236774114659056	0.0004433729045558721	0.0005973923252895474	0.002010393887758255	0.0005449160817079246
0.128	0.192	0.0007466573733836412	0.0001996487844735384	0.00011639596050372347	0.0007526722038164735	0.00015616138989571482	0.0001134166814154014	0.00037354641244746745	0.00047845637891441584	0.0016834111884236336	0.00042068984475918114
0.192	0.256	0.0007012124406173825	0.0001777434372343123	0.00011472805636003613	0.0006687909481115639	0.00015616138989571482	0.00011024431296391413	0.000322749896440655	0.000430889253038913	0.0015809888718649745	0.00034838265855796635
0.256	0.32	0.0006770977051928639	0.00016319355927407742	0.00011465959687484428	0.0006480696029029787	0.00015616138989571482	0.00011024431296391413	0.0002900015388149768	0.00040144965169019997	0.0015207718824967742	0.0003049343649763614
0.32	0.384	0.0006770977051928639	0.0001546859130030498	0.0001129275988205336	0.0006480696029029787	0.0001598884555278346	0.00011024431296391413	0.0002707627136260271	0.0003897465066984296	0.0014795672614127398	0.0002733510627876967
0.384	0.448	0.0006770977051928639	0.00014913453196641058	0.00011275264114374295	0.0006480696029029787	0.00016229198081418872	0.00011024431296391413	0.00025901669869199395	0.0003897465066984296	0.0014795672614127398	0.00025267890305258334
0.448	0.512	0.0006770977051928639	0.00014508023741655052	0.00011230625386815518	0.0006480696029029787	0.00016289087943732738	0.00011073813948314637	0.00024775887141004205	0.0003897465066984296	0.0014795672614127398	0.00023820329806767404
0.512	0.576	0.0006988944951444864	0.00014263532648328692	0.00011072683264501393	0.0006699720397591591	0.0001629850157769397	0.00011152857769047841	0.00023425373365171254	0.0003897465066984296	0.0014795672614127398	0.00022774928947910666
