onset	offset	Alarm_bell_ringing	Blender	Cat	Dishes	Dog	Electric_shaver_toothbrush	Frying	Running_water	Speech	Vacuum_cleaner
0.0	0.064	0.9908626079559326	0.0010051797144114971	0.003961211070418358	0.005042987875640392	0.0017081202240660787	0.0007966665434651077	0.0005474109202623367	0.0023639267310500145	0.006246224045753479	0.00031336359097622335
0.064	0.128	0.9908626079559326	0.0010051797144114971	0.003961211070418358	0.005042987875640392	0.0016739139100536704	0.0007966665434651077	0.0005474109202623367	0.0023639267310500145	0.006246224045753479	0.00031336359097622335
0.128	0.192	0.9913840293884277	0.0009337429073639214	0.003961211070418358	0.0031937197782099247	0.0016739139100536704	0.0007819988531991839	0.00039612900582142174	0.0019054643344134092	0.005251727066934109	0.00017638503049965948
0.192	0.256	0.9915531277656555	0.0008972786017693579	0.0038301595486700535	0.00234200363047421	0.001613597385585308	0.000707821105606854	0.0003219920035917312	0.0017508725868538022	0.0048545002937316895	0.00014294630091171712
0.256	0.32	0.9928277134895325	0.0008145362371578813	0.003692593425512314	0.0020210575312376022	0.0014617026317864656	0.0006265926640480757	0.0002836371713783592	0.0015210123965516686	0.004741584416478872	0.00012919350410811603
0.32	0.384	0.9933167695999146	0.0007242795545607805	0.002485251519829035	0.0019563036039471626	0.0013075093738734722	0.0005047344020567834	0.00026090085157193244	0.0013568662106990814	0.004723791498690844	0.00012008024350507185
0.384	0.448	0.9942880272865295	0.0007211266201920807	0.0019183845724910498	0.0018525399500504136	0.0012569866375997663	0.0004846550291404128	0.00023999557015486062	0.0012837290996685624	0.004672927316278219	0.00011463194095995277
0.448	0.512	0.9943181872367859	0.0007178806117735803	0.0016927279066294432	0.0017450973391532898	0.0011947698658332229	0.0004846550291404128	0.00023828960547689348	0.0012658125488087535	0.004656614735722542	0.0001083534152712673
0.512	0.576	0.9943181872367859	0.0007178806117735803	0.001562645542435348	0.0016523515805602074	0.0011345698731020093	0.0004846550291404128	0.00023801057250238955	0.0012225419050082564	0.004656614735722542	0.00010299363202648237
