onset	offset	Alarm_bell_ringing	Blender	Cat	Dishes	Dog	Electric_shaver_toothbrush	Frying	Running_water	Speech	Vacuum_cleaner
0.0	0.064	0.010500955395400524	0.002597963670268655	0.01586081273853779	0.007488621864467859	0.013447579927742481	0.007700120098888874	0.010239091701805592	0.0019819734152406454	0.9368874430656433	0.0028424542397260666
0.064	0.128	0.010500955395400524	0.002597963670268655	0.01586081273853779	0.007488621864467859	0.01259460486471653	0.007700120098888874	0.010239091701805592	0.0019819734152406454	0.9330089688301086	0.0028424542397260666
0.128	0.192	0.007977353408932686	0.002183894393965602	0.011226384900510311	0.007488621864467859	0.01259460486471653	0.006841226946562529	0.008632568642497063	0.0016167553840205073	0.9330089688301086	0.0026218262501060963
0.192	0.256	0.007612170651555061	0.001387076685205102	0.008813957683742046	0.0073440042324364185	0.00861439947038889	0.0042481557466089725	0.007384896278381348	0.0015525971539318562	0.8126369118690491	0.0018321152310818434
0.256	0.32	0.007612170651555061	0.001387076685205102	0.008813957683742046	0.006062611471861601	0.00861439947038889	0.002658357610926032	0.006640556268393993	0.001474796561524272	0.8126369118690491	0.0012032348895445466
0.32	0.384	0.007612170651555061	0.001387076685205102	0.008813957683742046	0.006062611471861601	0.00861439947038889	0.002658357610926032	0.005810462404042482	0.001474796561524272	0.8126369118690491	0.0011945655569434166
0.384	0.448	0.007612170651555061	0.001387076685205102	0.008813957683742046	0.006062611471861601	0.00861439947038889	0.002658357610926032	0.0040036216378211975	0.001474796561524272	0.8126369118690491	0.0010366884525865316
0.448	0.512	0.009118610993027687	0.0018929120851680636	0.009607886895537376	0.006062611471861601	0.010914952494204044	0.002658357610926032	0.003698592772707343	0.001474796561524272	0.9467474222183228	0.0010236967355012894
0.512	0.576	0.009118610993027687	0.002301522297784686	0.009942739270627499	0.0061713107861578465	0.015623204410076141	0.0037151759024709463	0.003698592772707343	0.001588984508998692	0.9845954775810242	0.0009270523441955447
