onset	offset	Alarm_bell_ringing	Blender	Cat	Dishes	Dog	Electric_shaver_toothbrush	Frying	Running_water	Speech	Vacuum_cleaner
0.0	0.064	0.0016058863839134574	0.001549455919303	0.0015089198714122176	0.003022541059181094	0.001972874626517296	0.0010441880440339446	0.0011011195601895452	0.9938898086547852	0.021619664505124092	0.0018559421878308058
0.064	0.128	0.0016058863839134574	0.001549455919303	0.0015089198714122176	0.003022541059181094	0.001972874626517296	0.0010441880440339446	0.0011011195601895452	0.9938898086547852	0.021619664505124092	0.0018559421878308058
0.128	0.192	0.001437484985217452	0.001392199657857418	0.0010973524767905474	0.0023535038344562054	0.001574940630234778	0.0008907922892831266	0.000813577848020941	0.9952853322029114	0.02003101259469986	0.0014472170732915401
0.192	0.256	0.0013412192929536104	0.0010987776331603527	0.001097041997127235	0.0020517567172646523	0.001369938487187028	0.0008858673390932381	0.000813577848020941	0.9963973164558411	0.01998796872794628	0.001056431676261127
0.256	0.32	0.001208456582389772	0.0009361347183585167	0.0010794464033097029	0.001818286720663309	0.0012990623945370317	0.0008796272450126708	0.000813577848020941	0.997028648853302	0.019391855224967003	0.0008751120185479522
0.32	0.384	0.0010783353354781866	0.0008076290832832456	0.0010346263879910111	0.001665246905758977	0.0012279804795980453	0.0008432663744315505	0.000813577848020941	0.9972721934318542	0.01803935505449772	0.0007739898865111172
0.384	0.448	0.0009751069010235369	0.0007384134223684669	0.0010346263879910111	0.0016134008765220642	0.0012198345502838492	0.0008302921778522432	0.00081930763553828	0.9973018169403076	0.016519173979759216	0.0007358444854617119
0.448	0.512	0.0008923409041017294	0.0006985911750234663	0.0010346263879910111	0.0015620712656527758	0.0012196213938295841	0.000817688531242311	0.0008206461207009852	0.9973018169403076	0.015318403951823711	0.0007058050250634551
0.512	0.576	0.000837188505101949	0.0006706354906782508	0.0009906990453600883	0.0015140308532863855	0.0012196213938295841	0.0008007692522369325	0.0008228123188018799	0.9973018169403076	0.01455940306186676	0.0006772390916012228
