onset	offset	Alarm_bell_ringing	Blender	Cat	Dishes	Dog	Electric_shaver_toothbrush	Frying	Running_water	Speech	Vacuum_cleaner
0.0	0.064	0.9225640296936035	0.0020182039588689804	0.005694037768989801	0.006219435483217239	0.004810531158000231	0.018708838149905205	0.004387599416077137	0.01331356167793274	0.005518642719835043	0.0029263505712151527
0.064	0.128	0.9225640296936035	0.0020182039588689804	0.005006244406104088	0.006219435483217239	0.0046917833387851715	0.017791084945201874	0.004387599416077137	0.01331356167793274	0.005518642719835043	0.0029263505712151527
0.128	0.192	0.9509285688400269	0.0017345472006127238	0.005006244406104088	0.00545562244951725	0.0046917833387851715	0.017791084945201874	0.003986580763012171	0.014347189106047153	0.004999866709113121	0.002339031780138612
0.192	0.256	0.9567227363586426	0.0015311328461393714	0.005006244406104088	0.004932795651257038	0.004595208913087845	0.017791084945201874	0.003164849244058132	0.014520463533699512	0.004075651988387108	0.0016653492348268628
0.256	0.32	0.9575649499893188	0.0015311328461393714	0.005006244406104088	0.004840551409870386	0.004595208913087845	0.017791084945201874	0.002661203732714057	0.014746719971299171	0.004075651988387108	0.0013815363636240363
0.32	0.384	0.9685566425323486	0.0015311328461393714	0.006013703066855669	0.004580951761454344	0.004401581361889839	0.018708838149905205	0.0025953822769224644	0.014746719971299171	0.004075651988387108	0.0012797291856259108
0.384	0.448	0.9714396595954895	0.0014486712170764804	0.007485812064260244	0.0045409854501485825	0.004202692769467831	0.020745132118463516	0.0025696028023958206	0.014746719971299171	0.0038287462666630745	0.0011641142191365361
0.448	0.512	0.9714396595954895	0.001348477671854198	0.007485812064260244	0.00429146271198988	0.004202692769467831	0.020745132118463516	0.0023545532021671534	0.014347189106047153	0.003516225144267082	0.0009749361197464168
0.512	0.576	0.9714396595954895	0.001348477671854198	0.007485812064260244	0.004118436016142368	0.004202692769467831	0.020745132118463516	0.0018677376210689545	0.013000449165701866	0.0035133741330355406	0.0008433781331405044
