onset	offset	Alarm_bell_ringing	Blender	Cat	Dishes	Dog	Electric_shaver_toothbrush	Frying	Running_water	Speech	Vacuum_cleaner
0.0	0.064	0.0030519510619342327	0.0007334082620218396	0.0008812785963527858	0.003582451492547989	0.0009252548334188759	0.0008264072821475565	0.004803530406206846	0.0011597422417253256	0.0717955082654953	0.002413415815681219
0.064	0.128	0.004148153588175774	0.0007334082620218396	0.0008812785963527858	0.004381545819342136	0.0014468402368947864	0.0008264072821475565	0.004803530406206846	0.0011597422417253256	0.0717955082654953	0.002413415815681219
0.128	0.192	0.004148153588175774	0.0007627433515153825	0.000981442048214376	0.004381545819342136	0.0014998242259025574	0.0007631329935975373	0.0044157360680401325	0.0011625919723883271	0.27425438165664673	0.0021819917019456625
0.192	0.256	0.003916709218174219	0.0007334082620218396	0.0014512158231809735	0.004381545819342136	0.0014998242259025574	0.0007569959852844477	0.003245338797569275	0.0012275833869352937	0.730008602142334	0.00209800130687654
0.256	0.32	0.003410457167774439	0.0007306847255676985	0.0016960817156359553	0.004345574416220188	0.002020346000790596	0.0007462248904630542	0.0027228735852986574	0.0012477594427764416	0.9009297490119934	0.002005991991609335
0.32	0.384	0.003916709218174219	0.0007334082620218396	0.0017113806679844856	0.0046669431030750275	0.0020823227241635323	0.0007462248904630542	0.00251911417581141	0.001266217092052102	0.9181287288665771	0.001942426897585392
0.384	0.448	0.0040009948424994946	0.0007627433515153825	0.0020166190806776285	0.0047867619432508945	0.002134001348167658	0.0007569959852844477	0.0023044717963784933	0.0012952541001141071	0.9248650074005127	0.0018982195761054754
0.448	0.512	0.0040009948424994946	0.0008823658572509885	0.0021742666140198708	0.005173325538635254	0.002195552922785282	0.0007631329935975373	0.002263637026771903	0.0013606337597593665	0.9337467551231384	0.001803857390768826
0.512	0.576	0.0040009948424994946	0.0010182069381698966	0.0021742666140198708	0.005173325538635254	0.0023791352286934853	0.0008145532920025289	0.0021714339964091778	0.0014278709422796965	0.9567969441413879	0.0016663571586832404
