onset	offset	Alarm_bell_ringing	Blender	Cat	Dishes	Dog	Electric_shaver_toothbrush	Frying	Running_water	Speech	Vacuum_cleaner
0.0	0.064	0.001478905905969441	0.0017254387494176626	0.0009045329061336815	0.0020794037263840437	0.0007067331462167203	0.0005547992186620831	0.004249222576618195	0.0011478683445602655	0.008543970994651318	0.287250816822052
0.064	0.128	0.001478905905969441	0.0017254387494176626	0.0009045329061336815	0.0020794037263840437	0.0007067331462167203	0.0005547992186620831	0.004249222576618195	0.0011478683445602655	0.008543970994651318	0.287250816822052
0.128	0.192	0.0011692224070429802	0.0013195322826504707	0.0008235618588514626	0.0014405394904315472	0.0005647150683216751	0.0004697290132753551	0.00416994746774435	0.0009261685772798955	0.005665259435772896	0.2665058672428131
0.192	0.256	0.0009234828175976872	0.0009625987149775028	0.0008023591944947839	0.0009341678232885897	0.0005647150683216751	0.0004229245241731405	0.003810703055933118	0.0007467697723768651	0.002960363170132041	0.23180265724658966
0.256	0.32	0.0007673490908928216	0.000796537846326828	0.0007692654617130756	0.0007186246803030372	0.0005647150683216751	0.0004102280072402209	0.003389813704416156	0.0006918110884726048	0.0027867122553288937	0.21521563827991486
0.32	0.384	0.0006945889908820391	0.0007272029761224985	0.0007642953423783183	0.0006120022153481841	0.0005647150683216751	0.0003887655620928854	0.0028410840313881636	0.0006869094795547426	0.0027867122553288937	0.20718039572238922
0.384	0.448	0.000663579092361033	0.0007212320924736559	0.0007547810091637075	0.0005914940848015249	0.0005967395845800638	0.00038210046477615833	0.0027097356505692005	0.0006807200843468308	0.0027867122553288937	0.20075723528862
0.448	0.512	0.0006407067412510514	0.0006968755624257028	0.0007471061544492841	0.0005814404576085508	0.0006348132737912238	0.0003771335177589208	0.002560243709012866	0.0006454318063333631	0.0027867122553288937	0.184732124209404
0.512	0.576	0.0006211995496414602	0.0006759632960893214	0.0007189000025391579	0.0005668924422934651	0.0006601460627280176	0.0003761271364055574	0.002401852048933506	0.0006137926829978824	0.002926219953224063	0.16921985149383545
