onset	offset	Alarm_bell_ringing	Blender	Cat	Dishes	Dog	Electric_shaver_toothbrush	Frying	Running_water	Speech	Vacuum_cleaner
0.0	0.064	0.003800421254709363	0.023504013195633888	0.012132450938224792	0.0027077686972916126	0.004085529129952192	0.008722422644495964	0.001467707334086299	0.02029549516737461	0.013603498227894306	0.6807693839073181
0.064	0.128	0.003800421254709363	0.023504013195633888	0.012132450938224792	0.0027077686972916126	0.004085529129952192	0.008722422644495964	0.001467707334086299	0.02029549516737461	0.013603498227894306	0.6834299564361572
0.128	0.192	0.002909222384914756	0.029526852071285248	0.009110084734857082	0.001816480653360486	0.003335017478093505	0.006919758394360542	0.0012487759813666344	0.019012704491615295	0.010985475964844227	0.6858918070793152
0.192	0.256	0.0025397276040166616	0.02971458248794079	0.008295061066746712	0.001341495313681662	0.0026209582574665546	0.006102575920522213	0.0011810922296717763	0.014096545055508614	0.008287379518151283	0.6858918070793152
0.256	0.32	0.0020891837775707245	0.02971458248794079	0.007812265306711197	0.0011923379497602582	0.0023078618105500937	0.006048044189810753	0.0011377030750736594	0.011541121639311314	0.00674104830250144	0.6858918070793152
0.32	0.384	0.0017821734072640538	0.02971458248794079	0.007504583802074194	0.001094899489544332	0.002302363282069564	0.005850165616720915	0.0010944214882329106	0.01057214941829443	0.006211267784237862	0.6861610412597656
0.384	0.448	0.0016027519013732672	0.02971458248794079	0.007072111591696739	0.0010396918514743447	0.002240867121145129	0.005850165616720915	0.0010759419528767467	0.010124379768967628	0.005916094873100519	0.6861610412597656
0.448	0.512	0.0015176724409684539	0.02849752828478813	0.006545404437929392	0.0010338352294638753	0.0020430271979421377	0.005850165616720915	0.001043622032739222	0.009762145578861237	0.005647371523082256	0.6861610412597656
0.512	0.576	0.0014552645152434707	0.025887377560138702	0.006082755047827959	0.0010338352294638753	0.001810875372029841	0.005850165616720915	0.0009957051370292902	0.009432626888155937	0.005388977006077766	0.6861610412597656
