onset	offset	Alarm_bell_ringing	Blender	Cat	Dishes	Dog	Electric_shaver_toothbrush	Frying	Running_water	Speech	Vacuum_cleaner
0.0	0.064	0.0013711275532841682	0.0010407501831650734	0.0012234097812324762	0.0034340887796133757	0.0014045569114387035	0.0004426401574164629	0.004040016792714596	0.0009879914578050375	0.004287067800760269	0.0019643744453787804
0.064	0.128	0.0013711275532841682	0.0010407501831650734	0.0012234097812324762	0.0034340887796133757	0.0014045569114387035	0.0004426401574164629	0.004040016792714596	0.0009879914578050375	0.004287067800760269	0.0019643744453787804
0.128	0.192	0.0009347808081656694	0.0005564637249335647	0.00101697095669806	0.0018380318069830537	0.0010942937806248665	0.0003702284302562475	0.0033273755107074976	0.0008456553914584219	0.0038524034898728132	0.0014804573729634285
0.192	0.256	0.0008073812932707369	0.00043318941607140005	0.0010124577675014734	0.0015902216546237469	0.0010942937806248665	0.00036501401336863637	0.00288837100379169	0.000749860773794353	0.0038524034898728132	0.0012002198491245508
0.256	0.32	0.0007712259539403021	0.00038633140502497554	0.0010002176277339458	0.0014415166806429625	0.0010942937806248665	0.00035544452839531004	0.0026959890965372324	0.0006758305826224387	0.0038524034898728132	0.0010347830830141902
0.32	0.384	0.0007494256715290248	0.00035914022009819746	0.0009846554603427649	0.0013242225395515561	0.0010942937806248665	0.00034415675327181816	0.002513827523216605	0.0006228277343325317	0.0038524034898728132	0.0009181716595776379
0.384	0.448	0.0007331263041123748	0.0003365574521012604	0.0009587411186657846	0.0012313571060076356	0.00109629868529737	0.0003318770322948694	0.002344547538086772	0.0005836135242134333	0.00389934447593987	0.000828887103125453
0.448	0.512	0.0007331263041123748	0.00032147669116966426	0.0009326155413873494	0.0011742477072402835	0.0011513864155858755	0.00032080066739581525	0.002215164713561535	0.0005546014872379601	0.003948706202208996	0.0007562263635918498
0.512	0.576	0.0007331263041123748	0.00031440140446648	0.0009071364183910191	0.0011742477072402835	0.001216184115037322	0.0003117839223705232	0.0021725324913859367	0.0005450430908240378	0.004019527696073055	0.0007081128424033523
