onset	offset	Alarm_bell_ringing	Blender	Cat	Dishes	Dog	Electric_shaver_toothbrush	Frying	Running_water	Speech	Vacuum_cleaner
0.0	0.064	0.0006564088398590684	0.0017339024925604463	0.0015481116715818644	0.0006549559184350073	0.0007032854482531548	0.00043278513476252556	0.0010872636921703815	0.0008301351917907596	0.003145977621898055	0.4485669434070587
0.064	0.128	0.0006564088398590684	0.0017556286184117198	0.0015481116715818644	0.0006549559184350073	0.0007032854482531548	0.00043278513476252556	0.0010872636921703815	0.0008301351917907596	0.003145977621898055	0.4485669434070587
0.128	0.192	0.0005515814991667867	0.0018497882410883904	0.0014851607847958803	0.0005474834470078349	0.0007032854482531548	0.00039633011328987777	0.0009719983208924532	0.0007618146482855082	0.0026856560725718737	0.4457547068595886
0.192	0.256	0.0005330004496499896	0.0018291240558028221	0.0014851607847958803	0.0005045392899774015	0.0007032854482531548	0.000394653674447909	0.0009191129938699305	0.0007604234269820154	0.0025119881611317396	0.4457547068595886
0.256	0.32	0.0005077921668998897	0.0017948115710169077	0.0014851607847958803	0.0004956410848535597	0.0007032854482531548	0.0003926587523892522	0.0009173456928692758	0.0007449242984876037	0.00240515498444438	0.4457547068595886
0.32	0.384	0.0004953324096277356	0.0017948115710169077	0.0014851607847958803	0.00048561295261606574	0.0007191161857917905	0.0003896293055731803	0.0008830134174786508	0.0007303745369426906	0.002351217670366168	0.4457547068595886
0.384	0.448	0.0004840405017603189	0.0018049603095278144	0.0015163876814767718	0.00048198385047726333	0.0007285671890713274	0.0003880946314893663	0.0008548712357878685	0.0007077019545249641	0.0023224507458508015	0.4479850232601166
0.448	0.512	0.0004782466567121446	0.0018141822656616569	0.0015269911382347345	0.0004774156550411135	0.0007406164077110589	0.00037907061050646007	0.0008222013711929321	0.0006928040529601276	0.002311734249815345	0.4493078887462616
0.512	0.576	0.00047323183389380574	0.0018141822656616569	0.0015437154797837138	0.00047459700726903975	0.0007515297620557249	0.0003703961265273392	0.0007960670627653599	0.0006797544774599373	0.002306974958628416	0.45009520649909973
