onset	offset	Alarm_bell_ringing	Blender	Cat	Dishes	Dog	Electric_shaver_toothbrush	Frying	Running_water	Speech	Vacuum_cleaner
0.0	0.064	0.0025348267517983913	0.0012509062653407454	0.0024104169569909573	0.0012752581387758255	0.0013526264810934663	0.0009639348136261106	0.002346981316804886	0.002578554442152381	0.00799985695630312	0.9688718914985657
0.064	0.128	0.0025348267517983913	0.0012509062653407454	0.0024104169569909573	0.0012752581387758255	0.0013526264810934663	0.0009639348136261106	0.002346981316804886	0.002578554442152381	0.00799985695630312	0.9688718914985657
0.128	0.192	0.0018190492410212755	0.0008557994733564556	0.0016604781849309802	0.00102389813400805	0.0013943392550572753	0.0007643750286661088	0.0020354106090962887	0.0019346082117408514	0.0057980832643806934	0.9696030616760254
0.192	0.256	0.0013976816553622484	0.000693109177518636	0.001434636302292347	0.0010065746027976274	0.0013943392550572753	0.0006910625379532576	0.0019228855380788445	0.001508131972514093	0.005104128737002611	0.970463752746582
0.256	0.32	0.0012048198841512203	0.0006157232564873993	0.001434636302292347	0.0009904626058414578	0.0013943392550572753	0.0006645489484071732	0.0018111770041286945	0.0013182020047679543	0.004713480826467276	0.9715732336044312
0.32	0.384	0.001136199221946299	0.0005619525327347219	0.001434636302292347	0.0009883694583550096	0.0014571873471140862	0.000648672110401094	0.0017315724398940802	0.0012376733357086778	0.004713480826467276	0.9721678495407104
0.384	0.448	0.0010844619246199727	0.000528116594068706	0.001434636302292347	0.0009904626058414578	0.001485206070356071	0.0006337526720017195	0.001690140925347805	0.001189046073704958	0.004713480826467276	0.9726729989051819
0.448	0.512	0.0010066934628412127	0.0005100204143673182	0.001468244823627174	0.0010065746027976274	0.001586111611686647	0.0006022370071150362	0.0016837670700624585	0.0011358134215697646	0.004713480826467276	0.973893940448761
0.512	0.576	0.0009302810649387538	0.000508780765812844	0.0015419003320857882	0.00102389813400805	0.0017952123889699578	0.00056930334540084	0.0016723019070923328	0.0010746583575382829	0.005207786802202463	0.9753378629684448
