onset	offset	Alarm_bell_ringing	Blender	Cat	Dishes	Dog	Electric_shaver_toothbrush	Frying	Running_water	Speech	Vacuum_cleaner
0.0	0.064	0.0019114064052700996	0.0017668000655248761	0.004374130163341761	0.16327162086963654	0.003965800162404776	0.0015097636496648192	0.06653127074241638	0.0054631903767585754	0.06511879712343216	0.0036170596722513437
0.064	0.128	0.0019114064052700996	0.0017668000655248761	0.004374130163341761	0.16327162086963654	0.004350433591753244	0.0015097636496648192	0.06653127074241638	0.0054631903767585754	0.06511879712343216	0.0036170596722513437
0.128	0.192	0.0019114064052700996	0.0017668000655248761	0.004374130163341761	0.15090146660804749	0.004350433591753244	0.0012709759175777435	0.061103906482458115	0.0054631903767585754	0.07737146317958832	0.002500083763152361
0.192	0.256	0.0018804023275151849	0.0014965699519962072	0.004374130163341761	0.15090146660804749	0.003965800162404776	0.0010646157898008823	0.05584915727376938	0.0054631903767585754	0.07819592207670212	0.0021052572410553694
0.256	0.32	0.0018804023275151849	0.0014099475229158998	0.003602211130782962	0.15090146660804749	0.0036886411253362894	0.0010632448829710484	0.0369948111474514	0.005427738185971975	0.09713137149810791	0.002055955585092306
0.32	0.384	0.0018712058663368225	0.0011376570910215378	0.004466190934181213	0.0686662495136261	0.003501715837046504	0.0010008476674556732	0.03369872644543648	0.005712834186851978	0.10134795308113098	0.0016849185340106487
0.384	0.448	0.0018804023275151849	0.0011376570910215378	0.004466190934181213	0.043819207698106766	0.003501715837046504	0.0010008476674556732	0.03369872644543648	0.005712834186851978	0.10948693752288818	0.001662897178903222
0.448	0.512	0.0018804023275151849	0.0011376570910215378	0.004466190934181213	0.03260472044348717	0.003501715837046504	0.0010008476674556732	0.03369872644543648	0.005712834186851978	0.10948693752288818	0.0016574140172451735
0.512	0.576	0.00193358538672328	0.0011376570910215378	0.004466190934181213	0.03233199194073677	0.003501715837046504	0.0010646157898008823	0.03369872644543648	0.005712834186851978	0.25434109568595886	0.0015631350688636303
