onset	offset	Alarm_bell_ringing	Blender	Cat	Dishes	Dog	Electric_shaver_toothbrush	Frying	Running_water	Speech	Vacuum_cleaner
0.0	0.064	0.0017733771819621325	0.0028232759796082973	0.0010978213977068663	0.004961816594004631	0.005712008103728294	0.0006142687634564936	0.0017020206432789564	0.0006569250836037099	0.9772067070007324	0.0013609526213258505
0.064	0.128	0.0017733771819621325	0.002677563112229109	0.0010978213977068663	0.005361909978091717	0.005712008103728294	0.0006142687634564936	0.0017020206432789564	0.0006148474640212953	0.9772067070007324	0.0013609526213258505
0.128	0.192	0.0021079096477478743	0.002677563112229109	0.0012351289624348283	0.005826993845403194	0.008183524012565613	0.000713923538569361	0.0021103625185787678	0.0006148474640212953	0.9898821711540222	0.0012113439152017236
0.192	0.256	0.002278092550113797	0.002677563112229109	0.0012351289624348283	0.005826993845403194	0.008246878162026405	0.000713923538569361	0.003148467279970646	0.0005901780677959323	0.9919026494026184	0.0011341663775965571
0.256	0.32	0.0024405827280133963	0.002677563112229109	0.0012351289624348283	0.005826993845403194	0.008599349297583103	0.000713923538569361	0.0031484956853091717	0.0005653680418618023	0.9928368926048279	0.0010212769266217947
0.32	0.384	0.002453105989843607	0.0025658218655735254	0.0012351289624348283	0.00590776652097702	0.008599349297583103	0.000713923538569361	0.003285375889390707	0.000562021101359278	0.9929578304290771	0.0009961596224457026
0.384	0.448	0.0024981056340038776	0.0025595729239284992	0.0011391632724553347	0.00590776652097702	0.008599349297583103	0.0006955147255212069	0.0034272121265530586	0.0005501298001036048	0.9929578304290771	0.0009039108990691602
0.448	0.512	0.0024981056340038776	0.0025595729239284992	0.0011347968829795718	0.00590776652097702	0.008599349297583103	0.0006932042888365686	0.003469852963462472	0.0005237776786088943	0.9929578304290771	0.0009033508249558508
0.512	0.576	0.0024981056340038776	0.0025595729239284992	0.0010620139073580503	0.00590776652097702	0.00824748631566763	0.0006724403356201947	0.0034272121265530586	0.0005150707438588142	0.9929578304290771	0.00089739152463153
