onset	offset	Alarm_bell_ringing	Blender	Cat	Dishes	Dog	Electric_shaver_toothbrush	Frying	Running_water	Speech	Vacuum_cleaner
0.0	0.064	0.0008305450901389122	0.0037890991661697626	0.0014818027848377824	0.00058372673811391	0.0010007546516135335	0.0012627003015950322	0.0007895529852248728	0.002998454263433814	0.00866205245256424	0.9869906306266785
0.064	0.128	0.0008305450901389122	0.0037890991661697626	0.0014818027848377824	0.00058372673811391	0.0010231833439320326	0.0012627003015950322	0.0007895529852248728	0.002998454263433814	0.00866205245256424	0.9869906306266785
0.128	0.192	0.00048184607294388115	0.0032307091169059277	0.0010469615226611495	0.0004634000069927424	0.0011379859643056989	0.0010060741333290935	0.0006195540190674365	0.0025592963211238384	0.006830230355262756	0.9888050556182861
0.192	0.256	0.00040611097938381135	0.0020394264720380306	0.0009394084918312728	0.0004634000069927424	0.0011379859643056989	0.0009088438237085938	0.0005353014566935599	0.00208651227876544	0.005795551463961601	0.990263819694519
0.256	0.32	0.0004058843769598752	0.0017939824610948563	0.000936939672101289	0.00045995411346666515	0.0011379859643056989	0.0008618424762971699	0.0005309926345944405	0.0018511624075472355	0.005041791126132011	0.9912130236625671
0.32	0.384	0.0004040140483994037	0.0015864251181483269	0.0009212329750880599	0.0004588829178828746	0.0012301626848056912	0.0008354564197361469	0.0005291394772939384	0.001624134136363864	0.004614109639078379	0.9913580417633057
0.384	0.448	0.0003887474013026804	0.001413821941241622	0.0008976899553090334	0.0004563481197692454	0.0012470282381400466	0.0008129094494506717	0.0005291394772939384	0.0014686672948300838	0.004350578412413597	0.9915088415145874
0.448	0.512	0.0003887474013026804	0.001285707694478333	0.0008929744944907725	0.0004563481197692454	0.0012591549893841147	0.0007883733487688005	0.0005309926345944405	0.0013676427770406008	0.0042132847011089325	0.991524875164032
0.512	0.576	0.0003887474013026804	0.001203476800583303	0.0008659117156639695	0.0004545075644273311	0.001270021079108119	0.0007661905838176608	0.0005353014566935599	0.0012808096362277865	0.0042132847011089325	0.991529107093811
