onset	offset	Alarm_bell_ringing	Blender	Cat	Dishes	Dog	Electric_shaver_toothbrush	Frying	Running_water	Speech	Vacuum_cleaner
0.0	0.064	0.0003402312286198139	0.00015036236436571926	0.00048060889821499586	0.0005079330294393003	0.0004186849109828472	0.0001242006110260263	0.0015246535185724497	0.001886122627183795	0.002044453052803874	0.001726424554362893
0.064	0.128	0.0003402312286198139	0.00015036236436571926	0.00048060889821499586	0.0005079330294393003	0.0004186849109828472	0.0001242006110260263	0.0015246535185724497	0.001886122627183795	0.002044453052803874	0.001726424554362893
0.128	0.192	0.0002883569977711886	0.00013794239202979952	0.00047348474618047476	0.00042998307617381215	0.0004126867279410362	0.0001222537102876231	0.001430610311217606	0.001749178976751864	0.0018189923139289021	0.001698773936368525
0.192	0.256	0.0002657236182130873	0.00012906937627121806	0.0004549326258711517	0.00040226124110631645	0.0004104409890715033	0.00011996145622106269	0.0013911023270338774	0.0016221043188124895	0.0017382486257702112	0.0015880732098594308
0.256	0.32	0.0002560362045187503	0.00012340575631242245	0.0004453487345017493	0.000390820816392079	0.0004104409890715033	0.00011813022138085216	0.0013613331830129027	0.0015434545930474997	0.0016954060411080718	0.0014965820591896772
0.32	0.384	0.00025146451662294567	0.00011942876153625548	0.00044147169683128595	0.0003851251385640353	0.0004104409890715033	0.00011662949691526592	0.0013399062445387244	0.001493951422162354	0.0016702031716704369	0.0014227667124941945
0.384	0.448	0.00024898716947063804	0.00011638641444733366	0.0004385718493722379	0.0003812524664681405	0.0004104409890715033	0.00011527087190188468	0.0013226853916421533	0.0014596211258322	0.001655134605243802	0.001356027671135962
0.448	0.512	0.00024766699061729014	0.00011390276631573215	0.00043629007996059954	0.0003781442646868527	0.0004111850867047906	0.00011404395627323538	0.001308306585997343	0.0014342271024361253	0.0016466915840283036	0.0012935096165165305
0.512	0.576	0.00024757158826105297	0.00011187508061993867	0.00043439873843453825	0.0003754074277821928	0.00041153409983962774	0.00011293966235825792	0.0012957291910424829	0.0014150787610560656	0.0016422043554484844	0.0012349183671176434
