onset	offset	Alarm_bell_ringing	Blender	Cat	Dishes	Dog	Electric_shaver_toothbrush	Frying	Running_water	Speech	Vacuum_cleaner
0.0	0.064	0.0004121322126593441	0.00017956494411919266	0.00537542998790741	0.0008173139067366719	0.0029785872902721167	0.0002840796660166234	0.0004483687807805836	0.001462528365664184	0.0015945732593536377	0.003877215553075075
0.064	0.128	0.0004121322126593441	0.00017956494411919266	0.00537542998790741	0.0008173139067366719	0.0029785872902721167	0.0002840796660166234	0.0004483687807805836	0.001462528365664184	0.0015945732593536377	0.003877215553075075
0.128	0.192	0.00030371203320100904	0.00015373511996585876	0.00470238970592618	0.0006506196223199368	0.0028231951873749495	0.0002437847142573446	0.0003748588787857443	0.0013409453677013516	0.001398753491230309	0.0032719792798161507
0.192	0.256	0.00026528543094173074	0.00014416099293157458	0.0046445587649941444	0.0006242427043616772	0.0028231951873749495	0.00022819401056040078	0.0003412349906284362	0.0012633656151592731	0.0013268401380628347	0.002960744546726346
0.256	0.32	0.00024733308237046003	0.0001330142840743065	0.004624697379767895	0.0006093816482461989	0.0028231951873749495	0.00021641298371832818	0.00032081385143101215	0.0011899773962795734	0.001282139914110303	0.0026995788794010878
0.32	0.384	0.0002397007920080796	0.00012178155884612352	0.004551107529550791	0.0005914111970923841	0.0028231951873749495	0.0002057516248896718	0.00030446809250861406	0.0011292642448097467	0.001256974064745009	0.002504996256902814
0.384	0.448	0.0002353134477743879	0.0001130191667471081	0.004519629292190075	0.000578329258132726	0.002938769292086363	0.00019787850033026189	0.0002917675592470914	0.0010753767564892769	0.001244614482857287	0.002342728665098548
0.448	0.512	0.0002307508111698553	0.00010678313992684707	0.004509908612817526	0.0005680986796505749	0.002938769292086363	0.0001926544791786	0.00028181311790831387	0.001034644665196538	0.001233384944498539	0.0022047541569918394
0.512	0.576	0.00022695872758049518	0.00010260524868499488	0.004497805144637823	0.0005589493084698915	0.002938769292086363	0.0001883720251498744	0.00027346680872142315	0.0010039141634479165	0.001233384944498539	0.0020922706462442875
