onset	offset	Alarm_bell_ringing	Blender	Cat	Dishes	Dog	Electric_shaver_toothbrush	Frying	Running_water	Speech	Vacuum_cleaner
0.0	0.064	0.002326362067833543	0.006825544871389866	0.011971189640462399	0.007176592946052551	0.005518689751625061	0.046716950833797455	0.002464852761477232	0.0033269799314439297	0.6392996907234192	0.00547288591042161
0.064	0.128	0.002326362067833543	0.0068249888718128204	0.011971189640462399	0.007176592946052551	0.005220677703619003	0.046716950833797455	0.002464852761477232	0.0033269799314439297	0.6192086935043335	0.00547288591042161
0.128	0.192	0.0019704762380570173	0.0068249888718128204	0.011816656216979027	0.006577914115041494	0.005220677703619003	0.046716950833797455	0.002193693071603775	0.0030729526188224554	0.5810569524765015	0.005259971600025892
0.192	0.256	0.0017160206334665418	0.005941739771515131	0.01090475544333458	0.0064888689666986465	0.004648065194487572	0.046716950833797455	0.0018742202082648873	0.0028129643760621548	0.5810569524765015	0.005174292717128992
0.256	0.32	0.0011948092142120004	0.0033480501733720303	0.0074002607725560665	0.004764605779200792	0.0023663018364459276	0.046716950833797455	0.001382469548843801	0.0025908180978149176	0.40334850549697876	0.005056288558989763
0.32	0.384	0.0011948092142120004	0.0013409230159595609	0.005846667103469372	0.0022659189999103546	0.001135692815296352	0.048381879925727844	0.0013735637767240405	0.0012057045241817832	0.057525407522916794	0.004931880626827478
0.384	0.448	0.0011948092142120004	0.0011520644184201956	0.005220028571784496	0.0016830938402563334	0.0008127537439577281	0.055263370275497437	0.0013735637767240405	0.0008752100402489305	0.026302726939320564	0.004892175085842609
0.448	0.512	0.0011948092142120004	0.0008324490045197308	0.004859035834670067	0.0014433248434215784	0.0006872274097986519	0.11865762621164322	0.0013735637767240405	0.0006993961869738996	0.018556764349341393	0.004809585865586996
0.512	0.576	0.0012621519854292274	0.0006751893670298159	0.004652197007089853	0.0012961173197254539	0.0006872274097986519	0.17332246899604797	0.001382469548843801	0.0006139831384643912	0.014497384428977966	0.004490025341510773
