onset	offset	Alarm_bell_ringing	Blender	Cat	Dishes	Dog	Electric_shaver_toothbrush	Frying	Running_water	Speech	Vacuum_cleaner
0.0	0.064	0.004591517616063356	0.0007133577018976212	0.004428043495863676	0.013799919746816158	0.0007694487576372921	0.0004084905085619539	0.0004454688751138747	0.009925920516252518	0.0076775820925831795	0.0002337049227207899
0.064	0.128	0.004591517616063356	0.0007133577018976212	0.0041728392243385315	0.009110412560403347	0.0007694487576372921	0.0004084905085619539	0.0004454688751138747	0.009925920516252518	0.007478981278836727	0.0002337049227207899
0.128	0.192	0.004040210507810116	0.0006346674636006355	0.0041728392243385315	0.006339648272842169	0.0007557044154964387	0.00037909517413936555	0.0003634550957940519	0.009762676432728767	0.007478981278836727	0.00020463544933591038
0.192	0.256	0.0029341550543904305	0.0005084722070023417	0.0025728142354637384	0.006339648272842169	0.0005499842809513211	0.000353931391146034	0.0002757245965767652	0.007396048400551081	0.006588195916265249	0.00020463544933591038
0.256	0.32	0.0017132700886577368	0.0004891816643066704	0.0025728142354637384	0.004991080611944199	0.00044345465721562505	0.000353931391146034	0.0002656404976733029	0.006624188739806414	0.005994022823870182	0.00020463544933591038
0.32	0.384	0.0017132700886577368	0.0004891816643066704	0.0025728142354637384	0.004523660056293011	0.00044345465721562505	0.000353931391146034	0.00026057346258312464	0.006624188739806414	0.005994022823870182	0.00019703917496372014
0.384	0.448	0.0017132700886577368	0.0004891816643066704	0.0025728142354637384	0.004471488296985626	0.00044345465721562505	0.000353931391146034	0.00026057346258312464	0.006624188739806414	0.005994022823870182	0.0001912164007080719
0.448	0.512	0.0017132700886577368	0.0004891816643066704	0.004895778838545084	0.0036329166032373905	0.00044345465721562505	0.00039584451587870717	0.0002478467358741909	0.006483470089733601	0.005994022823870182	0.0001912164007080719
0.512	0.576	0.003195500932633877	0.000512080208864063	0.021910350769758224	0.0031406194902956486	0.0006767013110220432	0.0006396780372597277	0.0002478467358741909	0.006352367345243692	0.009522943757474422	0.00016618004883639514
