onset	offset	Alarm_bell_ringing	Blender	Cat	Dishes	Dog	Electric_shaver_toothbrush	Frying	Running_water	Speech	Vacuum_cleaner
0.0	0.064	0.00046880534500814974	0.0007000366458669305	0.0002906342560891062	0.019039051607251167	0.0004279236018192023	0.0002891603216994554	0.03594519942998886	0.0008713087881915271	0.003768432652577758	0.00045558877172879875
0.064	0.128	0.00046880534500814974	0.0007000366458669305	0.0002906342560891062	0.01922706328332424	0.0004557759966701269	0.0003103952913079411	0.04073234647512436	0.0009079924784600735	0.003768432652577758	0.00045558877172879875
0.128	0.192	0.0003939058806281537	0.0007000366458669305	0.0002906342560891062	0.02483438327908516	0.000492256018333137	0.00032016882323659956	0.04391876235604286	0.0009295429917983711	0.003768432652577758	0.00044148744200356305
0.192	0.256	0.0003939058806281537	0.0007000366458669305	0.0002906342560891062	0.02483438327908516	0.000492256018333137	0.00032016882323659956	0.04391876235604286	0.0009295429917983711	0.003768432652577758	0.00043673659092746675
0.256	0.32	0.0003939058806281537	0.0007000366458669305	0.0002906342560891062	0.02483438327908516	0.000492256018333137	0.00032016882323659956	0.04661673679947853	0.0009295429917983711	0.003768432652577758	0.0004009838157799095
0.32	0.384	0.00037768433685414493	0.0007884901715442538	0.00029345983057282865	0.035285450518131256	0.0004986083949916065	0.00032016882323659956	0.0525507852435112	0.0009639105410315096	0.004304618574678898	0.0003538473683875054
0.384	0.448	0.0003761249827221036	0.0007884901715442538	0.00031129203853197396	0.06526442617177963	0.0005260389298200607	0.00032016882323659956	0.0525507852435112	0.0010701081482693553	0.005321291275322437	0.00032633435330353677
0.448	0.512	0.0003761249827221036	0.0007884901715442538	0.0003289506712462753	0.06526442617177963	0.0005260389298200607	0.00032016882323659956	0.0525507852435112	0.0010701081482693553	0.0053220936097204685	0.00028377698617987335
0.512	0.576	0.00037768433685414493	0.0007884901715442538	0.00036308643757365644	0.06793998181819916	0.0005260389298200607	0.0002886097354348749	0.0525507852435112	0.0011548580368980765	0.005535805132240057	0.0002831819001585245
