onset	offset	Alarm_bell_ringing	Blender	Cat	Dishes	Dog	Electric_shaver_toothbrush	Frying	Running_water	Speech	Vacuum_cleaner
0.0	0.064	0.05942211672663689	0.0007795743877068162	0.0027179305907338858	0.012391853146255016	0.00663998955860734	0.00034077579039148986	0.0038394841831177473	0.004455566871911287	0.0031238163355737925	0.0022802839521318674
0.064	0.128	0.05942211672663689	0.0007883714279159904	0.002794076455757022	0.012391853146255016	0.007142694666981697	0.0003997479798272252	0.0038394841831177473	0.004455566871911287	0.0031238163355737925	0.0029068414587527514
0.128	0.192	0.09701162576675415	0.000804812996648252	0.002794076455757022	0.016719568520784378	0.007156246807426214	0.00043143119546584785	0.003838886274024844	0.005149726755917072	0.002640716964378953	0.0029068414587527514
0.192	0.256	0.18368934094905853	0.000804812996648252	0.003373241052031517	0.019817903637886047	0.007156246807426214	0.00043143119546584785	0.003509750124067068	0.005708886310458183	0.0022484289947897196	0.0027764509432017803
0.256	0.32	0.25879788398742676	0.0007883714279159904	0.004070901311933994	0.023112667724490166	0.007156246807426214	0.00043143119546584785	0.003087590914219618	0.00667957216501236	0.0020637125708162785	0.002578987507149577
0.32	0.384	0.33888402581214905	0.0007883714279159904	0.00569660309702158	0.02656787820160389	0.007700170855969191	0.00048592593520879745	0.0027208777610212564	0.007004876621067524	0.002020368119701743	0.002578987507149577
0.384	0.448	0.4152156412601471	0.0007883714279159904	0.006545258220285177	0.02656787820160389	0.007700170855969191	0.0005571040092036128	0.00256564118899405	0.007004876621067524	0.002007031813263893	0.002578987507149577
0.448	0.512	0.46346578001976013	0.0007832749397493899	0.006545258220285177	0.02656787820160389	0.007700170855969191	0.0006049788789823651	0.0024831495247781277	0.007004876621067524	0.001990279881283641	0.0023253329563885927
0.512	0.576	0.47133058309555054	0.000683601014316082	0.006545258220285177	0.02656787820160389	0.007700170855969191	0.0006049788789823651	0.002369759138673544	0.007004876621067524	0.00195480533875525	0.001993795856833458
