onset	offset	Alarm_bell_ringing	Blender	Cat	Dishes	Dog	Electric_shaver_toothbrush	Frying	Running_water	Speech	Vacuum_cleaner
0.0	0.064	0.5429841876029968	0.00496962945908308	0.007621790748089552	0.08928540349006653	0.004612150136381388	0.0013606144348159432	0.00506030535325408	0.005798060912638903	0.010387818329036236	0.0020561860874295235
0.064	0.128	0.5429841876029968	0.00496962945908308	0.007621790748089552	0.08928540349006653	0.004612150136381388	0.0013162731193006039	0.00506030535325408	0.005798060912638903	0.010387818329036236	0.0020561860874295235
0.128	0.192	0.733414888381958	0.004333764314651489	0.008807620033621788	0.06915969401597977	0.004612150136381388	0.0013162731193006039	0.0045953900553286076	0.004495149943977594	0.00902553554624319	0.0018355227075517178
0.192	0.256	0.851205050945282	0.0033877314999699593	0.008807620033621788	0.04864802956581116	0.004612150136381388	0.0011283105704933405	0.0037359066773205996	0.0037488027010113	0.00785736832767725	0.0011891983449459076
0.256	0.32	0.9060496091842651	0.002322879619896412	0.008807620033621788	0.03248855471611023	0.004461791832000017	0.0008564586169086397	0.0030125295743346214	0.0032396861352026463	0.00785736832767725	0.0005326967220753431
0.32	0.384	0.9130698442459106	0.001799705671146512	0.008807620033621788	0.026051029562950134	0.004461791832000017	0.0007952951709739864	0.0028425974305719137	0.0028562189545482397	0.00785736832767725	0.00030859862454235554
0.384	0.448	0.9130698442459106	0.001799705671146512	0.007518333848565817	0.026051029562950134	0.004461791832000017	0.0007089315331541002	0.0027796332724392414	0.0025741909630596638	0.00785736832767725	0.0002592427481431514
0.448	0.512	0.9130698442459106	0.001799705671146512	0.0062226904556155205	0.026051029562950134	0.004399630706757307	0.0005583934835158288	0.0025826122146099806	0.0025722684804350138	0.008072213269770145	0.0002574999234639108
0.512	0.576	0.9130698442459106	0.001799705671146512	0.005271610803902149	0.025542939081788063	0.004386591259390116	0.000477782596135512	0.0022579568903893232	0.0025458496529608965	0.008072213269770145	0.00025495534646324813
