onset	offset	Alarm_bell_ringing	Blender	Cat	Dishes	Dog	Electric_shaver_toothbrush	Frying	Running_water	Speech	Vacuum_cleaner
0.0	0.064	0.004959999583661556	0.007607010658830404	0.004478554241359234	0.0005355770699679852	0.003083960385993123	0.011718417517840862	0.0009767913725227118	0.004087852314114571	0.00631452351808548	0.9829590320587158
0.064	0.128	0.004959999583661556	0.007607010658830404	0.004478554241359234	0.0005355770699679852	0.003083960385993123	0.011718417517840862	0.0009767913725227118	0.004087852314114571	0.00631452351808548	0.9829590320587158
0.128	0.192	0.003015221795067191	0.004769311286509037	0.003743623849004507	0.0004415495495777577	0.0022837568540126085	0.010558591224253178	0.0006573547725565732	0.003365271957591176	0.005036660470068455	0.9841895699501038
0.192	0.256	0.002583612222224474	0.004044804722070694	0.003598410403355956	0.0004401174373924732	0.0020419182255864143	0.01050281897187233	0.0005906662554480135	0.0028566522523760796	0.005036641843616962	0.984274685382843
0.256	0.32	0.0024434064980596304	0.0033152103424072266	0.0035339160822331905	0.0004068478010594845	0.0020419182255864143	0.009800678119063377	0.0005274640861898661	0.002685216721147299	0.0050069671124219894	0.9844743013381958
0.32	0.384	0.0023327774833887815	0.0029418193735182285	0.0034485480282455683	0.0003850777866318822	0.0020354853477329016	0.009125215001404285	0.0004941332153975964	0.0025410191155970097	0.004923933185636997	0.9846782684326172
0.384	0.448	0.002246696734800935	0.0025971124414354563	0.0032716994173824787	0.00036689918488264084	0.002008749870583415	0.0084382900968194	0.000461012648884207	0.0024316078051924706	0.0048944358713924885	0.9846782684326172
0.448	0.512	0.0021368300076574087	0.0023312047123908997	0.003099014749750495	0.0003539473982527852	0.002008749870583415	0.007823287509381771	0.00043233195901848376	0.0023231504019349813	0.004923933185636997	0.9848446249961853
0.512	0.576	0.0020213855896145105	0.0021263661328703165	0.002928578993305564	0.0003461359301581979	0.002008749870583415	0.007319760043174028	0.0004076143086422235	0.0022233498748391867	0.004923933185636997	0.9849761128425598
