onset	offset	Alarm_bell_ringing	Blender	Cat	Dishes	Dog	Electric_shaver_toothbrush	Frying	Running_water	Speech	Vacuum_cleaner
0.0	0.064	0.005211653653532267	0.023680564016103745	0.0013134654145687819	0.007267637178301811	0.006717380601912737	0.005013908259570599	0.008297936990857124	0.0012279979418963194	0.9844861030578613	0.00397978350520134
0.064	0.128	0.00539394561201334	0.023680564016103745	0.0013134654145687819	0.007267637178301811	0.006717380601912737	0.005013908259570599	0.008297936990857124	0.0012279979418963194	0.9844861030578613	0.00397978350520134
0.128	0.192	0.005616232752799988	0.019949302077293396	0.0012377522652968764	0.006950286217033863	0.006140199024230242	0.004867305979132652	0.007838321849703789	0.0011243781773373485	0.9857578277587891	0.0034794933162629604
0.192	0.256	0.005616232752799988	0.015530439093708992	0.0011738798348233104	0.0069388123229146	0.005532320588827133	0.00467791547998786	0.007644911762326956	0.0010287698823958635	0.9867456555366516	0.002857993124052882
0.256	0.32	0.005616232752799988	0.012586051598191261	0.0011254691053181887	0.0068678357638418674	0.0049581378698349	0.004429952707141638	0.007644911762326956	0.0009555497672408819	0.9868758916854858	0.002384121296927333
0.32	0.384	0.005730083677917719	0.010133902542293072	0.0010530418949201703	0.006790780927985907	0.004415218252688646	0.003974109888076782	0.007644911762326956	0.0009106749203056097	0.9868758916854858	0.0019864116329699755
0.384	0.448	0.005730083677917719	0.00926333386451006	0.0010070729767903686	0.006570122670382261	0.004181870725005865	0.00394872110337019	0.007644911762326956	0.0008703690837137401	0.9871699810028076	0.0018428672337904572
0.448	0.512	0.005730083677917719	0.00909409485757351	0.0009872696828097105	0.006252866704016924	0.004060426726937294	0.003841810394078493	0.007715429645031691	0.0008090132032521069	0.9872796535491943	0.001816762494854629
0.512	0.576	0.005730083677917719	0.007670337334275246	0.0009584055515006185	0.006202864460647106	0.003711291588842869	0.003633073763921857	0.007741858251392841	0.0007591288886032999	0.9873538613319397	0.001608066027984023
