onset	offset	Alarm_bell_ringing	Blender	Cat	Dishes	Dog	Electric_shaver_toothbrush	Frying	Running_water	Speech	Vacuum_cleaner
0.0	0.064	0.020511332899332047	0.0015279476065188646	0.004911661613732576	0.0046976362355053425	0.019985657185316086	0.0013535781763494015	0.003079874673858285	0.0032762261107563972	0.9880746006965637	0.0034768590703606606
0.064	0.128	0.020511332899332047	0.0015279476065188646	0.004911661613732576	0.0046780467964708805	0.019985657185316086	0.0013535781763494015	0.003079874673858285	0.0032762261107563972	0.9862098097801208	0.0034768590703606606
0.128	0.192	0.02019929513335228	0.0011631862726062536	0.004911661613732576	0.0046780467964708805	0.01730624958872795	0.001111222431063652	0.0033423604909330606	0.003076017601415515	0.9835644960403442	0.00267072138376534
0.192	0.256	0.018865352496504784	0.0009925095364451408	0.004733791574835777	0.004396218806505203	0.015340371057391167	0.0009538102895021439	0.0033423604909330606	0.002971098991110921	0.9835644960403442	0.002254334045574069
0.256	0.32	0.01621605083346367	0.0008511132327839732	0.004659327212721109	0.003796078497543931	0.013251247815787792	0.0008424303377978504	0.0033423604909330606	0.002930201357230544	0.9789144992828369	0.0019596414640545845
0.32	0.384	0.012608489021658897	0.0004306014161556959	0.004165077116340399	0.003144416958093643	0.00840225163847208	0.0007607046863995492	0.0033423604909330606	0.0021972195245325565	0.9567785859107971	0.001898380578495562
0.384	0.448	0.010325613431632519	0.00020116311497986317	0.00249431817792356	0.0019588936120271683	0.004108756314963102	0.0004901565262116492	0.0033423604909330606	0.0016119166975840926	0.7835827469825745	0.0017700671451166272
0.448	0.512	0.006665229797363281	0.0001703733141766861	0.0013533313758671284	0.0009154672152362764	0.0021336907520890236	0.0003683670947793871	0.0033423604909330606	0.0009120904724113643	0.2319926917552948	0.0017700671451166272
0.512	0.576	0.004643610678613186	0.0001703733141766861	0.0009604311198927462	0.0007042878423817456	0.0018754471093416214	0.00034658005461096764	0.0033423604909330606	0.0007905485690571368	0.06232685223221779	0.0017700671451166272
