onset	offset	Alarm_bell_ringing	Blender	Cat	Dishes	Dog	Electric_shaver_toothbrush	Frying	Running_water	Speech	Vacuum_cleaner
0.0	0.064	0.004807381425052881	0.013634135946631432	0.0011847189161926508	0.001028990838676691	0.0016719986451789737	0.0007091059233061969	0.0023712993133813143	0.00558560062199831	0.008466268889605999	0.9827240109443665
0.064	0.128	0.004807381425052881	0.013634135946631432	0.0011847189161926508	0.001028990838676691	0.0018323123222216964	0.0007091059233061969	0.0023712993133813143	0.00558560062199831	0.008466268889605999	0.9827240109443665
0.128	0.192	0.002108676126226783	0.007816735655069351	0.0009157027234323323	0.0008062203414738178	0.0018323123222216964	0.0004838695749640465	0.0014590355567634106	0.004086916800588369	0.0069325165823102	0.9874430298805237
0.192	0.256	0.0017114538932219148	0.006289306562393904	0.0008888480952009559	0.0008039310923777521	0.0016719986451789737	0.00042674673022702336	0.0013962561497464776	0.003398595144972205	0.006570558529347181	0.9893635511398315
0.256	0.32	0.00150297733489424	0.005999297834932804	0.000867827155161649	0.0007235807133838534	0.0016431708354502916	0.00042674673022702336	0.0012698456412181258	0.003195109311491251	0.006377376616001129	0.9893635511398315
0.32	0.384	0.0013920452911406755	0.005894951522350311	0.0008603143505752087	0.0006238367641344666	0.0015551612013950944	0.00042674673022702336	0.00116579863242805	0.003149432595819235	0.0060900854878127575	0.9893635511398315
0.384	0.448	0.0013149406295269728	0.005750802345573902	0.0008603143505752087	0.0005795181496068835	0.0015088279033079743	0.00042674673022702336	0.0011419587535783648	0.0029834697488695383	0.0060900854878127575	0.9893635511398315
0.448	0.512	0.001313950284384191	0.0055831195786595345	0.0008603143505752087	0.0005708829266950488	0.001485112588852644	0.000436286733020097	0.0011231754906475544	0.002840843517333269	0.0060900854878127575	0.9890792965888977
0.512	0.576	0.001313950284384191	0.00522956345230341	0.0008365366375073791	0.0005708829266950488	0.001423001871444285	0.00043976071174256504	0.0011231754906475544	0.0026571175549179316	0.0060900854878127575	0.988535463809967
