onset	offset	Alarm_bell_ringing	Blender	Cat	Dishes	Dog	Electric_shaver_toothbrush	Frying	Running_water	Speech	Vacuum_cleaner
0.0	0.064	0.0001450098498025909	0.00019810580124612898	0.021805061027407646	0.0010723578743636608	0.0006349860341288149	9.928831423167139e-05	0.0007982635288499296	0.0008366605034098029	0.0016966582043096423	0.001221443759277463
0.064	0.128	0.00020538645912893116	0.00020979606779292226	0.021805061027407646	0.0010924991220235825	0.0007205114816315472	0.00013095297617837787	0.0008921351982280612	0.0009599152253940701	0.0022648845333606005	0.001221443759277463
0.128	0.192	0.00020538645912893116	0.00020979606779292226	0.06149313226342201	0.0010924991220235825	0.0007205114816315472	0.00013095297617837787	0.0008921351982280612	0.0009599152253940701	0.0023906175047159195	0.001221443759277463
0.192	0.256	0.00023165327729657292	0.0005226822104305029	0.4206686019897461	0.001490419846959412	0.0007131450111046433	0.00013888526882510632	0.0007982635288499296	0.0009430633508600295	0.0023906175047159195	0.0010597900254651904
0.256	0.32	0.0010709326015785336	0.0005529483314603567	0.9645770192146301	0.001490419846959412	0.0006860030698589981	0.0002780275244731456	0.0007962575182318687	0.0008726186351850629	0.004266548436135054	0.0010252558859065175
0.32	0.384	0.001096653752028942	0.0005529483314603567	0.9807892441749573	0.001490419846959412	0.000709512154571712	0.0002857387880794704	0.0007777716964483261	0.0008726186351850629	0.005243684630841017	0.0004958007484674454
0.384	0.448	0.001096653752028942	0.0005529483314603567	0.9822522401809692	0.001490419846959412	0.0007131450111046433	0.0002857387880794704	0.0007348564104177058	0.0008726186351850629	0.005243684630841017	0.00043335751979611814
0.448	0.512	0.001096653752028942	0.0005529483314603567	0.9822522401809692	0.0014160998398438096	0.000709512154571712	0.0002857387880794704	0.0007071670261211693	0.0008282223134301603	0.005243684630841017	0.0004025431699119508
0.512	0.576	0.001096653752028942	0.0005260148318484426	0.9822522401809692	0.0013922752114012837	0.0006860030698589981	0.0002780275244731456	0.0006827735342085361	0.000797593267634511	0.005243684630841017	0.00036581067251972854
