onset	offset	Alarm_bell_ringing	Blender	Cat	Dishes	Dog	Electric_shaver_toothbrush	Frying	Running_water	Speech	Vacuum_cleaner
0.0	0.064	0.0013511002762243152	0.0011123414151370525	0.0013655025977641344	0.004948880057781935	0.0017422056989744306	0.000236289415624924	0.0018825953593477607	0.008922929875552654	0.04266133904457092	0.0034333691000938416
0.064	0.128	0.0013511002762243152	0.0011123414151370525	0.0013655025977641344	0.004948880057781935	0.0021633366122841835	0.000236289415624924	0.0018825953593477607	0.008922929875552654	0.04904943332076073	0.0034333691000938416
0.128	0.192	0.0011344538070261478	0.0006113939452916384	0.002664208645001054	0.002945542335510254	0.003055789740756154	0.00020961409609299153	0.0016285728197544813	0.007039561867713928	0.06319525092840195	0.0024452796205878258
0.192	0.256	0.0010657614329829812	0.0004670984635595232	0.0015199041226878762	0.002373144496232271	0.0021633366122841835	0.00015784677816554904	0.0011595406103879213	0.005701720714569092	0.06319525092840195	0.002103719161823392
0.256	0.32	0.0009633334702812135	0.00046237101196311414	0.0013655025977641344	0.0023224088363349438	0.0017422056989744306	0.00014960240514483303	0.0011434066109359264	0.005465076770633459	0.06247936934232712	0.0019466709345579147
0.32	0.384	0.0009580339537933469	0.000373995368136093	0.0014343542279675603	0.00230329018086195	0.0017399787902832031	0.000134323796373792	0.0009809966431930661	0.005411153193563223	0.08524386584758759	0.001604049582965672
0.384	0.448	0.0008788638515397906	0.000373995368136093	0.0015199041226878762	0.00230329018086195	0.0021633366122841835	0.00012237187183927745	0.0007830238319002092	0.005411153193563223	0.1110415980219841	0.001484065898694098
0.448	0.512	0.0008788638515397906	0.000373995368136093	0.0027699710335582495	0.00230329018086195	0.0036905447486788034	0.00012237187183927745	0.0007589603774249554	0.005411153193563223	0.13262955844402313	0.001484065898694098
0.512	0.576	0.0008788638515397906	0.000373995368136093	0.0027699710335582495	0.00230329018086195	0.0036905447486788034	0.00012237187183927745	0.0007553170435130596	0.005411153193563223	0.25026068091392517	0.0013564489781856537
