onset	offset	Alarm_bell_ringing	Blender	Cat	Dishes	Dog	Electric_shaver_toothbrush	Frying	Running_water	Speech	Vacuum_cleaner
0.0	0.064	0.0008088405593298376	0.0020237446296960115	0.00032865506364032626	0.028076425194740295	0.00041267575579695404	0.0018828435568138957	0.9937642812728882	0.001379472902044654	0.028653671965003014	0.0010858854511752725
0.064	0.128	0.0008088405593298376	0.0020237446296960115	0.00032865506364032626	0.028076425194740295	0.0003944443888030946	0.0018828435568138957	0.9937642812728882	0.001379472902044654	0.04081530496478081	0.0010858854511752725
0.128	0.192	0.0006480807205662131	0.0016437505837529898	0.00036090746289119124	0.028076425194740295	0.0003944443888030946	0.00146630615927279	0.9944459199905396	0.0011307545937597752	0.04081530496478081	0.0008048083982430398
0.192	0.256	0.0005763265653513372	0.0015933424001559615	0.00033104149042628706	0.02773054875433445	0.00039245610241778195	0.0012858326081186533	0.9946199655532837	0.0010403903434053063	0.040025871247053146	0.0007132115424610674
0.256	0.32	0.0005104846204631031	0.00158505339641124	0.00032865506364032626	0.025333890691399574	0.00034129698178730905	0.0011911721667274833	0.9947068095207214	0.0010128460125997663	0.028653671965003014	0.0006639871280640364
0.32	0.384	0.000461267598439008	0.0015232887817546725	0.00032777548767626286	0.020296044647693634	0.000313533324515447	0.001144520239904523	0.9947623610496521	0.0010019061155617237	0.028653671965003014	0.0006234432803466916
0.384	0.448	0.00040547639946453273	0.001429793075658381	0.00032777548767626286	0.017126228660345078	0.00031186683918349445	0.0010924387024715543	0.9947983026504517	0.0009681267547421157	0.02487598918378353	0.0005820889491587877
0.448	0.512	0.00037318089744076133	0.0013511626748368144	0.0003078081936109811	0.01606624387204647	0.0003047219361178577	0.001050467835739255	0.9948486089706421	0.0009201969369314611	0.017554501071572304	0.0005374602042138577
0.512	0.576	0.00036896808887831867	0.0013127382844686508	0.000302188447676599	0.01572127640247345	0.0003011286607943475	0.0010309676872566342	0.9949969053268433	0.0008930141339078546	0.01612568274140358	0.0005112286889925599
