onset	offset	Alarm_bell_ringing	Blender	Cat	Dishes	Dog	Electric_shaver_toothbrush	Frying	Running_water	Speech	Vacuum_cleaner
0.0	0.064	0.0006788218743167818	0.0011314685689285398	0.011119406670331955	0.010815504938364029	0.0020639756694436073	0.0005281243356876075	0.1729055941104889	0.0063620880246162415	0.0041713654063642025	0.0048530627973377705
0.064	0.128	0.0006788218743167818	0.00115275161806494	0.011119406670331955	0.011872789822518826	0.0023942943662405014	0.0005281243356876075	0.1729055941104889	0.0066134752705693245	0.004440676420927048	0.004931403324007988
0.128	0.192	0.0006617582985199988	0.00115275161806494	0.011779535561800003	0.011872789822518826	0.002558102598413825	0.0005151858786121011	0.18315012753009796	0.0066134752705693245	0.004602967295795679	0.004931403324007988
0.192	0.256	0.0006617582985199988	0.0013471171259880066	0.015400788746774197	0.013009115122258663	0.002558102598413825	0.0005067438469268382	0.18340939283370972	0.007818525657057762	0.004602967295795679	0.005225003231316805
0.256	0.32	0.0006617582985199988	0.0016543121309950948	0.023470865562558174	0.013287877663969994	0.0027271851431578398	0.0005067438469268382	0.18530170619487762	0.007911073975265026	0.004602967295795679	0.005511359311640263
0.32	0.384	0.0006617582985199988	0.002028814749792218	0.03811011463403702	0.01401329506188631	0.003430415643379092	0.0005067438469268382	0.19641071557998657	0.007911073975265026	0.004972337279468775	0.005695285275578499
0.384	0.448	0.0007398179150186479	0.002356549957767129	0.05844876542687416	0.01401329506188631	0.0041494774632155895	0.0005067438469268382	0.1966627836227417	0.007911073975265026	0.00542236864566803	0.005922871641814709
0.448	0.512	0.0009324600687250495	0.002356549957767129	0.087738536298275	0.01401329506188631	0.0048547484911978245	0.0005414208862930536	0.1966627836227417	0.007911073975265026	0.005961116869002581	0.005922871641814709
0.512	0.576	0.0010660828556865454	0.002356549957767129	0.10327290743589401	0.01359557919204235	0.005587473977357149	0.0005414208862930536	0.1966627836227417	0.007537489756941795	0.006337482947856188	0.005922871641814709
