onset	offset	Alarm_bell_ringing	Blender	Cat	Dishes	Dog	Electric_shaver_toothbrush	Frying	Running_water	Speech	Vacuum_cleaner
0.0	0.064	0.009419643320143223	0.010609017685055733	0.0086922412738204	0.0009850937640294433	0.0036381897516548634	0.01770983450114727	0.001126506831496954	0.0076639992184937	0.008847968652844429	0.9648008942604065
0.064	0.128	0.009419643320143223	0.010609017685055733	0.0086922412738204	0.0009850937640294433	0.0036381897516548634	0.01770983450114727	0.001126506831496954	0.0076639992184937	0.008847968652844429	0.9648008942604065
0.128	0.192	0.007022320758551359	0.009236603043973446	0.007406746968626976	0.0007828145171515644	0.0033179495949298143	0.016324644908308983	0.0008884679991751909	0.00659493962302804	0.0061514293774962425	0.9656827449798584
0.192	0.256	0.006368345580995083	0.0070623671635985374	0.00596062233671546	0.0006585157243534923	0.0033056021202355623	0.014554429799318314	0.0007693934021517634	0.005430416204035282	0.004764793440699577	0.9658387303352356
0.256	0.32	0.005915169604122639	0.005924208089709282	0.00565541535615921	0.0006568303215317428	0.0028664853889495134	0.014124458655714989	0.0006960654864087701	0.004442597273737192	0.004363216459751129	0.965996265411377
0.32	0.384	0.005480737425386906	0.004931663163006306	0.005169596988707781	0.0006530539249069989	0.002722560428082943	0.013443063013255596	0.000619674741756171	0.004025346599519253	0.004232192412018776	0.965996265411377
0.384	0.448	0.004984397441148758	0.00436764769256115	0.004666072782129049	0.0006468860665336251	0.002683110535144806	0.013008490204811096	0.0005812004674226046	0.003805160988122225	0.00415772432461381	0.9658387303352356
0.448	0.512	0.004448092542588711	0.003946775104850531	0.004032839555293322	0.0006468860665336251	0.0026567778550088406	0.012457575649023056	0.0005605141632258892	0.0036527521442621946	0.004014008678495884	0.9657278656959534
0.512	0.576	0.004010481759905815	0.003697622800245881	0.0035135026555508375	0.0006391978240571916	0.002478497801348567	0.011836783960461617	0.0005480058607645333	0.0035345626529306173	0.0038544039707630873	0.9656827449798584
