onset	offset	Alarm_bell_ringing	Blender	Cat	Dishes	Dog	Electric_shaver_toothbrush	Frying	Running_water	Speech	Vacuum_cleaner
0.0	0.064	0.0019986911211162806	0.0014660165179520845	0.0004184141871519387	0.0005043859709985554	0.0009370360057801008	0.002256745472550392	0.000582505133934319	0.0006146948435343802	0.006912339944392443	0.003143820445984602
0.064	0.128	0.0019986911211162806	0.0014660165179520845	0.0004184141871519387	0.0005043859709985554	0.0009397961548529565	0.002256745472550392	0.000582505133934319	0.0006146948435343802	0.007227691356092691	0.003143820445984602
0.128	0.192	0.001962680369615555	0.0013712059007957578	0.0004184141871519387	0.0005043859709985554	0.0010083690285682678	0.002256745472550392	0.0005377362249419093	0.0006146948435343802	0.010558905079960823	0.002475047018378973
0.192	0.256	0.001962680369615555	0.0013712059007957578	0.0004184141871519387	0.0005043859709985554	0.0010083690285682678	0.002256745472550392	0.0005246161017566919	0.0006146948435343802	0.010558905079960823	0.002298664068803191
0.256	0.32	0.001962680369615555	0.0013712059007957578	0.0004184141871519387	0.0005043859709985554	0.0010083690285682678	0.002256745472550392	0.0005236486904323101	0.0006146948435343802	0.010558905079960823	0.002298664068803191
0.32	0.384	0.001962680369615555	0.0013712059007957578	0.0006372853531502187	0.0005766678368672729	0.0013928383123129606	0.002498517045751214	0.0005236486904323101	0.0007167342118918896	0.13058330118656158	0.0022318793926388025
0.384	0.448	0.0033709288109093904	0.002630422590300441	0.0012810011394321918	0.0010324768954887986	0.0029706242494285107	0.004827659111469984	0.0005236486904323101	0.000955501978751272	0.870578944683075	0.0020617966074496508
0.448	0.512	0.008241918869316578	0.0044855643063783646	0.0013121151132509112	0.0018158148741349578	0.006305299699306488	0.005953213665634394	0.0005236486904323101	0.0012459204299375415	0.986311137676239	0.0020210151560604572
0.512	0.576	0.008241918869316578	0.004556031432002783	0.0013121151132509112	0.002129781525582075	0.0070564947091042995	0.0076004802249372005	0.0005092766368761659	0.001249623135663569	0.9894989728927612	0.002144651720300317
