onset	offset	Alarm_bell_ringing	Blender	Cat	Dishes	Dog	Electric_shaver_toothbrush	Frying	Running_water	Speech	Vacuum_cleaner
0.0	0.064	0.8764733672142029	0.002101252321153879	0.003458418883383274	0.05720724165439606	0.00602293387055397	0.000721432501450181	0.00841976236552	0.005664136726409197	0.0065402500331401825	0.002806480973958969
0.064	0.128	0.8764733672142029	0.002101252321153879	0.003458418883383274	0.05720724165439606	0.006400897167623043	0.0010172650218009949	0.00841976236552	0.005664136726409197	0.006527924444526434	0.0027215650770813227
0.128	0.192	0.8929176926612854	0.00197250465862453	0.003458418883383274	0.094704769551754	0.006844461429864168	0.0010172650218009949	0.008112682029604912	0.005668703932315111	0.006527924444526434	0.0027215650770813227
0.192	0.256	0.9050074219703674	0.001750790048390627	0.0031546943355351686	0.10649728775024414	0.006400897167623043	0.0010105400579050183	0.008027649484574795	0.005668703932315111	0.005622922908514738	0.002666397485882044
0.256	0.32	0.9133727550506592	0.0015375928487628698	0.002917526289820671	0.11380652338266373	0.006279791705310345	0.0009749230812303722	0.007505532819777727	0.005668703932315111	0.004514909815043211	0.0023654510732740164
0.32	0.384	0.9136689901351929	0.0014383135130628943	0.0026968701276928186	0.11380652338266373	0.006279791705310345	0.0009749230812303722	0.007438857574015856	0.005680404603481293	0.003965421579778194	0.0021446857135742903
0.384	0.448	0.9139524102210999	0.0014242484467104077	0.002640735823661089	0.10649728775024414	0.006279791705310345	0.0009749230812303722	0.007128576748073101	0.005903415847569704	0.003944116178900003	0.0019099159399047494
0.448	0.512	0.9139524102210999	0.0013763142051175237	0.0024494766257703304	0.09964678436517715	0.005741706117987633	0.0009659086936153471	0.00697191571816802	0.005903415847569704	0.003855995601043105	0.0017111427150666714
0.512	0.576	0.9136689901351929	0.0013618797529488802	0.002329286653548479	0.094704769551754	0.005735201761126518	0.0009534735581837595	0.0065865227952599525	0.005903415847569704	0.0036786121781915426	0.001686768257059157
