onset	offset	Alarm_bell_ringing	Blender	Cat	Dishes	Dog	Electric_shaver_toothbrush	Frying	Running_water	Speech	Vacuum_cleaner
0.0	0.064	0.0006570121622644365	0.0027136728167533875	0.0008966269670054317	0.008043361827731133	0.00023597985273227096	0.0011100844712927938	0.006866177078336477	0.004837476648390293	0.003608215367421508	0.0042329877614974976
0.064	0.128	0.0006570121622644365	0.0027136728167533875	0.0008966269670054317	0.008043361827731133	0.00023597985273227096	0.0011100844712927938	0.006866177078336477	0.004837476648390293	0.003608215367421508	0.0042329877614974976
0.128	0.192	0.0005152256926521659	0.0020481357350945473	0.0008290114928968251	0.007720681373029947	0.00018815822841133922	0.0010112401796504855	0.006866177078336477	0.0037155465688556433	0.00322172325104475	0.0036531754303723574
0.192	0.256	0.0003907468926627189	0.0018578139133751392	0.0008087896858341992	0.006690669804811478	0.00016911911370698363	0.0009499486768618226	0.006660584360361099	0.0034621513914316893	0.00322172325104475	0.0034332566428929567
0.256	0.32	0.00032249552896246314	0.001708224299363792	0.0007948739221319556	0.006602875888347626	0.0001661071873968467	0.000892729964107275	0.0066049001179635525	0.0034621513914316893	0.0031204356346279383	0.0034332566428929567
0.32	0.384	0.0002847641007974744	0.001708224299363792	0.0007916405447758734	0.005834020208567381	0.00016471183334942907	0.0007496492471545935	0.0066049001179635525	0.0034621513914316893	0.0029450480360537767	0.0034332566428929567
0.384	0.448	0.0002463300770614296	0.001708224299363792	0.0007912627188488841	0.00560564361512661	0.00015301894745789468	0.0007207857561297715	0.006660584360361099	0.0034621513914316893	0.0028870224487036467	0.0034332566428929567
0.448	0.512	0.000245105242356658	0.001758127473294735	0.0007307787891477346	0.004448913503438234	0.00014916171494405717	0.0007090761209838092	0.006923228967934847	0.003537551499903202	0.002795770764350891	0.003552826587110758
0.512	0.576	0.00023062893887981772	0.001758127473294735	0.0007266041939146817	0.003769535571336746	0.00014906501746736467	0.0006989287794567645	0.007417039014399052	0.004507607314735651	0.002343646250665188	0.004113961476832628
