onset	offset	Alarm_bell_ringing	Blender	Cat	Dishes	Dog	Electric_shaver_toothbrush	Frying	Running_water	Speech	Vacuum_cleaner
0.0	0.064	0.00473212031647563	0.0041626375168561935	0.006736551411449909	0.0009904970647767186	0.002828093944117427	0.006091248244047165	0.0004886863171122968	0.01569896936416626	0.011171671561896801	0.9546206593513489
0.064	0.128	0.00473212031647563	0.0041626375168561935	0.006736551411449909	0.0009904970647767186	0.002828093944117427	0.006091248244047165	0.0004886863171122968	0.01569896936416626	0.011171671561896801	0.9540731310844421
0.128	0.192	0.003454486606642604	0.003479420905932784	0.005689587909728289	0.0007966991979628801	0.0022341646254062653	0.006038502790033817	0.000369443092495203	0.01488816924393177	0.007517455145716667	0.9502809643745422
0.192	0.256	0.0027898866683244705	0.0031342024449259043	0.00501026539131999	0.0006641325890086591	0.002034274861216545	0.006038502790033817	0.0003512612311169505	0.01488816924393177	0.005579039454460144	0.9537995457649231
0.256	0.32	0.002309974282979965	0.0029606407042592764	0.004883491434156895	0.0006615612073801458	0.0019868852104991674	0.005992070306092501	0.0003218311758246273	0.01488816924393177	0.005543738603591919	0.9540731310844421
0.32	0.384	0.0022973401937633753	0.0028418407309800386	0.004883491434156895	0.0006396865355782211	0.0019501964561641216	0.0059714303351938725	0.0003016082046087831	0.01488816924393177	0.0047128344886004925	0.9540731310844421
0.384	0.448	0.0022221801336854696	0.0028308317996561527	0.004883491434156895	0.0006161045166663826	0.0018238532356917858	0.0057669514790177345	0.00027987267822027206	0.01978360489010811	0.0045125787146389484	0.9540731310844421
0.448	0.512	0.002214705338701606	0.002772427164018154	0.004883491434156895	0.0006110059330239892	0.0018130893586203456	0.005588490981608629	0.00027983292238786817	0.01978360489010811	0.004425902385264635	0.9567965865135193
0.512	0.576	0.0021564201451838017	0.002772427164018154	0.005345073528587818	0.0006110059330239892	0.0017540615517646074	0.00463743694126606	0.00027924953610636294	0.01978360489010811	0.004425902385264635	0.9582617282867432
