onset	offset	Alarm_bell_ringing	Blender	Cat	Dishes	Dog	Electric_shaver_toothbrush	Frying	Running_water	Speech	Vacuum_cleaner
0.0	0.064	0.0019721612334251404	0.00021236733300611377	0.0003999147447757423	0.0003802916326094419	0.0006350919720716774	9.056847920874134e-05	0.00020008403225801885	0.00046183867380023	0.0018264064565300941	0.000551255710888654
0.064	0.128	0.0019721612334251404	0.00021236733300611377	0.0003999147447757423	0.0003802916326094419	0.0006350919720716774	9.056847920874134e-05	0.00020008403225801885	0.00046183867380023	0.0018264064565300941	0.000551255710888654
0.128	0.192	0.0018038160633295774	0.0001761498861014843	0.00037555760354734957	0.00032716794521547854	0.0006350919720716774	8.837620407575741e-05	0.0001771902752807364	0.00039547658525407314	0.0015969299711287022	0.0004756074049510062
0.192	0.256	0.0017266906797885895	0.00016023351054172963	0.0003753553901333362	0.0003104893839918077	0.0006350919720716774	8.754038572078571e-05	0.00016081900685094297	0.000349504902260378	0.0015969299711287022	0.00041762299952097237
0.256	0.32	0.0017266906797885895	0.0001527814456494525	0.00037497575976885855	0.00029813917353749275	0.0006350919720716774	8.654370321892202e-05	0.00014774686133023351	0.00032565402216278017	0.0015969299711287022	0.00037917791632935405
0.32	0.384	0.0017266906797885895	0.0001500781945651397	0.0003743358829524368	0.00028869067318737507	0.0006353398784995079	8.654296107124537e-05	0.00013779423898085952	0.0003115334257017821	0.0015969299711287022	0.00035117322113364935
0.384	0.448	0.0017266906797885895	0.00014875746273901314	0.0003743358829524368	0.00028869067318737507	0.0006382646388374269	8.654296107124537e-05	0.00013003579806536436	0.0003009093925356865	0.0016017076559364796	0.00032999602262862027
0.448	0.512	0.0017503408016636968	0.00014875746273901314	0.00037376084947027266	0.00028869067318737507	0.0006404060986824334	8.654296107124537e-05	0.00012111230898881331	0.00029060462838970125	0.0016017076559364796	0.0003081388131249696
0.512	0.576	0.0017880236264318228	0.00014875746273901314	0.0003732894256245345	0.00028869067318737507	0.0006436018738895655	8.654296107124537e-05	0.00011318990436848253	0.00028128159465268254	0.0016017076559364796	0.0002901893458329141
