onset	offset	Alarm_bell_ringing	Blender	Cat	Dishes	Dog	Electric_shaver_toothbrush	Frying	Running_water	Speech	Vacuum_cleaner
0.0	0.064	0.6595900058746338	0.0030154611449688673	0.017888814210891724	0.023744288831949234	0.004370746668428183	0.02420831471681595	0.0800381526350975	0.018272001296281815	0.34026023745536804	0.005104521289467812
0.064	0.128	0.649555504322052	0.0030154611449688673	0.017888814210891724	0.02382367104291916	0.005343019962310791	0.023784395307302475	0.0800381526350975	0.018272001296281815	0.3426225781440735	0.005104521289467812
0.128	0.192	0.6192996501922607	0.0030154611449688673	0.025289108976721764	0.02382367104291916	0.005343019962310791	0.021965637803077698	0.0796944797039032	0.01595892757177353	0.3426225781440735	0.003701723413541913
0.192	0.256	0.6192996501922607	0.002657395787537098	0.025289108976721764	0.023744288831949234	0.005967044737190008	0.021965637803077698	0.07708827406167984	0.01462127361446619	0.5695849657058716	0.00278334878385067
0.256	0.32	0.4635896682739258	0.0026057071518152952	0.025289108976721764	0.022321289405226707	0.009139527566730976	0.019321896135807037	0.06726483255624771	0.010852762497961521	0.8600013256072998	0.0026135784573853016
0.32	0.384	0.2898722290992737	0.0019346062326803803	0.025289108976721764	0.0191703699529171	0.011453647166490555	0.018987027928233147	0.04419179633259773	0.008367636241018772	0.9573174118995667	0.0026135784573853016
0.384	0.448	0.20918278396129608	0.0018827226012945175	0.018814750015735626	0.01741204597055912	0.012892134487628937	0.01881840080022812	0.03566059097647667	0.006965440697968006	0.9761903882026672	0.0026135784573853016
0.448	0.512	0.16324003040790558	0.0017883989494293928	0.015538831241428852	0.016894863918423653	0.01356646791100502	0.018415965139865875	0.03566059097647667	0.006171322427690029	0.9762803912162781	0.0026135784573853016
0.512	0.576	0.1319325566291809	0.0016248542815446854	0.013503667898476124	0.015919281169772148	0.015195941552519798	0.01786276139318943	0.03519202023744583	0.005735584534704685	0.9770112633705139	0.0028692875057458878
