onset	offset	Alarm_bell_ringing	Blender	Cat	Dishes	Dog	Electric_shaver_toothbrush	Frying	Running_water	Speech	Vacuum_cleaner
0.0	0.064	0.0018944290932267904	0.002197291934862733	0.0038384487852454185	0.0678638368844986	0.5771589279174805	0.0024004799779504538	0.00555794732645154	0.010783188976347446	0.015126791782677174	0.0007359363953582942
0.064	0.128	0.0018944290932267904	0.002197291934862733	0.0038384487852454185	0.0678638368844986	0.5449638366699219	0.0024004799779504538	0.00555794732645154	0.010495075955986977	0.015126791782677174	0.0007359363953582942
0.128	0.192	0.001468560891225934	0.0019583036191761494	0.00429904880002141	0.0660405382514	0.5449638366699219	0.0020448139403015375	0.004234942141920328	0.010495075955986977	0.012398665770888329	0.0005341971991583705
0.192	0.256	0.0012890114448964596	0.001285103615373373	0.00429904880002141	0.041391149163246155	0.5771589279174805	0.0019944875966757536	0.0030225208029150963	0.007824638858437538	0.010300077497959137	0.00032740444294176996
0.256	0.32	0.0012890114448964596	0.001285103615373373	0.00429904880002141	0.017185283824801445	0.578271746635437	0.001932691317051649	0.002134548733010888	0.004454383160918951	0.010300077497959137	0.00032740444294176996
0.32	0.384	0.0012890114448964596	0.001285103615373373	0.004941953346133232	0.015109979547560215	0.6198129653930664	0.001895666355267167	0.0019259480759501457	0.004407116677612066	0.010300077497959137	0.00032740444294176996
0.384	0.448	0.0012813500361517072	0.001285103615373373	0.004941953346133232	0.015033497475087643	0.8900951147079468	0.0016370418015867472	0.001728579867631197	0.004157161805778742	0.010300077497959137	0.00032740444294176996
0.448	0.512	0.0012813500361517072	0.001717385253868997	0.004941953346133232	0.008884034119546413	0.9676432013511658	0.0014825960388407111	0.0016913756262511015	0.003916861955076456	0.010710448026657104	0.0004357520374469459
0.512	0.576	0.0012890114448964596	0.0020534172654151917	0.004941953346133232	0.006527880672365427	0.9770658612251282	0.0013118745991960168	0.0013302445877343416	0.0036566604394465685	0.010710448026657104	0.0004357520374469459
