onset	offset	Alarm_bell_ringing	Blender	Cat	Dishes	Dog	Electric_shaver_toothbrush	Frying	Running_water	Speech	Vacuum_cleaner
0.0	0.064	0.0291050486266613	0.00435621477663517	0.0013269949704408646	0.0033384154085069895	0.0020707438234239817	0.0020656234119087458	0.0017282202607020736	0.0014696114230901003	0.005056547001004219	0.0033287815749645233
0.064	0.128	0.0291050486266613	0.00435621477663517	0.0013269949704408646	0.0033384154085069895	0.0020707438234239817	0.0020656234119087458	0.0017282202607020736	0.0014696114230901003	0.005056547001004219	0.0033287815749645233
0.128	0.192	0.02061452344059944	0.0033658782485872507	0.0011859614169225097	0.0026783528737723827	0.001446822308935225	0.001958548789843917	0.0016041701892390847	0.0013431976549327374	0.003994806669652462	0.0032786137890070677
0.192	0.256	0.015457551926374435	0.002735911402851343	0.001056248089298606	0.0023359092883765697	0.0013319160789251328	0.0018836198141798377	0.0014295174041762948	0.0012179537443444133	0.003653652733191848	0.0028976292815059423
0.256	0.32	0.014162362553179264	0.002384661231189966	0.0010288390330970287	0.002314914483577013	0.0013225720031186938	0.0018349994206801057	0.001281460514292121	0.001080467482097447	0.00342092989012599	0.0026239128783345222
0.32	0.384	0.013983256183564663	0.002359777456149459	0.000987862586043775	0.002262701280415058	0.0013099836651235819	0.0017753823194652796	0.0012247039703652263	0.0010264170123264194	0.0033504886087030172	0.0024761196691542864
0.384	0.448	0.013467984274029732	0.002282906323671341	0.000987862586043775	0.002180623821914196	0.0012631791178137064	0.0016866166843101382	0.0011329017579555511	0.001003432204015553	0.0033486962784081697	0.00230954447761178
0.448	0.512	0.012809275649487972	0.0021900003775954247	0.000987862586043775	0.0021754587069153786	0.0012631791178137064	0.0016109999269247055	0.0010614667553454638	0.0009810783667489886	0.003339067567139864	0.00218201638199389
0.512	0.576	0.013467984274029732	0.0021900003775954247	0.000987862586043775	0.002011170843616128	0.001267086248844862	0.0015542508335784078	0.0010027827229350805	0.0009589202236384153	0.003339067567139864	0.0020669223740696907
