onset	offset	Alarm_bell_ringing	Blender	Cat	Dishes	Dog	Electric_shaver_toothbrush	Frying	Running_water	Speech	Vacuum_cleaner
0.0	0.064	0.0007426869124174118	0.00030712902662344277	0.0010464355582371354	0.009233570657670498	0.0014009979786351323	0.00028147423290647566	0.03663424402475357	0.0007610172033309937	0.0020623852033168077	0.009270255453884602
0.064	0.128	0.0007426869124174118	0.00027892569778487086	0.0010464355582371354	0.006586054805666208	0.0011331160785630345	0.00028147423290647566	0.03663424402475357	0.0007030676933936775	0.0020623852033168077	0.009270255453884602
0.128	0.192	0.0005356166511774063	0.00027892569778487086	0.0007475604652427137	0.006586054805666208	0.0011331160785630345	0.00027516050613485277	0.03056332655251026	0.0007610172033309937	0.0018966429634019732	0.00730025814846158
0.192	0.256	0.00046549050603061914	0.0002448642044328153	0.0007275991956703365	0.006047338712960482	0.0009167005191557109	0.00021415752416942269	0.03056332655251026	0.0007610172033309937	0.0018966429634019732	0.005724785383790731
0.256	0.32	0.00039468417526222765	0.0002345686370972544	0.0006287995493039489	0.00371861201710999	0.0006747577572241426	0.00016692982171662152	0.03056332655251026	0.0007610172033309937	0.0018966429634019732	0.0051103918813169
0.32	0.384	0.000385173421818763	0.00023048694129101932	0.0006287995493039489	0.002452931134030223	0.0004874201840721071	0.00015891082875896245	0.03056332655251026	0.0007610172033309937	0.0018774494528770447	0.004635696765035391
0.384	0.448	0.00037979509215801954	0.0002234478888567537	0.0006287995493039489	0.002397126518189907	0.0004634962824638933	0.00015891082875896245	0.03177639842033386	0.0007571471505798399	0.0018725813133642077	0.004326865077018738
0.448	0.512	0.00037450026138685644	0.00021229828416835517	0.0006287995493039489	0.002397126518189907	0.0004634962824638933	0.00015891082875896245	0.0326065868139267	0.0007571471505798399	0.0018725813133642077	0.0040455712005496025
0.512	0.576	0.0003699200751725584	0.00021054051467217505	0.0006431269575841725	0.002397126518189907	0.0004634962824638933	0.00015891082875896245	0.032819561660289764	0.0007571471505798399	0.0018725813133642077	0.003945620730519295
