onset	offset	Alarm_bell_ringing	Blender	Cat	Dishes	Dog	Electric_shaver_toothbrush	Frying	Running_water	Speech	Vacuum_cleaner
0.0	0.064	0.005163824651390314	0.0042555080726742744	0.003958596847951412	0.001536139054223895	0.0019169406732544303	0.0024521308951079845	0.0016262650024145842	0.002347719157114625	0.003546570660546422	0.03396766260266304
0.064	0.128	0.005163824651390314	0.0042555080726742744	0.003989529795944691	0.001536139054223895	0.0019169406732544303	0.002624527318403125	0.0016262650024145842	0.002347719157114625	0.003546570660546422	0.03396766260266304
0.128	0.192	0.004736811388283968	0.0039771986193954945	0.004207668825984001	0.0013945098035037518	0.001565831364132464	0.0028069454710930586	0.0015298649668693542	0.0021235975436866283	0.0031418681610375643	0.03286290913820267
0.192	0.256	0.004729085136204958	0.0037734766956418753	0.004207668825984001	0.0013087415136396885	0.0014264677884057164	0.0028069454710930586	0.0014715833822265267	0.0019471091218292713	0.0029934465419501066	0.03255832567811012
0.256	0.32	0.004729085136204958	0.003625547280535102	0.004166434518992901	0.0012417454272508621	0.0014087907038629055	0.0028442186303436756	0.0014308998361229897	0.0018256788607686758	0.002963938983157277	0.032235316932201385
0.32	0.384	0.004729085136204958	0.0035865134559571743	0.004207668825984001	0.001207094406709075	0.0013980237999930978	0.0029176969546824694	0.0014214875409379601	0.001741876476444304	0.002963938983157277	0.031396880745887756
0.384	0.448	0.004736811388283968	0.0035865134559571743	0.004216392990201712	0.0011929548345506191	0.0013933198060840368	0.0029284395277500153	0.0014153496595099568	0.0016759439604356885	0.002963938983157277	0.030454561114311218
0.448	0.512	0.004805972333997488	0.0035865134559571743	0.004301262088119984	0.0011879410594701767	0.0013933198060840368	0.0029384312219917774	0.0014140791026875377	0.0016160676022991538	0.002963938983157277	0.029775671660900116
0.512	0.576	0.00500556081533432	0.0035865134559571743	0.004305652808398008	0.0011871271999552846	0.0013980237999930978	0.003047053935006261	0.0014101925771683455	0.0015637470642104745	0.003055900102481246	0.02962086722254753
