onset	offset	Alarm_bell_ringing	Blender	Cat	Dishes	Dog	Electric_shaver_toothbrush	Frying	Running_water	Speech	Vacuum_cleaner
0.0	0.064	0.00557401217520237	0.009914985857903957	0.0032437811605632305	0.9367978572845459	0.0010737957200035453	0.0022765237372368574	0.4588201940059662	0.05488291010260582	0.03378928080201149	0.0010341829620301723
0.064	0.128	0.00557401217520237	0.009914985857903957	0.0032437811605632305	0.9367978572845459	0.0010737957200035453	0.0022765237372368574	0.4588201940059662	0.05000695213675499	0.03378928080201149	0.0010341829620301723
0.128	0.192	0.003685723291710019	0.00736983260139823	0.0029875277541577816	0.9367978572845459	0.0006184371886774898	0.002212174702435732	0.3677951991558075	0.041954848915338516	0.03378928080201149	0.0006647785776294768
0.192	0.256	0.0027395617216825485	0.0064346687868237495	0.002414950169622898	0.9367978572845459	0.0004715435206890106	0.0020089431200176477	0.34187641739845276	0.041954848915338516	0.03301624581217766	0.0005203320179134607
0.256	0.32	0.002351853996515274	0.005713327322155237	0.0020717077422887087	0.9367978572845459	0.0003495550772640854	0.0017290333053097129	0.33707115054130554	0.041954848915338516	0.030293984338641167	0.0004890108248218894
0.32	0.384	0.0021008781623095274	0.004244518466293812	0.0016641904367133975	0.9354551434516907	0.0002356181212235242	0.0013156929053366184	0.33707115054130554	0.03084980510175228	0.029283834621310234	0.0004830161342397332
0.384	0.448	0.0016835908172652125	0.0034441198222339153	0.00116086401976645	0.8582631349563599	0.00016513612354174256	0.0010111361043527722	0.33707115054130554	0.021480876952409744	0.027198879048228264	0.0004452846187632531
0.448	0.512	0.001157421269454062	0.0031447994988411665	0.0006795047083869576	0.7019123435020447	0.00014011957682669163	0.0007978829089552164	0.33707115054130554	0.015663236379623413	0.024157043546438217	0.0004172946501057595
0.512	0.576	0.0005516462260857224	0.0022284213919192553	0.00029174864175729454	0.38601920008659363	0.0001368222146993503	0.0006291823810897768	0.3668733239173889	0.012575211003422737	0.017776234075427055	0.00039289594860747457
