onset	offset	Alarm_bell_ringing	Blender	Cat	Dishes	Dog	Electric_shaver_toothbrush	Frying	Running_water	Speech	Vacuum_cleaner
0.0	0.064	0.01789836585521698	0.008788512088358402	0.00876705814152956	0.009855257347226143	0.0013026250526309013	0.0035027512349188328	0.039910804480314255	0.003919417038559914	0.009110390208661556	0.017056945711374283
0.064	0.128	0.01789836585521698	0.009358118288218975	0.00876705814152956	0.010029911063611507	0.0013026250526309013	0.0035610150080174208	0.039910804480314255	0.003919417038559914	0.009315459057688713	0.01672251522541046
0.128	0.192	0.01946876011788845	0.009404444135725498	0.009251966141164303	0.010029911063611507	0.0013780186418443918	0.0038403323851525784	0.04031173884868622	0.004163346718996763	0.01002323254942894	0.01656503602862358
0.192	0.256	0.01946876011788845	0.009404444135725498	0.015446399338543415	0.01207238994538784	0.0013780186418443918	0.0038403323851525784	0.041399408131837845	0.0049042003229260445	0.01002323254942894	0.01672251522541046
0.256	0.32	0.01850416697561741	0.010817090980708599	0.0321827195584774	0.0165915135294199	0.0013780186418443918	0.003914715722203255	0.04412237927317619	0.005394131876528263	0.01002323254942894	0.017056945711374283
0.32	0.384	0.01850416697561741	0.01353239081799984	0.06629538536071777	0.01981472782790661	0.0022268095053732395	0.004200557712465525	0.047306716442108154	0.005394131876528263	0.01002323254942894	0.017129376530647278
0.384	0.448	0.01850416697561741	0.01353239081799984	0.06629538536071777	0.019833823665976524	0.00240131258033216	0.004200557712465525	0.050696734338998795	0.005394131876528263	0.01002323254942894	0.017198577523231506
0.448	0.512	0.01850416697561741	0.01353239081799984	0.06629538536071777	0.019833823665976524	0.00240131258033216	0.004200557712465525	0.050696734338998795	0.005394131876528263	0.01002323254942894	0.017198577523231506
0.512	0.576	0.01780189573764801	0.01353239081799984	0.06629538536071777	0.019833823665976524	0.00240131258033216	0.004200557712465525	0.050696734338998795	0.0049871415831148624	0.00988032203167677	0.017198577523231506
