onset	offset	Alarm_bell_ringing	Blender	Cat	Dishes	Dog	Electric_shaver_toothbrush	Frying	Running_water	Speech	Vacuum_cleaner
0.0	0.064	0.0035678716376423836	0.03856969252228737	0.004892420489341021	0.09485011547803879	0.01367076113820076	0.001490138121880591	0.01942598633468151	0.003326110541820526	0.8614622950553894	0.0008243501069955528
0.064	0.128	0.0035678716376423836	0.03856969252228737	0.004892420489341021	0.09485011547803879	0.014013762585818768	0.001585969584994018	0.01942598633468151	0.003326110541820526	0.8614622950553894	0.0008243501069955528
0.128	0.192	0.0032974991481751204	0.0227010790258646	0.003750111674889922	0.04737327620387077	0.015040530823171139	0.001585969584994018	0.012952785938978195	0.0027159717865288258	0.9549766778945923	0.000499164976645261
0.192	0.256	0.0032974991481751204	0.013441027142107487	0.003750111674889922	0.03372056037187576	0.015040530823171139	0.0016672005876898766	0.012532499618828297	0.002473908942192793	0.9753683805465698	0.00033362145768478513
0.256	0.32	0.0032974991481751204	0.012077600695192814	0.003750111674889922	0.02820627950131893	0.01744619570672512	0.0017479372909292579	0.012532499618828297	0.002473908942192793	0.9831078052520752	0.00024788928567431867
0.32	0.384	0.0032974991481751204	0.012077600695192814	0.003750111674889922	0.02775586023926735	0.021568482741713524	0.001749475602991879	0.012532499618828297	0.002473908942192793	0.9831078052520752	0.00024255453899968415
0.384	0.448	0.0031765515450388193	0.012077600695192814	0.004192786756902933	0.027215348556637764	0.022643113508820534	0.001749475602991879	0.012532499618828297	0.0024438248947262764	0.9831078052520752	0.00024255453899968415
0.448	0.512	0.003317618742585182	0.012077600695192814	0.004327658098191023	0.027215348556637764	0.022643113508820534	0.001749475602991879	0.01371090766042471	0.002473908942192793	0.9831078052520752	0.00023518044326920062
0.512	0.576	0.0034268475137650967	0.012344945222139359	0.004327658098191023	0.02775586023926735	0.022643113508820534	0.001749475602991879	0.01479385606944561	0.002550740260630846	0.9818744659423828	0.00023213837994262576
