onset	offset	Alarm_bell_ringing	Blender	Cat	Dishes	Dog	Electric_shaver_toothbrush	Frying	Running_water	Speech	Vacuum_cleaner
0.0	0.064	0.0026757074519991875	0.014224023558199406	0.00474963802844286	0.01599946618080139	0.007203483022749424	0.0025089632254093885	0.014940067194402218	0.004067662172019482	0.9357727766036987	0.002483793068677187
0.064	0.128	0.0026757074519991875	0.014224023558199406	0.00474963802844286	0.016726145520806313	0.007203483022749424	0.0023893178440630436	0.014940067194402218	0.004067662172019482	0.9219948649406433	0.002483793068677187
0.128	0.192	0.0024536990094929934	0.011910442262887955	0.004254607018083334	0.018275823444128036	0.006933547090739012	0.0023015618789941072	0.014782517217099667	0.004067662172019482	0.9084050059318542	0.002245248993858695
0.192	0.256	0.0024131587706506252	0.010395199060440063	0.0037411863449960947	0.018275823444128036	0.00655660405755043	0.0023015618789941072	0.014782517217099667	0.004056361969560385	0.9084050059318542	0.0019257905660197139
0.256	0.32	0.00236225756816566	0.010213103145360947	0.003541615093126893	0.025821901857852936	0.006502519361674786	0.0019471925916150212	0.013184078969061375	0.003890098538249731	0.858711302280426	0.0014493984635919333
0.32	0.384	0.0023037635255604982	0.010213103145360947	0.0033055974636226892	0.03924531862139702	0.005813099443912506	0.0012737031793221831	0.00983635988086462	0.0038462893571704626	0.6716622114181519	0.0011362420627847314
0.384	0.448	0.00229105562902987	0.010213103145360947	0.0030836157966405153	0.04572535306215286	0.0056139640510082245	0.0010162958642467856	0.007588318083435297	0.0038643195293843746	0.4478731155395508	0.0011362420627847314
0.448	0.512	0.0021328269504010677	0.010395199060440063	0.002167016500607133	0.049885157495737076	0.004952361807227135	0.0008492026827298105	0.006999184377491474	0.0038643195293843746	0.35172101855278015	0.0011299406178295612
0.512	0.576	0.0020881083328276873	0.011288738809525967	0.002167016500607133	0.055138539522886276	0.004606956150382757	0.0008492026827298105	0.006999184377491474	0.00377675867639482	0.3217199742794037	0.0011264033382758498
