onset	offset	Alarm_bell_ringing	Blender	Cat	Dishes	Dog	Electric_shaver_toothbrush	Frying	Running_water	Speech	Vacuum_cleaner
0.0	0.064	0.0010357042774558067	0.0006486995844170451	0.004106961656361818	0.0034488660749047995	0.0038752323016524315	0.0004705368191935122	0.006569347810000181	0.006892486475408077	0.0031168777495622635	0.0021080723963677883
0.064	0.128	0.0010357042774558067	0.0006486995844170451	0.004106961656361818	0.0034488660749047995	0.0038752323016524315	0.0004705368191935122	0.0066269817762076855	0.006892486475408077	0.0031168777495622635	0.0021080723963677883
0.128	0.192	0.0008116470417007804	0.0005522717838175595	0.004106961656361818	0.002844786737114191	0.002895092824473977	0.00043933503911830485	0.0066269817762076855	0.006279000546783209	0.002538972534239292	0.0018973969854414463
0.192	0.256	0.0007771693635731936	0.0004785800410900265	0.004026428796350956	0.002736883470788598	0.0024275421164929867	0.0004350860835984349	0.006569347810000181	0.005644697230309248	0.002340514212846756	0.0016538988566026092
0.256	0.32	0.0007758610881865025	0.000447992846602574	0.0039869085885584354	0.002724136458709836	0.0022567163687199354	0.0004347983340267092	0.006144623272120953	0.00459254439920187	0.002170313149690628	0.0014818536583334208
0.32	0.384	0.0007617238443344831	0.0004238899564370513	0.003957166336476803	0.0026050976011902094	0.0021742191165685654	0.00042301564826630056	0.005831191316246986	0.003537428565323353	0.002020977670326829	0.0013316756812855601
0.384	0.448	0.0007537865312770009	0.00036841805558651686	0.003484556684270501	0.0025484797079116106	0.0021616348531097174	0.0004071054281666875	0.004863642156124115	0.002989694708958268	0.001982544083148241	0.001193280448205769
0.448	0.512	0.0007536439807154238	0.0003220045764464885	0.003252338618040085	0.00235042255371809	0.0021616348531097174	0.00039041030686348677	0.004177394788712263	0.00276549207046628	0.001963331364095211	0.0010958866914734244
0.512	0.576	0.0007502328371629119	0.0003012337547261268	0.0032294546253979206	0.0022229901514947414	0.0021616348531097174	0.000388690154068172	0.0037286013830453157	0.0025564301759004593	0.0019468349637463689	0.0010098307393491268
