onset	offset	Alarm_bell_ringing	Blender	Cat	Dishes	Dog	Electric_shaver_toothbrush	Frying	Running_water	Speech	Vacuum_cleaner
0.0	0.064	0.003161515574902296	0.0028714616782963276	0.017452122643589973	0.011935844086110592	0.7258641719818115	0.003036677138879895	0.008152519352734089	0.011052072048187256	0.012358453124761581	0.00679156556725502
0.064	0.128	0.003161515574902296	0.0028714616782963276	0.016701649874448776	0.011439689435064793	0.7258641719818115	0.003036677138879895	0.009010856039822102	0.011052072048187256	0.012358453124761581	0.00679156556725502
0.128	0.192	0.0030658526811748743	0.0026476948987692595	0.016046656295657158	0.011439689435064793	0.8154021501541138	0.0025889689568430185	0.009071812964975834	0.012570280581712723	0.01211230456829071	0.006403951905667782
0.192	0.256	0.0030658526811748743	0.0024684069212526083	0.016046656295657158	0.011265340261161327	0.8660556674003601	0.0022741290740668774	0.009071812964975834	0.013094345107674599	0.012084593996405602	0.0061268070712685585
0.256	0.32	0.0030658526811748743	0.0024073573295027018	0.016046656295657158	0.01088497694581747	0.8975534439086914	0.0020697175059467554	0.009010856039822102	0.013094345107674599	0.012044236995279789	0.005937127862125635
0.32	0.384	0.0030658526811748743	0.00239900522865355	0.01559927873313427	0.010844478383660316	0.9165058732032776	0.002021158579736948	0.009010856039822102	0.013094345107674599	0.011845537461340427	0.005736046936362982
0.384	0.448	0.003004814498126507	0.002395044080913067	0.015500678680837154	0.010722661390900612	0.9165058732032776	0.0019411275861784816	0.009010856039822102	0.013094345107674599	0.011738697066903114	0.0055093914270401
0.448	0.512	0.003095150226727128	0.00230098026804626	0.0146910035982728	0.010404400527477264	0.9165058732032776	0.001934067695401609	0.008780806325376034	0.012475844472646713	0.011642416007816792	0.005371416453272104
0.512	0.576	0.0031349773053079844	0.001902616349980235	0.012542776763439178	0.009604004211723804	0.9165058732032776	0.0015073730610311031	0.008032617159187794	0.01070785615593195	0.01087098103016615	0.005102068651467562
