onset	offset	Alarm_bell_ringing	Blender	Cat	Dishes	Dog	Electric_shaver_toothbrush	Frying	Running_water	Speech	Vacuum_cleaner
0.0	0.064	0.0012242216616868973	0.01881490834057331	0.0016802257159724832	0.0049723414704203606	0.0011330216657370329	0.9828422665596008	0.00318101211450994	0.004346542060375214	0.006042676977813244	0.16435429453849792
0.064	0.128	0.0012242216616868973	0.01881490834057331	0.0016802257159724832	0.0049723414704203606	0.0011330216657370329	0.9828422665596008	0.00318101211450994	0.004346542060375214	0.006042676977813244	0.16435429453849792
0.128	0.192	0.0008991408976726234	0.010832322761416435	0.0013640514807775617	0.003174144309014082	0.0010075767058879137	0.9882532954216003	0.0024473590310662985	0.0028793031815439463	0.005038407631218433	0.11506450176239014
0.192	0.256	0.0008068951428867877	0.005355713423341513	0.0013345228508114815	0.0023797103203833103	0.0008100526174530387	0.9917382597923279	0.0018716966733336449	0.0021030795760452747	0.005038407631218433	0.06173526868224144
0.256	0.32	0.0008060410036705434	0.0027315758634358644	0.0012229961575940251	0.0019726839382201433	0.000617501325905323	0.9936016201972961	0.0014219424920156598	0.0016408561496064067	0.005038407631218433	0.03178846091032028
0.32	0.384	0.0008060410036705434	0.001915797940455377	0.0011916658841073513	0.0016887205420061946	0.0005382713279686868	0.9944530129432678	0.001186735462397337	0.0014059365494176745	0.005038407631218433	0.02199602499604225
0.384	0.448	0.0008060410036705434	0.0015809625620022416	0.0011916658841073513	0.0015219331253319979	0.0005382713279686868	0.9949818253517151	0.0010610674507915974	0.0012933335965499282	0.005108423996716738	0.017786188051104546
0.448	0.512	0.0008060410036705434	0.0014109979383647442	0.0011916658841073513	0.0014168607303872705	0.0005382713279686868	0.9953408241271973	0.0009826107416301966	0.001227530767209828	0.005325083155184984	0.015741756185889244
0.512	0.576	0.0008356052567251027	0.001325225573964417	0.0011916658841073513	0.0014168607303872705	0.0005379937938414514	0.995608389377594	0.0009446069598197937	0.0011916345683857799	0.005325083155184984	0.01469360664486885
