onset	offset	Alarm_bell_ringing	Blender	Cat	Dishes	Dog	Electric_shaver_toothbrush	Frying	Running_water	Speech	Vacuum_cleaner
0.0	0.064	0.001573707559145987	0.0017479704692959785	0.0011227475479245186	0.031077243387699127	0.0025214962661266327	0.0013707176549360156	0.028570793569087982	0.0015203470829874277	0.9833226799964905	0.00048312757280655205
0.064	0.128	0.0015544580528512597	0.0017479704692959785	0.0011227475479245186	0.031095782294869423	0.0025214962661266327	0.0013768498320132494	0.02919325977563858	0.0014883207622915506	0.9833226799964905	0.00048312757280655205
0.128	0.192	0.0015544580528512597	0.0017479704692959785	0.001109875738620758	0.03266718238592148	0.002828853903338313	0.0013707176549360156	0.030703388154506683	0.0014883207622915506	0.9855221509933472	0.00035880590439774096
0.192	0.256	0.0015060891164466739	0.0017479704692959785	0.001109875738620758	0.031095782294869423	0.002843505935743451	0.0013707176549360156	0.030703388154506683	0.0014374664751812816	0.9855221509933472	0.0003552401321940124
0.256	0.32	0.0013938068877905607	0.0017479704692959785	0.0010320087894797325	0.031077243387699127	0.002843505935743451	0.0013707176549360156	0.03132835403084755	0.001393627724610269	0.9855221509933472	0.00035485473927110434
0.32	0.384	0.0013938068877905607	0.0016423451015725732	0.0009339057723991573	0.030638745054602623	0.002843505935743451	0.001093755941838026	0.034768130630254745	0.001374463434331119	0.9855221509933472	0.00034524398506619036
0.384	0.448	0.0013938068877905607	0.0015213998267427087	0.0009339057723991573	0.029527714475989342	0.002843505935743451	0.0008954040822573006	0.0350603312253952	0.0013241904089227319	0.9835610389709473	0.0003369617916177958
0.448	0.512	0.0013938068877905607	0.000815669889561832	0.0009198642219416797	0.029527714475989342	0.0023294175043702126	0.0007164338021539152	0.035498037934303284	0.0011274483986198902	0.9835610389709473	0.00030756121850572526
0.512	0.576	0.0014737029559910297	0.000805178948212415	0.0009198642219416797	0.029527714475989342	0.0023294175043702126	0.0007164338021539152	0.036340679973363876	0.0011274483986198902	0.9835610389709473	0.00028518412727862597
