onset	offset	Alarm_bell_ringing	Blender	Cat	Dishes	Dog	Electric_shaver_toothbrush	Frying	Running_water	Speech	Vacuum_cleaner
0.0	0.064	0.009207747876644135	0.0029538259841501713	0.023410523310303688	0.015614665113389492	0.008931946009397507	0.007359197363257408	0.09604106843471527	0.007329540327191353	0.9599970579147339	0.003764462424442172
0.064	0.128	0.009207747876644135	0.0029538259841501713	0.023410523310303688	0.015614665113389492	0.009115350432693958	0.007359197363257408	0.09775137156248093	0.007329540327191353	0.9599970579147339	0.003764462424442172
0.128	0.192	0.008048671297729015	0.0028237509541213512	0.022081779316067696	0.015614665113389492	0.009115350432693958	0.006695945747196674	0.10375473648309708	0.007217054255306721	0.9657681584358215	0.00315088196657598
0.192	0.256	0.007836560718715191	0.0027349446900188923	0.022081779316067696	0.015614665113389492	0.00898368377238512	0.006126089952886105	0.10375473648309708	0.007201177999377251	0.9657681584358215	0.0029694100376218557
0.256	0.32	0.007630783598870039	0.002698044991120696	0.022081779316067696	0.015614665113389492	0.008931946009397507	0.005667746998369694	0.10375473648309708	0.007201177999377251	0.9657681584358215	0.0029542010743170977
0.32	0.384	0.007589288055896759	0.0026452532038092613	0.022081779316067696	0.0155797703191638	0.008931946009397507	0.005332820117473602	0.10891032963991165	0.007201177999377251	0.9657681584358215	0.0029463290702551603
0.384	0.448	0.006650966126471758	0.002613876713439822	0.02299012802541256	0.0155797703191638	0.008761822246015072	0.005202055908739567	0.10971425473690033	0.007201177999377251	0.963100254535675	0.0029451893642544746
0.448	0.512	0.005436585284769535	0.0025032619014382362	0.02299012802541256	0.0155797703191638	0.008291350677609444	0.005126817151904106	0.11000125855207443	0.007015783805400133	0.9552374482154846	0.002912644762545824
0.512	0.576	0.004498638212680817	0.001836380804888904	0.02299012802541256	0.015433402732014656	0.007012489717453718	0.004353073891252279	0.11086418479681015	0.006947985850274563	0.930925190448761	0.0027545688208192587
