onset	offset	Alarm_bell_ringing	Blender	Cat	Dishes	Dog	Electric_shaver_toothbrush	Frying	Running_water	Speech	Vacuum_cleaner
0.0	0.064	0.004111387301236391	0.003027311060577631	0.0011470087338238955	0.0035760472528636456	0.0019642370752990246	0.0005692249396815896	0.0009566962835378945	0.001496669719927013	0.0039506028406322	0.00041858950862661004
0.064	0.128	0.004601121414452791	0.0033989325165748596	0.0011303905630484223	0.0035760472528636456	0.0025243954733014107	0.0005692249396815896	0.0009566962835378945	0.001496669719927013	0.0039506028406322	0.00041858950862661004
0.128	0.192	0.0070129442028701305	0.0033989325165748596	0.0011303905630484223	0.004949573427438736	0.0033023941796272993	0.0005857186042703688	0.000849568925332278	0.0012871853541582823	0.0038050042930990458	0.0003907580685336143
0.192	0.256	0.0070129442028701305	0.004273987375199795	0.0011303905630484223	0.004949573427438736	0.0033023941796272993	0.0005857186042703688	0.0007385368808172643	0.0012466724729165435	0.0038050042930990458	0.0003811526985373348
0.256	0.32	0.0070129442028701305	0.005660802125930786	0.0011303905630484223	0.004949573427438736	0.0033023941796272993	0.0005857186042703688	0.0006536342552863061	0.0012114794226363301	0.003802566323429346	0.0003644206444732845
0.32	0.384	0.00928857084363699	0.005660802125930786	0.0011470087338238955	0.004949573427438736	0.0033023941796272993	0.0005857186042703688	0.0005858115036971867	0.0011575971730053425	0.003802566323429346	0.00029969291063025594
0.384	0.448	0.00928857084363699	0.005660802125930786	0.0011303905630484223	0.004949573427438736	0.0033023941796272993	0.0005857186042703688	0.0005305014201439917	0.001048112171702087	0.003802566323429346	0.00023218709975481033
0.448	0.512	0.00928857084363699	0.005660802125930786	0.0011136708781123161	0.004949573427438736	0.0033023941796272993	0.0005857186042703688	0.0004366285866126418	0.0009369212784804404	0.003802566323429346	0.00019201078976038843
0.512	0.576	0.00928857084363699	0.004857364110648632	0.0011669318191707134	0.003933134954422712	0.0035626781173050404	0.0005816496559418738	0.0003709668235387653	0.0008574450621381402	0.0038050042930990458	0.00017693500558380038
