onset	offset	Alarm_bell_ringing	Blender	Cat	Dishes	Dog	Electric_shaver_toothbrush	Frying	Running_water	Speech	Vacuum_cleaner
0.0	0.064	0.0005582766607403755	0.00418442115187645	0.006801440380513668	0.0006861590081825852	0.0010032749269157648	0.0012737298384308815	0.0005671069957315922	0.000805295945610851	0.0021619382314383984	0.184439554810524
0.064	0.128	0.0005582766607403755	0.00418442115187645	0.006801440380513668	0.0006861590081825852	0.0010032749269157648	0.0012737298384308815	0.0005671069957315922	0.000805295945610851	0.0021619382314383984	0.184439554810524
0.128	0.192	0.0005277776508592069	0.0033029261976480484	0.004360023885965347	0.0005849896697327495	0.0008653965196572244	0.0009719200315885246	0.000475585664389655	0.0007447283715009689	0.0020593402441591024	0.1442520022392273
0.192	0.256	0.0004919543862342834	0.003190444316715002	0.003826406318694353	0.0005740831838920712	0.0008653965196572244	0.0008371792500838637	0.0004524937248788774	0.0006761949043720961	0.0020377812907099724	0.11931785196065903
0.256	0.32	0.00042278444743715227	0.002727972576394677	0.0036689795088022947	0.0005564203020185232	0.0008520671399310231	0.0007242750725708902	0.0003966769145336002	0.0006166585371829569	0.0020377812907099724	0.10561955720186234
0.32	0.384	0.0004129772132728249	0.0025033869314938784	0.0035116004291921854	0.0005549254128709435	0.0008520671399310231	0.0007238989928737283	0.0003542708291206509	0.0005701425834558904	0.0020326937083154917	0.1030237227678299
0.384	0.448	0.00040472066029906273	0.0024881327990442514	0.003457406535744667	0.0005521781276911497	0.0008520671399310231	0.0006913201068527997	0.0003507460933178663	0.000562634551897645	0.0020326937083154917	0.09463369846343994
0.448	0.512	0.000401325523853302	0.0024881327990442514	0.003457406535744667	0.0005309271509759128	0.0008664365741424263	0.0006661418010480702	0.00034252292243763804	0.000562634551897645	0.0020356420427560806	0.090107262134552
0.512	0.576	0.000401325523853302	0.0024881327990442514	0.003457406535744667	0.0005279814940877259	0.0008829911821521819	0.000653167546261102	0.000338368205120787	0.000562634551897645	0.0020377812907099724	0.090107262134552
