onset	offset	Alarm_bell_ringing	Blender	Cat	Dishes	Dog	Electric_shaver_toothbrush	Frying	Running_water	Speech	Vacuum_cleaner
0.0	0.064	0.0011257000733166933	0.005116177722811699	0.002158577088266611	0.016064029186964035	0.0022394026163965464	0.0012948439689353108	0.668171226978302	0.07398189604282379	0.0793510302901268	0.0015892061637714505
0.064	0.128	0.0011179811554029584	0.005455635488033295	0.0023947933223098516	0.016064029186964035	0.002557827392593026	0.0012948439689353108	0.668171226978302	0.11043713986873627	0.0793510302901268	0.0015892061637714505
0.128	0.192	0.0011179811554029584	0.005455635488033295	0.0023947933223098516	0.016632502898573875	0.002557827392593026	0.001267040497623384	0.6810509562492371	0.12336414307355881	0.08393990993499756	0.0013628463493660092
0.192	0.256	0.001067947130650282	0.005455635488033295	0.0035787259694188833	0.016632502898573875	0.002398202894255519	0.001267040497623384	0.7024639844894409	0.12336414307355881	0.09366418421268463	0.0012231965083628893
0.256	0.32	0.0009996879380196333	0.005396324675530195	0.006054938770830631	0.016632502898573875	0.002398202894255519	0.001267040497623384	0.7357960343360901	0.11043713986873627	0.10806705057621002	0.001048757927492261
0.32	0.384	0.0009200545609928668	0.006578001659363508	0.008345338515937328	0.019197989255189896	0.002557827392593026	0.001267040497623384	0.7752623558044434	0.11043713986873627	0.12342211604118347	0.0010438603349030018
0.384	0.448	0.0007643226417712867	0.006879453081637621	0.009143245406448841	0.022595034912228584	0.0026419267524033785	0.0013267378089949489	0.8084273934364319	0.11043713986873627	0.14276546239852905	0.000977763906121254
0.448	0.512	0.0007496328908018768	0.006879453081637621	0.010856807231903076	0.028605923056602478	0.00292636314406991	0.0014567641774192452	0.8314340710639954	0.10293743759393692	0.2893432676792145	0.000977763906121254
0.512	0.576	0.0007496328908018768	0.006879453081637621	0.013943091034889221	0.03348720073699951	0.004088232759386301	0.0015338530065491796	0.8369443416595459	0.09340755641460419	0.47216105461120605	0.0009602892678231001
