onset	offset	Alarm_bell_ringing	Blender	Cat	Dishes	Dog	Electric_shaver_toothbrush	Frying	Running_water	Speech	Vacuum_cleaner
0.0	0.064	0.006691621150821447	0.0013766124611720443	0.00047446315875276923	0.017684949561953545	0.004610618110746145	0.0003227021952625364	0.0017279308522120118	0.0007188530871644616	0.0032623594161123037	0.0009000838617794216
0.064	0.128	0.006691621150821447	0.0013766124611720443	0.0005133846425451338	0.017684949561953545	0.005307017359882593	0.0003227021952625364	0.0017279308522120118	0.0007188530871644616	0.0032623594161123037	0.0009000838617794216
0.128	0.192	0.006691621150821447	0.0012891760561615229	0.0005673198029398918	0.017684949561953545	0.00685008754953742	0.0003140362387057394	0.0013839290477335453	0.0006131208501756191	0.0032294010743498802	0.0008660840685479343
0.192	0.256	0.006691621150821447	0.0012891760561615229	0.0005673198029398918	0.017684949561953545	0.00685008754953742	0.0003227021952625364	0.0010891369311138988	0.0005446652648970485	0.0032294010743498802	0.0007625601720064878
0.256	0.32	0.0062383729964494705	0.0012891760561615229	0.0005673198029398918	0.017684949561953545	0.00685008754953742	0.0003228735877200961	0.0010891369311138988	0.0005446652648970485	0.0032294010743498802	0.0005726644885726273
0.32	0.384	0.0062383729964494705	0.0012891760561615229	0.0005928229657001793	0.02175629325211048	0.013770993798971176	0.0003227021952625364	0.0010891369311138988	0.0005446652648970485	0.0032294010743498802	0.00035961339017376304
0.384	0.448	0.004310408141463995	0.0020997370593249798	0.0006214511813595891	0.07327079027891159	0.08266566693782806	0.0003140362387057394	0.001079575507901609	0.000474874657811597	0.005111617036163807	0.0003300539101473987
0.448	0.512	0.004243960604071617	0.0020997370593249798	0.0006217047339305282	0.07327079027891159	0.1512628048658371	0.000312220276100561	0.000952715752646327	0.0004542115784715861	0.005111617036163807	0.0003281697572674602
0.512	0.576	0.0031032986007630825	0.0020997370593249798	0.0006217047339305282	0.07327079027891159	0.1512628048658371	0.00022720752167515457	0.0008825184777379036	0.0004200258699711412	0.005111617036163807	0.0002839404914993793
