onset	offset	Alarm_bell_ringing	Blender	Cat	Dishes	Dog	Electric_shaver_toothbrush	Frying	Running_water	Speech	Vacuum_cleaner
0.0	0.064	0.0453222393989563	0.0019304555607959628	0.004109765402972698	0.004740108270198107	0.008196650072932243	0.004641925450414419	0.003396670101210475	0.002490363549441099	0.9935067892074585	0.001293762819841504
0.064	0.128	0.0453222393989563	0.0019304555607959628	0.004109765402972698	0.004740108270198107	0.008196650072932243	0.004641925450414419	0.003396670101210475	0.002490363549441099	0.9935067892074585	0.001293762819841504
0.128	0.192	0.042938265949487686	0.0016851068940013647	0.0038394881412386894	0.004627409391105175	0.007753848563879728	0.004669526591897011	0.003482618136331439	0.002181484131142497	0.9937513470649719	0.0010920973727479577
0.192	0.256	0.042421817779541016	0.001573727815411985	0.0037020889576524496	0.004567160736769438	0.007392690982669592	0.0047702849842607975	0.003561809891834855	0.002029906725510955	0.993808925151825	0.0009875872638076544
0.256	0.32	0.04178034886717796	0.0015646190149709582	0.0035507611464709044	0.004533485975116491	0.0071876333095133305	0.004783922806382179	0.0036067513283342123	0.0019174033077433705	0.993876039981842	0.0009472466190345585
0.32	0.384	0.04178034886717796	0.0015474256360903382	0.0034038075245916843	0.004533485975116491	0.007031653076410294	0.004797825124114752	0.0036845188587903976	0.0019174033077433705	0.9938890933990479	0.0009361730189993978
0.384	0.448	0.041680850088596344	0.0014716554433107376	0.003296720329672098	0.004514886066317558	0.00676750997081399	0.004797825124114752	0.003860307391732931	0.0019122498342767358	0.9939029216766357	0.0009230803116224706
0.448	0.512	0.04090362787246704	0.0014683757908642292	0.0031816773116588593	0.004243611823767424	0.0066493721678853035	0.004797825124114752	0.004103667102754116	0.0018997715087607503	0.9939779043197632	0.0008991431095637381
0.512	0.576	0.04090000316500664	0.0014477982185781002	0.003171929158270359	0.004224312491714954	0.006505110766738653	0.004797825124114752	0.004425507038831711	0.0018727488350123167	0.9939846396446228	0.0008657689322717488
