onset	offset	Alarm_bell_ringing	Blender	Cat	Dishes	Dog	Electric_shaver_toothbrush	Frying	Running_water	Speech	Vacuum_cleaner
0.0	0.064	0.0002653939591255039	0.00038015207974240184	0.000407016952522099	0.011014027521014214	0.00025616513448767364	0.0001721984299365431	0.03435970097780228	0.0003880337462760508	0.0015395412920042872	0.0003736311919055879
0.064	0.128	0.0002653939591255039	0.00038015207974240184	0.000407016952522099	0.011014027521014214	0.00031911503174342215	0.0001721984299365431	0.03435970097780228	0.0003880337462760508	0.0015794443897902966	0.0003736311919055879
0.128	0.192	0.0002381043159402907	0.0006343433633446693	0.00038433808367699385	0.021798105910420418	0.0005353499436751008	0.0001587203296367079	0.0294277872890234	0.0003880337462760508	0.0025282043498009443	0.00032940602977760136
0.192	0.256	0.00022174406331032515	0.0006343433633446693	0.0003797886020038277	0.021798105910420418	0.0005353499436751008	0.00015122206241358072	0.02735067531466484	0.0003844604652840644	0.0025282043498009443	0.0002880409883800894
0.256	0.32	0.0002106758620357141	0.00044963741675019264	0.000363237748388201	0.011560154147446156	0.00040107633685693145	0.0001462676009396091	0.027093010023236275	0.00033622790942899883	0.001792660215869546	0.0002577236737124622
0.32	0.384	0.00020308706734795123	0.00044963741675019264	0.0003502221661619842	0.011560154147446156	0.00040107633685693145	0.00013880252663511783	0.02693563885986805	0.0003152168355882168	0.001792660215869546	0.00022793047537561506
0.384	0.448	0.0001984423288377002	0.00044963741675019264	0.00034729548497125506	0.011560154147446156	0.00040107633685693145	0.00011869919399032369	0.025533562526106834	0.0003003562451340258	0.001792660215869546	0.00018415751401335
0.448	0.512	0.00017997306713368744	0.00044963741675019264	0.0003452000382822007	0.011560154147446156	0.00040107633685693145	0.00011558346159290522	0.02033960074186325	0.0003003562451340258	0.001792660215869546	0.00016497999604325742
0.512	0.576	0.00017777649918571115	0.0002821354428306222	0.0003206068358849734	0.0070602139458060265	0.0003014658868778497	0.00011558346159290522	0.01658981665968895	0.000273111421847716	0.0015555128920823336	0.00015246986004058272
