onset	offset	Alarm_bell_ringing	Blender	Cat	Dishes	Dog	Electric_shaver_toothbrush	Frying	Running_water	Speech	Vacuum_cleaner
0.0	0.064	0.0010329403448849916	0.0007624540594406426	0.5891736149787903	0.006347319111227989	0.00422848854213953	0.0005050705512985587	0.0017921158578246832	0.0027058045379817486	0.004477219190448523	0.0012708572903648019
0.064	0.128	0.0010329403448849916	0.0007624540594406426	0.5722152590751648	0.006347319111227989	0.00422848854213953	0.0005050705512985587	0.0017921158578246832	0.0027058045379817486	0.004477219190448523	0.0012708572903648019
0.128	0.192	0.0007771900855004787	0.0005950354970991611	0.5722152590751648	0.004238669760525227	0.0036365448031574488	0.00039372872561216354	0.001651632017455995	0.0019238641252741218	0.003476378507912159	0.000849996053148061
0.192	0.256	0.0004773560503963381	0.00038126317667774856	0.2401634305715561	0.002494669519364834	0.002661482198163867	0.0002561607107054442	0.0011665656929835677	0.0015073257964104414	0.002724624704569578	0.0005699087050743401
0.256	0.32	0.00020051603496540338	0.0001926857075886801	0.035030610859394073	0.0011517582461237907	0.0010883905924856663	0.00016650569159537554	0.0005946042947471142	0.00111196783836931	0.0020378422923386097	0.0004675704112742096
0.32	0.384	0.00011171890946570784	0.00012820216943509877	0.01702110283076763	0.0008042529807426035	0.0006320324027910829	0.00013594841584563255	0.0005123262526467443	0.0009671314619481564	0.0017506199656054378	0.00044624111615121365
0.384	0.448	9.466965275350958e-05	0.00011976942914770916	0.014971572905778885	0.0006818189285695553	0.0005919469986110926	0.00012253581371624023	0.0004960111109539866	0.0008943808497861028	0.0015861403662711382	0.00043961030314676464
0.448	0.512	9.028658678289503e-05	0.00011602927406784147	0.01427706703543663	0.0006278498913161457	0.000579678569920361	0.00011535862722666934	0.00048667570808902383	0.0008339848718605936	0.0014459951780736446	0.0004391210968606174
0.512	0.576	8.748155232751742e-05	0.00011324376828270033	0.013902915641665459	0.0005939067923463881	0.0005710239056497812	0.00011090129555668682	0.000477239751489833	0.0007827249937690794	0.0013452575076371431	0.0004287087358534336
