onset	offset	Alarm_bell_ringing	Blender	Cat	Dishes	Dog	Electric_shaver_toothbrush	Frying	Running_water	Speech	Vacuum_cleaner
0.0	0.064	0.8067799806594849	0.002071535447612405	0.0013872755225747824	0.010640185326337814	0.0037704971618950367	0.00035878742346540093	0.0016140500083565712	0.00406695157289505	0.0024187013041228056	0.002242108341306448
0.064	0.128	0.8067799806594849	0.002071535447612405	0.0013872755225747824	0.010640185326337814	0.0037704971618950367	0.00035878742346540093	0.0016140500083565712	0.00406695157289505	0.0024187013041228056	0.002242108341306448
0.128	0.192	0.7908375263214111	0.0014740916667506099	0.0013872755225747824	0.008316057734191418	0.0029411243740469217	0.0003122890484519303	0.0011350212153047323	0.0029204587917774916	0.0020898657385259867	0.001321775489486754
0.192	0.256	0.7908375263214111	0.0011348536936566234	0.0011638652067631483	0.006547283846884966	0.0022343762684613466	0.00026401522336527705	0.0009409657795913517	0.0023186025209724903	0.0020572920329868793	0.0009322651312686503
0.256	0.32	0.7908375263214111	0.0005070893676020205	0.0008199117728509009	0.0038974687922745943	0.0018328434089198709	0.00018873858789447695	0.0005579970311373472	0.002072750125080347	0.002042397391051054	0.0008800664800219238
0.32	0.384	0.45902568101882935	0.00026289670495316386	0.00036577178980223835	0.0024733864702284336	0.0011955143418163061	0.00013376357674133033	0.00033886422170326114	0.001627464545890689	0.0020003505051136017	0.0007053581648506224
0.384	0.448	0.28184351325035095	0.0002021618274739012	0.00028301207930780947	0.0018125026253983378	0.0009640129865147173	9.314512863056734e-05	0.00026410084683448076	0.0013731184881180525	0.0019195964559912682	0.0006160540506243706
0.448	0.512	0.2257472723722458	0.00017342089267913252	0.0002774872991722077	0.001743214437738061	0.0009604037622921169	9.302441321779042e-05	0.00021584279602393508	0.0013371258974075317	0.0018701524240896106	0.0006025962065905333
0.512	0.576	0.2257472723722458	0.00017342089267913252	0.0002774872991722077	0.001743214437738061	0.0009604037622921169	9.302441321779042e-05	0.00021584279602393508	0.0013371258974075317	0.0018701524240896106	0.0006025962065905333
