onset	offset	Alarm_bell_ringing	Blender	Cat	Dishes	Dog	Electric_shaver_toothbrush	Frying	Running_water	Speech	Vacuum_cleaner
0.0	0.064	0.0003603747463785112	0.0002567593182902783	0.00488929683342576	0.001021210802718997	0.001160650746896863	0.0002521701389923692	0.0008978358819149435	0.0011451299069449306	0.0034545063972473145	0.006449620705097914
0.064	0.128	0.0003603747463785112	0.0002567593182902783	0.005618262104690075	0.001021210802718997	0.0011847639689221978	0.0002521701389923692	0.0008978358819149435	0.0011451299069449306	0.0034545063972473145	0.006671300623565912
0.128	0.192	0.0003606278623919934	0.0002808378776535392	0.007157213054597378	0.0011560582788661122	0.001307082362473011	0.0002414171030977741	0.000868145958520472	0.001063090399838984	0.0029566416051238775	0.006671300623565912
0.192	0.256	0.0003606278623919934	0.0002808378776535392	0.007157213054597378	0.0011560582788661122	0.001307082362473011	0.00023584063455928117	0.0008535912493243814	0.0009994349675253034	0.00276978500187397	0.0072458479553461075
0.256	0.32	0.0003606278623919934	0.0002808378776535392	0.007157213054597378	0.0011560582788661122	0.001307082362473011	0.0002335356257390231	0.0008228401420637965	0.0009481121669523418	0.00276978500187397	0.008860594592988491
0.32	0.384	0.0003606278623919934	0.0002808378776535392	0.008729013614356518	0.001187100075185299	0.0013080176431685686	0.00023284551571123302	0.0008098458056338131	0.0009481121669523418	0.00276978500187397	0.010481255128979683
0.384	0.448	0.0003606278623919934	0.0002808378776535392	0.00949791632592678	0.0012100114254280925	0.0013257822720333934	0.00022973943850956857	0.0008098458056338131	0.0009481121669523418	0.00276978500187397	0.011156399734318256
0.448	0.512	0.00037077043089084327	0.0002823337563313544	0.010376619175076485	0.0012625361559912562	0.0013585956767201424	0.00022973943850956857	0.0008098458056338131	0.0009481121669523418	0.0027810214087367058	0.011250866577029228
0.512	0.576	0.000396758783608675	0.0002976152172777802	0.013087539002299309	0.0013107822742313147	0.0013590448070317507	0.00022973943850956857	0.0008098458056338131	0.0009737028740346432	0.0029884495306760073	0.011425677686929703
