onset	offset	Alarm_bell_ringing	Blender	Cat	Dishes	Dog	Electric_shaver_toothbrush	Frying	Running_water	Speech	Vacuum_cleaner
0.0	0.064	0.010013547725975513	0.0008329409174621105	0.005224394146353006	0.01807999424636364	0.004833793733268976	0.000419541698647663	0.09579916298389435	0.002375438343733549	0.9637184143066406	0.004536118358373642
0.064	0.128	0.009398071095347404	0.0008269854006357491	0.005224394146353006	0.01807999424636364	0.004833793733268976	0.00039592679240740836	0.09579916298389435	0.0023367328103631735	0.9637184143066406	0.004536118358373642
0.128	0.192	0.009398071095347404	0.0008269854006357491	0.005821805447340012	0.014195287600159645	0.009676470421254635	0.00039592679240740836	0.11673711985349655	0.0023367328103631735	0.9817963242530823	0.0036750275176018476
0.192	0.256	0.008827181532979012	0.0008184193284250796	0.005888971500098705	0.012666773982346058	0.013299311511218548	0.00036451464984565973	0.14276593923568726	0.002266624243929982	0.9849129319190979	0.0029714168049395084
0.256	0.32	0.008772356435656548	0.0007548173307441175	0.005950916558504105	0.012666773982346058	0.013299311511218548	0.0003562533238437027	0.14276593923568726	0.002023243810981512	0.9864341020584106	0.002573625650256872
0.32	0.384	0.008650599047541618	0.00073635095031932	0.005969862453639507	0.012666773982346058	0.013299311511218548	0.00035065782140009105	0.14433236420154572	0.0017676370916888118	0.9870965480804443	0.002342010149732232
0.384	0.448	0.008399780839681625	0.0007314730319194496	0.005969862453639507	0.012624312192201614	0.013299311511218548	0.0003487152571324259	0.14571329951286316	0.0016603304538875818	0.9874694347381592	0.0021484994795173407
0.448	0.512	0.008236954919993877	0.0006858010892756283	0.005969862453639507	0.012385592795908451	0.012676539830863476	0.00034338264958932996	0.14571329951286316	0.0016043175710365176	0.987866997718811	0.001953545957803726
0.512	0.576	0.008316608145833015	0.0006030485965311527	0.005950916558504105	0.012624312192201614	0.01126109715551138	0.0003421404107939452	0.14571329951286316	0.0015684434911236167	0.987998366355896	0.0017866409616544843
