onset	offset	Alarm_bell_ringing	Blender	Cat	Dishes	Dog	Electric_shaver_toothbrush	Frying	Running_water	Speech	Vacuum_cleaner
0.0	0.064	0.0016706016613170505	0.00014691140677314252	0.0002827941789291799	0.0008001442183740437	0.0005337274633347988	0.00030136501300148666	0.00021885635214857757	0.0006729550659656525	0.0020607635378837585	0.0003730323805939406
0.064	0.128	0.0016706016613170505	0.00014691140677314252	0.0002827941789291799	0.0008001442183740437	0.0005337274633347988	0.00030136501300148666	0.00021885635214857757	0.0006729550659656525	0.0020607635378837585	0.0003730323805939406
0.128	0.192	0.0015496418345719576	0.00012888268975075334	0.00026897885254584253	0.0006548513774760067	0.000523541122674942	0.00026197091210633516	0.00019576035265345126	0.0006020313012413681	0.0018294879700988531	0.0003063084732275456
0.192	0.256	0.0014849005965515971	0.00012458788114599884	0.0002610277442727238	0.000574426376260817	0.00047288485802710056	0.00024063303135335445	0.00017581965948920697	0.0005583441816270351	0.001746402820572257	0.00025867464137263596
0.256	0.32	0.0014603364979848266	0.00012216840696055442	0.0002485561999492347	0.0005133080412633717	0.00044018100015819073	0.00022661557886749506	0.00015898387937340885	0.0005307174287736416	0.0017314282013103366	0.00021934373944532126
0.32	0.384	0.0014603364979848266	0.00012028951459797099	0.00024516042321920395	0.00048457481898367405	0.00043511652620509267	0.00021958479192107916	0.00014817999908700585	0.0005124324816279113	0.0017088563181459904	0.0001990331511478871
0.384	0.448	0.0014603364979848266	0.00011858539073728025	0.0002449316962156445	0.00047012142022140324	0.00043511652620509267	0.000216214160900563	0.00014100350381340832	0.0004991909372620285	0.001693347585387528	0.00018641514179762453
0.448	0.512	0.0014603364979848266	0.00011664540215861052	0.0002446660946588963	0.00046228020801208913	0.00043511652620509267	0.00021441922581288964	0.00013560752267949283	0.0004882970242761075	0.0016739328857511282	0.00017710344400256872
0.512	0.576	0.0014665520284324884	0.00011504993744893	0.00024385399592574686	0.0004567567666526884	0.00043511652620509267	0.00021338318765629083	0.00013175018830224872	0.0004808698722627014	0.0016597172943875194	0.00016982412489596754
