onset	offset	Alarm_bell_ringing	Blender	Cat	Dishes	Dog	Electric_shaver_toothbrush	Frying	Running_water	Speech	Vacuum_cleaner
0.0	0.064	0.00026373445871286094	9.051036613527685e-05	0.0026344715151935816	0.00045369748841039836	0.00046316147199831903	0.00012946985953021795	0.0012241003569215536	0.0008396346820518374	0.001662660506553948	0.0013894366566091776
0.064	0.128	0.00026373445871286094	9.051036613527685e-05	0.002727305516600609	0.00045369748841039836	0.0004690692585427314	0.00012946985953021795	0.0012241003569215536	0.0008396346820518374	0.001662660506553948	0.0013894366566091776
0.128	0.192	0.0002451931359246373	7.913185254437849e-05	0.002727305516600609	0.00039920987910591066	0.0004690692585427314	0.00011679053568514064	0.0012241003569215536	0.0008396346820518374	0.0016205118736252189	0.0011852573370561004
0.192	0.256	0.00024481306900270283	7.535534678027034e-05	0.0026344715151935816	0.00037049924139864743	0.00046316147199831903	0.00010899445624090731	0.0012074399273842573	0.000820680521428585	0.0015704428078606725	0.001102015725336969
0.256	0.32	0.00024005945306271315	7.462294888682663e-05	0.0025906774681061506	0.00035373741411603987	0.00044447992695495486	0.00010617007501423359	0.0011861782986670732	0.0007521907100453973	0.0014885198324918747	0.0010244406294077635
0.32	0.384	0.00022437464212998748	7.286718755494803e-05	0.0024033982772380114	0.0003451085649430752	0.000432130676927045	0.00010212675260845572	0.0010833549313247204	0.0006718852673657238	0.0014406725531443954	0.0009308365406468511
0.384	0.448	0.00022274721413850784	7.265487511176616e-05	0.0024033982772380114	0.0003381273418199271	0.000432130676927045	9.850106289377436e-05	0.001025454723276198	0.0006285249255597591	0.0014358205953612924	0.0008587941993027925
0.448	0.512	0.00022274721413850784	7.265487511176616e-05	0.0024033982772380114	0.0003345418954268098	0.000432130676927045	9.660444629844278e-05	0.001025454723276198	0.0006144974031485617	0.0014358205953612924	0.0008145455503836274
0.512	0.576	0.00022274721413850784	7.229183393064886e-05	0.0024033982772380114	0.0003337420057505369	0.000432130676927045	9.57615629886277e-05	0.0010180091485381126	0.0006144974031485617	0.0014358205953612924	0.0007837516022846103
