onset	offset	Alarm_bell_ringing	Blender	Cat	Dishes	Dog	Electric_shaver_toothbrush	Frying	Running_water	Speech	Vacuum_cleaner
0.0	0.064	0.0024410076439380646	0.021075265482068062	0.002118350937962532	0.01270885020494461	0.0015467471675947309	0.014721882529556751	0.009391210041940212	0.0033713900484144688	0.796643078327179	0.01139129139482975
0.064	0.128	0.0024410076439380646	0.021877726539969444	0.002118350937962532	0.01270885020494461	0.0015467471675947309	0.014721882529556751	0.009391210041940212	0.0037260621320456266	0.796643078327179	0.01139129139482975
0.128	0.192	0.0035197220277041197	0.023826321586966515	0.0023074226919561625	0.01270885020494461	0.0020699321758002043	0.017793644219636917	0.009432612918317318	0.0037951336707919836	0.9458434581756592	0.01139129139482975
0.192	0.256	0.004110895562916994	0.023826321586966515	0.0023074226919561625	0.01270885020494461	0.0027424399740993977	0.017817920073866844	0.009391210041940212	0.0037951336707919836	0.9728907942771912	0.011234121397137642
0.256	0.32	0.004351890180259943	0.023826321586966515	0.0023074226919561625	0.01270885020494461	0.0031677100341767073	0.01811058074235916	0.009367847815155983	0.0037951336707919836	0.980972409248352	0.011061294935643673
0.32	0.384	0.004351890180259943	0.026058504357933998	0.0023074226919561625	0.013549714349210262	0.003506874432787299	0.01875801384449005	0.008908146061003208	0.0039327312260866165	0.9844465851783752	0.009982400573790073
0.384	0.448	0.004351890180259943	0.026643330231308937	0.002173960441723466	0.01385815441608429	0.003739475505426526	0.020013155415654182	0.008908146061003208	0.003953367471694946	0.9855440258979797	0.008884898386895657
0.448	0.512	0.004351890180259943	0.02744443528354168	0.002157861366868019	0.013868531212210655	0.0039900317788124084	0.020013155415654182	0.008908146061003208	0.004016411490738392	0.9855440258979797	0.00844193808734417
0.512	0.576	0.004293357953429222	0.02744443528354168	0.0021564695052802563	0.013868531212210655	0.0039900317788124084	0.020013155415654182	0.008803620003163815	0.004016411490738392	0.9855440258979797	0.007908428087830544
