onset	offset	Alarm_bell_ringing	Blender	Cat	Dishes	Dog	Electric_shaver_toothbrush	Frying	Running_water	Speech	Vacuum_cleaner
0.0	0.064	0.00129061343614012	0.003149264957755804	0.00785033032298088	0.014898879453539848	0.9471614360809326	0.0017498035449534655	0.0017209902871400118	0.005267259199172258	0.10171646624803543	0.0013477882603183389
0.064	0.128	0.00129061343614012	0.003149264957755804	0.00785033032298088	0.014898879453539848	0.9471614360809326	0.0017498035449534655	0.0017209902871400118	0.005267259199172258	0.10171646624803543	0.0013477882603183389
0.128	0.192	0.00129061343614012	0.002767098369076848	0.006500166840851307	0.009767859242856503	0.9471614360809326	0.0016493001021444798	0.0013670289190486073	0.003719544969499111	0.08332686126232147	0.000998851959593594
0.192	0.256	0.0012532734544947743	0.002296786056831479	0.006165274418890476	0.008301269263029099	0.9471614360809326	0.0016320865834131837	0.001317636575549841	0.0028736358508467674	0.06692688167095184	0.0009208982228301466
0.256	0.32	0.0011960052652284503	0.0016593262553215027	0.005642053205519915	0.006190313957631588	0.9471614360809326	0.0013868764508515596	0.0010931502329185605	0.0019384321058169007	0.04864843562245369	0.0008390184375457466
0.32	0.384	0.0009461264708079398	0.0007458363543264568	0.002392369322478771	0.004474917892366648	0.8480501174926758	0.0007508367416448891	0.0006923598702996969	0.0011920592514798045	0.03310298174619675	0.0007430858095176518
0.384	0.448	0.0007578491349704564	0.0006071956595405936	0.002392369322478771	0.0036301042418926954	0.5681154131889343	0.0004983943072147667	0.0004832176200579852	0.000993539346382022	0.03310298174619675	0.0007292947266250849
0.448	0.512	0.0005541312275454402	0.0005509282345883548	0.002392369322478771	0.0022968801204115152	0.5511024594306946	0.0003574767033569515	0.0004140507662668824	0.000993539346382022	0.03310298174619675	0.0007254642550833523
0.512	0.576	0.0005541312275454402	0.0005509282345883548	0.002392369322478771	0.0022968801204115152	0.5511024594306946	0.0003574767033569515	0.0004140507662668824	0.000993539346382022	0.03310298174619675	0.0007159532397054136
