onset	offset	Alarm_bell_ringing	Blender	Cat	Dishes	Dog	Electric_shaver_toothbrush	Frying	Running_water	Speech	Vacuum_cleaner
0.0	0.064	0.00024677059263922274	0.0007775741978548467	0.010889947414398193	0.0009157246095128357	0.0006843836163170636	0.000302901171380654	0.0007056250469759107	0.0021959238220006227	0.0018394977087154984	0.005596616771072149
0.064	0.128	0.00024677059263922274	0.0007775741978548467	0.010889947414398193	0.0009157246095128357	0.0006843836163170636	0.000302901171380654	0.0007056250469759107	0.0021959238220006227	0.0018394977087154984	0.005596616771072149
0.128	0.192	0.0002088283363264054	0.0006965425563976169	0.011181166395545006	0.0007862736820243299	0.0005982296424917877	0.0002947870234493166	0.0006800342816859484	0.0018901871517300606	0.0016461930936202407	0.005494402721524239
0.192	0.256	0.0002088283363264054	0.0006168751860968769	0.010889947414398193	0.0007406905060634017	0.0005526145687326789	0.00028837291756644845	0.0006571505800820887	0.0016830506501719356	0.001589075312949717	0.00542066153138876
0.256	0.32	0.0002088283363264054	0.0005655710119754076	0.010791991837322712	0.0007218774408102036	0.0005192137323319912	0.0002858515945263207	0.0006388016627170146	0.001529179746285081	0.001558610238134861	0.005402926355600357
0.32	0.384	0.0002088283363264054	0.0005282004131004214	0.010788550600409508	0.0007075216271914542	0.0004967643762938678	0.000278619525488466	0.000616377976257354	0.0014325762167572975	0.001533909933641553	0.005165748298168182
0.384	0.448	0.00021193687280174345	0.0005029298481531441	0.010788550600409508	0.0006948187365196645	0.0004765499325003475	0.0002713884168770164	0.0005954987136647105	0.0013841867912560701	0.0015243689995259047	0.004959444049745798
0.448	0.512	0.00021193687280174345	0.0004866713716182858	0.01078450120985508	0.0006834056694060564	0.0004560641245916486	0.00026181788416579366	0.0005789618589915335	0.001363061834126711	0.001523517188616097	0.004819185938686132
0.512	0.576	0.00021193687280174345	0.0004733759560622275	0.010717008262872696	0.0006650009891018271	0.0004413949209265411	0.00025578439817763865	0.0005689087556675076	0.0013332512462511659	0.0015218323096632957	0.004628386348485947
