onset	offset	Alarm_bell_ringing	Blender	Cat	Dishes	Dog	Electric_shaver_toothbrush	Frying	Running_water	Speech	Vacuum_cleaner
0.0	0.064	0.00019992385932710022	0.0002858488878700882	0.021295323967933655	0.0013582464307546616	0.0006647186819463968	0.00013823615154251456	0.0012085111811757088	0.0010334368562325835	0.0025887389201670885	0.0019179300870746374
0.064	0.128	0.00034049019450321794	0.00039889581967145205	0.021295323967933655	0.0015185846714302897	0.0009962592739611864	0.00014432465832214803	0.0012589787365868688	0.0011457257205620408	0.003092032391577959	0.0019552092999219894
0.128	0.192	0.00037302172859199345	0.00039889581967145205	0.03807363286614418	0.0015185846714302897	0.0009962592739611864	0.00021463730081450194	0.0015406485181301832	0.0011457257205620408	0.0034631998278200626	0.0019552092999219894
0.192	0.256	0.00037302172859199345	0.0004120825615245849	0.15251371264457703	0.0015606009401381016	0.0012082814937457442	0.00021463730081450194	0.0015329651068896055	0.0011821717489510775	0.0034631998278200626	0.0019179300870746374
0.256	0.32	0.0006547428201884031	0.000758892041631043	0.7328088879585266	0.0019496248569339514	0.0012082814937457442	0.00023065645655151457	0.0014917806256562471	0.0011821717489510775	0.005816949997097254	0.001762931002303958
0.32	0.384	0.0013070020359009504	0.000758892041631043	0.9614142775535583	0.0019496248569339514	0.0012082814937457442	0.0003635502071119845	0.0014917806256562471	0.0011821717489510775	0.009677461348474026	0.0015379016986116767
0.384	0.448	0.0013510417193174362	0.000758892041631043	0.9705201983451843	0.0019496248569339514	0.0012082814937457442	0.0003635502071119845	0.0014917806256562471	0.0011830627918243408	0.010718378238379955	0.0009860838763415813
0.448	0.512	0.0013589198933914304	0.000758892041631043	0.9745577573776245	0.0019496248569339514	0.0011464128037914634	0.0003635502071119845	0.0014917806256562471	0.0011821717489510775	0.011471234261989594	0.0008752671419642866
0.512	0.576	0.0014039570232853293	0.0007215352379716933	0.9757047295570374	0.001869054394774139	0.0010679933475330472	0.0003635502071119845	0.0014917806256562471	0.0011810192372649908	0.011765511706471443	0.0008039487875066698
