onset	offset	Alarm_bell_ringing	Blender	Cat	Dishes	Dog	Electric_shaver_toothbrush	Frying	Running_water	Speech	Vacuum_cleaner
0.0	0.064	0.0001531198067823425	0.00022950144193600863	0.011558840982615948	0.0007920294883660972	0.0005774419405497611	9.387167665408924e-05	0.000962225953117013	0.0012364914873614907	0.0016630262834951282	0.0012707950081676245
0.064	0.128	0.0001531198067823425	0.00022950144193600863	0.017938073724508286	0.0007920294883660972	0.0006647522677667439	9.387167665408924e-05	0.000962225953117013	0.0012364914873614907	0.0016630262834951282	0.0012707950081676245
0.128	0.192	0.0001531198067823425	0.00022950144193600863	0.018600134178996086	0.0008973598596639931	0.000702314602676779	9.473007230553776e-05	0.0009363354765810072	0.0011371314758434892	0.0016630262834951282	0.0013488251715898514
0.192	0.256	0.0001531198067823425	0.00022950144193600863	0.018600134178996086	0.0008973598596639931	0.000702314602676779	9.473007230553776e-05	0.0009343900019302964	0.0011222182074561715	0.0016630262834951282	0.0013488251715898514
0.256	0.32	0.0001531198067823425	0.00022950144193600863	0.030881404876708984	0.0008973598596639931	0.000702314602676779	9.473007230553776e-05	0.0009343900019302964	0.0011222182074561715	0.0016630262834951282	0.0013488251715898514
0.32	0.384	0.00017241759633179754	0.00030561568564735353	0.07234172523021698	0.0012143157655373216	0.0007627211743965745	0.00010496572213014588	0.0009343900019302964	0.0010844954522326589	0.0019924603402614594	0.0013488251715898514
0.384	0.448	0.00020479023805819452	0.0005155243561603129	0.33536428213119507	0.0017203603638336062	0.0010847666999325156	0.000148163759149611	0.0009343900019302964	0.0010754510294646025	0.002802319126203656	0.0013488251715898514
0.448	0.512	0.00036767806159332395	0.0006765330326743424	0.868950366973877	0.001957810716703534	0.0010847666999325156	0.0003273463808000088	0.0009281756356358528	0.0010219329269602895	0.0045027956366539	0.0013488251715898514
0.512	0.576	0.00036767806159332395	0.0006765330326743424	0.8955063223838806	0.001957810716703534	0.0010847666999325156	0.0003273463808000088	0.0009133513667620718	0.0010219329269602895	0.0045027956366539	0.001009635510854423
