onset	offset	Alarm_bell_ringing	Blender	Cat	Dishes	Dog	Electric_shaver_toothbrush	Frying	Running_water	Speech	Vacuum_cleaner
0.0	0.064	0.008262145332992077	0.003418302396312356	0.004476266913115978	0.04105696082115173	0.014086687006056309	0.004952521063387394	0.005943956319242716	0.005060996860265732	0.9903401732444763	0.0015190315898507833
0.064	0.128	0.00822453759610653	0.003418302396312356	0.004476266913115978	0.04105696082115173	0.013284514658153057	0.004952521063387394	0.005943956319242716	0.005060996860265732	0.9903401732444763	0.0015190315898507833
0.128	0.192	0.00822453759610653	0.003349920501932502	0.004058030899614096	0.05064208060503006	0.011866760440170765	0.005701401736587286	0.0068929437547922134	0.004532842431217432	0.9917444586753845	0.0013570465380325913
0.192	0.256	0.008142411708831787	0.0033184196799993515	0.003856827039271593	0.05064208060503006	0.011866760440170765	0.005701401736587286	0.007178703788667917	0.00441409507766366	0.9919432401657104	0.001240590470843017
0.256	0.32	0.008102137595415115	0.0032946153078228235	0.003742427099496126	0.05064208060503006	0.011866760440170765	0.005733203142881393	0.0071830241940915585	0.004398905672132969	0.9921364784240723	0.0011299949837848544
0.32	0.384	0.008102137595415115	0.003141612745821476	0.003519889200106263	0.05064208060503006	0.010264163836836815	0.005733203142881393	0.0073617929592728615	0.004295111633837223	0.9921604990959167	0.0010316451080143452
0.384	0.448	0.008074023760855198	0.002737038303166628	0.003450393909588456	0.04965418949723244	0.008401565253734589	0.005701401736587286	0.0075435880571603775	0.004292548634111881	0.9921604990959167	0.0009492256795056164
0.448	0.512	0.008035767823457718	0.0024902853183448315	0.003450393909588456	0.04914119467139244	0.0077682682313025	0.0056222062557935715	0.008414440788328648	0.004287542309612036	0.9921364784240723	0.0009448530618101358
0.512	0.576	0.007688421756029129	0.0024681026116013527	0.003434748388826847	0.0486297607421875	0.007712969556450844	0.005559470504522324	0.008452785201370716	0.004256589338183403	0.9920708537101746	0.0009354718495160341
