onset	offset	Alarm_bell_ringing	Blender	Cat	Dishes	Dog	Electric_shaver_toothbrush	Frying	Running_water	Speech	Vacuum_cleaner
0.0	0.064	0.000727722654119134	0.00038229007623158395	0.0015159674221649766	0.0011508895549923182	0.0012270251754671335	0.0001356759457848966	0.00023109161702450365	0.0007867770036682487	0.0038234719540923834	0.0003220218059141189
0.064	0.128	0.000727722654119134	0.00038229007623158395	0.0015159674221649766	0.0011508895549923182	0.0014275053981691599	0.0001356759457848966	0.00023109161702450365	0.0007867770036682487	0.0038234719540923834	0.0003220218059141189
0.128	0.192	0.0006486999336630106	0.00038229007623158395	0.0015262303641065955	0.0011000176891684532	0.001795247313566506	0.0001356759457848966	0.00022290826018434018	0.0007187133305706084	0.0038234719540923834	0.0002760194183792919
0.192	0.256	0.0006486999336630106	0.00038229007623158395	0.0015262303641065955	0.0011000176891684532	0.001795247313566506	0.0001356759457848966	0.0002095669333357364	0.0006799883558414876	0.0038234719540923834	0.000253871112363413
0.256	0.32	0.0006486999336630106	0.00038229007623158395	0.0015262303641065955	0.0011000176891684532	0.001795247313566506	0.0001356759457848966	0.00020054091874044389	0.0006799883558414876	0.0038234719540923834	0.00021493156964424998
0.32	0.384	0.0006486999336630106	0.00048804713878780603	0.0023671078961342573	0.0011000176891684532	0.0023076466750353575	0.00014151791401673108	0.0001796026190277189	0.0006799883558414876	0.004257337190210819	0.00019289269403088838
0.384	0.448	0.0007272778893820941	0.0007143138791434467	0.003944323863834143	0.0012859704438596964	0.003145306371152401	0.00015013788652140647	0.0001620550756342709	0.0006799883558414876	0.005865029525011778	0.00019002301269210875
0.448	0.512	0.0010726184118539095	0.0012917338171973825	0.007100218906998634	0.0018979927990585566	0.012114307843148708	0.00020654688705690205	0.0001400246110279113	0.001102879992686212	0.008054021745920181	0.00018165748042520136
0.512	0.576	0.0014093609061092138	0.002270591678097844	0.007120906375348568	0.0033017569221556187	0.03272169828414917	0.00024076405679807067	0.00013517825573217124	0.001102879992686212	0.011465466581285	0.0001588331360835582
