onset	offset	Alarm_bell_ringing	Blender	Cat	Dishes	Dog	Electric_shaver_toothbrush	Frying	Running_water	Speech	Vacuum_cleaner
0.0	0.064	0.002562477719038725	0.016952253878116608	0.010912399739027023	0.007267523556947708	0.002688164357095957	0.002592341508716345	0.04744073748588562	0.39152881503105164	0.011964264325797558	0.14408478140830994
0.064	0.128	0.002562477719038725	0.016952253878116608	0.01113600842654705	0.007267523556947708	0.003400601213797927	0.002592341508716345	0.04744073748588562	0.39152881503105164	0.011740068905055523	0.14408478140830994
0.128	0.192	0.002467019483447075	0.020235273987054825	0.01242063194513321	0.007267523556947708	0.004030922893434763	0.0021983582992106676	0.04317713901400566	0.4654238224029541	0.011740068905055523	0.12003429234027863
0.192	0.256	0.002467019483447075	0.026570430025458336	0.011978788301348686	0.006878599524497986	0.004030922893434763	0.0021032148506492376	0.04157170653343201	0.5430759787559509	0.011740068905055523	0.10904460400342941
0.256	0.32	0.002467019483447075	0.02879670448601246	0.011978788301348686	0.006659552920609713	0.004030922893434763	0.0019080480560660362	0.04121338948607445	0.5858870148658752	0.011740068905055523	0.10904460400342941
0.32	0.384	0.002467019483447075	0.02879670448601246	0.012262909673154354	0.006629948504269123	0.004309176467359066	0.0017398170894011855	0.03970324620604515	0.5881047248840332	0.011964264325797558	0.10904460400342941
0.384	0.448	0.002527961740270257	0.02879670448601246	0.01242063194513321	0.006498599890619516	0.004443021025508642	0.0016289287013933063	0.03765644505620003	0.5910478234291077	0.011979155242443085	0.10904460400342941
0.448	0.512	0.002710137516260147	0.02879670448601246	0.01242063194513321	0.006444064900279045	0.004443021025508642	0.0015650965506210923	0.036125823855400085	0.5932721495628357	0.013059183023869991	0.11114069819450378
0.512	0.576	0.002710137516260147	0.02845851704478264	0.012262909673154354	0.00636294623836875	0.004443021025508642	0.0015020051505416632	0.03474617004394531	0.5932721495628357	0.014046321623027325	0.11114069819450378
