onset	offset	Alarm_bell_ringing	Blender	Cat	Dishes	Dog	Electric_shaver_toothbrush	Frying	Running_water	Speech	Vacuum_cleaner
0.0	0.064	0.0004599157546181232	0.00010889015538850799	0.0008638300350867212	0.0009214722667820752	0.006171585526317358	0.0001473710435675457	0.0005621879827231169	0.0008532611536793411	0.0024887199979275465	0.0004499073256738484
0.064	0.128	0.0007041603676043451	0.00012177727330708876	0.0010770070366561413	0.000958300952333957	0.008907387964427471	0.0001968029682757333	0.0005621879827231169	0.0008532611536793411	0.0034975435119122267	0.0004770526138599962
0.128	0.192	0.0007041603676043451	0.0001797509758034721	0.0010770070366561413	0.0014407287817448378	0.008907387964427471	0.00026615895330905914	0.0005621879827231169	0.0008532611536793411	0.003498783567920327	0.0005128627526573837
0.192	0.256	0.0007013882277533412	0.00013574892363976687	0.0010770070366561413	0.000958300952333957	0.037784673273563385	0.0001968029682757333	0.00048645935021340847	0.0008466511499136686	0.0034975435119122267	0.0004770526138599962
0.256	0.32	0.0005372189916670322	0.00012177727330708876	0.001021173782646656	0.0009214722667820752	0.037784673273563385	0.0001656188105698675	0.00048484120634384453	0.0007773663382977247	0.003380473703145981	0.0004499073256738484
0.32	0.384	0.0005372189916670322	0.00012177727330708876	0.001021173782646656	0.0009028039639815688	0.037784673273563385	0.0001656188105698675	0.000482117582578212	0.0007061221986077726	0.003380473703145981	0.00042161266901530325
0.384	0.448	0.0005372189916670322	0.00012177727330708876	0.001021173782646656	0.0009028039639815688	0.037784673273563385	0.0001656188105698675	0.0004273763333912939	0.0006394911906681955	0.003380473703145981	0.00042161266901530325
0.448	0.512	0.00037041358882561326	6.737312651239336e-05	0.0005221994942985475	0.000583758985158056	0.005177452694624662	9.26704378798604e-05	0.0002851123281288892	0.0003849058412015438	0.002202583011239767	0.00023317565501201898
0.512	0.576	0.000235366853303276	6.278565706452355e-05	0.0003871239023283124	0.0004733247624244541	0.0021621130872517824	7.830986578483135e-05	0.0002644442720338702	0.00032324378844350576	0.001956341788172722	0.00020260796009097248
