onset	offset	Alarm_bell_ringing	Blender	Cat	Dishes	Dog	Electric_shaver_toothbrush	Frying	Running_water	Speech	Vacuum_cleaner
0.0	0.064	0.001359289395622909	0.007546333596110344	0.003453126410022378	0.0010512026492506266	0.0030301790684461594	0.264043927192688	0.0014190004440024495	0.002261289395391941	0.004483384545892477	0.9075816869735718
0.064	0.128	0.001359289395622909	0.007546333596110344	0.003453126410022378	0.0010512026492506266	0.0030301790684461594	0.264043927192688	0.0014190004440024495	0.002261289395391941	0.004483384545892477	0.9075816869735718
0.128	0.192	0.001232097391039133	0.005293196067214012	0.003453126410022378	0.0009735502535477281	0.0030301790684461594	0.2728050649166107	0.0011298233876004815	0.0021908925846219063	0.003851900342851877	0.885097861289978
0.192	0.256	0.001232097391039133	0.00432481337338686	0.003441466251388192	0.0009298809454776347	0.0030301790684461594	0.3913610577583313	0.0011095695663243532	0.00196817540563643	0.003851900342851877	0.8560999035835266
0.256	0.32	0.001232097391039133	0.0035089647863060236	0.003441466251388192	0.0008254557033069432	0.0030301790684461594	0.436293363571167	0.0010020158952102065	0.0016781417652964592	0.003851900342851877	0.8352426290512085
0.32	0.384	0.001232097391039133	0.00301853334531188	0.003441466251388192	0.0007660233532078564	0.0030854002106934786	0.4530233144760132	0.0009181695058941841	0.0014845308614894748	0.003851900342851877	0.8256291151046753
0.384	0.448	0.0013198541710153222	0.0027167212683707476	0.0034429479856044054	0.0007517661433666945	0.0032849651761353016	0.47118455171585083	0.0008544864249415696	0.0013725600438192487	0.003979099448770285	0.8146779537200928
0.448	0.512	0.001378185348585248	0.0025724826846271753	0.0034429479856044054	0.0007501162472181022	0.003311969107016921	0.49027371406555176	0.0008143181912600994	0.0012965956702828407	0.004072214011102915	0.8017181754112244
0.512	0.576	0.0013887573732063174	0.0024820170365273952	0.003554874798282981	0.0007445999654009938	0.003311969107016921	0.5052072405815125	0.0007902137585915625	0.0012338666711002588	0.00412596995010972	0.7891432642936707
