onset	offset	Alarm_bell_ringing	Blender	Cat	Dishes	Dog	Electric_shaver_toothbrush	Frying	Running_water	Speech	Vacuum_cleaner
0.0	0.064	0.0016966403927654028	0.0033350724261254072	0.0008438383229076862	0.0017076398944482207	0.0012313172919675708	0.9723037481307983	0.0026866805274039507	0.0030890691559761763	0.004538075998425484	0.012858638539910316
0.064	0.128	0.0016966403927654028	0.0033350724261254072	0.0008438383229076862	0.0017076398944482207	0.0012313172919675708	0.9723037481307983	0.0026866805274039507	0.0030890691559761763	0.004538075998425484	0.012858638539910316
0.128	0.192	0.0013410660903900862	0.0017284826608374715	0.0007057518814690411	0.0013417612062767148	0.0009350164909847081	0.9786067008972168	0.002079396741464734	0.002090301364660263	0.003953504376113415	0.007492776960134506
0.192	0.256	0.0011862737592309713	0.0010213878704234958	0.0006971219554543495	0.0012231137370690703	0.0007885412196628749	0.9827039837837219	0.0017048036679625511	0.0015973701374605298	0.003948265220969915	0.004937940277159214
0.256	0.32	0.001120121218264103	0.0007920755306258798	0.0006719662342220545	0.0011016341159120202	0.000757998728659004	0.9845933318138123	0.0014756780583411455	0.0014302636263892055	0.003948265220969915	0.003919143695384264
0.32	0.384	0.0010960997315123677	0.0006632344448007643	0.0006462224409915507	0.0010193911148235202	0.0007318829884752631	0.9857638478279114	0.0013159792870283127	0.0013472960563376546	0.003948265220969915	0.0032708130311220884
0.384	0.448	0.0010731160873547196	0.0005815171753056347	0.0006196177564561367	0.000948007800616324	0.0006967437220737338	0.9864500164985657	0.0011947602033615112	0.001289817737415433	0.003952344413846731	0.0028064101934432983
0.448	0.512	0.0010483245132490993	0.0005296907620504498	0.0005916649242863059	0.0008854825282469392	0.0006613245932385325	0.986857533454895	0.0010979572543874383	0.001248143264092505	0.003952344413846731	0.0024650346022099257
0.512	0.576	0.0010255005909129977	0.0004948501009494066	0.000567308918107301	0.0008323859656229615	0.0006311089964583516	0.9871265292167664	0.0010195639915764332	0.0012166093802079558	0.003981995861977339	0.0022087355609983206
