onset	offset	Alarm_bell_ringing	Blender	Cat	Dishes	Dog	Electric_shaver_toothbrush	Frying	Running_water	Speech	Vacuum_cleaner
0.0	0.064	0.0005007621948607266	0.0003338362439535558	0.008730833418667316	0.0013521004002541304	0.0012254903558641672	0.000256791157880798	0.0008270835387520492	0.0026795414742082357	0.0013719609705731273	0.005166742950677872
0.064	0.128	0.0005797261255793273	0.0003338362439535558	0.010370207019150257	0.0013521004002541304	0.0012812524801120162	0.000256791157880798	0.0008270835387520492	0.0026795414742082357	0.0013719609705731273	0.005166742950677872
0.128	0.192	0.0006403051083907485	0.0002898873935919255	0.010370207019150257	0.0012580082984641194	0.0012812524801120162	0.0002246396616101265	0.0007677685935050249	0.0026795414742082357	0.0012445130851119757	0.004698343109339476
0.192	0.256	0.0005797261255793273	0.0002669452514965087	0.009343620389699936	0.0012543214252218604	0.001279264222830534	0.00018868334882427007	0.0006845532334409654	0.0026534036733210087	0.0012242362136021256	0.004687689710408449
0.256	0.32	0.000566213158890605	0.0002513710060156882	0.00899483822286129	0.0012543214252218604	0.0012391118798404932	0.00015649483248125762	0.000657017168123275	0.0026534036733210087	0.0012242362136021256	0.004644721746444702
0.32	0.384	0.000566213158890605	0.00023980160767678171	0.00901047233492136	0.0012543214252218604	0.0012391118798404932	0.00013580758241005242	0.000657017168123275	0.0026534036733210087	0.0012242362136021256	0.004584433976560831
0.384	0.448	0.000566213158890605	0.0002279174659634009	0.009343620389699936	0.0012580082984641194	0.0012391118798404932	0.0001246822503162548	0.000657017168123275	0.002740481635555625	0.0012242362136021256	0.00452735461294651
0.448	0.512	0.0005016917129978538	0.00021864256996195763	0.009328210726380348	0.001260908436961472	0.0011744770454242826	0.00011944220750592649	0.000657017168123275	0.002759823575615883	0.0012066271156072617	0.004205930978059769
0.512	0.576	0.0005016917129978538	0.00021864256996195763	0.009268718771636486	0.0012724378611892462	0.0011744770454242826	0.00011662761244224384	0.0006691842572763562	0.002799522364512086	0.0012066271156072617	0.004114516545087099
