onset	offset	Alarm_bell_ringing	Blender	Cat	Dishes	Dog	Electric_shaver_toothbrush	Frying	Running_water	Speech	Vacuum_cleaner
0.0	0.064	0.023456081748008728	0.0005440213717520237	0.0006441348232328892	0.002378853503614664	0.0014042985858395696	0.0016066449461504817	0.001403004745952785	0.0012618094915524125	0.02034107595682144	0.001520305871963501
0.064	0.128	0.02964102476835251	0.0005440213717520237	0.0006441348232328892	0.002378853503614664	0.0013331223744899035	0.0016418993473052979	0.001403004745952785	0.0012618094915524125	0.02034107595682144	0.0013840963365510106
0.128	0.192	0.02964102476835251	0.0005034466739743948	0.0008485329453833401	0.0025839549489319324	0.0013331223744899035	0.0016418993473052979	0.0013882535276934505	0.00119875802192837	0.02160574495792389	0.0013840963365510106
0.192	0.256	0.027043631300330162	0.00048338458873331547	0.0014600625727325678	0.002564965281635523	0.001220298232510686	0.0019393941620364785	0.0012413733638823032	0.0010972943855449557	0.03754481300711632	0.001355280284769833
0.256	0.32	0.024609068408608437	0.00044524643453769386	0.001935138599947095	0.0024304180406033993	0.0010204060235992074	0.0021245363168418407	0.0010455043520778418	0.0009941633325070143	0.06485942006111145	0.0009126837248913944
0.32	0.384	0.024609068408608437	0.0004064026288688183	0.001935138599947095	0.0024304180406033993	0.0008113083313219249	0.0021245363168418407	0.0009404567535966635	0.0009508786024525762	0.06485942006111145	0.0006599976331926882
0.384	0.448	0.024609068408608437	0.0004064026288688183	0.001935138599947095	0.0024304180406033993	0.0007324070320464671	0.0021245363168418407	0.0009404567535966635	0.0009194253361783922	0.06485942006111145	0.0005739029147662222
0.448	0.512	0.024609068408608437	0.0004064026288688183	0.001935138599947095	0.002564965281635523	0.000695097609423101	0.0021245363168418407	0.0009404567535966635	0.0008657036814838648	0.06485942006111145	0.0005172399105504155
0.512	0.576	0.024609068408608437	0.0004064026288688183	0.0008742801728658378	0.002564965281635523	0.000695097609423101	0.0021245363168418407	0.0009404567535966635	0.0008657036814838648	0.03346952050924301	0.0005172399105504155
