onset	offset	Alarm_bell_ringing	Blender	Cat	Dishes	Dog	Electric_shaver_toothbrush	Frying	Running_water	Speech	Vacuum_cleaner
0.0	0.064	0.00333821726962924	0.0002239691821159795	0.00010113004100276157	0.001342322095297277	0.00020913717162329704	0.0001627461751922965	0.00017973111243918538	0.0005675055435858667	0.0015913964016363025	0.0004826031217817217
0.064	0.128	0.0035165944136679173	0.00023537830566056073	0.00010113004100276157	0.001342322095297277	0.00020913717162329704	0.0001627461751922965	0.00017973111243918538	0.0005757426843047142	0.0015913964016363025	0.0004826031217817217
0.128	0.192	0.003717337269335985	0.00023537830566056073	9.876272815745324e-05	0.001342322095297277	0.00018992283730767667	0.00015015291864983737	0.00015655990864615887	0.000575907644815743	0.0014659642474725842	0.0004118781362194568
0.192	0.256	0.003717337269335985	0.00023537830566056073	9.876272815745324e-05	0.001342322095297277	0.00018992283730767667	0.00015015291864983737	0.00013514887541532516	0.000575907644815743	0.0014659642474725842	0.00036194355925545096
0.256	0.32	0.003717337269335985	0.00023537830566056073	9.876272815745324e-05	0.001342322095297277	0.00018992283730767667	0.00015015291864983737	0.00013514887541532516	0.000575907644815743	0.0014659642474725842	0.00036194355925545096
0.32	0.384	0.003815620904788375	0.00024490273790434003	9.876272815745324e-05	0.001395274419337511	0.00018992283730767667	0.00015015291864983737	0.00013514887541532516	0.0005854576593264937	0.0014659642474725842	0.00036194355925545096
0.384	0.448	0.02844533696770668	0.0003357438836246729	0.00021639441547449678	0.0028095573652535677	0.00020558042160701007	0.00016910265549086034	0.00013514887541532516	0.0007834716816432774	0.001765645807608962	0.00031764167943038046
0.448	0.512	0.8245282173156738	0.0005558949196711183	0.0004325947375036776	0.003664364805445075	0.000388004700653255	0.0002806604315992445	0.00022416615684051067	0.0007834716816432774	0.0021054877433925867	0.00029516135691665113
0.512	0.576	0.9736942648887634	0.0005558949196711183	0.0004325947375036776	0.003664364805445075	0.000388004700653255	0.0002806604315992445	0.00022416615684051067	0.0007834716816432774	0.0026330146938562393	0.0002912181371357292
