onset	offset	Alarm_bell_ringing	Blender	Cat	Dishes	Dog	Electric_shaver_toothbrush	Frying	Running_water	Speech	Vacuum_cleaner
0.0	0.064	0.0024527516216039658	0.00016196162323467433	0.00040326587622985244	0.0007405387586914003	0.0007194983190856874	0.00010682836727937683	0.00024487587506882846	0.0008305383380502462	0.00254435813985765	0.00040379093843512237
0.064	0.128	0.0024658814072608948	0.00016196162323467433	0.00040326587622985244	0.0007405387586914003	0.0007194983190856874	0.00010682836727937683	0.00024487587506882846	0.0008305383380502462	0.00254435813985765	0.00040379093843512237
0.128	0.192	0.002509870333597064	0.0001501219958299771	0.0003881508600898087	0.0007034781738184392	0.0007126523996703327	0.00010571779421297833	0.00022082500800024718	0.0007513643358834088	0.0023232032544910908	0.00036077777622267604
0.192	0.256	0.002509870333597064	0.0001450070703867823	0.0003767547896131873	0.000676877738442272	0.0006803186261095107	0.00010257228132104501	0.00020014509209431708	0.0006963155465200543	0.0023142704740166664	0.00031963782384991646
0.256	0.32	0.002509870333597064	0.00014131740317679942	0.00037080858601257205	0.0006621810025535524	0.0006609118427149951	0.00010011754784500226	0.00018264015670865774	0.0006602624780498445	0.0023142704740166664	0.00028447346994653344
0.32	0.384	0.0025811349041759968	0.0001383224007440731	0.00037080858601257205	0.0006621810025535524	0.0006609118427149951	0.00010011754784500226	0.0001684345188550651	0.0006340668187476695	0.0023142704740166664	0.000255791237577796
0.384	0.448	0.0026764720678329468	0.00013590071466751397	0.00037080858601257205	0.0006621810025535524	0.0006609118427149951	0.00010011754784500226	0.00015703504323028028	0.0006340668187476695	0.0023142704740166664	0.00023194456298369914
0.448	0.512	0.0028742030262947083	0.00013590071466751397	0.00037080858601257205	0.0006621810025535524	0.0006609118427149951	0.00010011754784500226	0.00014796905452385545	0.0006340668187476695	0.0024853378999978304	0.00021396484225988388
0.512	0.576	0.003597464645281434	0.00013590071466751397	0.000396665942389518	0.0007374025881290436	0.000781449896749109	0.00010084191308123991	0.00014158472185954452	0.0006340668187476695	0.0024853378999978304	0.00021396484225988388
