onset	offset	Alarm_bell_ringing	Blender	Cat	Dishes	Dog	Electric_shaver_toothbrush	Frying	Running_water	Speech	Vacuum_cleaner
0.0	0.064	0.0018567814258858562	0.0002885478315874934	0.0017313087591901422	0.0006882806192152202	0.0007647746824659407	0.0004735975817311555	0.0005026923608966172	0.0008255194406956434	0.0027948219794780016	0.0038190011400729418
0.064	0.128	0.0018567814258858562	0.0002885478315874934	0.0017313087591901422	0.0006882806192152202	0.0007647746824659407	0.0004735975817311555	0.0005026923608966172	0.0008255194406956434	0.002895425772294402	0.0038190011400729418
0.128	0.192	0.0015572431730106473	0.0002449321618769318	0.0014429689617827535	0.0005090674385428429	0.0007121870294213295	0.00039443009882234037	0.0004954901523888111	0.0008026738069020212	0.0035162498243153095	0.0033980924636125565
0.192	0.256	0.0015550428070127964	0.00023349067487288266	0.0012401733547449112	0.00047478004125878215	0.000709033221937716	0.00037280487595126033	0.000492119521368295	0.0008026738069020212	0.0035162498243153095	0.0029939913656562567
0.256	0.32	0.0015550428070127964	0.00023349067487288266	0.0012115914141759276	0.00046255922643467784	0.000709033221937716	0.0003664538380689919	0.000492119521368295	0.0008026738069020212	0.0035162498243153095	0.0026940293610095978
0.32	0.384	0.0015550428070127964	0.00023349067487288266	0.0012020046124234796	0.00044304440962150693	0.000709033221937716	0.0003664538380689919	0.000492119521368295	0.0008026738069020212	0.004252268001437187	0.002558942185714841
0.384	0.448	0.0015550428070127964	0.00023349067487288266	0.0011521198321133852	0.0004292833327781409	0.000709033221937716	0.0003664538380689919	0.0004954901523888111	0.0008360883221030235	0.004878579173237085	0.002530307276174426
0.448	0.512	0.0016156466444954276	0.0002341085928492248	0.0011236266000196338	0.00042352848686277866	0.0007309939828701317	0.0003664538380689919	0.0005010267486795783	0.0008572563529014587	0.005576013587415218	0.0025045350193977356
0.512	0.576	0.001707767485640943	0.00024565879721194506	0.0011236266000196338	0.00042352848686277866	0.0007537761703133583	0.00036731071304529905	0.0005325744277797639	0.0008786249090917408	0.006458683870732784	0.0025045350193977356
