onset	offset	Alarm_bell_ringing	Blender	Cat	Dishes	Dog	Electric_shaver_toothbrush	Frying	Running_water	Speech	Vacuum_cleaner
0.0	0.064	0.0023634980898350477	0.032309189438819885	0.00206352979876101	0.08993572741746902	0.01066470518708229	0.010475929826498032	0.29594263434410095	0.0053863320499658585	0.9745149612426758	0.006548518314957619
0.064	0.128	0.0023634980898350477	0.032309189438819885	0.00206352979876101	0.08993572741746902	0.010755330324172974	0.010475929826498032	0.2976171374320984	0.0053863320499658585	0.9745149612426758	0.006548518314957619
0.128	0.192	0.002135522896423936	0.02974945306777954	0.001948617398738861	0.07614798098802567	0.010885484516620636	0.010779904201626778	0.2985113561153412	0.005155916325747967	0.9787970781326294	0.00533710140734911
0.192	0.256	0.0020348953548818827	0.02702624909579754	0.0018064986215904355	0.06777755916118622	0.010885484516620636	0.010779904201626778	0.2985113561153412	0.005140842404216528	0.9788475632667542	0.004748367238789797
0.256	0.32	0.0019486414967104793	0.02702624909579754	0.0018064986215904355	0.06777755916118622	0.01114547997713089	0.010779904201626778	0.2985113561153412	0.0051348223350942135	0.9788475632667542	0.0044069550931453705
0.32	0.384	0.0017837629420682788	0.02702624909579754	0.0018064986215904355	0.06777755916118622	0.011322537437081337	0.010779904201626778	0.2985113561153412	0.005021924152970314	0.9788475632667542	0.004344037268310785
0.384	0.448	0.0015860942658036947	0.02702624909579754	0.0018064986215904355	0.06220871955156326	0.011989692226052284	0.01053045317530632	0.2985113561153412	0.00495890062302351	0.9788475632667542	0.004274429753422737
0.448	0.512	0.0015215157764032483	0.024204624816775322	0.001728889881633222	0.05875242501497269	0.011989692226052284	0.00979232881218195	0.2976171374320984	0.00495650852099061	0.9714937806129456	0.003995557781308889
0.512	0.576	0.001517698634415865	0.023122090846300125	0.001721271313726902	0.05822534114122391	0.011989692226052284	0.00979232881218195	0.2914906144142151	0.004722123499959707	0.9714937806129456	0.0035401813220232725
