onset	offset	Alarm_bell_ringing	Blender	Cat	Dishes	Dog	Electric_shaver_toothbrush	Frying	Running_water	Speech	Vacuum_cleaner
0.0	0.064	0.0009989594109356403	0.0005196316633373499	0.00027473742375150323	0.005497441627085209	0.0007796802674420178	0.00027421090635471046	0.019385045394301414	0.0005377171910367906	0.009186794050037861	0.0017692171968519688
0.064	0.128	0.0009989594109356403	0.0005196316633373499	0.00027473742375150323	0.005497441627085209	0.0007796802674420178	0.00027421090635471046	0.019385045394301414	0.0005377171910367906	0.009186794050037861	0.0017692171968519688
0.128	0.192	0.0006357962847687304	0.00039450303302146494	0.0002129368658643216	0.004111254587769508	0.0005776533507741988	0.00024029394262470305	0.019385045394301414	0.0005150479264557362	0.00795736350119114	0.0016101044602692127
0.192	0.256	0.000522880582138896	0.0003126524679828435	0.0002129368658643216	0.003706266637891531	0.0005776533507741988	0.00019914552103728056	0.019378874450922012	0.0005132415099069476	0.00795736350119114	0.001326252706348896
0.256	0.32	0.000522880582138896	0.0002620886079967022	0.0002129368658643216	0.003706266637891531	0.0005776533507741988	0.00016419999883510172	0.019284624606370926	0.0005132415099069476	0.00795736350119114	0.0010909010889008641
0.32	0.384	0.000522880582138896	0.00026203287416137755	0.0002129368658643216	0.003706266637891531	0.0005776533507741988	0.00013950232823845	0.019284624606370926	0.0005132415099069476	0.00795736350119114	0.0008740095072425902
0.384	0.448	0.000522880582138896	0.00026203287416137755	0.00025045356596820056	0.003706266637891531	0.0006232368759810925	0.00012552193948067725	0.019086262211203575	0.0005150479264557362	0.008899863809347153	0.0007249760092236102
0.448	0.512	0.0005058565875515342	0.0002511130296625197	0.00025045356596820056	0.0037444187328219414	0.000801623216830194	0.0001208081521326676	0.018779747188091278	0.0005370625876821578	0.01076832041144371	0.0006331703625619411
0.512	0.576	0.0005420803208835423	0.0002485047734808177	0.00025045356596820056	0.004528986290097237	0.0008394295000471175	0.00011460734094725922	0.01836555451154709	0.0005854280316270888	0.015413462184369564	0.0005676843575201929
