onset	offset	Alarm_bell_ringing	Blender	Cat	Dishes	Dog	Electric_shaver_toothbrush	Frying	Running_water	Speech	Vacuum_cleaner
0.0	0.064	0.003980702254921198	0.0007265415042638779	0.0038289627991616726	0.004949458409100771	0.0015687220729887486	0.0012880886206403375	0.08042218536138535	0.8584206104278564	0.014194360002875328	0.00820830650627613
0.064	0.128	0.003980702254921198	0.0007563232793472707	0.0038289627991616726	0.004949458409100771	0.0015687220729887486	0.0012880886206403375	0.08042218536138535	0.8584206104278564	0.014194360002875328	0.00820830650627613
0.128	0.192	0.00201462977565825	0.0007563232793472707	0.0038289627991616726	0.004329785238951445	0.0015276916092261672	0.001070538884960115	0.07917701452970505	0.8937793374061584	0.013087112456560135	0.005737869534641504
0.192	0.256	0.0018469698261469603	0.0007440970512107015	0.0038289627991616726	0.0032222007866948843	0.0015276916092261672	0.0010303279850631952	0.053136494010686874	0.9201935529708862	0.010264735668897629	0.004813444800674915
0.256	0.32	0.0018221386708319187	0.0007265415042638779	0.0038289627991616726	0.002721007214859128	0.0015276916092261672	0.0009864630410447717	0.04615584388375282	0.9389097094535828	0.008222752250730991	0.004222986754029989
0.32	0.384	0.0018183535430580378	0.0007265415042638779	0.003959113731980324	0.0025295070372521877	0.0015276916092261672	0.0009496616548858583	0.04523034021258354	0.9475688338279724	0.0073795011267066	0.0034958638716489077
0.384	0.448	0.0018000672571361065	0.0006230847793631256	0.0043348451144993305	0.0023083779960870743	0.0015677678165957332	0.0009230416035279632	0.045017849653959274	0.9525041580200195	0.006990767549723387	0.002788163721561432
0.448	0.512	0.0017981251003220677	0.0005489863106049597	0.004478088580071926	0.0021272008307278156	0.0015677678165957332	0.0009230416035279632	0.042314957827329636	0.9569153785705566	0.0067489901557564735	0.0023473326582461596
0.512	0.576	0.0017743069911375642	0.0005009070737287402	0.004507059697061777	0.001935248146764934	0.0015677678165957332	0.0008998342091217637	0.038155850023031235	0.9602667689323425	0.006609034724533558	0.002100934274494648
