onset	offset	Alarm_bell_ringing	Blender	Cat	Dishes	Dog	Electric_shaver_toothbrush	Frying	Running_water	Speech	Vacuum_cleaner
0.0	0.064	0.9876241683959961	0.0012659349013119936	0.007951373234391212	0.009998795576393604	0.0032863924279809	0.0006930216331966221	0.0007242481806315482	0.007400256581604481	0.005804042797535658	0.0005471115000545979
0.064	0.128	0.9840461015701294	0.0012659349013119936	0.007951373234391212	0.009998795576393604	0.0032863924279809	0.0006930216331966221	0.0007242481806315482	0.007400256581604481	0.005804042797535658	0.0005471115000545979
0.128	0.192	0.9621273875236511	0.0008428968722000718	0.005506505258381367	0.004742128774523735	0.0025333876255899668	0.00044826624798588455	0.00035365548683330417	0.0045958287082612514	0.00501960190013051	0.0002610130759421736
0.192	0.256	0.9840461015701294	0.0007998187211342156	0.003722226480022073	0.0032732158433645964	0.0025311606004834175	0.0003075870336033404	0.00020304793724790215	0.0031419277656823397	0.0041050296276807785	0.00023786468955222517
0.256	0.32	0.9876241683959961	0.0007987828576005995	0.0018783933483064175	0.0030024938751012087	0.0025179246440529823	0.0003075870336033404	0.00020304793724790215	0.002170137595385313	0.0041050296276807785	0.00022087132674641907
0.32	0.384	0.9905202388763428	0.0007987828576005995	0.001754308701492846	0.0022498383186757565	0.0014996399404481053	0.0003075870336033404	0.00020304793724790215	0.002078953431919217	0.0041050296276807785	0.00020874530309811234
0.384	0.448	0.9942541718482971	0.0007987828576005995	0.0015016248216852546	0.002192646497860551	0.0014522485435009003	0.0003075870336033404	0.00020304793724790215	0.0020352343562990427	0.0041050296276807785	0.00019739459094125777
0.448	0.512	0.9950771927833557	0.0007998187211342156	0.0014982616994529963	0.0019472065614536405	0.0014522485435009003	0.00029935193015262485	0.00020304793724790215	0.001798073761165142	0.004262296482920647	0.0001871460408437997
0.512	0.576	0.9950771927833557	0.0007998187211342156	0.0014982616994529963	0.0018412276403978467	0.0014522485435009003	0.00029935193015262485	0.00020304793724790215	0.001798073761165142	0.004262296482920647	0.0001871460408437997
