onset	offset	Alarm_bell_ringing	Blender	Cat	Dishes	Dog	Electric_shaver_toothbrush	Frying	Running_water	Speech	Vacuum_cleaner
0.0	0.064	0.0009325307328253984	0.00036349304718896747	0.0007546968990936875	0.00212122336961329	0.0005833602044731379	0.0006930127274245024	0.004062137100845575	0.001016885624267161	0.005219679791480303	0.0012499713338911533
0.064	0.128	0.0009325307328253984	0.00036349304718896747	0.0007940888172015548	0.00212122336961329	0.0005913095083087683	0.0006930127274245024	0.004406413529068232	0.0011421829694882035	0.0059592630714178085	0.0012499713338911533
0.128	0.192	0.0009721728856675327	0.00038840420893393457	0.0010351532837375998	0.0028773313388228416	0.0006070639938116074	0.0006930127274245024	0.0052366903983056545	0.001278511481359601	0.0059592630714178085	0.0009763429989106953
0.192	0.256	0.0009721728856675327	0.00038840420893393457	0.0010351532837375998	0.0028773313388228416	0.0006070639938116074	0.0006930127274245024	0.0052366903983056545	0.001278511481359601	0.006872885394841433	0.0007988337893038988
0.256	0.32	0.0009721728856675327	0.00038840420893393457	0.0010351532837375998	0.0028773313388228416	0.0006070639938116074	0.0006930127274245024	0.005467845592647791	0.0013893911382183433	0.011996855959296227	0.0006455476977862418
0.32	0.384	0.0011085099540650845	0.0005360390059649944	0.0018025467870756984	0.004161776043474674	0.0006439181743189692	0.0008579755085520446	0.00789046473801136	0.0016477712197229266	0.026507651433348656	0.0005751826683990657
0.384	0.448	0.0013330284273251891	0.0007679782574996352	0.0037297671660780907	0.005901829805225134	0.0008394606993533671	0.0013035136507824063	0.009305945597589016	0.0017145239980891347	0.08232443779706955	0.0005541678983718157
0.448	0.512	0.0013330284273251891	0.0009775501675903797	0.0062818569131195545	0.008296084590256214	0.0011764168739318848	0.0013035136507824063	0.009577990509569645	0.001787731540389359	0.25104981660842896	0.0005032303160987794
0.512	0.576	0.0013330284273251891	0.0009775501675903797	0.0062818569131195545	0.008369333110749722	0.0016727946931496263	0.0013035136507824063	0.009577990509569645	0.001787731540389359	0.25104981660842896	0.0005010674940422177
