onset	offset	Alarm_bell_ringing	Blender	Cat	Dishes	Dog	Electric_shaver_toothbrush	Frying	Running_water	Speech	Vacuum_cleaner
0.0	0.064	0.00418863957747817	0.0014943435089662671	0.0008018898661248386	0.010496868751943111	0.0032531560864299536	0.000502164417412132	0.00452298391610384	0.0013761583250015974	0.02849116362631321	0.0005141228903084993
0.064	0.128	0.00418863957747817	0.0014943435089662671	0.0008018898661248386	0.010496868751943111	0.0032531560864299536	0.000502164417412132	0.00452298391610384	0.0013761583250015974	0.02849116362631321	0.0005141228903084993
0.128	0.192	0.00418863957747817	0.0008326497045345604	0.0008422103710472584	0.0059113884344697	0.002849274082109332	0.00045747877447865903	0.0038721724413335323	0.0013761583250015974	0.03321390599012375	0.000389191263820976
0.192	0.256	0.00418863957747817	0.00070275116013363	0.0008422103710472584	0.0059113884344697	0.002849274082109332	0.00045747877447865903	0.003432439174503088	0.0013761583250015974	0.03321390599012375	0.0003003843012265861
0.256	0.32	0.00418863957747817	0.00070275116013363	0.0008422103710472584	0.0059113884344697	0.002849274082109332	0.00045747877447865903	0.0029756592120975256	0.0013761583250015974	0.03321390599012375	0.00028305608429946005
0.32	0.384	0.004286955576390028	0.00070275116013363	0.0011990269413217902	0.0059113884344697	0.002849274082109332	0.00045747877447865903	0.0028493795543909073	0.0013976249611005187	0.10092811286449432	0.00027694020536728203
0.384	0.448	0.008586800657212734	0.00070275116013363	0.003290309105068445	0.010144315659999847	0.007611446548253298	0.0004849290126003325	0.002632766729220748	0.0014438045909628272	0.36261439323425293	0.0002723887737374753
0.448	0.512	0.00945307221263647	0.0011208027135580778	0.0076415808871388435	0.012304216623306274	0.019922927021980286	0.0005732640856876969	0.0025895109865814447	0.0016808152431622148	0.6983510255813599	0.00016268629406113178
0.512	0.576	0.009625243954360485	0.0011989607010036707	0.0076415808871388435	0.012681840918958187	0.019922927021980286	0.000653084774967283	0.0025895109865814447	0.0016816515708342195	0.9185465574264526	0.00014555621601175517
