onset	offset	Alarm_bell_ringing	Blender	Cat	Dishes	Dog	Electric_shaver_toothbrush	Frying	Running_water	Speech	Vacuum_cleaner
0.0	0.064	0.0017013847827911377	0.0001125066919485107	0.00015035019896458834	0.0008365715621039271	0.0002643749467097223	0.0001631913910387084	0.0010171162430197	0.0005684038624167442	0.001992919249460101	0.000164876677445136
0.064	0.128	0.0017013847827911377	0.0001125066919485107	0.00015035019896458834	0.0008365715621039271	0.0002643749467097223	0.0001631913910387084	0.0010171162430197	0.0005684038624167442	0.001992919249460101	0.000164876677445136
0.128	0.192	0.0014594655949622393	0.0001161903710453771	0.00014841232041362673	0.000695294700562954	0.000250325130764395	0.0001548453001305461	0.0009302265243604779	0.0005205716006457806	0.0017691305838525295	0.000141587428515777
0.192	0.256	0.0014123577857390046	0.0001151460746768862	0.00014841232041362673	0.0006400820566341281	0.0002445713907945901	0.0001520846417406574	0.0009119044989347458	0.0005074259242974222	0.001758997212164104	0.0001218035031342879
0.256	0.32	0.001405872986651957	0.0001137114450102672	0.00014841232041362673	0.0005959143745712936	0.00024405590374954045	0.0001482283405493945	0.0008842928800731897	0.0005074259242974222	0.001747705158777535	0.00011211740638827905
0.32	0.384	0.001405872986651957	0.0001137114450102672	0.00014841232041362673	0.0005592195666395128	0.00024405590374954045	0.00014666772040072829	0.0008324335212819278	0.0005074259242974222	0.0017279544845223427	0.00010418382589705288
0.384	0.448	0.001405872986651957	0.0001137114450102672	0.00015141844050958753	0.0005592195666395128	0.00024405590374954045	0.00014577274851035327	0.0008007838041521609	0.0005074259242974222	0.0017174711683765054	9.770469478098676e-05
0.448	0.512	0.0014395865146070719	0.0001137114450102672	0.00015372927009593695	0.0005592195666395128	0.0002445713907945901	0.00014577274851035327	0.0007733322563581169	0.0005082308780401945	0.0017174711683765054	9.363029676023871e-05
0.512	0.576	0.0014395865146070719	0.00011289530084468424	0.0001542811223771423	0.0005592195666395128	0.0002463951241225004	0.00014577274851035327	0.00075041368836537	0.000508287048432976	0.0017174711683765054	9.08851288841106e-05
