onset	offset	Alarm_bell_ringing	Blender	Cat	Dishes	Dog	Electric_shaver_toothbrush	Frying	Running_water	Speech	Vacuum_cleaner
0.0	0.064	0.0033310477156192064	0.008791228756308556	0.0025028190575540066	0.0291127972304821	0.012963391840457916	0.009189793840050697	0.11585256457328796	0.009920486249029636	0.9881608486175537	0.006519719026982784
0.064	0.128	0.0033310477156192064	0.008791228756308556	0.0025028190575540066	0.0291127972304821	0.012963391840457916	0.009189793840050697	0.11131774634122849	0.009920486249029636	0.9872896075248718	0.006519719026982784
0.128	0.192	0.0029582728166133165	0.006700615398585796	0.002269078977406025	0.024209672585129738	0.010995064862072468	0.008206699974834919	0.1096300259232521	0.008699693717062473	0.9862690567970276	0.0056612128391861916
0.192	0.256	0.0027983260806649923	0.005113210063427687	0.0020562782883644104	0.020213494077324867	0.009646517224609852	0.006825693883001804	0.1096300259232521	0.007838265970349312	0.9865360856056213	0.005163633730262518
0.256	0.32	0.0027983260806649923	0.0028714274521917105	0.0016501827631145716	0.01720905862748623	0.007603167090564966	0.0043963356874883175	0.10578814148902893	0.00677092419937253	0.9872896075248718	0.004331978969275951
0.32	0.384	0.0027983260806649923	0.0013742016162723303	0.001377598731778562	0.01720905862748623	0.005572667345404625	0.004182606935501099	0.10263114422559738	0.005206139292567968	0.9872896075248718	0.0028208442963659763
0.384	0.448	0.0027983260806649923	0.0013742016162723303	0.0013367331121116877	0.01720905862748623	0.005572667345404625	0.004182606935501099	0.1019064337015152	0.005000820383429527	0.9872896075248718	0.0025395136326551437
0.448	0.512	0.0031619982328265905	0.0013706451281905174	0.0013367331121116877	0.01720905862748623	0.005572667345404625	0.0041737942956388	0.1019064337015152	0.00497877923771739	0.9888007640838623	0.0024140116292983294
0.512	0.576	0.0031619982328265905	0.0013653080677613616	0.0013367331121116877	0.01730472408235073	0.005472566466778517	0.004169440362602472	0.1019064337015152	0.004430295899510384	0.9888007640838623	0.002405001549050212
