onset	offset	Alarm_bell_ringing	Blender	Cat	Dishes	Dog	Electric_shaver_toothbrush	Frying	Running_water	Speech	Vacuum_cleaner
0.0	0.064	0.000574896577745676	0.002936991397291422	0.005278849042952061	0.00875102449208498	0.023176372051239014	0.00042411754839122295	0.028831642121076584	0.009157412685453892	0.2750670611858368	0.0026439062785357237
0.064	0.128	0.000574896577745676	0.002730800537392497	0.005278849042952061	0.0067046950571238995	0.023176372051239014	0.00042411754839122295	0.028831642121076584	0.008822117932140827	0.2710568606853485	0.0026439062785357237
0.128	0.192	0.00043285751598887146	0.0021314024925231934	0.00488366698846221	0.0067046950571238995	0.023176372051239014	0.00037510410766117275	0.026203809306025505	0.0073170228861272335	0.26180002093315125	0.002237920183688402
0.192	0.256	0.0003924576158169657	0.0021314024925231934	0.00488366698846221	0.0066668023355305195	0.023176372051239014	0.00034133438020944595	0.026203809306025505	0.0073170228861272335	0.26180002093315125	0.0019736276008188725
0.256	0.32	0.0003567464300431311	0.0016702167922630906	0.00488366698846221	0.00499113742262125	0.023176372051239014	0.0002745289821177721	0.023568756878376007	0.006674739997833967	0.20912963151931763	0.0015383074060082436
0.32	0.384	0.00034813530510291457	0.0005599182331934571	0.0021427739411592484	0.002006032969802618	0.012077459134161472	0.0001740069274092093	0.01698075607419014	0.0030668044928461313	0.07392314821481705	0.0009342118282802403
0.384	0.448	0.0002724903170019388	0.00021769652084913105	0.0008830332080833614	0.000913310912437737	0.0016022070776671171	0.00011697655281750485	0.009911780245602131	0.0021225730888545513	0.026608072221279144	0.0005557797267101705
0.448	0.512	0.00023184617748484015	0.00015585703658871353	0.0006740398821420968	0.0006492949323728681	0.0008237576694227755	0.00011697655281750485	0.007610632572323084	0.001855157082900405	0.01838495396077633	0.0004961239174008369
0.512	0.576	0.00023184617748484015	0.00014013907639309764	0.0006740398821420968	0.0006492949323728681	0.0006890574586577713	0.00011697655281750485	0.007172839716076851	0.001855157082900405	0.01838495396077633	0.0004961239174008369
