onset	offset	Alarm_bell_ringing	Blender	Cat	Dishes	Dog	Electric_shaver_toothbrush	Frying	Running_water	Speech	Vacuum_cleaner
0.0	0.064	0.014935112558305264	0.00394057109951973	0.0025303950533270836	0.007064761593937874	0.010666817426681519	0.003132580779492855	0.0017920868704095483	0.002556238090619445	0.9860742688179016	0.0018739196239039302
0.064	0.128	0.014935112558305264	0.004078186582773924	0.0025303950533270836	0.008815965615212917	0.010666817426681519	0.00311810034327209	0.001818163087591529	0.002687502186745405	0.9860742688179016	0.0018739196239039302
0.128	0.192	0.014228745363652706	0.004337700549513102	0.0024858107790350914	0.008932173252105713	0.011919990181922913	0.00311810034327209	0.0019362042658030987	0.002982349367812276	0.9860445261001587	0.0017412487650290132
0.192	0.256	0.013126848265528679	0.004078186582773924	0.0021530380472540855	0.008815965615212917	0.011919990181922913	0.0029690107330679893	0.001818163087591529	0.002982349367812276	0.9860445261001587	0.0017221712041646242
0.256	0.32	0.012165653519332409	0.00394057109951973	0.001937622088007629	0.007064761593937874	0.011919990181922913	0.0021920998115092516	0.001818163087591529	0.002687502186745405	0.9860445261001587	0.001699692104011774
0.32	0.384	0.011391442269086838	0.00394057109951973	0.0019209629390388727	0.007064761593937874	0.011919990181922913	0.0019196229986846447	0.001818163087591529	0.002687502186745405	0.9828417897224426	0.001664419542066753
0.384	0.448	0.010313000530004501	0.00375406164675951	0.0018389330944046378	0.007061481475830078	0.011799562722444534	0.0014882513787597418	0.001818163087591529	0.002687502186745405	0.9747557044029236	0.0015757776563987136
0.448	0.512	0.008973602205514908	0.0018353722989559174	0.0013974020257592201	0.005579840857535601	0.0065114377066493034	0.0011350190034136176	0.0018610282568261027	0.002311463700607419	0.9410761594772339	0.0011845326516777277
0.512	0.576	0.007947811856865883	0.0005841603269800544	0.0008536657551303506	0.004492340609431267	0.0026423113886266947	0.0007304647006094456	0.0017754726577550173	0.0016724014421924949	0.618040144443512	0.0009395781089551747
