onset	offset	Alarm_bell_ringing	Blender	Cat	Dishes	Dog	Electric_shaver_toothbrush	Frying	Running_water	Speech	Vacuum_cleaner
0.0	0.064	0.006679420359432697	0.0009086394566111267	0.0008015785715542734	0.0016376355197280645	0.0010023153154179454	0.000589056930039078	0.002627068432047963	0.002351558767259121	0.005414772778749466	0.0052137658931314945
0.064	0.128	0.006679420359432697	0.0009086394566111267	0.0009378644172102213	0.0016376355197280645	0.0010023153154179454	0.000589056930039078	0.002627068432047963	0.002351558767259121	0.005414772778749466	0.0052137658931314945
0.128	0.192	0.005152756813913584	0.0008546940516680479	0.0010342164896428585	0.001311168191023171	0.0011248162481933832	0.0006718912627547979	0.002434884663671255	0.0020958709064871073	0.005414772778749466	0.004570851568132639
0.192	0.256	0.005097290966659784	0.0008455333882011473	0.0010342164896428585	0.001278383657336235	0.0011248162481933832	0.0006524321506731212	0.002238036133348942	0.002033044584095478	0.005414772778749466	0.004054834600538015
0.256	0.32	0.004997470881789923	0.0008036439539864659	0.001209680107422173	0.0012761871330440044	0.0011248162481933832	0.0006050668307580054	0.0020372148137539625	0.00201174127869308	0.005414772778749466	0.0035494533367455006
0.32	0.384	0.0048509929329156876	0.0007882309728302062	0.001209680107422173	0.001269304659217596	0.0015209827106446028	0.0006050668307580054	0.0019374312832951546	0.001928634592331946	0.005507155787199736	0.0030123547185212374
0.384	0.448	0.004784376826137304	0.0007391441613435745	0.001209680107422173	0.0012547778896987438	0.0015890622744336724	0.0006050668307580054	0.0018847309984266758	0.0019108104752376676	0.006827015895396471	0.002605313202366233
0.448	0.512	0.004784376826137304	0.0006388318142853677	0.001209680107422173	0.0012445226311683655	0.0016848945524543524	0.0006050668307580054	0.0018685752293094993	0.0018363029230386019	0.006859156768769026	0.002394977957010269
0.512	0.576	0.004784376826137304	0.0005463345441967249	0.0011942795244976878	0.0012445226311683655	0.001926505472511053	0.0005600462900474668	0.0018570615211501718	0.001928634592331946	0.007001514080911875	0.0020480910316109657
