onset	offset	Alarm_bell_ringing	Blender	Cat	Dishes	Dog	Electric_shaver_toothbrush	Frying	Running_water	Speech	Vacuum_cleaner
0.0	0.064	0.00033831532346084714	0.0004917605547234416	0.0002444454876240343	0.005976368207484484	0.00030460921698249876	0.0001443755900254473	0.01070027332752943	0.000564521353226155	0.0054543339647352695	0.0005628896178677678
0.064	0.128	0.00033831532346084714	0.0004917605547234416	0.0002444454876240343	0.005976368207484484	0.00030460921698249876	0.0001443755900254473	0.01070027332752943	0.000564521353226155	0.0054543339647352695	0.0005628896178677678
0.128	0.192	0.00029144977452233434	0.00039439284591935575	0.00020741682965308428	0.004769922699779272	0.00028687622398138046	0.00012908266216982156	0.009672321379184723	0.0005252047558315098	0.0054543339647352695	0.0004907423281110823
0.192	0.256	0.00029144977452233434	0.0003471217059995979	0.00020741682965308428	0.004769922699779272	0.0002833339385688305	0.0001224145817104727	0.009439833462238312	0.0005252047558315098	0.0054543339647352695	0.00045327338739298284
0.256	0.32	0.00029144977452233434	0.00032702452153898776	0.00020741682965308428	0.004769922699779272	0.0002806502452585846	0.00011623513273661956	0.009203928522765636	0.0005252047558315098	0.0054543339647352695	0.00041682555456645787
0.32	0.384	0.00029144977452233434	0.00032702452153898776	0.00020741682965308428	0.004769922699779272	0.0002806502452585846	0.00011201234883628786	0.009203928522765636	0.0005252047558315098	0.005743217188864946	0.0003732072073034942
0.384	0.448	0.00027696212055161595	0.00032702452153898776	0.0002104929299093783	0.0050795841962099075	0.0002833339385688305	0.0001033488879329525	0.009203928522765636	0.0005304033402353525	0.01115105114877224	0.0003258245124015957
0.448	0.512	0.00027696212055161595	0.00032702452153898776	0.0002104929299093783	0.007593648973852396	0.00028687622398138046	9.264799155062065e-05	0.009427410550415516	0.0006256104679778218	0.013664757832884789	0.0003071255050599575
0.512	0.576	0.00027696212055161595	0.00039988974458537996	0.0002104929299093783	0.007593648973852396	0.00030633650021627545	9.000163117889315e-05	0.009427410550415516	0.000863166875205934	0.013664757832884789	0.00030035796226002276
