onset	offset	Alarm_bell_ringing	Blender	Cat	Dishes	Dog	Electric_shaver_toothbrush	Frying	Running_water	Speech	Vacuum_cleaner
0.0	0.064	0.002858275780454278	0.0034642957616597414	0.009061658754944801	0.005391551181674004	0.9903196096420288	0.0017447518184781075	0.0021068158093839884	0.006426607724279165	0.029256431385874748	0.001713226898573339
0.064	0.128	0.0028986241668462753	0.0034642957616597414	0.009061658754944801	0.005391551181674004	0.9903196096420288	0.0017447518184781075	0.0021068158093839884	0.006426607724279165	0.029256431385874748	0.001713226898573339
0.128	0.192	0.0034838200081139803	0.0034764199517667294	0.007531050592660904	0.005391551181674004	0.9903196096420288	0.0014257155125960708	0.001976068364456296	0.006426607724279165	0.024141067638993263	0.0014335437444970012
0.192	0.256	0.0034838200081139803	0.0034764199517667294	0.006662891246378422	0.005208016373217106	0.9905381202697754	0.0013856738805770874	0.001955654937773943	0.006426607724279165	0.022065309807658195	0.00116806011646986
0.256	0.32	0.003428654046729207	0.0034764199517667294	0.006553967483341694	0.005182241555303335	0.9914577603340149	0.001351049984805286	0.0018740615341812372	0.006274176295846701	0.019550040364265442	0.0011072588386014104
0.32	0.384	0.0034838200081139803	0.004733892623335123	0.006493417080491781	0.005176568403840065	0.9943349361419678	0.0012889483477920294	0.001869467319920659	0.0062083955854177475	0.01928405649960041	0.0010894497390836477
0.384	0.448	0.0034838200081139803	0.0048925066366791725	0.005694421473890543	0.005176568403840065	0.9943349361419678	0.001221108715981245	0.001834107912145555	0.006180169526487589	0.019060730934143066	0.0010807408252730966
0.448	0.512	0.0034838200081139803	0.0048925066366791725	0.005038360133767128	0.005176568403840065	0.9943349361419678	0.001221108715981245	0.0017078787786886096	0.006274176295846701	0.01869603432714939	0.0010185039136558771
0.512	0.576	0.003428654046729207	0.0048925066366791725	0.004651454742997885	0.005176568403840065	0.9943349361419678	0.0010879718465730548	0.0016332858940586448	0.006291562225669622	0.016946174204349518	0.0008673046831972897
