onset	offset	Alarm_bell_ringing	Blender	Cat	Dishes	Dog	Electric_shaver_toothbrush	Frying	Running_water	Speech	Vacuum_cleaner
0.0	0.064	0.00015748834994155914	6.442573794629425e-05	0.0002489133330527693	0.0004984206752851605	0.0007443951908499002	9.361555567011237e-05	0.0005170806543901563	0.0008470555185340345	0.001601602416485548	0.0010804454796016216
0.064	0.128	0.00015748834994155914	6.442573794629425e-05	0.0002489133330527693	0.0004984206752851605	0.0008180747390724719	9.361555567011237e-05	0.0005170806543901563	0.0008470555185340345	0.001601602416485548	0.0010804454796016216
0.128	0.192	0.0001490960130468011	5.770879579358734e-05	0.0002375917974859476	0.00042311628931201994	0.0008180747390724719	8.752628491492942e-05	0.00047617603559046984	0.0007551846792921424	0.0014068325981497765	0.0009424135205335915
0.192	0.256	0.000148519771755673	5.424775736173615e-05	0.00023714570852462202	0.0004096221528016031	0.0007686016615480185	8.459698437945917e-05	0.0004398131277412176	0.0007135168416425586	0.001392476842738688	0.0008259482565335929
0.256	0.32	0.00014459424710366875	5.424775736173615e-05	0.0002368698042118922	0.00040448844083584845	0.0007551349699497223	8.116492244880646e-05	0.00040783468284644186	0.000688582775183022	0.0013920883648097515	0.0007220057304948568
0.32	0.384	0.0001429153635399416	5.424775736173615e-05	0.00023613717348780483	0.0003805347951129079	0.0007551349699497223	7.536899647675455e-05	0.0003898141731042415	0.0006682293023914099	0.0013412947300821543	0.0006380371632985771
0.384	0.448	0.00013775547267869115	5.193884135223925e-05	0.0002273503050673753	0.0003409314376767725	0.0007551349699497223	7.502802327508107e-05	0.0003753679047804326	0.0006340154795907438	0.0013174640480428934	0.0005441696848720312
0.448	0.512	0.00013249274343252182	5.1892453484470025e-05	0.00022381760936696082	0.0003409059136174619	0.0007112269522622228	7.070524588925764e-05	0.00034866906935349107	0.0006248813588172197	0.0013140991795808077	0.0004784260818269104
0.512	0.576	0.00013241292617749423	5.165206312085502e-05	0.00022358534624800086	0.0003207505214959383	0.0007069365819916129	6.959905294934288e-05	0.0003385847667232156	0.0006204575183801353	0.0013140991795808077	0.0004565478302538395
