onset	offset	Alarm_bell_ringing	Blender	Cat	Dishes	Dog	Electric_shaver_toothbrush	Frying	Running_water	Speech	Vacuum_cleaner
0.0	0.064	0.0011374674504622817	0.0005395639454945922	0.01398808415979147	0.003218568628653884	0.0039568692445755005	0.0007460765773430467	0.002251584781333804	0.0067755053751170635	0.002330442890524864	0.006486985366791487
0.064	0.128	0.0011374674504622817	0.0005395639454945922	0.014689872041344643	0.003218568628653884	0.0039568692445755005	0.0007460765773430467	0.002251584781333804	0.007113635074347258	0.002330442890524864	0.006486985366791487
0.128	0.192	0.0008693669806234539	0.00043547904351726174	0.015759948641061783	0.002454618690535426	0.0039568692445755005	0.0006544922944158316	0.0021078705321997404	0.007125812582671642	0.00205112318508327	0.005981214344501495
0.192	0.256	0.0007830390823073685	0.00038018450140953064	0.015759948641061783	0.0022028887178748846	0.003930076491087675	0.0006414647214114666	0.002022759523242712	0.007113635074347258	0.002012462355196476	0.005413501523435116
0.256	0.32	0.0007513156742788851	0.00034747415338642895	0.015759948641061783	0.0021082377061247826	0.003870012005791068	0.0006402120343409479	0.0019449511310085654	0.007113635074347258	0.001994736259803176	0.005021869670599699
0.32	0.384	0.000722430064342916	0.00033015303779393435	0.01598406210541725	0.0020198700949549675	0.003870012005791068	0.0006216306937858462	0.0018868669867515564	0.007125812582671642	0.001994736259803176	0.004711418878287077
0.384	0.448	0.000722430064342916	0.00031426383065991104	0.016003040596842766	0.0019646314904093742	0.003930076491087675	0.0006056111888028681	0.0018147013615816832	0.007215192541480064	0.001994736259803176	0.004322404973208904
0.448	0.512	0.000722430064342916	0.0003062612086068839	0.016846999526023865	0.0019646314904093742	0.004034433513879776	0.0005914234207011759	0.0017681336030364037	0.0072542536072432995	0.001994736259803176	0.003991828765720129
0.512	0.576	0.000722430064342916	0.0003062612086068839	0.01818176731467247	0.0019646314904093742	0.004121195990592241	0.0005914234207011759	0.0017511391779407859	0.007521660998463631	0.002010489348322153	0.00379618676379323
