onset	offset	Alarm_bell_ringing	Blender	Cat	Dishes	Dog	Electric_shaver_toothbrush	Frying	Running_water	Speech	Vacuum_cleaner
0.0	0.064	0.005288588348776102	0.008115583099424839	0.009729565121233463	0.01275747548788786	0.019246242940425873	0.005713524762541056	0.5728585124015808	0.06005752459168434	0.8017475605010986	0.030332420021295547
0.064	0.128	0.005288588348776102	0.008115583099424839	0.009729565121233463	0.01275747548788786	0.019246242940425873	0.005713524762541056	0.5728585124015808	0.066799595952034	0.8017475605010986	0.030332420021295547
0.128	0.192	0.0049977535381913185	0.008484608493745327	0.007574775256216526	0.011992634274065495	0.019246242940425873	0.004387519787997007	0.6121229529380798	0.07913366705179214	0.7087838649749756	0.027232088148593903
0.192	0.256	0.00454383110627532	0.008484608493745327	0.005280848126858473	0.009775637648999691	0.019246242940425873	0.0031340699642896652	0.6134289503097534	0.07913366705179214	0.6039932370185852	0.02572748437523842
0.256	0.32	0.003875906113535166	0.008484608493745327	0.0038490290753543377	0.008546003140509129	0.018120020627975464	0.0026581312995404005	0.6302006244659424	0.07667428255081177	0.5418013334274292	0.021371230483055115
0.32	0.384	0.0026382666546851397	0.008484608493745327	0.003124798182398081	0.007600890006870031	0.018120020627975464	0.0022023417986929417	0.7661370635032654	0.07667428255081177	0.5106186270713806	0.01663595624268055
0.384	0.448	0.0019273473881185055	0.008484608493745327	0.002612141892313957	0.0067997947335243225	0.012212550267577171	0.0021406055893749	0.7924639582633972	0.07667428255081177	0.46173930168151855	0.01663595624268055
0.448	0.512	0.0014176989207044244	0.008484608493745327	0.0019280740525573492	0.0057283127680420876	0.008717208169400692	0.0017678862204775214	0.8053678870201111	0.07667428255081177	0.3575673997402191	0.01663595624268055
0.512	0.576	0.0011691750260069966	0.007245028391480446	0.0014554093359038234	0.0049589453265070915	0.007675706874579191	0.001349019818007946	0.8154177069664001	0.06121981889009476	0.28727972507476807	0.016382133588194847
