onset	offset	Alarm_bell_ringing	Blender	Cat	Dishes	Dog	Electric_shaver_toothbrush	Frying	Running_water	Speech	Vacuum_cleaner
0.0	0.064	0.0005022227996960282	0.0008387202979065478	0.00026481892564333975	0.0059225959703326225	0.00023517887166235596	0.00010508620471227914	0.0013190190074965358	0.0006960143800824881	0.001963016577064991	0.00035049341386184096
0.064	0.128	0.0005022227996960282	0.0008387202979065478	0.00026481892564333975	0.0059225959703326225	0.00023517887166235596	0.00010508620471227914	0.0013190190074965358	0.0006960143800824881	0.001963016577064991	0.00035049341386184096
0.128	0.192	0.0003460127336438745	0.0006381624261848629	0.0002436315844533965	0.003751519601792097	0.00020622574083972722	8.986322063719854e-05	0.0010517475893720984	0.000550642900634557	0.0016953438753262162	0.0002680482866708189
0.192	0.256	0.00029125757282599807	0.0005192543612793088	0.000243513859459199	0.0030581976752728224	0.00020622574083972722	8.728614920983091e-05	0.0008733352296985686	0.00046978116733953357	0.0016953438753262162	0.00022610880841966718
0.256	0.32	0.00027110238443128765	0.000452107866294682	0.00024326345010194927	0.0028778500854969025	0.00020622574083972722	8.65405672811903e-05	0.0008033545454964042	0.0004221320559736341	0.0016953438753262162	0.0001998043735511601
0.32	0.384	0.00026695799897424877	0.0004130189190618694	0.00024326345010194927	0.002813763218000531	0.00020622574083972722	8.643343608127907e-05	0.0007663771393708885	0.00039020099211484194	0.0016953438753262162	0.000180495175300166
0.384	0.448	0.00026695799897424877	0.00039397765067406	0.00024326345010194927	0.002813763218000531	0.00021766185818705708	8.64228859427385e-05	0.0007529932772740722	0.0003737966762855649	0.0017768398392945528	0.00016860902542248368
0.448	0.512	0.00026695799897424877	0.0003868034982588142	0.00024248032423201948	0.002813763218000531	0.00022842608450446278	8.624958718428388e-05	0.0007529932772740722	0.0003665380063466728	0.0019027829403057694	0.00015796255320310593
0.512	0.576	0.00026695799897424877	0.0003868034982588142	0.00024248032423201948	0.002813763218000531	0.0002356873155804351	8.568287739763036e-05	0.0007529932772740722	0.0003665380063466728	0.002080979524180293	0.00014520660624839365
