onset	offset	Alarm_bell_ringing	Blender	Cat	Dishes	Dog	Electric_shaver_toothbrush	Frying	Running_water	Speech	Vacuum_cleaner
0.0	0.064	0.0007311479421332479	0.003844393650069833	0.0005625098710879683	0.002329663373529911	0.0011013661278411746	0.00025762614677660167	0.0044130077585577965	0.002529081190004945	0.004045096691697836	0.007238051854074001
0.064	0.128	0.0007311479421332479	0.003844393650069833	0.0005625098710879683	0.002329663373529911	0.001001163269393146	0.00025762614677660167	0.0044130077585577965	0.002529081190004945	0.004045096691697836	0.007238051854074001
0.128	0.192	0.0005302939680404961	0.0036299610510468483	0.0005345364334061742	0.0019212783081457019	0.001001163269393146	0.0002080851700156927	0.004265043884515762	0.0024304050020873547	0.0035497520584613085	0.0071829152293503284
0.192	0.256	0.00047446516691707075	0.002860486274585128	0.0005104384035803378	0.0015382906422019005	0.0009300356032326818	0.00019025035726372153	0.004173286724835634	0.0019935802556574345	0.0031086597591638565	0.007010012865066528
0.256	0.32	0.0004693293303716928	0.001921529765240848	0.0004287964547984302	0.0013492576545104384	0.0006304879789240658	0.00019025035726372153	0.004173286724835634	0.0015358551172539592	0.002434153575450182	0.007002001162618399
0.32	0.384	0.00046446730266325176	0.0013056366005912423	0.00042437209049239755	0.0011601102305576205	0.0005339314811863005	0.00019025035726372153	0.004173286724835634	0.0015226831892505288	0.002224723342806101	0.00655863294377923
0.384	0.448	0.00043457705760374665	0.0010241166455671191	0.00041877228068187833	0.001117028994485736	0.0004942266969010234	0.00019025035726372153	0.004173286724835634	0.0015226831892505288	0.0021263528615236282	0.006032961420714855
0.448	0.512	0.00038668588967993855	0.0008592075319029391	0.00041805635555647314	0.0011014778865501285	0.0004901950596831739	0.0002032360207522288	0.004722852259874344	0.0015226831892505288	0.0019855345599353313	0.005474656354635954
0.512	0.576	0.0003639233182184398	0.0008024991257116199	0.0004028189869131893	0.0010458924807608128	0.0004899378982372582	0.0002032360207522288	0.005313347093760967	0.0015202189097180963	0.001925580552779138	0.004836303647607565
