onset	offset	Alarm_bell_ringing	Blender	Cat	Dishes	Dog	Electric_shaver_toothbrush	Frying	Running_water	Speech	Vacuum_cleaner
0.0	0.064	0.9936479926109314	0.0007353741093538702	0.0032760812900960445	0.026021946221590042	0.0009875359246507287	0.0008225489291362464	0.0019078291952610016	0.0064397649839520454	0.016365593299269676	0.002337831538170576
0.064	0.128	0.9936479926109314	0.0007353741093538702	0.0032760812900960445	0.026021946221590042	0.001538411364890635	0.0008225489291362464	0.0019078291952610016	0.0064397649839520454	0.016365593299269676	0.002337831538170576
0.128	0.192	0.9962246417999268	0.000571204349398613	0.0017315964214503765	0.006841171998530626	0.001690236502327025	0.0005644045886583626	0.0006379103288054466	0.0041734143160283566	0.01157323271036148	0.001263251295313239
0.192	0.256	0.9975970387458801	0.000571204349398613	0.0014954587677493691	0.0038894133176654577	0.0016442411579191685	0.0005586575134657323	0.0004021686618216336	0.0029112992342561483	0.011316954158246517	0.0008307666867040098
0.256	0.32	0.9979164004325867	0.000571204349398613	0.0012800459517166018	0.002501387381926179	0.0016442411579191685	0.0004995890776626766	0.0002877511433325708	0.002149006584659219	0.010987077839672565	0.0005878639640286565
0.32	0.384	0.9980049729347229	0.000561088731046766	0.0012800459517166018	0.002239139284938574	0.0016653214115649462	0.0004995890776626766	0.0002603941538836807	0.0019747712649405003	0.009910600259900093	0.0005385659169405699
0.384	0.448	0.9980559349060059	0.0005586417973972857	0.0012800459517166018	0.0022001266479492188	0.001690236502327025	0.0004995890776626766	0.00024159760505426675	0.0018735298654064536	0.008939775638282299	0.0005209508235566318
0.448	0.512	0.9980559349060059	0.0005351425497792661	0.0012800459517166018	0.002134630922228098	0.0016953793819993734	0.0004995890776626766	0.0002179922885261476	0.0018389688339084387	0.008344052359461784	0.0004843536298722029
0.512	0.576	0.9980559349060059	0.0005351425497792661	0.0012947649229317904	0.0020328375976532698	0.0016953793819993734	0.0005171647062525153	0.00019871022959705442	0.0017964501166716218	0.008080770261585712	0.0004495004832278937
