onset	offset	Alarm_bell_ringing	Blender	Cat	Dishes	Dog	Electric_shaver_toothbrush	Frying	Running_water	Speech	Vacuum_cleaner
0.0	0.064	0.00045006151776760817	0.00014407331764232367	0.000931687478441745	0.0012306073913350701	0.003126639174297452	0.00026175222592428327	0.0005926874000579119	0.000767215620726347	0.0016032387502491474	0.0011090724729001522
0.064	0.128	0.00045006151776760817	0.00014407331764232367	0.0010145801352337003	0.0012306073913350701	0.003289911663159728	0.00026175222592428327	0.0005926874000579119	0.000767215620726347	0.0016032387502491474	0.0011090724729001522
0.128	0.192	0.000327107438351959	0.00013519797357730567	0.0010403119958937168	0.001068444224074483	0.0036062938161194324	0.0002481378032825887	0.0005275480216369033	0.000678481359500438	0.0013735120883211493	0.0009888445492833853
0.192	0.256	0.00029261191957630217	0.0001206946253660135	0.0010403119958937168	0.0010422385530546308	0.0036062938161194324	0.00024742624373175204	0.0004650900373235345	0.0006143987993709743	0.0012897170381620526	0.0008980253478512168
0.256	0.32	0.0002805694530252367	0.00011410768638597801	0.0010403119958937168	0.0010228739120066166	0.0036062938161194324	0.0002468157617840916	0.0004236664099153131	0.0005710013210773468	0.0012558121234178543	0.0008450867026112974
0.32	0.384	0.0002786436816677451	0.00011303728388156742	0.0010403119958937168	0.0010102040832862258	0.004123171325773001	0.00024672423023730516	0.0003954641870222986	0.0005396997439675033	0.0012463737512007356	0.0008031769539229572
0.384	0.448	0.000276836974080652	0.00011273790732957423	0.0010403119958937168	0.0009790488984435797	0.004337471444159746	0.00024672423023730516	0.0003737617807928473	0.0005169003270566463	0.0012410678900778294	0.0007545451517216861
0.448	0.512	0.0002761955256573856	0.00010888206452364102	0.0010403119958937168	0.0009232623851858079	0.004337634425610304	0.00023817991313990206	0.0003535754221957177	0.0004945551627315581	0.0012387702008709311	0.0006967613589949906
0.512	0.576	0.0002684551873244345	9.942512406269088e-05	0.001009351690299809	0.000869636656716466	0.004432481713593006	0.00022618901857640594	0.00033235925366170704	0.00047868266119621694	0.0012249851133674383	0.0006268414435908198
