onset	offset	Alarm_bell_ringing	Blender	Cat	Dishes	Dog	Electric_shaver_toothbrush	Frying	Running_water	Speech	Vacuum_cleaner
0.0	0.064	0.003218505997210741	0.1228044405579567	0.052097026258707047	0.062403932213783264	0.010822750627994537	0.028731919825077057	0.002392489928752184	0.00872987974435091	0.004400230012834072	0.005663806572556496
0.064	0.128	0.003279640804976225	0.1228044405579567	0.052097026258707047	0.062403932213783264	0.010822750627994537	0.028731919825077057	0.002392489928752184	0.009205006062984467	0.004400230012834072	0.005932469852268696
0.128	0.192	0.0033749600406736135	0.09695032238960266	0.052097026258707047	0.0373711884021759	0.009472881443798542	0.01992027275264263	0.0023042105603963137	0.009836286306381226	0.0033883352298289537	0.005932469852268696
0.192	0.256	0.003279640804976225	0.06606780737638474	0.052097026258707047	0.02518819458782673	0.008504793979227543	0.016275834292173386	0.0022394079715013504	0.009205006062984467	0.0029647548217326403	0.005663806572556496
0.256	0.32	0.003218505997210741	0.04370869696140289	0.05062905699014664	0.0180763378739357	0.008414640091359615	0.015922708436846733	0.0020704453345388174	0.00872987974435091	0.0026691914536058903	0.005623717792332172
0.32	0.384	0.003023881930857897	0.03015259839594364	0.043820079416036606	0.013500700704753399	0.007120670285075903	0.015922708436846733	0.0016590316081419587	0.00774966087192297	0.0025975233875215054	0.004337949212640524
0.384	0.448	0.0028204983100295067	0.02077549323439598	0.023125117644667625	0.009941735304892063	0.005497347563505173	0.015922708436846733	0.00099285994656384	0.005585738457739353	0.00235488242469728	0.00280654220841825
0.448	0.512	0.0026650424115359783	0.016862668097019196	0.016859110444784164	0.00837392546236515	0.004575653467327356	0.01590990088880062	0.0007448024698533118	0.004382869228720665	0.0021936409175395966	0.002085694344714284
0.512	0.576	0.00242245034314692	0.015153014101088047	0.01674322783946991	0.008076158352196217	0.003997313790023327	0.01590990088880062	0.0006852676742710173	0.004125652834773064	0.0021649214904755354	0.0016989849973469973
