onset	offset	Alarm_bell_ringing	Blender	Cat	Dishes	Dog	Electric_shaver_toothbrush	Frying	Running_water	Speech	Vacuum_cleaner
0.0	0.064	0.0026223361492156982	0.0024034760426729918	0.007546284236013889	0.006639339029788971	0.009014254435896873	0.007059866562485695	0.00384402833878994	0.013043569400906563	0.005376324988901615	0.00719530088827014
0.064	0.128	0.0026223361492156982	0.0024034760426729918	0.007546284236013889	0.006639339029788971	0.009014254435896873	0.007059866562485695	0.00384402833878994	0.013043569400906563	0.005376324988901615	0.00719530088827014
0.128	0.192	0.001546364976093173	0.0018877831753343344	0.0068130469880998135	0.004710428416728973	0.008846325799822807	0.005983698647469282	0.0035744758788496256	0.011426500976085663	0.004461326170712709	0.007180239539593458
0.192	0.256	0.0011601560981944203	0.0016707098111510277	0.0068130469880998135	0.004170075990259647	0.008846325799822807	0.005691943224519491	0.003537640906870365	0.010482991114258766	0.003891788190230727	0.007068931590765715
0.256	0.32	0.0010307433549314737	0.0015783981652930379	0.0068130469880998135	0.0040008253417909145	0.008846325799822807	0.005298309493809938	0.003373290877789259	0.01032059546560049	0.0038436450995504856	0.006907729431986809
0.32	0.384	0.000936688797082752	0.001493218936957419	0.0068130469880998135	0.003840923774987459	0.008846325799822807	0.004869136027991772	0.0031067775562405586	0.010282530449330807	0.0038436450995504856	0.006235104985535145
0.384	0.448	0.0009220368810929358	0.0013901653001084924	0.006765503901988268	0.0037168164271861315	0.009397875517606735	0.004645669832825661	0.002943460363894701	0.010276232846081257	0.0038436450995504856	0.005471287295222282
0.448	0.512	0.0009207399562001228	0.0013209072640165687	0.006784961558878422	0.0037027206271886826	0.010301253758370876	0.004579008091241121	0.002825737465173006	0.010207093320786953	0.0038436450995504856	0.004769478924572468
0.512	0.576	0.00087359658209607	0.0012934665428474545	0.006850214209407568	0.0036964952014386654	0.011479445733129978	0.004571954254060984	0.002738911658525467	0.010207093320786953	0.003949216101318598	0.004397381562739611
