onset	offset	Alarm_bell_ringing	Blender	Cat	Dishes	Dog	Electric_shaver_toothbrush	Frying	Running_water	Speech	Vacuum_cleaner
0.0	0.064	0.0026770641561597586	0.02711373008787632	0.0012871382059529424	0.012637033127248287	0.00822924543172121	0.0008331501157954335	0.00741172581911087	0.000878485559951514	0.9886652231216431	0.011081880889832973
0.064	0.128	0.002854888327419758	0.02711373008787632	0.0012871382059529424	0.014147305861115456	0.00822924543172121	0.0007838020683266222	0.00741172581911087	0.000878485559951514	0.9886652231216431	0.011081880889832973
0.128	0.192	0.0031737687531858683	0.027978602796792984	0.0012871382059529424	0.014751582406461239	0.008585565723478794	0.0007838020683266222	0.00826216395944357	0.000878485559951514	0.9886652231216431	0.009836992248892784
0.192	0.256	0.0031737687531858683	0.027978602796792984	0.0012871382059529424	0.014147305861115456	0.008585565723478794	0.0006903000175952911	0.010420599952340126	0.0008633325924165547	0.9886652231216431	0.009333557449281216
0.256	0.32	0.0031737687531858683	0.027978602796792984	0.0012871382059529424	0.012637033127248287	0.008585565723478794	0.0006419221754185855	0.010420599952340126	0.0008438922232016921	0.9886652231216431	0.008977907709777355
0.32	0.384	0.003779115155339241	0.036009781062603	0.0016227661399170756	0.012637033127248287	0.008585565723478794	0.0004981980891898274	0.010420599952340126	0.0008366150432266295	0.9855631589889526	0.0066301217302680016
0.384	0.448	0.0038035691250115633	0.03965174779295921	0.0016227661399170756	0.011726383119821548	0.0065025691874325275	0.0004840095352847129	0.010420599952340126	0.0008253613486886024	0.9838818311691284	0.0066301217302680016
0.448	0.512	0.0038845946546643972	0.04051896929740906	0.0016227661399170756	0.01131292711943388	0.0065025691874325275	0.00048229796811938286	0.009870563633739948	0.000694381888024509	0.9828425049781799	0.0066301217302680016
0.512	0.576	0.003977557644248009	0.04054444655776024	0.0017185304313898087	0.01131292711943388	0.0065025691874325275	0.00047196372179314494	0.00952914822846651	0.000694381888024509	0.9826598167419434	0.006400499492883682
