onset	offset	Alarm_bell_ringing	Blender	Cat	Dishes	Dog	Electric_shaver_toothbrush	Frying	Running_water	Speech	Vacuum_cleaner
0.0	0.064	0.001563584664836526	0.0019083302468061447	0.6832268834114075	0.0028322399593889713	0.011500915512442589	0.004421710502356291	0.0022006554063409567	0.006712784990668297	0.011496741324663162	0.009558568708598614
0.064	0.128	0.001563584664836526	0.0019083302468061447	0.6410623788833618	0.0028322399593889713	0.011500915512442589	0.004421710502356291	0.0022006554063409567	0.006712784990668297	0.011496741324663162	0.009558568708598614
0.128	0.192	0.0015348844463005662	0.0018716378835961223	0.6345634460449219	0.002426109742373228	0.010792785324156284	0.0041377306915819645	0.002094909781590104	0.006479278672486544	0.010333321057260036	0.008198888041079044
0.192	0.256	0.0012583828065544367	0.0016209061723202467	0.6345634460449219	0.0020580189302563667	0.01044660434126854	0.003882023273035884	0.0019524353556334972	0.005963954143226147	0.008771090768277645	0.007365397177636623
0.256	0.32	0.0009070084779523313	0.0012704990804195404	0.5223018527030945	0.0017089758766815066	0.01012176088988781	0.0035615309607237577	0.0017627067863941193	0.0053788297809660435	0.007663658820092678	0.007075453642755747
0.32	0.384	0.0007388019585050642	0.0010658238315954804	0.3909299671649933	0.001451194635592401	0.009450973942875862	0.0031569686252623796	0.001620406168513	0.005003492347896099	0.006823389325290918	0.00667688949033618
0.384	0.448	0.0006097261211834848	0.0008907854789867997	0.22503075003623962	0.0012555059511214495	0.008097823709249496	0.0026475389022380114	0.0013937326148152351	0.004642354790121317	0.0057720039039850235	0.0057221208699047565
0.448	0.512	0.0004890401614829898	0.0007213733624666929	0.09761375188827515	0.001058438909240067	0.006969469133764505	0.0019702052231878042	0.0012160155456513166	0.004228448029607534	0.004597574006766081	0.004940351936966181
0.512	0.576	0.0004285949980840087	0.0005442184628918767	0.04240845516324043	0.0008558284025639296	0.004825311712920666	0.0017138590337708592	0.0010690763592720032	0.0036620814353227615	0.003710193559527397	0.004940351936966181
