onset	offset	Alarm_bell_ringing	Blender	Cat	Dishes	Dog	Electric_shaver_toothbrush	Frying	Running_water	Speech	Vacuum_cleaner
0.0	0.064	0.9675246477127075	0.0005996847175993025	0.0028202864341437817	0.007671666331589222	0.002680455334484577	0.0004434933653101325	0.005610576365143061	0.0021859039552509785	0.009049220010638237	0.0015815640799701214
0.064	0.128	0.9675246477127075	0.0005996847175993025	0.0028202864341437817	0.007671666331589222	0.002680455334484577	0.0004434933653101325	0.005610576365143061	0.0021859039552509785	0.009049220010638237	0.0015815640799701214
0.128	0.192	0.9851577281951904	0.00047091665328480303	0.0024346644058823586	0.00497791264206171	0.002680455334484577	0.00044485926628112793	0.0027025998570024967	0.002099141711369157	0.006524897646158934	0.0010324552422389388
0.192	0.256	0.9877778887748718	0.00043958559399470687	0.0022215850185602903	0.0034506642259657383	0.002680455334484577	0.00044485926628112793	0.001190874958410859	0.0018743861000984907	0.005907713435590267	0.0005698543973267078
0.256	0.32	0.9894352555274963	0.00043409844511188567	0.0021529754158109426	0.0028771383222192526	0.002680455334484577	0.00044485926628112793	0.0007745494949631393	0.0017973165959119797	0.005832266993820667	0.00038858811603859067
0.32	0.384	0.9932087063789368	0.00043409844511188567	0.0020355936139822006	0.0028754947707057	0.0026620568241924047	0.00044485926628112793	0.0007403010386042297	0.0017745645018294454	0.005541401915252209	0.00033909673220478
0.384	0.448	0.9937058091163635	0.00043409844511188567	0.0019386718049645424	0.0027839282993227243	0.0026620568241924047	0.00036254237056709826	0.0006937088328413665	0.0017519094981253147	0.005398584995418787	0.0003008594794664532
0.448	0.512	0.9947890043258667	0.00043958559399470687	0.0018523804610595107	0.002701456192880869	0.0026620568241924047	0.0003540133766364306	0.0004773334658239037	0.001688009244389832	0.005398584995418787	0.0002693751303013414
0.512	0.576	0.9957737326622009	0.00044282953604124486	0.0017119990661740303	0.002240167697891593	0.0026620568241924047	0.0003486243658699095	0.00035918306093662977	0.0016858556773513556	0.005398584995418787	0.00022468827955890447
