onset	offset	Alarm_bell_ringing	Blender	Cat	Dishes	Dog	Electric_shaver_toothbrush	Frying	Running_water	Speech	Vacuum_cleaner
0.0	0.064	0.00010846992518054321	6.695074262097478e-05	0.0014733956195414066	0.0004514967149589211	0.0007394105195999146	8.798200724413618e-05	0.0002731304266490042	0.0004984327824786305	0.0011387022677809	0.00047432497376576066
0.064	0.128	0.00010846992518054321	6.695074262097478e-05	0.0015068365028128028	0.0004514967149589211	0.0007940669311210513	8.798200724413618e-05	0.0002731304266490042	0.0004984327824786305	0.0011387022677809	0.00047432497376576066
0.128	0.192	9.814843360800296e-05	6.431150541175157e-05	0.001516779768280685	0.0004075348551850766	0.0008218630100600421	8.463499398203567e-05	0.00024441868299618363	0.0004385832871776074	0.0010684945154935122	0.00040067677036859095
0.192	0.256	9.421450522495434e-05	6.320942338788882e-05	0.001516779768280685	0.00039277912583202124	0.0008218630100600421	8.356692706001922e-05	0.00022735465609002858	0.00040743270074017346	0.0010462754871696234	0.0003586914681363851
0.256	0.32	9.291811875300482e-05	6.137233140179887e-05	0.001516779768280685	0.0003819118137471378	0.0008218630100600421	8.296269515994936e-05	0.00021530507365241647	0.0003913997206836939	0.0010462754871696234	0.00033086325856857
0.32	0.384	9.202276123687625e-05	6.04893866693601e-05	0.0015239001950249076	0.00036762215313501656	0.0008361213258467615	8.211946988012642e-05	0.0002070929331239313	0.00038191452040337026	0.0010462754871696234	0.0003088116936851293
0.384	0.448	9.123967174673453e-05	5.994758248561993e-05	0.0015239255735650659	0.0003572569403331727	0.0008617747807875276	8.120215352391824e-05	0.0002019054227275774	0.00037547547253780067	0.0010462754871696234	0.0002914158976636827
0.448	0.512	9.092803520616144e-05	5.946226519881748e-05	0.0015426317695528269	0.00035023270174860954	0.0008969777263700962	8.027740113902837e-05	0.00019887095550075173	0.00037160023930482566	0.0010565967531874776	0.0002784543321467936
0.512	0.576	9.092803520616144e-05	5.903050259803422e-05	0.0015686062397435308	0.00035023270174860954	0.00093409838154912	7.924119563540444e-05	0.00019643570703919977	0.00037002182216383517	0.0010674933437258005	0.00026805183733813465
